query_name,status,rows,queried_at_utc
Aaptosyax grypus,complete,6,2026-08-26 13:51:03 UTC
Abra tenuis,complete,0,2026-08-26 13:51:03 UTC
Abramis brama,complete,1780,2026-08-26 13:51:03 UTC
Abudefduf declivifrons,complete,0,2026-08-26 13:51:03 UTC
Abudefduf saxatilis,complete,758,2026-08-26 13:51:03 UTC
Abudefduf sordidus,complete,156,2026-08-26 13:51:03 UTC
Abudefduf troschelii,complete,12,2026-08-26 13:51:03 UTC
Acantharchus pomotis,complete,6,2026-08-26 13:51:03 UTC
Acanthobrama lissneri,complete,0,2026-08-26 13:51:03 UTC
Acanthobrama marmid,complete,0,2026-08-26 13:51:03 UTC
Acanthobrama microlepis,complete,0,2026-08-26 13:51:03 UTC
Acanthobrama terraesanctae,complete,22,2026-08-26 13:51:03 UTC
Acanthocobitis botia,complete,4,2026-08-26 13:51:03 UTC
Acanthocobitis pavonacea,complete,0,2026-08-26 13:51:03 UTC
Acanthocobitis zonalternans,complete,0,2026-08-26 13:51:03 UTC
Acanthocybium solandri,complete,416,2026-08-26 13:51:03 UTC
Acanthodactylus erythrurus,complete,4,2026-08-26 13:51:03 UTC
Acanthogobius flavimanus,complete,124,2026-08-26 13:51:03 UTC
Acanthopagrus australis,complete,104,2026-08-26 13:51:03 UTC
Acanthopagrus berda,complete,132,2026-08-26 13:51:03 UTC
Acanthopagrus bifasciatus,complete,12,2026-08-26 13:51:03 UTC
Acanthopagrus butcheri,complete,10,2026-08-26 13:51:03 UTC
Acanthopagrus chinshira,complete,0,2026-08-26 13:51:03 UTC
Acanthopagrus latus,complete,132,2026-08-26 13:51:03 UTC
Acanthopagrus schlegelii,complete,184,2026-08-26 13:51:03 UTC
Acanthopagrus sivicolus,complete,12,2026-08-26 13:51:03 UTC
Acanthopsoides gracilentus,complete,4,2026-08-26 13:51:03 UTC
Acanthopsoides hapalias,complete,8,2026-08-26 13:51:03 UTC
Acanthurus blochii,complete,42,2026-08-26 13:51:03 UTC
Acanthurus chirurgus,complete,434,2026-08-26 13:51:03 UTC
Acanthurus coeruleus,complete,454,2026-08-26 13:51:03 UTC
Acanthurus dussumieri,complete,72,2026-08-26 13:51:03 UTC
Acanthurus guttatus,complete,58,2026-08-26 13:51:03 UTC
Acanthurus japonicus,complete,0,2026-08-26 13:51:03 UTC
Acanthurus mata,complete,42,2026-08-26 13:51:03 UTC
Acanthurus nigricans,complete,106,2026-08-26 13:51:03 UTC
Acanthurus nigroris,complete,38,2026-08-26 13:51:03 UTC
Acanthurus nubilus,complete,46,2026-08-26 13:51:03 UTC
Acanthurus thompsoni,complete,128,2026-08-26 13:51:03 UTC
Acanthurus triostegus,complete,96,2026-08-26 13:51:03 UTC
Acanthurus xanthopterus,complete,84,2026-08-26 13:51:03 UTC
Acar domingensis,complete,58,2026-08-26 13:51:03 UTC
Acheilognathus barbatulus,complete,0,2026-08-26 13:51:03 UTC
Acheilognathus macropterus,complete,0,2026-08-26 13:51:03 UTC
Acheilognathus tonkinensis,complete,0,2026-08-26 13:51:03 UTC
Achoerodus viridis,complete,4,2026-08-26 13:51:03 UTC
Achondrostoma arcasii,complete,6,2026-08-26 13:51:03 UTC
Achondrostoma occidentale,complete,0,2026-08-26 13:51:03 UTC
Achondrostoma oligolepis,complete,0,2026-08-26 13:51:03 UTC
Acipenser baerii,complete,122,2026-08-26 13:51:03 UTC
Acipenser brevirostrum,complete,156,2026-08-26 13:51:03 UTC
Acipenser fulvescens,complete,208,2026-08-26 13:51:03 UTC
Acipenser gueldenstaedtii,complete,72,2026-08-26 13:51:03 UTC
Acipenser medirostris,complete,30,2026-08-26 13:51:03 UTC
Acipenser naccarii,complete,12,2026-08-26 13:51:03 UTC
Acipenser nudiventris,complete,14,2026-08-26 13:51:03 UTC
Acipenser oxyrinchus,complete,490,2026-08-26 13:51:03 UTC
Acipenser persicus,complete,26,2026-08-26 13:51:03 UTC
Acipenser ruthenus,complete,44,2026-08-26 13:51:03 UTC
Acipenser stellatus,complete,80,2026-08-26 13:51:03 UTC
Acipenser sturio,complete,24,2026-08-26 13:51:03 UTC
Acipenser transmontanus,complete,118,2026-08-26 13:51:03 UTC
Acontias meleagris,complete,0,2026-08-26 13:51:03 UTC
Acris crepitans,complete,8,2026-08-26 13:51:03 UTC
Acrocheilus alutaceus,complete,52,2026-08-26 13:51:03 UTC
Acroneuria lycorias,complete,0,2026-08-26 13:51:03 UTC
Adamussium colbecki,complete,8,2026-08-26 13:51:03 UTC
Adelotus brevis,complete,0,2026-08-26 13:51:03 UTC
Adenophlebia peringueyella,complete,0,2026-08-26 13:51:03 UTC
Aedes aegypti,complete,42,2026-08-26 13:51:03 UTC
Aequidens pallidus,complete,0,2026-08-26 13:51:03 UTC
Aeshna canadensis,complete,4,2026-08-26 13:51:03 UTC
Aeshna eremita,complete,4,2026-08-26 13:51:03 UTC
Aeshna interrupta,complete,2,2026-08-26 13:51:03 UTC
Aeshna umbrosa,complete,8,2026-08-26 13:51:03 UTC
Afronurus barnardi,complete,0,2026-08-26 13:51:03 UTC
Agabus bipustulatus,complete,444,2026-08-26 13:51:03 UTC
Agapetus fuscipes,complete,320,2026-08-26 13:51:03 UTC
Agkistrodon contortrix,complete,168,2026-08-26 13:51:03 UTC
Agnetina capitata,complete,44,2026-08-26 13:51:03 UTC
Agonostomus telfairii,complete,0,2026-08-26 13:51:03 UTC
Agosia chrysogaster,complete,0,2026-08-26 13:51:03 UTC
Agroeca proxima,complete,2,2026-08-26 13:51:03 UTC
Aidablennius sphynx,complete,14,2026-08-26 13:51:03 UTC
Ailia coila,complete,0,2026-08-26 13:51:03 UTC
Akrokolioplax bicornis,complete,8,2026-08-26 13:51:03 UTC
Akysis prashadi,complete,0,2026-08-26 13:51:03 UTC
Alasmidonta varicosa,complete,0,2026-08-26 13:51:03 UTC
Albula glossodonta,complete,2,2026-08-26 13:51:03 UTC
Albula vulpes,complete,110,2026-08-26 13:51:03 UTC
Alburnus albidus,complete,4,2026-08-26 13:51:03 UTC
Alburnus alburnus,complete,1098,2026-08-26 13:51:03 UTC
Alburnus arborella,complete,830,2026-08-26 13:51:03 UTC
Alburnus baliki,complete,0,2026-08-26 13:51:03 UTC
Alburnus chalcoides,complete,32,2026-08-26 13:51:03 UTC
Alburnus escherichii,complete,0,2026-08-26 13:51:03 UTC
Alburnus filippii,complete,0,2026-08-26 13:51:03 UTC
Alburnus neretvae,complete,0,2026-08-26 13:51:03 UTC
Alburnus orontis,complete,0,2026-08-26 13:51:03 UTC
Alburnus scoranza,complete,4,2026-08-26 13:51:03 UTC
Alburnus tarichi,complete,0,2026-08-26 13:51:03 UTC
Alcolapia alcalica,complete,20,2026-08-26 13:51:03 UTC
Alcolapia latilabris,complete,0,2026-08-26 13:51:03 UTC
Alcolapia ndalalani,complete,4,2026-08-26 13:51:03 UTC
Aldrichetta forsteri,complete,40,2026-08-26 13:51:03 UTC
Alestes baremoze,complete,48,2026-08-26 13:51:03 UTC
Alestes macrophthalmus,complete,4,2026-08-26 13:51:03 UTC
Alestopetersius caudalis,complete,0,2026-08-26 13:51:03 UTC
Alestopetersius hilgendorfi,complete,0,2026-08-26 13:51:03 UTC
Allocapnia granulata,complete,0,2026-08-26 13:51:03 UTC
Allodessus bistrigatus,complete,0,2026-08-26 13:51:03 UTC
Allothunnus fallai,complete,136,2026-08-26 13:51:03 UTC
Alosa aestivalis,complete,504,2026-08-26 13:51:03 UTC
Alosa alabamae,complete,6,2026-08-26 13:51:03 UTC
Alosa alosa,complete,110,2026-08-26 13:51:03 UTC
Alosa caspia,complete,42,2026-08-26 13:51:03 UTC
Alosa fallax,complete,388,2026-08-26 13:51:03 UTC
Alosa immaculata,complete,26,2026-08-26 13:51:03 UTC
Alosa macedonica,complete,22,2026-08-26 13:51:03 UTC
Alosa mediocris,complete,216,2026-08-26 13:51:03 UTC
Alosa pseudoharengus,complete,452,2026-08-26 13:51:03 UTC
Alosa sapidissima,complete,412,2026-08-26 13:51:03 UTC
Altolamprologus calvus,complete,0,2026-08-26 13:51:03 UTC
Altolamprologus compressiceps,complete,22,2026-08-26 13:51:03 UTC
Ambassis agrammus,complete,22,2026-08-26 13:51:03 UTC
Ambassis commersoni,complete,0,2026-08-26 13:51:03 UTC
Ambastaia nigrolineata,complete,4,2026-08-26 13:51:03 UTC
Ambastaia sidthimunki,complete,12,2026-08-26 13:51:03 UTC
Amblema plicata,complete,0,2026-08-26 13:51:03 UTC
Ambloplites ariommus,complete,6,2026-08-26 13:51:03 UTC
Ambloplites cavifrons,complete,4,2026-08-26 13:51:03 UTC
Ambloplites constellatus,complete,0,2026-08-26 13:51:03 UTC
Ambloplites rupestris,complete,416,2026-08-26 13:51:03 UTC
Amblyceps apangi,complete,0,2026-08-26 13:51:03 UTC
Amblyceps caecutiens,complete,0,2026-08-26 13:51:03 UTC
Amblyceps foratum,complete,0,2026-08-26 13:51:03 UTC
Amblyceps mangois,complete,4,2026-08-26 13:51:03 UTC
Amblyceps serratum,complete,0,2026-08-26 13:51:03 UTC
Amblygobius phalaena,complete,104,2026-08-26 13:51:03 UTC
Amblyopone pallipes,complete,0,2026-08-26 13:51:03 UTC
Amblypharyngodon chulabhornae,complete,0,2026-08-26 13:51:03 UTC
Amblypharyngodon melettinus,complete,54,2026-08-26 13:51:03 UTC
Amblypharyngodon mola,complete,6,2026-08-26 13:51:03 UTC
Ambystoma jeffersonianum,complete,2,2026-08-26 13:51:03 UTC
Ambystoma macrodactylum,complete,2,2026-08-26 13:51:03 UTC
Ambystoma maculatum,complete,4,2026-08-26 13:51:03 UTC
Ameiurus brunneus,complete,0,2026-08-26 13:51:03 UTC
Ameiurus catus,complete,376,2026-08-26 13:51:03 UTC
Ameiurus melas,complete,1224,2026-08-26 13:51:03 UTC
Ameiurus natalis,complete,336,2026-08-26 13:51:03 UTC
Ameiurus nebulosus,complete,1184,2026-08-26 13:51:03 UTC
Ameiurus platycephalus,complete,0,2026-08-26 13:51:03 UTC
Ameiurus serracanthus,complete,0,2026-08-26 13:51:03 UTC
Ameiva festiva,complete,0,2026-08-26 13:51:03 UTC
Ameiva quadrilineata,complete,0,2026-08-26 13:51:03 UTC
Ameletus celer,complete,0,2026-08-26 13:51:03 UTC
Ameletus cooki,complete,0,2026-08-26 13:51:03 UTC
Amia calva,complete,154,2026-08-26 13:51:03 UTC
Ammocrypta beanii,complete,0,2026-08-26 13:51:03 UTC
Ammocrypta bifascia,complete,0,2026-08-26 13:51:03 UTC
Ammocrypta clara,complete,0,2026-08-26 13:51:03 UTC
Ammocrypta meridiana,complete,0,2026-08-26 13:51:03 UTC
Ammocrypta pellucida,complete,12,2026-08-26 13:51:03 UTC
Ammocrypta vivax,complete,0,2026-08-26 13:51:03 UTC
Amphibolurus muricatus,complete,2,2026-08-26 13:51:03 UTC
Amphichaetodon howensis,complete,8,2026-08-26 13:51:03 UTC
Amphichaetodon melbae,complete,0,2026-08-26 13:51:03 UTC
Amphilius atesuensis,complete,0,2026-08-26 13:51:03 UTC
Amphilius jacksonii,complete,18,2026-08-26 13:51:03 UTC
Amphilius platychir,complete,0,2026-08-26 13:51:03 UTC
Amphilius rheophilus,complete,0,2026-08-26 13:51:03 UTC
Anabas testudineus,complete,80,2026-08-26 13:51:03 UTC
Anablepsoides compressus,complete,0,2026-08-26 13:51:03 UTC
Anacroneuria cajas,complete,0,2026-08-26 13:51:03 UTC
Anacroneuria guambiana,complete,0,2026-08-26 13:51:03 UTC
Anacroneuria rawlinsi,complete,0,2026-08-26 13:51:03 UTC
Anaecypris hispanica,complete,6,2026-08-26 13:51:03 UTC
Anampses caeruleopunctatus,complete,66,2026-08-26 13:51:03 UTC
Anampses geographicus,complete,92,2026-08-26 13:51:03 UTC
Anampses meleagrides,complete,46,2026-08-26 13:51:03 UTC
Anampses neoguinaicus,complete,48,2026-08-26 13:51:03 UTC
Anampses twistii,complete,48,2026-08-26 13:51:03 UTC
Anax imperator,complete,48,2026-08-26 13:51:03 UTC
Anax junius,complete,280,2026-08-26 13:51:03 UTC
Anax longipes,complete,10,2026-08-26 13:51:03 UTC
Anaxyrus compactilis,complete,0,2026-08-26 13:51:03 UTC
Ancherythroculter daovantieni,complete,0,2026-08-26 13:51:03 UTC
Anchoa mitchilli,complete,680,2026-08-26 13:51:03 UTC
Ancylus fluviatilis,complete,188,2026-08-26 13:51:03 UTC
Anematichthys armatus,complete,0,2026-08-26 13:51:03 UTC
Anematichthys repasson,complete,14,2026-08-26 13:51:03 UTC
Anguilla anguilla,complete,3282,2026-08-26 13:51:03 UTC
Anguilla australis,complete,304,2026-08-26 13:51:03 UTC
Anguilla bicolor,complete,6,2026-08-26 13:51:03 UTC
Anguilla dieffenbachii,complete,218,2026-08-26 13:51:03 UTC
Anguilla marmorata,complete,22,2026-08-26 13:51:03 UTC
Anguilla mossambica,complete,12,2026-08-26 13:51:03 UTC
Anguilla rostrata,complete,196,2026-08-26 13:51:03 UTC
Anisocentropus latifascia,complete,0,2026-08-26 13:51:03 UTC
Anisops sardeus,complete,2,2026-08-26 13:51:03 UTC
Anniella pulchra,complete,0,2026-08-26 13:51:03 UTC
Anodontia bullula,complete,0,2026-08-26 13:51:03 UTC
Anolis auratus,complete,0,2026-08-26 13:51:03 UTC
Anolis barbouri,complete,0,2026-08-26 13:51:03 UTC
Anolis carolinensis,complete,168,2026-08-26 13:51:03 UTC
Anolis cooki,complete,0,2026-08-26 13:51:03 UTC
Anolis cristatellus,complete,50,2026-08-26 13:51:03 UTC
Anolis cupreus,complete,0,2026-08-26 13:51:03 UTC
Anolis cybotes,complete,0,2026-08-26 13:51:03 UTC
Anolis distichus,complete,0,2026-08-26 13:51:03 UTC
Anolis evermanni,complete,4,2026-08-26 13:51:03 UTC
Anolis frenatus,complete,0,2026-08-26 13:51:03 UTC
Anolis gundlachi,complete,0,2026-08-26 13:51:03 UTC
Anolis humilis,complete,0,2026-08-26 13:51:03 UTC
Anolis intermedius,complete,0,2026-08-26 13:51:03 UTC
Anolis krugi,complete,2,2026-08-26 13:51:03 UTC
Anolis lemurinus,complete,0,2026-08-26 13:51:03 UTC
Anolis limifrons,complete,4,2026-08-26 13:51:03 UTC
Anolis lionotus,complete,0,2026-08-26 13:51:03 UTC
Anolis oculatus,complete,0,2026-08-26 13:51:03 UTC
Anolis pentaprion,complete,0,2026-08-26 13:51:03 UTC
Anolis pulchellus,complete,4,2026-08-26 13:51:03 UTC
Anolis roquet,complete,6,2026-08-26 13:51:03 UTC
Anolis sagrei,complete,152,2026-08-26 13:51:03 UTC
Anolis semilineatus,complete,0,2026-08-26 13:51:03 UTC
Anolis shrevei,complete,0,2026-08-26 13:51:03 UTC
Anolis stratulus,complete,0,2026-08-26 13:51:03 UTC
Anolis tropidogaster,complete,0,2026-08-26 13:51:03 UTC
Anolis tropidolepis,complete,0,2026-08-26 13:51:03 UTC
Anomalocardia squamosa,complete,0,2026-08-26 13:51:03 UTC
Anomalopus brevicollis,complete,0,2026-08-26 13:51:03 UTC
Anomalopus leuckartii,complete,0,2026-08-26 13:51:03 UTC
Anopheles plumbeus,complete,4,2026-08-26 13:51:03 UTC
Anopheles quadriannulatus,complete,0,2026-08-26 13:51:03 UTC
Anoplarchus purpurescens,complete,118,2026-08-26 13:51:03 UTC
Anoplolepis gracilipes,complete,122,2026-08-26 13:51:03 UTC
Antarctopsocus jeanneli,complete,0,2026-08-26 13:51:03 UTC
Aoteapsyche colonica,complete,56,2026-08-26 13:51:03 UTC
Apalone ferox,complete,6,2026-08-26 13:51:03 UTC
Apeltes quadracus,complete,164,2026-08-26 13:51:03 UTC
Apeltes quadracusa,complete,0,2026-08-26 13:51:03 UTC
Aphaenogaster carolinensis,complete,0,2026-08-26 13:51:03 UTC
Aphaenogaster fulva,complete,4,2026-08-26 13:51:03 UTC
Aphaenogaster lamellidens,complete,0,2026-08-26 13:51:03 UTC
Aphaenogaster rudis,complete,4,2026-08-26 13:51:03 UTC
Aphanenogaster senilis,complete,0,2026-08-26 13:51:03 UTC
Aphanicerca capensis,complete,0,2026-08-26 13:51:03 UTC
Aphanicercopsis tabularis,complete,0,2026-08-26 13:51:03 UTC
Aphanius anatoliae,complete,0,2026-08-26 13:51:03 UTC
Aphanius asquamatus,complete,0,2026-08-26 13:51:03 UTC
Aphanius danfordii,complete,0,2026-08-26 13:51:03 UTC
Aphanius fasciatus,complete,6,2026-08-26 13:51:03 UTC
Aphanius iberus,complete,8,2026-08-26 13:51:03 UTC
Aphanius mento,complete,12,2026-08-26 13:51:03 UTC
Aphelocheirus aestivalis,complete,6,2026-08-26 13:51:03 UTC
Aphredoderus sayanus,complete,66,2026-08-26 13:51:03 UTC
Aphyocypris chinensis,complete,0,2026-08-26 13:51:03 UTC
Aphyosemion ahli,complete,0,2026-08-26 13:51:03 UTC
Aphyosemion alpha,complete,0,2026-08-26 13:51:03 UTC
Aphyosemion aureum,complete,0,2026-08-26 13:51:03 UTC
Aphyosemion australe,complete,8,2026-08-26 13:51:03 UTC
Aphyosemion bamilekorum,complete,0,2026-08-26 13:51:03 UTC
Aphyosemion batesii,complete,0,2026-08-26 13:51:03 UTC
Aphyosemion bitaeniatum,complete,0,2026-08-26 13:51:03 UTC
Aphyosemion bivittatum,complete,0,2026-08-26 13:51:03 UTC
Aphyosemion bualanum,complete,0,2026-08-26 13:51:03 UTC
Aphyosemion calliurum,complete,0,2026-08-26 13:51:03 UTC
Aphyosemion cameronense,complete,0,2026-08-26 13:51:03 UTC
Aphyosemion christyi,complete,0,2026-08-26 13:51:03 UTC
Aphyosemion citrineipinnis,complete,0,2026-08-26 13:51:03 UTC
Aphyosemion coeleste,complete,0,2026-08-26 13:51:03 UTC
Aphyosemion cognatum,complete,0,2026-08-26 13:51:03 UTC
Aphyosemion congicum,complete,0,2026-08-26 13:51:03 UTC
Aphyosemion decorsei,complete,0,2026-08-26 13:51:03 UTC
Aphyosemion edeanum,complete,0,2026-08-26 13:51:03 UTC
Aphyosemion elberti,complete,0,2026-08-26 13:51:03 UTC
Aphyosemion elegans,complete,0,2026-08-26 13:51:03 UTC
Aphyosemion etsamense,complete,0,2026-08-26 13:51:03 UTC
Aphyosemion exigoideum,complete,0,2026-08-26 13:51:03 UTC
Aphyosemion exiguum,complete,0,2026-08-26 13:51:03 UTC
Aphyosemion franzwerneri,complete,0,2026-08-26 13:51:03 UTC
Aphyosemion heinemanni,complete,0,2026-08-26 13:51:03 UTC
Aphyosemion herzogi,complete,0,2026-08-26 13:51:03 UTC
Aphyosemion kouamense,complete,0,2026-08-26 13:51:03 UTC
Aphyosemion labarrei,complete,0,2026-08-26 13:51:03 UTC
Aphyosemion lamberti,complete,0,2026-08-26 13:51:03 UTC
Aphyosemion loennbergii,complete,0,2026-08-26 13:51:03 UTC
Aphyosemion louessense,complete,0,2026-08-26 13:51:03 UTC
Aphyosemion lugens,complete,0,2026-08-26 13:51:03 UTC
Aphyosemion maculatum,complete,0,2026-08-26 13:51:03 UTC
Aphyosemion mimbon,complete,0,2026-08-26 13:51:03 UTC
Aphyosemion ocellatum,complete,0,2026-08-26 13:51:03 UTC
Aphyosemion poliaki,complete,0,2026-08-26 13:51:03 UTC
Aphyosemion primigenium,complete,0,2026-08-26 13:51:03 UTC
Aphyosemion punctatum,complete,0,2026-08-26 13:51:03 UTC
Aphyosemion rectogoense,complete,0,2026-08-26 13:51:03 UTC
Aphyosemion riggenbachi,complete,0,2026-08-26 13:51:03 UTC
Aphyosemion splendopleure,complete,0,2026-08-26 13:51:03 UTC
Aphyosemion striatum,complete,0,2026-08-26 13:51:03 UTC
Aphyosemion volcanum,complete,0,2026-08-26 13:51:03 UTC
Aphyosemion wildekampi,complete,0,2026-08-26 13:51:03 UTC
Apistogramma agassizii,complete,0,2026-08-26 13:51:03 UTC
Apistogramma borellii,complete,12,2026-08-26 13:51:03 UTC
Apistogramma hippolytae,complete,0,2026-08-26 13:51:03 UTC
Apistogramma viejita,complete,0,2026-08-26 13:51:03 UTC
Aplocheilus blockii,complete,8,2026-08-26 13:51:03 UTC
Aplocheilus lineatus,complete,0,2026-08-26 13:51:03 UTC
Aplocheilus panchax,complete,4,2026-08-26 13:51:03 UTC
Aplodinotus grunniens,complete,104,2026-08-26 13:51:03 UTC
Apogon dovii,complete,14,2026-08-26 13:51:03 UTC
Apogon maculatus,complete,462,2026-08-26 13:51:03 UTC
Apogon novemfasciatus,complete,46,2026-08-26 13:51:03 UTC
Apogon pacifici,complete,0,2026-08-26 13:51:03 UTC
Apogon pacificus,complete,4,2026-08-26 13:51:03 UTC
Apolemichthys trimaculatus,complete,74,2026-08-26 13:51:03 UTC
Apolemichthys xanthurus,complete,10,2026-08-26 13:51:03 UTC
Aprionyx peterseni,complete,0,2026-08-26 13:51:03 UTC
Aquarius paludum,complete,10,2026-08-26 13:51:03 UTC
Archiaphyosemion guineense,complete,0,2026-08-26 13:51:03 UTC
Archoplites interruptus,complete,4,2026-08-26 13:51:03 UTC
Archosargus probatocephalus,complete,310,2026-08-26 13:51:03 UTC
Archosargus rhomboidalis,complete,740,2026-08-26 13:51:03 UTC
Arctopsyche grandis,complete,0,2026-08-26 13:51:03 UTC
Argia vivida,complete,44,2026-08-26 13:51:03 UTC
Argopecten purpuratus,complete,8,2026-08-26 13:51:03 UTC
Argyrops bleekeri,complete,0,2026-08-26 13:51:03 UTC
Argyrozona argyrozona,complete,8,2026-08-26 13:51:03 UTC
Aristochromis christyi,complete,4,2026-08-26 13:51:03 UTC
Arius arius,complete,38,2026-08-26 13:51:03 UTC
Arius gagora,complete,4,2026-08-26 13:51:03 UTC
Arius madagascariensis,complete,0,2026-08-26 13:51:03 UTC
Arizona elegans,complete,152,2026-08-26 13:51:03 UTC
Armadillidium vulgare,complete,14,2026-08-26 13:51:03 UTC
Arnoldichthys spilopterus,complete,14,2026-08-26 13:51:03 UTC
Arothron hispidus,complete,180,2026-08-26 13:51:03 UTC
Arothron immaculatus,complete,28,2026-08-26 13:51:03 UTC
Arothron manilensis,complete,28,2026-08-26 13:51:03 UTC
Arothron mappa,complete,44,2026-08-26 13:51:03 UTC
Arothron nigropunctatus,complete,110,2026-08-26 13:51:03 UTC
Arothron stellatus,complete,56,2026-08-26 13:51:03 UTC
Ascidia ceratodes,complete,0,2026-08-26 13:51:03 UTC
Asellus aquaticus,complete,166,2026-08-26 13:51:03 UTC
Astacus astacus,complete,240,2026-08-26 13:51:03 UTC
Astatoreochromis alluaudi,complete,4,2026-08-26 13:51:03 UTC
Astatotilapia bloyeti,complete,0,2026-08-26 13:51:03 UTC
Astatotilapia burtoni,complete,46,2026-08-26 13:51:03 UTC
Astatotilapia calliptera,complete,14,2026-08-26 13:51:03 UTC
Astyanax asuncionensis,complete,2,2026-08-26 13:51:03 UTC
Astyanax bimaculatus,complete,94,2026-08-26 13:51:03 UTC
Astyanax eigenmanniorum,complete,4,2026-08-26 13:51:03 UTC
Astyanax lacustris,complete,8,2026-08-26 13:51:03 UTC
Astyanax lineatus,complete,0,2026-08-26 13:51:03 UTC
Astyanax mexicanus,complete,16,2026-08-26 13:51:03 UTC
Atherina boyeri,complete,148,2026-08-26 13:51:03 UTC
Atherinella brasiliensis,complete,210,2026-08-26 13:51:03 UTC
Atherinops affinis,complete,94,2026-08-26 13:51:03 UTC
Atherix variegata,complete,0,2026-08-26 13:51:03 UTC
Atopochilus savorgnani,complete,0,2026-08-26 13:51:03 UTC
Atopsyche davidsoni,complete,0,2026-08-26 13:51:03 UTC
Atractosteus spatula,complete,72,2026-08-26 13:51:03 UTC
Atyaephyra desmarestii,complete,0,2026-08-26 13:51:03 UTC
Aubertoperla kuscheli,complete,0,2026-08-26 13:51:03 UTC
Aulacomya atraa,complete,0,2026-08-26 13:51:03 UTC
Aulonocara stuartgranti,complete,8,2026-08-26 13:51:03 UTC
Aulonocranus dewindti,complete,0,2026-08-26 13:51:03 UTC
Aulopyge huegelii,complete,4,2026-08-26 13:51:03 UTC
Aurigequula fasciata,complete,32,2026-08-26 13:51:03 UTC
Australoheros facetus,complete,52,2026-08-26 13:51:03 UTC
Australopelopia prionoptera,complete,0,2026-08-26 13:51:03 UTC
Austrelaps superbus,complete,66,2026-08-26 13:51:03 UTC
Austroaeschna anacantha,complete,0,2026-08-26 13:51:03 UTC
Austroglanis gilli,complete,10,2026-08-26 13:51:03 UTC
Austrolabrus maculatus,complete,62,2026-08-26 13:51:03 UTC
Auxis rochei,complete,104,2026-08-26 13:51:03 UTC
Auxis thazard,complete,108,2026-08-26 13:51:03 UTC
Awaous commersoni,complete,74,2026-08-26 13:51:03 UTC
Awaous guamensis,complete,38,2026-08-26 13:51:03 UTC
Azurina hirundo,complete,0,2026-08-26 13:51:03 UTC
Babka gymnotrachelus,complete,48,2026-08-26 13:51:03 UTC
Badis assamensis,complete,0,2026-08-26 13:51:03 UTC
Badis badis,complete,8,2026-08-26 13:51:03 UTC
Badis blosyrus,complete,0,2026-08-26 13:51:03 UTC
Badis corycaeus,complete,0,2026-08-26 13:51:03 UTC
Badis kanabos,complete,0,2026-08-26 13:51:03 UTC
Badis khwae,complete,0,2026-08-26 13:51:03 UTC
Badis ruber,complete,0,2026-08-26 13:51:03 UTC
Badis siamensis,complete,0,2026-08-26 13:51:03 UTC
Baetis bicaudatus,complete,0,2026-08-26 13:51:03 UTC
Baetis flavistriga,complete,4,2026-08-26 13:51:03 UTC
Baetis harrisoni,complete,0,2026-08-26 13:51:03 UTC
Baetis rhodani,complete,180,2026-08-26 13:51:03 UTC
Baetis tricaudatus,complete,46,2026-08-26 13:51:03 UTC
Baetis vernus,complete,116,2026-08-26 13:51:03 UTC
Bagarius bagarius,complete,14,2026-08-26 13:51:03 UTC
Bagarius yarrelli,complete,12,2026-08-26 13:51:03 UTC
Bagrus docmak,complete,166,2026-08-26 13:51:03 UTC
Baileychromis centropomoides,complete,0,2026-08-26 13:51:03 UTC
Balanus crenatus,complete,56,2026-08-26 13:51:03 UTC
Balitora annamitica,complete,8,2026-08-26 13:51:03 UTC
Balitora kwangsiensis,complete,0,2026-08-26 13:51:03 UTC
Ballerus ballerus,complete,26,2026-08-26 13:51:03 UTC
Ballerus sapa,complete,44,2026-08-26 13:51:03 UTC
Bangana ariza,complete,8,2026-08-26 13:51:03 UTC
Bangana behri,complete,8,2026-08-26 13:51:03 UTC
Bangana lemassoni,complete,0,2026-08-26 13:51:03 UTC
Bangana lippus,complete,0,2026-08-26 13:51:03 UTC
Bangana tonkinensis,complete,0,2026-08-26 13:51:03 UTC
Barbarochthon brunneum,complete,0,2026-08-26 13:51:03 UTC
Barbatia pistachia,complete,0,2026-08-26 13:51:03 UTC
Barbatula barbatula,complete,1648,2026-08-26 13:51:03 UTC
Barbonymus gonionotus,complete,94,2026-08-26 13:51:03 UTC
Barbonymus schwanefeldii,complete,34,2026-08-26 13:51:03 UTC
Barbonymus schwanenfeldii,complete,34,2026-08-26 13:51:03 UTC
Barbucca diabolica,complete,12,2026-08-26 13:51:03 UTC
Barbus ablabes,complete,14,2026-08-26 13:51:03 UTC
Barbus albanicus,complete,12,2026-08-26 13:51:03 UTC
Barbus andrewi,complete,8,2026-08-26 13:51:03 UTC
Barbus anoplus,complete,14,2026-08-26 13:51:03 UTC
Barbus balcanicus,complete,0,2026-08-26 13:51:03 UTC
Barbus barbus,complete,1504,2026-08-26 13:51:03 UTC
Barbus bigornei,complete,0,2026-08-26 13:51:03 UTC
Barbus bynni,complete,22,2026-08-26 13:51:03 UTC
Barbus cadenati,complete,0,2026-08-26 13:51:03 UTC
Barbus calidus,complete,4,2026-08-26 13:51:03 UTC
Barbus callensis,complete,34,2026-08-26 13:51:03 UTC
Barbus callipterus,complete,0,2026-08-26 13:51:03 UTC
Barbus caninus,complete,1704,2026-08-26 13:51:03 UTC
Barbus ciscaucasicus,complete,0,2026-08-26 13:51:03 UTC
Barbus cyclolepis,complete,20,2026-08-26 13:51:03 UTC
Barbus erubescens,complete,6,2026-08-26 13:51:03 UTC
Barbus ethiopicus,complete,0,2026-08-26 13:51:03 UTC
Barbus euboicus,complete,0,2026-08-26 13:51:03 UTC
Barbus fasciolatus,complete,16,2026-08-26 13:51:03 UTC
Barbus fritschii,complete,0,2026-08-26 13:51:03 UTC
Barbus gruveli,complete,0,2026-08-26 13:51:03 UTC
Barbus grypus,complete,0,2026-08-26 13:51:03 UTC
Barbus guineensis,complete,0,2026-08-26 13:51:03 UTC
Barbus gurneyi,complete,6,2026-08-26 13:51:03 UTC
Barbus haasi,complete,14,2026-08-26 13:51:03 UTC
Barbus harterti,complete,0,2026-08-26 13:51:03 UTC
Barbus kerstenii,complete,12,2026-08-26 13:51:03 UTC
Barbus lacerta,complete,0,2026-08-26 13:51:03 UTC
Barbus leonensis,complete,0,2026-08-26 13:51:03 UTC
Barbus longiceps,complete,60,2026-08-26 13:51:03 UTC
Barbus macrops,complete,18,2026-08-26 13:51:03 UTC
Barbus mattozi,complete,16,2026-08-26 13:51:03 UTC
Barbus meridionalis,complete,32,2026-08-26 13:51:03 UTC
Barbus motebensis,complete,0,2026-08-26 13:51:03 UTC
Barbus nasus,complete,0,2026-08-26 13:51:03 UTC
Barbus nyanzae,complete,0,2026-08-26 13:51:03 UTC
Barbus oxyrhynchus,complete,0,2026-08-26 13:51:03 UTC
Barbus paludinosus,complete,52,2026-08-26 13:51:03 UTC
Barbus peloponnesius,complete,0,2026-08-26 13:51:03 UTC
Barbus petitjeani,complete,0,2026-08-26 13:51:03 UTC
Barbus plebejus,complete,2374,2026-08-26 13:51:03 UTC
Barbus pleurogramma,complete,0,2026-08-26 13:51:03 UTC
Barbus prespensis,complete,10,2026-08-26 13:51:03 UTC
Barbus sacratus,complete,0,2026-08-26 13:51:03 UTC
Barbus serra,complete,16,2026-08-26 13:51:03 UTC
Barbus sublineatus,complete,18,2026-08-26 13:51:03 UTC
Barbus tanapelagius,complete,0,2026-08-26 13:51:03 UTC
Barbus tauricus,complete,0,2026-08-26 13:51:03 UTC
Barbus trevelyani,complete,14,2026-08-26 13:51:03 UTC
Barbus trimaculatus,complete,14,2026-08-26 13:51:03 UTC
Barbus tyberinus,complete,4,2026-08-26 13:51:03 UTC
Barbus wurtzi,complete,0,2026-08-26 13:51:03 UTC
Barilius bakeri,complete,0,2026-08-26 13:51:03 UTC
Barilius barila,complete,0,2026-08-26 13:51:03 UTC
Barilius bendelisis,complete,0,2026-08-26 13:51:03 UTC
Barilius canarensis,complete,0,2026-08-26 13:51:03 UTC
Barilius caudiocellatus,complete,0,2026-08-26 13:51:03 UTC
Barilius shacra,complete,0,2026-08-26 13:51:03 UTC
Barilius vagra,complete,0,2026-08-26 13:51:03 UTC
Barytelphusa cunicularis,complete,2,2026-08-26 13:51:03 UTC
Basiliscus vittatus,complete,10,2026-08-26 13:51:03 UTC
Bassiana duperreyi,complete,0,2026-08-26 13:51:03 UTC
Bassiana platynota,complete,0,2026-08-26 13:51:03 UTC
Batasio batasio,complete,0,2026-08-26 13:51:03 UTC
Batasio tengana,complete,0,2026-08-26 13:51:03 UTC
Batasio tigrinus,complete,0,2026-08-26 13:51:03 UTC
Bathyaethiops breuseghemi,complete,0,2026-08-26 13:51:03 UTC
Bathybagrus tetranema,complete,0,2026-08-26 13:51:03 UTC
Bathybates fasciatus,complete,4,2026-08-26 13:51:03 UTC
Bathybates ferox,complete,4,2026-08-26 13:51:03 UTC
Bathybates graueri,complete,4,2026-08-26 13:51:03 UTC
Bathybates hornii,complete,4,2026-08-26 13:51:03 UTC
Bathybates leo,complete,4,2026-08-26 13:51:03 UTC
Bathybates minor,complete,4,2026-08-26 13:51:03 UTC
Bathybates vittatus,complete,4,2026-08-26 13:51:03 UTC
Bathyclarias nyasensis,complete,14,2026-08-26 13:51:03 UTC
Bathyclarias worthingtoni,complete,36,2026-08-26 13:51:03 UTC
Bathygobius fuscus,complete,162,2026-08-26 13:51:03 UTC
Bathygobius ramosus,complete,0,2026-08-26 13:51:03 UTC
Bathygobius soporator,complete,330,2026-08-26 13:51:03 UTC
Bedotia geayi,complete,0,2026-08-26 13:51:03 UTC
Bedotia longianalis,complete,0,2026-08-26 13:51:03 UTC
Bedotia madagascariensis,complete,0,2026-08-26 13:51:03 UTC
Bedotia marojejy,complete,0,2026-08-26 13:51:03 UTC
Bedotia tricolor,complete,0,2026-08-26 13:51:03 UTC
Belodontichthys truncatus,complete,6,2026-08-26 13:51:03 UTC
Belonesox belizanus,complete,4,2026-08-26 13:51:03 UTC
Belonoglanis tenuis,complete,0,2026-08-26 13:51:03 UTC
Benthochromis melanoides,complete,6,2026-08-26 13:51:03 UTC
Benthochromis tricoti,complete,6,2026-08-26 13:51:03 UTC
Benthophilus granulosus,complete,20,2026-08-26 13:51:03 UTC
Benthophilus magistri,complete,0,2026-08-26 13:51:03 UTC
Benthophilus mahmudbejovi,complete,0,2026-08-26 13:51:03 UTC
Benthophilus stellatus,complete,22,2026-08-26 13:51:03 UTC
Betta imbellis,complete,0,2026-08-26 13:51:03 UTC
Betta prima,complete,0,2026-08-26 13:51:03 UTC
Betta simplex,complete,0,2026-08-26 13:51:03 UTC
Betta smaragdina,complete,0,2026-08-26 13:51:03 UTC
Betta splendens,complete,296,2026-08-26 13:51:03 UTC
Bidyanus bidyanus,complete,20,2026-08-26 13:51:03 UTC
Bithynia tentaculata,complete,8,2026-08-26 13:51:03 UTC
Blennius ocellaris,complete,28,2026-08-26 13:51:03 UTC
Blicca bjoerkna,complete,1446,2026-08-26 13:51:03 UTC
Bodianus mesothorax,complete,62,2026-08-26 13:51:03 UTC
Bodianus rufus,complete,644,2026-08-26 13:51:03 UTC
Bodianus scrofa,complete,8,2026-08-26 13:51:03 UTC
Bolbometopon muricatum,complete,58,2026-08-26 13:51:03 UTC
Boops boops,complete,120,2026-08-26 13:51:03 UTC
Boopsoidea inornata,complete,16,2026-08-26 13:51:03 UTC
Boraras maculatus,complete,6,2026-08-26 13:51:03 UTC
Boraras micros,complete,0,2026-08-26 13:51:03 UTC
Boraras urophthalmoides,complete,4,2026-08-26 13:51:03 UTC
Boreogadus saida,complete,670,2026-08-26 13:51:03 UTC
Bostrychus sinensis,complete,6,2026-08-26 13:51:03 UTC
Bothrometopus brevis,complete,0,2026-08-26 13:51:03 UTC
Bothrometopus elongatus,complete,0,2026-08-26 13:51:03 UTC
Bothrometopus gracilipes,complete,0,2026-08-26 13:51:03 UTC
Bothrometopus parvulusparvulus,complete,0,2026-08-26 13:51:03 UTC
Bothrometopus randi,complete,0,2026-08-26 13:51:03 UTC
Botia almorhae,complete,0,2026-08-26 13:51:03 UTC
Botia histrionica,complete,0,2026-08-26 13:51:03 UTC
Botia kubotai,complete,0,2026-08-26 13:51:03 UTC
Botia rostrata,complete,4,2026-08-26 13:51:03 UTC
Botia striata,complete,0,2026-08-26 13:51:03 UTC
Boulengerochromis microlepis,complete,4,2026-08-26 13:51:03 UTC
Boulengeromyrus knoepffleri,complete,0,2026-08-26 13:51:03 UTC
Bovichtus variegatus,complete,0,2026-08-26 13:51:03 UTC
Boyeria vinosa,complete,10,2026-08-26 13:51:03 UTC
Brachycentrus americanus,complete,0,2026-08-26 13:51:03 UTC
Brachycentrus lateralis,complete,0,2026-08-26 13:51:03 UTC
Brachycentrus occidentalis,complete,0,2026-08-26 13:51:03 UTC
Brachygobius doriae,complete,0,2026-08-26 13:51:03 UTC
Brachygobius kabiliensis,complete,4,2026-08-26 13:51:03 UTC
Brachygobius xanthomelas,complete,0,2026-08-26 13:51:03 UTC
Branchipodopsis tridens,complete,0,2026-08-26 13:51:03 UTC
Branchipus schaefferi,complete,0,2026-08-26 13:51:03 UTC
Brevimyrus niger,complete,36,2026-08-26 13:51:03 UTC
Brienomyrus brachyistius,complete,58,2026-08-26 13:51:03 UTC
Brycinus affinis,complete,16,2026-08-26 13:51:03 UTC
Brycinus carolinae,complete,0,2026-08-26 13:51:03 UTC
Brycinus imberi,complete,46,2026-08-26 13:51:03 UTC
Brycinus kingsleyae,complete,0,2026-08-26 13:51:03 UTC
Brycinus lateralis,complete,10,2026-08-26 13:51:03 UTC
Brycinus longipinnis,complete,82,2026-08-26 13:51:03 UTC
Brycinus macrolepidotus,complete,48,2026-08-26 13:51:03 UTC
Brycinus nurse,complete,102,2026-08-26 13:51:03 UTC
Brycinus opisthotaenia,complete,0,2026-08-26 13:51:03 UTC
Brycinus taeniurus,complete,0,2026-08-26 13:51:03 UTC
Brycon amazonicus,complete,76,2026-08-26 13:51:03 UTC
Bryconaethiops macrops,complete,0,2026-08-26 13:51:03 UTC
Bryconaethiops microstoma,complete,0,2026-08-26 13:51:03 UTC
Bufo alvarius,complete,0,2026-08-26 13:51:03 UTC
Bufo boreas,complete,150,2026-08-26 13:51:03 UTC
Bufo canaliferus,complete,0,2026-08-26 13:51:03 UTC
Bufo canorus,complete,0,2026-08-26 13:51:03 UTC
Bufo cognatus,complete,0,2026-08-26 13:51:03 UTC
Bufo debilis,complete,0,2026-08-26 13:51:03 UTC
Bufo exsul,complete,0,2026-08-26 13:51:03 UTC
Bufo haemititicus,complete,0,2026-08-26 13:51:03 UTC
Bufo luetkenii,complete,0,2026-08-26 13:51:03 UTC
Bufo marinus,complete,56,2026-08-26 13:51:03 UTC
Bufo marmoreus,complete,0,2026-08-26 13:51:03 UTC
Bufo mazatlanensis,complete,0,2026-08-26 13:51:03 UTC
Bufo nelsoni,complete,0,2026-08-26 13:51:03 UTC
Bufo woodhousiifowleri,complete,0,2026-08-26 13:51:03 UTC
Bugula californica,complete,0,2026-08-26 13:51:03 UTC
Bujurquina vittata,complete,0,2026-08-26 13:51:03 UTC
Bullia rhodostoma,complete,2,2026-08-26 13:51:03 UTC
Butis amboinensis,complete,0,2026-08-26 13:51:03 UTC
Butis butis,complete,18,2026-08-26 13:51:03 UTC
Cabdio morar,complete,0,2026-08-26 13:51:03 UTC
Caenis latipennis,complete,0,2026-08-26 13:51:03 UTC
Caenis luctuosa,complete,140,2026-08-26 13:51:03 UTC
Calamus brachysomus,complete,26,2026-08-26 13:51:03 UTC
Calamus nodosus,complete,176,2026-08-26 13:51:03 UTC
Calamus penna,complete,72,2026-08-26 13:51:03 UTC
Calathus melanocephalus,complete,3382,2026-08-26 13:51:03 UTC
Callichthys callichthys,complete,92,2026-08-26 13:51:03 UTC
Callinectes danae,complete,18,2026-08-26 13:51:03 UTC
Callochromis macrops,complete,0,2026-08-26 13:51:03 UTC
Callochromis melanostigma,complete,6,2026-08-26 13:51:03 UTC
Callochromis pleurospilus,complete,4,2026-08-26 13:51:03 UTC
Callopanchax monroviae,complete,0,2026-08-26 13:51:03 UTC
Callopanchax occidentalis,complete,8,2026-08-26 13:51:03 UTC
Callopanchax toddi,complete,0,2026-08-26 13:51:03 UTC
Calopteryx virgo,complete,132,2026-08-26 13:51:03 UTC
Calotomus carolinus,complete,42,2026-08-26 13:51:03 UTC
Calotomus spinidens,complete,18,2026-08-26 13:51:03 UTC
Calyptotis temporalis,complete,0,2026-08-26 13:51:03 UTC
Camponotus americanus,complete,2,2026-08-26 13:51:03 UTC
Camponotus castaneus,complete,10,2026-08-26 13:51:03 UTC
Camponotus chromaiodes,complete,14,2026-08-26 13:51:03 UTC
Camponotus cruentatus,complete,14,2026-08-26 13:51:03 UTC
Camponotus detritus,complete,0,2026-08-26 13:51:03 UTC
Camponotus foreli,complete,2,2026-08-26 13:51:03 UTC
Camponotus herculeanus,complete,14,2026-08-26 13:51:03 UTC
Camponotus novaeboracensis,complete,4,2026-08-26 13:51:03 UTC
Camponotus pennsylvanicus,complete,100,2026-08-26 13:51:03 UTC
Camponotus sylvaticus,complete,0,2026-08-26 13:51:03 UTC
Campostoma anomalum,complete,44,2026-08-26 13:51:03 UTC
Campostoma oligolepis,complete,38,2026-08-26 13:51:03 UTC
Campostoma pauciradii,complete,0,2026-08-26 13:51:03 UTC
Campylomormyrus curvirostris,complete,0,2026-08-26 13:51:03 UTC
Campylomormyrus elephas,complete,0,2026-08-26 13:51:03 UTC
Campylomormyrus numenius,complete,0,2026-08-26 13:51:03 UTC
Campylomormyrus rhynchophorus,complete,0,2026-08-26 13:51:03 UTC
Campylomormyrus tamandua,complete,8,2026-08-26 13:51:03 UTC
Campylomormyrus tshokwe,complete,0,2026-08-26 13:51:03 UTC
Canonopsis sericeus,complete,0,2026-08-26 13:51:03 UTC
Canthigaster amboinensis,complete,68,2026-08-26 13:51:03 UTC
Canthigaster bennetti,complete,72,2026-08-26 13:51:03 UTC
Canthigaster jactator,complete,72,2026-08-26 13:51:03 UTC
Canthigaster janthinoptera,complete,84,2026-08-26 13:51:03 UTC
Canthigaster rostrata,complete,1274,2026-08-26 13:51:03 UTC
Canthigaster solandri,complete,92,2026-08-26 13:51:03 UTC
Canthigaster valentini,complete,114,2026-08-26 13:51:03 UTC
Canthophrys gongota,complete,0,2026-08-26 13:51:03 UTC
Capoeta angorae,complete,0,2026-08-26 13:51:03 UTC
Capoeta antalyensis,complete,0,2026-08-26 13:51:03 UTC
Capoeta baliki,complete,0,2026-08-26 13:51:03 UTC
Capoeta banarescui,complete,12,2026-08-26 13:51:03 UTC
Capoeta barroisi,complete,0,2026-08-26 13:51:03 UTC
Capoeta capoeta,complete,12,2026-08-26 13:51:03 UTC
Capoeta damascina,complete,14,2026-08-26 13:51:03 UTC
Capoeta ekmekciae,complete,0,2026-08-26 13:51:03 UTC
Capoeta pestai,complete,0,2026-08-26 13:51:03 UTC
Capoeta tinca,complete,0,2026-08-26 13:51:03 UTC
Capoeta trutta,complete,0,2026-08-26 13:51:03 UTC
Carasobarbus canis,complete,50,2026-08-26 13:51:03 UTC
Carasobarbus chantrei,complete,8,2026-08-26 13:51:03 UTC
Carasobarbus kosswigi,complete,0,2026-08-26 13:51:03 UTC
Carasobarbus luteus,complete,0,2026-08-26 13:51:03 UTC
Carassius auratus,complete,4708,2026-08-26 13:51:03 UTC
Carassius carassius,complete,2907,2026-08-26 13:51:03 UTC
Carassius gibelio,complete,2268,2026-08-26 13:51:03 UTC
Carcinus maenas,complete,618,2026-08-26 13:51:03 UTC
Cardiopharynx schoutedeni,complete,4,2026-08-26 13:51:03 UTC
Carlia foliorum,complete,0,2026-08-26 13:51:03 UTC
Carlia longipes,complete,6,2026-08-26 13:51:03 UTC
Carlia munda,complete,8,2026-08-26 13:51:03 UTC
Carlia pectoralis,complete,12,2026-08-26 13:51:03 UTC
Carlia rhomboidalis,complete,0,2026-08-26 13:51:03 UTC
Carlia schmeltzi,complete,0,2026-08-26 13:51:03 UTC
Carlia vivax,complete,0,2026-08-26 13:51:03 UTC
Carnegiella strigata,complete,6,2026-08-26 13:51:03 UTC
Carpiodes carpio,complete,8,2026-08-26 13:51:03 UTC
Carpiodes cyprinus,complete,18,2026-08-26 13:51:03 UTC
Carpiodes velifer,complete,4,2026-08-26 13:51:03 UTC
Caspiosoma caspium,complete,42,2026-08-26 13:51:03 UTC
Castanophlebia calida,complete,0,2026-08-26 13:51:03 UTC
Cataglyphis bicolor,complete,0,2026-08-26 13:51:03 UTC
Cataglyphis bombycina,complete,0,2026-08-26 13:51:03 UTC
Cataglyphis cursor,complete,6,2026-08-26 13:51:03 UTC
Cataulacus horridus,complete,0,2026-08-26 13:51:03 UTC
Catla catla,complete,38,2026-08-26 13:51:03 UTC
Catlocarpio siamensis,complete,14,2026-08-26 13:51:03 UTC
Catostomus catostomus,complete,88,2026-08-26 13:51:03 UTC
Catostomus clarkii,complete,0,2026-08-26 13:51:03 UTC
Catostomus columbianus,complete,10,2026-08-26 13:51:03 UTC
Catostomus commersoni,complete,0,2026-08-26 13:51:03 UTC
Catostomus commersonii,complete,148,2026-08-26 13:51:03 UTC
Catostomus discobolus,complete,0,2026-08-26 13:51:03 UTC
Catostomus latipinnis,complete,2,2026-08-26 13:51:03 UTC
Catostomus macrocheilus,complete,42,2026-08-26 13:51:03 UTC
Catostomus microps,complete,0,2026-08-26 13:51:03 UTC
Catostomus occidentalis,complete,0,2026-08-26 13:51:03 UTC
Catostomus platyrhynchus,complete,12,2026-08-26 13:51:03 UTC
Catostomus plebeius,complete,0,2026-08-26 13:51:03 UTC
Catostomus rimiculus,complete,0,2026-08-26 13:51:03 UTC
Catostomus snyderi,complete,0,2026-08-26 13:51:03 UTC
Catostomus tahoensis,complete,40,2026-08-26 13:51:03 UTC
Celatoblatta quinquemaculata,complete,0,2026-08-26 13:51:03 UTC
Centrarchus macropterus,complete,176,2026-08-26 13:51:03 UTC
Centrolabrus caeruleus,complete,0,2026-08-26 13:51:03 UTC
Centrolabrus exoletus,complete,46,2026-08-26 13:51:03 UTC
Centrolabrus trutta,complete,4,2026-08-26 13:51:03 UTC
Centropristis striata,complete,536,2026-08-26 13:51:03 UTC
Centropyge aurantia,complete,0,2026-08-26 13:51:03 UTC
Centropyge aurantonotus,complete,8,2026-08-26 13:51:03 UTC
Centropyge eibli,complete,58,2026-08-26 13:51:03 UTC
Centropyge ferrugata,complete,12,2026-08-26 13:51:03 UTC
Centropyge fisheri,complete,12,2026-08-26 13:51:03 UTC
Centropyge flavissima,complete,66,2026-08-26 13:51:03 UTC
Centropyge loriculus,complete,66,2026-08-26 13:51:03 UTC
Centropyge multispinis,complete,78,2026-08-26 13:51:03 UTC
Centropyge nox,complete,64,2026-08-26 13:51:03 UTC
Centropyge potteri,complete,34,2026-08-26 13:51:03 UTC
Centropyge venusta,complete,8,2026-08-26 13:51:03 UTC
Centropyge vrolikii,complete,66,2026-08-26 13:51:03 UTC
Cerastoderma edule,complete,58,2026-08-26 13:51:03 UTC
Ceratopsyche centra,complete,0,2026-08-26 13:51:03 UTC
Ceratopsyche morosa,complete,0,2026-08-26 13:51:03 UTC
Ceratopsyche oslari,complete,0,2026-08-26 13:51:03 UTC
Ceratopsyche slossonae,complete,0,2026-08-26 13:51:03 UTC
Cerithidea cingulata,complete,8,2026-08-26 13:51:03 UTC
Cetoscarus bicolor,complete,44,2026-08-26 13:51:03 UTC
Chaenobryttus gulosus,complete,0,2026-08-26 13:51:03 UTC
Chaenocephalus aceratus,complete,238,2026-08-26 13:51:03 UTC
Chaetodon adiergastos,complete,48,2026-08-26 13:51:03 UTC
Chaetodon auriga,complete,240,2026-08-26 13:51:03 UTC
Chaetodon auripes,complete,70,2026-08-26 13:51:03 UTC
Chaetodon austriacus,complete,8,2026-08-26 13:51:03 UTC
Chaetodon baronessa,complete,52,2026-08-26 13:51:03 UTC
Chaetodon bennetti,complete,58,2026-08-26 13:51:03 UTC
Chaetodon capistratus,complete,722,2026-08-26 13:51:03 UTC
Chaetodon citrinellus,complete,158,2026-08-26 13:51:03 UTC
Chaetodon collare,complete,58,2026-08-26 13:51:03 UTC
Chaetodon decussatus,complete,72,2026-08-26 13:51:03 UTC
Chaetodon dolosus,complete,8,2026-08-26 13:51:03 UTC
Chaetodon ephippium,complete,96,2026-08-26 13:51:03 UTC
Chaetodon falcula,complete,48,2026-08-26 13:51:03 UTC
Chaetodon fasciatus,complete,14,2026-08-26 13:51:03 UTC
Chaetodon flavirostris,complete,76,2026-08-26 13:51:03 UTC
Chaetodon fremblii,complete,52,2026-08-26 13:51:03 UTC
Chaetodon guentheri,complete,30,2026-08-26 13:51:03 UTC
Chaetodon guttatissimus,complete,60,2026-08-26 13:51:03 UTC
Chaetodon hoefleri,complete,4,2026-08-26 13:51:03 UTC
Chaetodon humeralis,complete,8,2026-08-26 13:51:03 UTC
Chaetodon interruptus,complete,50,2026-08-26 13:51:03 UTC
Chaetodon lineolatus,complete,66,2026-08-26 13:51:03 UTC
Chaetodon lunula,complete,258,2026-08-26 13:51:03 UTC
Chaetodon madagaskariensis,complete,28,2026-08-26 13:51:03 UTC
Chaetodon marleyi,complete,8,2026-08-26 13:51:03 UTC
Chaetodon melannotus,complete,102,2026-08-26 13:51:03 UTC
Chaetodon melapterus,complete,4,2026-08-26 13:51:03 UTC
Chaetodon mertensii,complete,68,2026-08-26 13:51:03 UTC
Chaetodon mesoleucos,complete,0,2026-08-26 13:51:03 UTC
Chaetodon meyeri,complete,38,2026-08-26 13:51:03 UTC
Chaetodon miliaris,complete,44,2026-08-26 13:51:03 UTC
Chaetodon multicinctus,complete,46,2026-08-26 13:51:03 UTC
Chaetodon ocellatus,complete,82,2026-08-26 13:51:03 UTC
Chaetodon ocellicaudus,complete,72,2026-08-26 13:51:03 UTC
Chaetodon octofasciatus,complete,40,2026-08-26 13:51:03 UTC
Chaetodon ornatissimus,complete,44,2026-08-26 13:51:03 UTC
Chaetodon oxycephalus,complete,50,2026-08-26 13:51:03 UTC
Chaetodon paucifasciatus,complete,66,2026-08-26 13:51:03 UTC
Chaetodon pelewensis,complete,46,2026-08-26 13:51:03 UTC
Chaetodon plebeius,complete,62,2026-08-26 13:51:03 UTC
Chaetodon punctatofasciatus,complete,20,2026-08-26 13:51:03 UTC
Chaetodon quadrimaculatus,complete,98,2026-08-26 13:51:03 UTC
Chaetodon rafflesii,complete,104,2026-08-26 13:51:03 UTC
Chaetodon robustus,complete,0,2026-08-26 13:51:03 UTC
Chaetodon sanctaehelenae,complete,0,2026-08-26 13:51:03 UTC
Chaetodon sedentarius,complete,446,2026-08-26 13:51:03 UTC
Chaetodon selene,complete,8,2026-08-26 13:51:03 UTC
Chaetodon semeion,complete,62,2026-08-26 13:51:03 UTC
Chaetodon semilarvatus,complete,4,2026-08-26 13:51:03 UTC
Chaetodon speculum,complete,50,2026-08-26 13:51:03 UTC
Chaetodon striatus,complete,392,2026-08-26 13:51:03 UTC
Chaetodon tinkeri,complete,10,2026-08-26 13:51:03 UTC
Chaetodon trichrous,complete,54,2026-08-26 13:51:03 UTC
Chaetodon tricinctus,complete,32,2026-08-26 13:51:03 UTC
Chaetodon trifascialis,complete,56,2026-08-26 13:51:03 UTC
Chaetodon trifasciatus,complete,50,2026-08-26 13:51:03 UTC
Chaetodon ulietensis,complete,70,2026-08-26 13:51:03 UTC
Chaetodon unimaculatus,complete,138,2026-08-26 13:51:03 UTC
Chaetodon vagabundus,complete,192,2026-08-26 13:51:03 UTC
Chaetodon xanthurus,complete,8,2026-08-26 13:51:03 UTC
Chaetodontoplus caeruleopunctatus,complete,10,2026-08-26 13:51:03 UTC
Chaetodontoplus duboulayi,complete,70,2026-08-26 13:51:03 UTC
Chaetodontoplus melanosoma,complete,10,2026-08-26 13:51:03 UTC
Chaetodontoplus meredithi,complete,62,2026-08-26 13:51:03 UTC
Chaetodontoplus mesoleucus,complete,66,2026-08-26 13:51:03 UTC
Chalinochromis brichardi,complete,4,2026-08-26 13:51:03 UTC
Chamaeleo bitaeniatus,complete,0,2026-08-26 13:51:03 UTC
Chamaeleo dilepis,complete,2,2026-08-26 13:51:03 UTC
Chamaeleo ellioti,complete,0,2026-08-26 13:51:03 UTC
Chamaeleo hoehnelii,complete,0,2026-08-26 13:51:03 UTC
Chamaeleo jacksonii,complete,0,2026-08-26 13:51:03 UTC
Chamaeleo schubotzi,complete,0,2026-08-26 13:51:03 UTC
Chandramara chandramara,complete,0,2026-08-26 13:51:03 UTC
Channa asiatica,complete,12,2026-08-26 13:51:03 UTC
Channa aurantimaculata,complete,0,2026-08-26 13:51:03 UTC
Channa bleheri,complete,0,2026-08-26 13:51:03 UTC
Channa gachua,complete,10,2026-08-26 13:51:03 UTC
Channa lucius,complete,10,2026-08-26 13:51:03 UTC
Channa maculata,complete,16,2026-08-26 13:51:03 UTC
Channa marulioides,complete,0,2026-08-26 13:51:03 UTC
Channa marulius,complete,8,2026-08-26 13:51:03 UTC
Channa melasoma,complete,4,2026-08-26 13:51:03 UTC
Channa micropeltes,complete,14,2026-08-26 13:51:03 UTC
Channa punctata,complete,116,2026-08-26 13:51:03 UTC
Channa striata,complete,98,2026-08-26 13:51:03 UTC
Channallabes apus,complete,0,2026-08-26 13:51:03 UTC
Chanodichthys erythropterus,complete,118,2026-08-26 13:51:03 UTC
Chanodichthys mongolicus,complete,30,2026-08-26 13:51:03 UTC
Chanos chanos,complete,410,2026-08-26 13:51:03 UTC
Characidium pteroides,complete,0,2026-08-26 13:51:03 UTC
Charina bottae,complete,44,2026-08-26 13:51:03 UTC
Chasmistes brevirostris,complete,0,2026-08-26 13:51:03 UTC
Chasmodes saburrae,complete,96,2026-08-26 13:51:03 UTC
Cheilinus chlorourus,complete,86,2026-08-26 13:51:03 UTC
Cheilinus fasciatus,complete,58,2026-08-26 13:51:03 UTC
Cheilinus trilobatus,complete,136,2026-08-26 13:51:03 UTC
Cheilio inermis,complete,104,2026-08-26 13:51:03 UTC
Cheimarrichthys fosteri,complete,100,2026-08-26 13:51:03 UTC
Cheimerius matsubarai,complete,0,2026-08-26 13:51:03 UTC
Chela cachius,complete,0,2026-08-26 13:51:03 UTC
Chelaethiops bibie,complete,8,2026-08-26 13:51:03 UTC
Chelmon marginalis,complete,44,2026-08-26 13:51:03 UTC
Chelmon muelleri,complete,48,2026-08-26 13:51:03 UTC
Chelmon rostratus,complete,48,2026-08-26 13:51:03 UTC
Chelmonops curiosus,complete,52,2026-08-26 13:51:03 UTC
Chelon dumerili,complete,0,2026-08-26 13:51:03 UTC
Chelon macrolepis,complete,70,2026-08-26 13:51:03 UTC
Chelon planiceps,complete,6,2026-08-26 13:51:03 UTC
Chelon ramada,complete,532,2026-08-26 13:51:03 UTC
Chelon richardsonii,complete,108,2026-08-26 13:51:03 UTC
Chelonodon patoca,complete,38,2026-08-26 13:51:03 UTC
Chetia brevicauda,complete,0,2026-08-26 13:51:03 UTC
Chetia brevis,complete,8,2026-08-26 13:51:03 UTC
Chetia flaviventris,complete,8,2026-08-26 13:51:03 UTC
Cheumatopsyche modica,complete,0,2026-08-26 13:51:03 UTC
Chilochromis duponti,complete,8,2026-08-26 13:51:03 UTC
Chiloglanis asymetricaudalis,complete,8,2026-08-26 13:51:03 UTC
Chimarra ambulans,complete,0,2026-08-26 13:51:03 UTC
Chimarra aterrima,complete,0,2026-08-26 13:51:03 UTC
Chimarra obscura,complete,0,2026-08-26 13:51:03 UTC
Chionactis occipitalis,complete,12,2026-08-26 13:51:03 UTC
Chionodraco rastrospinosus,complete,44,2026-08-26 13:51:03 UTC
Chirodica chalcoptera,complete,0,2026-08-26 13:51:03 UTC
Chironomus crassicaudatus,complete,0,2026-08-26 13:51:03 UTC
Chironomus longistylus,complete,8,2026-08-26 13:51:03 UTC
Chironomus thummi,complete,8,2026-08-26 13:51:03 UTC
Chitala chitala,complete,24,2026-08-26 13:51:03 UTC
Chitala ornata,complete,12,2026-08-26 13:51:03 UTC
Chloroniella peringueyi,complete,0,2026-08-26 13:51:03 UTC
Chlorurus bleekeri,complete,40,2026-08-26 13:51:03 UTC
Chlorurus bowersi,complete,52,2026-08-26 13:51:03 UTC
Chlorurus japanensis,complete,28,2026-08-26 13:51:03 UTC
Chlorurus microrhinos,complete,38,2026-08-26 13:51:03 UTC
Chlorurus oedema,complete,4,2026-08-26 13:51:03 UTC
Chlorurus sordidus,complete,76,2026-08-26 13:51:03 UTC
Choerodon anchorago,complete,86,2026-08-26 13:51:03 UTC
Choerodon fasciatus,complete,16,2026-08-26 13:51:03 UTC
Choerodon oligacanthus,complete,0,2026-08-26 13:51:03 UTC
Chologaster cornuta,complete,6,2026-08-26 13:51:03 UTC
Chondrodactylus angulifer,complete,0,2026-08-26 13:51:03 UTC
Chondrodactylus bibronii,complete,0,2026-08-26 13:51:03 UTC
Chondrostoma angorense,complete,0,2026-08-26 13:51:03 UTC
Chondrostoma fahirae,complete,0,2026-08-26 13:51:03 UTC
Chondrostoma holmwoodii,complete,0,2026-08-26 13:51:03 UTC
Chondrostoma knerii,complete,0,2026-08-26 13:51:03 UTC
Chondrostoma nasus,complete,28,2026-08-26 13:51:03 UTC
Chondrostoma oxyrhynchum,complete,10,2026-08-26 13:51:03 UTC
Chondrostoma phoxinus,complete,0,2026-08-26 13:51:03 UTC
Chondrostoma prespense,complete,6,2026-08-26 13:51:03 UTC
Chondrostoma soetta,complete,134,2026-08-26 13:51:03 UTC
Chondrostoma vardarense,complete,0,2026-08-26 13:51:03 UTC
Choromytilus chorus,complete,0,2026-08-26 13:51:03 UTC
Chromis alpha,complete,40,2026-08-26 13:51:03 UTC
Chromis alta,complete,4,2026-08-26 13:51:03 UTC
Chromis atrilobata,complete,4,2026-08-26 13:51:03 UTC
Chromis cyanea,complete,152,2026-08-26 13:51:03 UTC
Chromis punctipinnis,complete,16,2026-08-26 13:51:03 UTC
Chrosomus cumberlandensis,complete,14,2026-08-26 13:51:03 UTC
Chrosomus eos,complete,412,2026-08-26 13:51:03 UTC
Chrosomus erythrogaster,complete,8,2026-08-26 13:51:03 UTC
Chrosomus neogaeus,complete,126,2026-08-26 13:51:03 UTC
Chrosomus oreas,complete,14,2026-08-26 13:51:03 UTC
Chrosomus saylori,complete,0,2026-08-26 13:51:03 UTC
Chrosomus tennesseensis,complete,0,2026-08-26 13:51:03 UTC
Chrysemys picta,complete,12,2026-08-26 13:51:03 UTC
Chrysoblephus anglicus,complete,14,2026-08-26 13:51:03 UTC
Chrysoblephus cristiceps,complete,16,2026-08-26 13:51:03 UTC
Chrysomela aeneicollis,complete,0,2026-08-26 13:51:03 UTC
Cichlasoma urophthalmum,complete,64,2026-08-26 13:51:03 UTC
Cinygmula par,complete,0,2026-08-26 13:51:03 UTC
Cirrhilabrus lubbocki,complete,4,2026-08-26 13:51:03 UTC
Cirrhinus cirrhosus,complete,8,2026-08-26 13:51:03 UTC
Cirrhinus microlepis,complete,10,2026-08-26 13:51:03 UTC
Cirrhinus molitorella,complete,26,2026-08-26 13:51:03 UTC
Cirrhinus mrigala,complete,8,2026-08-26 13:51:03 UTC
Cirrhitichthys oxycephalus,complete,42,2026-08-26 13:51:03 UTC
Clariallabes longicauda,complete,0,2026-08-26 13:51:03 UTC
Clarias agboyiensis,complete,36,2026-08-26 13:51:03 UTC
Clarias anguillaris,complete,78,2026-08-26 13:51:03 UTC
Clarias batrachus,complete,98,2026-08-26 13:51:03 UTC
Clarias buettikoferi,complete,0,2026-08-26 13:51:03 UTC
Clarias buthupogon,complete,396,2026-08-26 13:51:03 UTC
Clarias camerunensis,complete,392,2026-08-26 13:51:03 UTC
Clarias dussumieri,complete,6,2026-08-26 13:51:03 UTC
Clarias ebriensis,complete,394,2026-08-26 13:51:03 UTC
Clarias fuscus,complete,12,2026-08-26 13:51:03 UTC
Clarias gabonensis,complete,8,2026-08-26 13:51:03 UTC
Clarias gariepinus,complete,394,2026-08-26 13:51:03 UTC
Clarias jaensis,complete,0,2026-08-26 13:51:03 UTC
Clarias macrocephalus,complete,36,2026-08-26 13:51:03 UTC
Clarias meladerma,complete,0,2026-08-26 13:51:03 UTC
Clarias ngamensis,complete,80,2026-08-26 13:51:03 UTC
Clarias nieuhofii,complete,0,2026-08-26 13:51:03 UTC
Clarias pachynema,complete,0,2026-08-26 13:51:03 UTC
Clarias stappersii,complete,22,2026-08-26 13:51:03 UTC
Clarias theodorae,complete,38,2026-08-26 13:51:03 UTC
Clarias werneri,complete,18,2026-08-26 13:51:03 UTC
Clarotes laticeps,complete,40,2026-08-26 13:51:03 UTC
Clea nigricans,complete,0,2026-08-26 13:51:03 UTC
Cleptelmis addenda,complete,0,2026-08-26 13:51:03 UTC
Clepticus parrae,complete,242,2026-08-26 13:51:03 UTC
Clibanarius virescens,complete,90,2026-08-26 13:51:03 UTC
Clinocottus analis,complete,78,2026-08-26 13:51:03 UTC
Clinostomus elongatus,complete,6,2026-08-26 13:51:03 UTC
Clinostomus funduloides,complete,42,2026-08-26 13:51:03 UTC
Cloeon dipterum,complete,8,2026-08-26 13:51:03 UTC
Clubiona diversa,complete,2,2026-08-26 13:51:03 UTC
Clubiona similis,complete,2,2026-08-26 13:51:03 UTC
Clubiona trivialis,complete,2,2026-08-26 13:51:03 UTC
Clupea harengus,complete,1240,2026-08-26 13:51:03 UTC
Clupea pallasii,complete,240,2026-08-26 13:51:03 UTC
Clupisoma garua,complete,14,2026-08-26 13:51:03 UTC
Cnemidocarpa bicornuta,complete,0,2026-08-26 13:51:03 UTC
Cnemidophorus sexlineatus,complete,10,2026-08-26 13:51:03 UTC
Cnemidophorus tigris,complete,0,2026-08-26 13:51:03 UTC
Cnephia ornithophilia,complete,0,2026-08-26 13:51:03 UTC
Cnesterodon decemmaculatus,complete,0,2026-08-26 13:51:03 UTC
Cobitis arachthosensis,complete,0,2026-08-26 13:51:03 UTC
Cobitis bilineata,complete,1284,2026-08-26 13:51:03 UTC
Cobitis bilseli,complete,0,2026-08-26 13:51:03 UTC
Cobitis calderoni,complete,14,2026-08-26 13:51:03 UTC
Cobitis elazigensis,complete,0,2026-08-26 13:51:03 UTC
Cobitis elongata,complete,0,2026-08-26 13:51:03 UTC
Cobitis elongatoides,complete,2,2026-08-26 13:51:03 UTC
Cobitis fahirae,complete,0,2026-08-26 13:51:03 UTC
Cobitis hellenica,complete,0,2026-08-26 13:51:03 UTC
Cobitis levantina,complete,0,2026-08-26 13:51:03 UTC
Cobitis maroccana,complete,0,2026-08-26 13:51:03 UTC
Cobitis melanoleuca,complete,0,2026-08-26 13:51:03 UTC
Cobitis meridionalis,complete,4,2026-08-26 13:51:03 UTC
Cobitis paludica,complete,40,2026-08-26 13:51:03 UTC
Cobitis puncticulata,complete,0,2026-08-26 13:51:03 UTC
Cobitis sinensis,complete,0,2026-08-26 13:51:03 UTC
Cobitis stephanidisi,complete,0,2026-08-26 13:51:03 UTC
Cobitis strumicae,complete,0,2026-08-26 13:51:03 UTC
Cobitis taenia,complete,1290,2026-08-26 13:51:03 UTC
Cobitis trichonica,complete,0,2026-08-26 13:51:03 UTC
Cobitis turcica,complete,0,2026-08-26 13:51:03 UTC
Cobitis vardarensis,complete,0,2026-08-26 13:51:03 UTC
Cobitis vettonica,complete,0,2026-08-26 13:51:03 UTC
Cobitis zanandreai,complete,0,2026-08-26 13:51:03 UTC
Coenagrion puella,complete,642,2026-08-26 13:51:03 UTC
Coilia grayii,complete,0,2026-08-26 13:51:03 UTC
Coleonyx brevis,complete,0,2026-08-26 13:51:03 UTC
Coleonyx variegatus,complete,22,2026-08-26 13:51:03 UTC
Colossoma macropomum,complete,62,2026-08-26 13:51:03 UTC
Coluber constrictor,complete,612,2026-08-26 13:51:03 UTC
Congolapia bilineata,complete,0,2026-08-26 13:51:03 UTC
Congresox talabonoides,complete,10,2026-08-26 13:51:03 UTC
Cookia sulcata,complete,0,2026-08-26 13:51:03 UTC
Copadichromis borleyi,complete,4,2026-08-26 13:51:03 UTC
Cophixalis ornatus,complete,0,2026-08-26 13:51:03 UTC
Cophixalus aenigma,complete,0,2026-08-26 13:51:03 UTC
Cophixalus bombiens,complete,0,2026-08-26 13:51:03 UTC
Cophixalus exiguus,complete,0,2026-08-26 13:51:03 UTC
Cophixalus hosmeri,complete,0,2026-08-26 13:51:03 UTC
Cophixalus infacetus,complete,0,2026-08-26 13:51:03 UTC
Cophixalus mcdonaldi,complete,0,2026-08-26 13:51:03 UTC
Cophixalus neglectus,complete,0,2026-08-26 13:51:03 UTC
Cophosaurus texanus,complete,20,2026-08-26 13:51:03 UTC
Coptotermes formosanus,complete,18,2026-08-26 13:51:03 UTC
Coradion chrysozonus,complete,62,2026-08-26 13:51:03 UTC
Coradion melanopus,complete,0,2026-08-26 13:51:03 UTC
Corbicula fluminea,complete,6,2026-08-26 13:51:03 UTC
Cordulegaster boltonii,complete,518,2026-08-26 13:51:03 UTC
Cordulia shurtleffii,complete,2,2026-08-26 13:51:03 UTC
Cordylus cordylus,complete,0,2026-08-26 13:51:03 UTC
Cordylus niger,complete,0,2026-08-26 13:51:03 UTC
Cordylus oelofseni,complete,0,2026-08-26 13:51:03 UTC
Coregonus albula,complete,210,2026-08-26 13:51:03 UTC
Coregonus artedi,complete,128,2026-08-26 13:51:03 UTC
Coregonus autumnalis,complete,74,2026-08-26 13:51:03 UTC
Coregonus clupeaformis,complete,158,2026-08-26 13:51:03 UTC
Coregonus lavaretus,complete,244,2026-08-26 13:51:03 UTC
Coregonus muksun,complete,12,2026-08-26 13:51:03 UTC
Coregonus nasus,complete,42,2026-08-26 13:51:03 UTC
Coregonus peled,complete,46,2026-08-26 13:51:03 UTC
Coregonus sardinella,complete,54,2026-08-26 13:51:03 UTC
Coregonus widegreni,complete,0,2026-08-26 13:51:03 UTC
Coreoperca whiteheadi,complete,0,2026-08-26 13:51:03 UTC
Coris aurilineata,complete,52,2026-08-26 13:51:03 UTC
Coris aygula,complete,118,2026-08-26 13:51:03 UTC
Coris dorsomacula,complete,40,2026-08-26 13:51:03 UTC
Coris flavovittata,complete,50,2026-08-26 13:51:03 UTC
Coris gaimard,complete,128,2026-08-26 13:51:03 UTC
Coris julis,complete,44,2026-08-26 13:51:03 UTC
Coris picta,complete,34,2026-08-26 13:51:03 UTC
Coris pictoides,complete,54,2026-08-26 13:51:03 UTC
Corophium volutator,complete,22,2026-08-26 13:51:03 UTC
Corydoras ehrhardti,complete,4,2026-08-26 13:51:03 UTC
Corydoras julii,complete,16,2026-08-26 13:51:03 UTC
Corydoras paleatus,complete,10,2026-08-26 13:51:03 UTC
Corydoras schwartzi,complete,0,2026-08-26 13:51:03 UTC
Coryphoblennius galerita,complete,320,2026-08-26 13:51:03 UTC
Coryphopterus urospilus,complete,4,2026-08-26 13:51:03 UTC
Corythoichthys intestinalis,complete,114,2026-08-26 13:51:03 UTC
Cottus aleuticus,complete,70,2026-08-26 13:51:03 UTC
Cottus asper,complete,78,2026-08-26 13:51:03 UTC
Cottus asperrimus,complete,0,2026-08-26 13:51:03 UTC
Cottus baileyi,complete,0,2026-08-26 13:51:03 UTC
Cottus bairdi,complete,0,2026-08-26 13:51:03 UTC
Cottus bairdii,complete,62,2026-08-26 13:51:03 UTC
Cottus beldingii,complete,0,2026-08-26 13:51:03 UTC
Cottus caeruleomentum,complete,0,2026-08-26 13:51:03 UTC
Cottus carolinae,complete,22,2026-08-26 13:51:03 UTC
Cottus cognatus,complete,50,2026-08-26 13:51:03 UTC
Cottus confusus,complete,12,2026-08-26 13:51:03 UTC
Cottus extensus,complete,0,2026-08-26 13:51:03 UTC
Cottus girardi,complete,0,2026-08-26 13:51:03 UTC
Cottus gobio,complete,1846,2026-08-26 13:51:03 UTC
Cottus greenei,complete,0,2026-08-26 13:51:03 UTC
Cottus gulosus,complete,0,2026-08-26 13:51:03 UTC
Cottus hubbsi,complete,0,2026-08-26 13:51:03 UTC
Cottus hypselurus,complete,2,2026-08-26 13:51:03 UTC
Cottus klamathensis,complete,0,2026-08-26 13:51:03 UTC
Cottus leiopomus,complete,0,2026-08-26 13:51:03 UTC
Cottus marginatus,complete,0,2026-08-26 13:51:03 UTC
Cottus paulus,complete,0,2026-08-26 13:51:03 UTC
Cottus perplexus,complete,0,2026-08-26 13:51:03 UTC
Cottus pitensis,complete,0,2026-08-26 13:51:03 UTC
Cottus poecilopus,complete,58,2026-08-26 13:51:03 UTC
Cottus princeps,complete,0,2026-08-26 13:51:03 UTC
Cottus rhotheus,complete,16,2026-08-26 13:51:03 UTC
Cottus ricei,complete,14,2026-08-26 13:51:03 UTC
Cottus tallapoosae,complete,0,2026-08-26 13:51:03 UTC
Couesius plumbeus,complete,22,2026-08-26 13:51:03 UTC
Crangon crangon,complete,444,2026-08-26 13:51:03 UTC
Crangonyx pseudogracilis,complete,50,2026-08-26 13:51:03 UTC
Cranopsis coccifer,complete,0,2026-08-26 13:51:03 UTC
Craterocephalus stercusmuscarum,complete,52,2026-08-26 13:51:03 UTC
Cratinus agassizii,complete,4,2026-08-26 13:51:03 UTC
Craugastor fitzingeri,complete,0,2026-08-26 13:51:03 UTC
Craugastor fleischmanni,complete,0,2026-08-26 13:51:03 UTC
Crematogaster inflata,complete,0,2026-08-26 13:51:03 UTC
Crematogaster lineolata,complete,10,2026-08-26 13:51:03 UTC
Crematogaster physocremasp,complete,0,2026-08-26 13:51:03 UTC
Crenichthys baileyi,complete,0,2026-08-26 13:51:03 UTC
Crenobia alpina,complete,0,2026-08-26 13:51:03 UTC
Crenuchus spilurus,complete,8,2026-08-26 13:51:03 UTC
Creteuchiloglanis kamengensis,complete,0,2026-08-26 13:51:03 UTC
Crinia darlingtoni,complete,0,2026-08-26 13:51:03 UTC
Crinia laevis,complete,0,2026-08-26 13:51:03 UTC
Crinia parainsignifera,complete,0,2026-08-26 13:51:03 UTC
Crinia signifera,complete,0,2026-08-26 13:51:03 UTC
Crinia victoriana,complete,0,2026-08-26 13:51:03 UTC
Crossocheilus burmanicus,complete,0,2026-08-26 13:51:03 UTC
Crossocheilus latius,complete,0,2026-08-26 13:51:03 UTC
Crossocheilus reticulatus,complete,8,2026-08-26 13:51:03 UTC
Crotalus atrox,complete,236,2026-08-26 13:51:03 UTC
Crotalus cerastes,complete,226,2026-08-26 13:51:03 UTC
Crotalus scutulatus,complete,70,2026-08-26 13:51:03 UTC
Crotalus viridis,complete,72,2026-08-26 13:51:03 UTC
Crotaphytus collaris,complete,30,2026-08-26 13:51:03 UTC
Crustulina guttata,complete,2,2026-08-26 13:51:03 UTC
Cryphiops caementarius,complete,0,2026-08-26 13:51:03 UTC
Cryptoblepharus litoralis,complete,0,2026-08-26 13:51:03 UTC
Cryptoblepharus plagiocephalus,complete,8,2026-08-26 13:51:03 UTC
Cryptoblepharus virgatus,complete,8,2026-08-26 13:51:03 UTC
Cryptopygus antarcticustravei,complete,0,2026-08-26 13:51:03 UTC
Cryptopygus cisantarcticus,complete,0,2026-08-26 13:51:03 UTC
Cryptotomus roseus,complete,28,2026-08-26 13:51:03 UTC
Crystallaria asprella,complete,4,2026-08-26 13:51:03 UTC
Ctenochaetus binotatus,complete,50,2026-08-26 13:51:03 UTC
Ctenochaetus cyanocheilus,complete,38,2026-08-26 13:51:03 UTC
Ctenochaetus striatus,complete,82,2026-08-26 13:51:03 UTC
Ctenochaetus strigosus,complete,46,2026-08-26 13:51:03 UTC
Ctenochromis horei,complete,0,2026-08-26 13:51:03 UTC
Ctenochromis oligacanthus,complete,0,2026-08-26 13:51:03 UTC
Ctenochromis polli,complete,0,2026-08-26 13:51:03 UTC
Ctenogobius sagittula,complete,0,2026-08-26 13:51:03 UTC
Ctenolabrus rupestris,complete,402,2026-08-26 13:51:03 UTC
Ctenopharyngodon idella,complete,154,2026-08-26 13:51:03 UTC
Ctenophorus cristatus,complete,0,2026-08-26 13:51:03 UTC
Ctenophorus decresii,complete,0,2026-08-26 13:51:03 UTC
Ctenophorus fordi,complete,0,2026-08-26 13:51:03 UTC
Ctenophorus maculosus,complete,0,2026-08-26 13:51:03 UTC
Ctenophorus nuchalis,complete,0,2026-08-26 13:51:03 UTC
Ctenophorus pictus,complete,0,2026-08-26 13:51:03 UTC
Ctenophorus reticulatus,complete,0,2026-08-26 13:51:03 UTC
Ctenopoma acutirostre,complete,0,2026-08-26 13:51:03 UTC
Ctenopoma kingsleyae,complete,0,2026-08-26 13:51:03 UTC
Ctenopoma muriei,complete,10,2026-08-26 13:51:03 UTC
Ctenopoma nebulosum,complete,0,2026-08-26 13:51:03 UTC
Ctenopoma nigropannosum,complete,0,2026-08-26 13:51:03 UTC
Ctenopoma ocellatum,complete,0,2026-08-26 13:51:03 UTC
Ctenopoma petherici,complete,18,2026-08-26 13:51:03 UTC
Ctenops nobilis,complete,0,2026-08-26 13:51:03 UTC
Ctenotus essingtoni,complete,0,2026-08-26 13:51:03 UTC
Ctenotus pantherinus,complete,8,2026-08-26 13:51:03 UTC
Ctenotus regius,complete,2,2026-08-26 13:51:03 UTC
Ctenotus spaldingi,complete,0,2026-08-26 13:51:03 UTC
Ctenotus taeniolatus,complete,14,2026-08-26 13:51:03 UTC
Ctenotus uber,complete,0,2026-08-26 13:51:03 UTC
Cucujus clavipes,complete,0,2026-08-26 13:51:03 UTC
Culaea inconstans,complete,118,2026-08-26 13:51:03 UTC
Culex erethyzonfer,complete,0,2026-08-26 13:51:03 UTC
Culex pipiens,complete,38,2026-08-26 13:51:03 UTC
Cultus aestivalis,complete,0,2026-08-26 13:51:03 UTC
Cunningtonia longiventralis,complete,0,2026-08-26 13:51:03 UTC
Cyathopharynx furcifer,complete,4,2026-08-26 13:51:03 UTC
Cybiosarda elegans,complete,0,2026-08-26 13:51:03 UTC
Cycleptus elongatus,complete,0,2026-08-26 13:51:03 UTC
Cycleptus meridionalis,complete,0,2026-08-26 13:51:03 UTC
Cyclocheilichthys apogon,complete,24,2026-08-26 13:51:03 UTC
Cyclodomorphus branchialis,complete,0,2026-08-26 13:51:03 UTC
Cyclodomorphus melanops,complete,0,2026-08-26 13:51:03 UTC
Cyclonaias necki,complete,0,2026-08-26 13:51:03 UTC
Cyclopharynx fwae,complete,0,2026-08-26 13:51:03 UTC
Cyclorana alboguttatus,complete,0,2026-08-26 13:51:03 UTC
Cyclorana brevipes,complete,14,2026-08-26 13:51:03 UTC
Cymatoceps nasutus,complete,16,2026-08-26 13:51:03 UTC
Cymatogaster aggregata,complete,214,2026-08-26 13:51:03 UTC
Cymolutes praetextatus,complete,0,2026-08-26 13:51:03 UTC
Cymolutes torquatus,complete,0,2026-08-26 13:51:03 UTC
Cynoscion nebulosus,complete,792,2026-08-26 13:51:03 UTC
Cyphomyrus discorhynchus,complete,16,2026-08-26 13:51:03 UTC
Cyphotilapia frontosa,complete,18,2026-08-26 13:51:03 UTC
Cyprichromis leptosoma,complete,12,2026-08-26 13:51:03 UTC
Cyprichromis microlepidotus,complete,12,2026-08-26 13:51:03 UTC
Cyprinella analostana,complete,24,2026-08-26 13:51:03 UTC
Cyprinella caerulea,complete,0,2026-08-26 13:51:03 UTC
Cyprinella callisema,complete,0,2026-08-26 13:51:03 UTC
Cyprinella callistia,complete,10,2026-08-26 13:51:03 UTC
Cyprinella callitaenia,complete,0,2026-08-26 13:51:03 UTC
Cyprinella camura,complete,0,2026-08-26 13:51:03 UTC
Cyprinella chloristia,complete,0,2026-08-26 13:51:03 UTC
Cyprinella formosa,complete,0,2026-08-26 13:51:03 UTC
Cyprinella galactura,complete,0,2026-08-26 13:51:03 UTC
Cyprinella gibbsi,complete,0,2026-08-26 13:51:03 UTC
Cyprinella labrosa,complete,0,2026-08-26 13:51:03 UTC
Cyprinella leedsi,complete,0,2026-08-26 13:51:03 UTC
Cyprinella lepida,complete,0,2026-08-26 13:51:03 UTC
Cyprinella lutrensis,complete,20,2026-08-26 13:51:03 UTC
Cyprinella monacha,complete,0,2026-08-26 13:51:03 UTC
Cyprinella nivea,complete,0,2026-08-26 13:51:03 UTC
Cyprinella proserpina,complete,4,2026-08-26 13:51:03 UTC
Cyprinella pyrrhomelas,complete,0,2026-08-26 13:51:03 UTC
Cyprinella spiloptera,complete,160,2026-08-26 13:51:03 UTC
Cyprinella spilopteraa,complete,0,2026-08-26 13:51:03 UTC
Cyprinella trichroistia,complete,4,2026-08-26 13:51:03 UTC
Cyprinella venusta,complete,6,2026-08-26 13:51:03 UTC
Cyprinella whipplei,complete,0,2026-08-26 13:51:03 UTC
Cyprinella xaenura,complete,0,2026-08-26 13:51:03 UTC
Cyprinella zanema,complete,0,2026-08-26 13:51:03 UTC
Cyprinion kais,complete,0,2026-08-26 13:51:03 UTC
Cyprinion macrostomum,complete,0,2026-08-26 13:51:03 UTC
Cyprinodon artifrons,complete,0,2026-08-26 13:51:03 UTC
Cyprinodon bovinus,complete,0,2026-08-26 13:51:03 UTC
Cyprinodon dearborni,complete,0,2026-08-26 13:51:03 UTC
Cyprinodon diabolis,complete,2,2026-08-26 13:51:03 UTC
Cyprinodon elegans,complete,0,2026-08-26 13:51:03 UTC
Cyprinodon eximius,complete,0,2026-08-26 13:51:03 UTC
Cyprinodon macularius,complete,2,2026-08-26 13:51:03 UTC
Cyprinodon nevadensis,complete,10,2026-08-26 13:51:03 UTC
Cyprinodon nevadensisamargosae,complete,0,2026-08-26 13:51:03 UTC
Cyprinodon radiosus,complete,0,2026-08-26 13:51:03 UTC
Cyprinodon rubrofluviatilis,complete,0,2026-08-26 13:51:03 UTC
Cyprinodon tularosa,complete,0,2026-08-26 13:51:03 UTC
Cyprinodon variegatus,complete,224,2026-08-26 13:51:03 UTC
Cyprinus carpio,complete,2510,2026-08-26 13:51:03 UTC
Cyprinus multitaeniata,complete,0,2026-08-26 13:51:03 UTC
Cyrtocara moorii,complete,6,2026-08-26 13:51:03 UTC
Cyrtodactylus philippinicus,complete,0,2026-08-26 13:51:03 UTC
Danio aesculapii,complete,0,2026-08-26 13:51:03 UTC
Danio albolineatus,complete,22,2026-08-26 13:51:03 UTC
Danio choprae,complete,0,2026-08-26 13:51:03 UTC
Danio choprai,complete,0,2026-08-26 13:51:03 UTC
Danio dangila,complete,0,2026-08-26 13:51:03 UTC
Danio erythromicron,complete,0,2026-08-26 13:51:03 UTC
Danio kerri,complete,18,2026-08-26 13:51:03 UTC
Danio kyathit,complete,0,2026-08-26 13:51:03 UTC
Danio margaritatus,complete,0,2026-08-26 13:51:03 UTC
Danio nigrofasciatus,complete,0,2026-08-26 13:51:03 UTC
Danio rerio,complete,64,2026-08-26 13:51:03 UTC
Danio roseus,complete,0,2026-08-26 13:51:03 UTC
Danionella mirifica,complete,0,2026-08-26 13:51:03 UTC
Danionella translucida,complete,0,2026-08-26 13:51:03 UTC
Daphnia galeata,complete,118,2026-08-26 13:51:03 UTC
Daphnia magna,complete,50,2026-08-26 13:51:03 UTC
Daphnia pulicaria,complete,12,2026-08-26 13:51:03 UTC
Daphnia tenebrosa,complete,0,2026-08-26 13:51:03 UTC
Dario dario,complete,0,2026-08-26 13:51:03 UTC
Dario hysginon,complete,0,2026-08-26 13:51:03 UTC
Dascyllus aruanus,complete,154,2026-08-26 13:51:03 UTC
Dasyatis sabina,complete,52,2026-08-26 13:51:03 UTC
Datnioides polota,complete,8,2026-08-26 13:51:03 UTC
Dawkinsia arulius,complete,0,2026-08-26 13:51:03 UTC
Dawkinsia filamentosa,complete,62,2026-08-26 13:51:03 UTC
Decodon melasma,complete,0,2026-08-26 13:51:03 UTC
Delminichthys adspersus,complete,0,2026-08-26 13:51:03 UTC
Delminichthys ghetaldii,complete,0,2026-08-26 13:51:03 UTC
Delminichthys jadovensis,complete,0,2026-08-26 13:51:03 UTC
Delminichthys krbavensis,complete,0,2026-08-26 13:51:03 UTC
Deltistes luxatus,complete,0,2026-08-26 13:51:03 UTC
Demoreptus capensis,complete,0,2026-08-26 13:51:03 UTC
Dendrobates auratus,complete,6,2026-08-26 13:51:03 UTC
Dentex abei,complete,12,2026-08-26 13:51:03 UTC
Dentex angolensis,complete,228,2026-08-26 13:51:03 UTC
Dentex canariensis,complete,8,2026-08-26 13:51:03 UTC
Dentex dentex,complete,70,2026-08-26 13:51:03 UTC
Dentex macrophthalmus,complete,100,2026-08-26 13:51:03 UTC
Dentex tumifrons,complete,12,2026-08-26 13:51:03 UTC
Denticeps clupeoides,complete,0,2026-08-26 13:51:03 UTC
Deronectes latus,complete,14,2026-08-26 13:51:03 UTC
Desmognathus fuscus,complete,4,2026-08-26 13:51:03 UTC
Desmognathus ochrophaeus,complete,0,2026-08-26 13:51:03 UTC
Desmognathus quadramaculatus,complete,4,2026-08-26 13:51:03 UTC
Desmopuntius johorensis,complete,16,2026-08-26 13:51:03 UTC
Devario aequipinnatus,complete,12,2026-08-26 13:51:03 UTC
Devario annandalei,complete,0,2026-08-26 13:51:03 UTC
Devario anomalus,complete,0,2026-08-26 13:51:03 UTC
Devario auropurpureus,complete,0,2026-08-26 13:51:03 UTC
Devario chrysotaeniatus,complete,0,2026-08-26 13:51:03 UTC
Devario devario,complete,42,2026-08-26 13:51:03 UTC
Devario kakhienensis,complete,4,2026-08-26 13:51:03 UTC
Devario laoensis,complete,6,2026-08-26 13:51:03 UTC
Devario maetaengensis,complete,4,2026-08-26 13:51:03 UTC
Devario regina,complete,24,2026-08-26 13:51:03 UTC
Devario shanensis,complete,0,2026-08-26 13:51:03 UTC
Diapterus rhombeus,complete,148,2026-08-26 13:51:03 UTC
Dicentrarchus labrax,complete,238,2026-08-26 13:51:03 UTC
Dikerogammarus villosus,complete,954,2026-08-26 13:51:03 UTC
Dimidiochromis strigatus,complete,8,2026-08-26 13:51:03 UTC
Dinocras cephalotes,complete,1084,2026-08-26 13:51:03 UTC
Dinotopterus cunningtoni,complete,0,2026-08-26 13:51:03 UTC
Dionda argentosa,complete,0,2026-08-26 13:51:03 UTC
Dionda diaboli,complete,0,2026-08-26 13:51:03 UTC
Dionda episcopa,complete,6,2026-08-26 13:51:03 UTC
Dionda nigrotaeniata,complete,0,2026-08-26 13:51:03 UTC
Dionda serena,complete,0,2026-08-26 13:51:03 UTC
Diphetor hageni,complete,0,2026-08-26 13:51:03 UTC
Diplectrum formosum,complete,480,2026-08-26 13:51:03 UTC
Diplectrum maximum,complete,0,2026-08-26 13:51:03 UTC
Diplectrum pacificum,complete,8,2026-08-26 13:51:03 UTC
Diplodus argenteus,complete,50,2026-08-26 13:51:03 UTC
Diplodus bellottii,complete,8,2026-08-26 13:51:03 UTC
Diplodus bermudensis,complete,0,2026-08-26 13:51:03 UTC
Diplodus cervinus,complete,14,2026-08-26 13:51:03 UTC
Diplodus fasciatus,complete,4,2026-08-26 13:51:03 UTC
Diplodus holbrookii,complete,212,2026-08-26 13:51:03 UTC
Diplodus noct,complete,8,2026-08-26 13:51:03 UTC
Diplodus prayensis,complete,12,2026-08-26 13:51:03 UTC
Diplodus puntazzo,complete,136,2026-08-26 13:51:03 UTC
Diplodus sargus,complete,764,2026-08-26 13:51:03 UTC
Diplodus vulgaris,complete,470,2026-08-26 13:51:03 UTC
Diplotaxodon greenwoodi,complete,4,2026-08-26 13:51:03 UTC
Diplotaxodon macrops,complete,12,2026-08-26 13:51:03 UTC
Dipoena inornata,complete,0,2026-08-26 13:51:03 UTC
Diproctacanthus xanthurus,complete,42,2026-08-26 13:51:03 UTC
Dipsosaurus dorsalis,complete,20,2026-08-26 13:51:03 UTC
Discocheilus wui,complete,0,2026-08-26 13:51:03 UTC
Distaplia occidentalis,complete,0,2026-08-26 13:51:03 UTC
Distichodus affinis,complete,0,2026-08-26 13:51:03 UTC
Distichodus decemmaculatus,complete,0,2026-08-26 13:51:03 UTC
Distichodus fasciolatus,complete,4,2026-08-26 13:51:03 UTC
Distichodus hypostomatus,complete,0,2026-08-26 13:51:03 UTC
Distichodus lusosso,complete,0,2026-08-26 13:51:03 UTC
Distichodus notospilus,complete,0,2026-08-26 13:51:03 UTC
Distichodus sexfasciatus,complete,16,2026-08-26 13:51:03 UTC
Divaricella irpex,complete,0,2026-08-26 13:51:03 UTC
Dolichoderus beccarii,complete,0,2026-08-26 13:51:03 UTC
Dolichoderus cuspidatus,complete,0,2026-08-26 13:51:03 UTC
Dolophilodes distinctus,complete,40,2026-08-26 13:51:03 UTC
Donax serra,complete,8,2026-08-26 13:51:03 UTC
Donax sordidus,complete,0,2026-08-26 13:51:03 UTC
Dorosoma cepedianum,complete,538,2026-08-26 13:51:03 UTC
Dorosoma petenense,complete,320,2026-08-26 13:51:03 UTC
Dreissena polymorpha,complete,36,2026-08-26 13:51:03 UTC
Drosophila angularis,complete,0,2026-08-26 13:51:03 UTC
Drosophila auraria,complete,0,2026-08-26 13:51:03 UTC
Drosophila biauraria,complete,0,2026-08-26 13:51:03 UTC
Drosophila bipectinata,complete,0,2026-08-26 13:51:03 UTC
Drosophila birchii,complete,0,2026-08-26 13:51:03 UTC
Drosophila bizonata,complete,0,2026-08-26 13:51:03 UTC
Drosophila bocki,complete,0,2026-08-26 13:51:03 UTC
Drosophila brachynephros,complete,0,2026-08-26 13:51:03 UTC
Drosophila curviceps,complete,0,2026-08-26 13:51:03 UTC
Drosophila curvispina,complete,0,2026-08-26 13:51:03 UTC
Drosophila daruma,complete,0,2026-08-26 13:51:03 UTC
Drosophila elegans,complete,0,2026-08-26 13:51:03 UTC
Drosophila ficusphila,complete,0,2026-08-26 13:51:03 UTC
Drosophila guttifera,complete,0,2026-08-26 13:51:03 UTC
Drosophila immigrans,complete,2,2026-08-26 13:51:03 UTC
Drosophila kanekoi,complete,0,2026-08-26 13:51:03 UTC
Drosophila lacertosa,complete,0,2026-08-26 13:51:03 UTC
Drosophila lacteicornis,complete,0,2026-08-26 13:51:03 UTC
Drosophila lutescens,complete,0,2026-08-26 13:51:03 UTC
Drosophila neotestacea,complete,0,2026-08-26 13:51:03 UTC
Drosophila nigromaculata,complete,0,2026-08-26 13:51:03 UTC
Drosophila orientacea,complete,0,2026-08-26 13:51:03 UTC
Drosophila putrida,complete,0,2026-08-26 13:51:03 UTC
Drosophila quadrilineata,complete,0,2026-08-26 13:51:03 UTC
Drosophila recens,complete,0,2026-08-26 13:51:03 UTC
Drosophila ruberrima,complete,0,2026-08-26 13:51:03 UTC
Drosophila rufa,complete,0,2026-08-26 13:51:03 UTC
Drosophila serrata,complete,0,2026-08-26 13:51:03 UTC
Drosophila sternopleuralis,complete,0,2026-08-26 13:51:03 UTC
Drosophila suzukii,complete,24,2026-08-26 13:51:03 UTC
Drosophila takahashii,complete,0,2026-08-26 13:51:03 UTC
Drosophila unispina,complete,0,2026-08-26 13:51:03 UTC
Drosophila validus,complete,0,2026-08-26 13:51:03 UTC
Drunella coloradensis,complete,0,2026-08-26 13:51:03 UTC
Drunella doddsi,complete,0,2026-08-26 13:51:03 UTC
Drunella doddsii,complete,0,2026-08-26 13:51:03 UTC
Drunella grandis,complete,0,2026-08-26 13:51:03 UTC
Drusus annulatus,complete,296,2026-08-26 13:51:03 UTC
Dugesia gonocephala,complete,0,2026-08-26 13:51:03 UTC
Ecdyonurus insignis,complete,2,2026-08-26 13:51:03 UTC
Ecdyonurus venosus,complete,18,2026-08-26 13:51:03 UTC
Echinocladius martini,complete,0,2026-08-26 13:51:03 UTC
Echinogammarus berilloni,complete,6,2026-08-26 13:51:03 UTC
Echinogammarus ischnus,complete,8,2026-08-26 13:51:03 UTC
Echinometra lucunter,complete,98,2026-08-26 13:51:03 UTC
Economidichthys pygmaeus,complete,4,2026-08-26 13:51:03 UTC
Ecsenius bicolor,complete,48,2026-08-26 13:51:03 UTC
Ecsenius midas,complete,8,2026-08-26 13:51:03 UTC
Ectemnorhinus marioni,complete,0,2026-08-26 13:51:03 UTC
Ectemnorhinus similis,complete,4,2026-08-26 13:51:03 UTC
Ectemnorhinus viridis,complete,0,2026-08-26 13:51:03 UTC
Ectodus descampsii,complete,8,2026-08-26 13:51:03 UTC
Egernia cunninghami,complete,0,2026-08-26 13:51:03 UTC
Egernia inornata,complete,0,2026-08-26 13:51:03 UTC
Egernia saxatilis,complete,0,2026-08-26 13:51:03 UTC
Egernia striolata,complete,0,2026-08-26 13:51:03 UTC
Egernia whitii,complete,0,2026-08-26 13:51:03 UTC
Elassoma alabamae,complete,0,2026-08-26 13:51:03 UTC
Elassoma boehlkei,complete,6,2026-08-26 13:51:03 UTC
Elassoma evergladei,complete,12,2026-08-26 13:51:03 UTC
Elassoma gilberti,complete,0,2026-08-26 13:51:03 UTC
Elassoma okefenokee,complete,0,2026-08-26 13:51:03 UTC
Elassoma zonatum,complete,4,2026-08-26 13:51:03 UTC
Eleginus gracilis,complete,186,2026-08-26 13:51:03 UTC
Eleotris acanthopoma,complete,74,2026-08-26 13:51:03 UTC
Eleotris fusca,complete,48,2026-08-26 13:51:03 UTC
Eleotris melanosoma,complete,0,2026-08-26 13:51:03 UTC
Eleotris oxycephala,complete,0,2026-08-26 13:51:03 UTC
Eleutherodactylus coqui,complete,18,2026-08-26 13:51:03 UTC
Eleutherodactylus portoricensus,complete,0,2026-08-26 13:51:03 UTC
Elgaria coerulea,complete,4,2026-08-26 13:51:03 UTC
Elgaria multicarinata,complete,24,2026-08-26 13:51:03 UTC
Ellipsaria lineolata,complete,0,2026-08-26 13:51:03 UTC
Elliptio complanata,complete,0,2026-08-26 13:51:03 UTC
Ellochelon vaigiensis,complete,96,2026-08-26 13:51:03 UTC
Ellopostoma mystax,complete,0,2026-08-26 13:51:03 UTC
Elmis aenea,complete,360,2026-08-26 13:51:03 UTC
Elopichthys bambusa,complete,4,2026-08-26 13:51:03 UTC
Elops affinis,complete,8,2026-08-26 13:51:03 UTC
Elops hawaiensis,complete,28,2026-08-26 13:51:03 UTC
Elops machnata,complete,66,2026-08-26 13:51:03 UTC
Elops saurus,complete,440,2026-08-26 13:51:03 UTC
Elpidelmis capensis,complete,0,2026-08-26 13:51:03 UTC
Enallagma boreale,complete,0,2026-08-26 13:51:03 UTC
Enallagma ebrium,complete,6,2026-08-26 13:51:03 UTC
Engraulis japonicus,complete,276,2026-08-26 13:51:03 UTC
Engraulis mordax,complete,368,2026-08-26 13:51:03 UTC
Engystomops pustulosus,complete,0,2026-08-26 13:51:03 UTC
Enithares chinai,complete,0,2026-08-26 13:51:03 UTC
Enneacanthus chaetodon,complete,0,2026-08-26 13:51:03 UTC
Enneacanthus gloriosus,complete,182,2026-08-26 13:51:03 UTC
Enneacanthus obesus,complete,12,2026-08-26 13:51:03 UTC
Ensis macha,complete,4,2026-08-26 13:51:03 UTC
Epalzeorhynchos bicolor,complete,16,2026-08-26 13:51:03 UTC
Epalzeorhynchos frenatus,complete,8,2026-08-26 13:51:03 UTC
Epalzeorhynchos kalopterus,complete,16,2026-08-26 13:51:03 UTC
Epeorus albertae,complete,0,2026-08-26 13:51:03 UTC
Epeorus longimanus,complete,0,2026-08-26 13:51:03 UTC
Ephemera danica,complete,176,2026-08-26 13:51:03 UTC
Ephemerella dorothea,complete,0,2026-08-26 13:51:03 UTC
Ephemerella invaria,complete,0,2026-08-26 13:51:03 UTC
Ephemerella maculata,complete,0,2026-08-26 13:51:03 UTC
Ephemerella subvaria,complete,18,2026-08-26 13:51:03 UTC
Ephemerella tibialis,complete,0,2026-08-26 13:51:03 UTC
Ephemerellina barnardi,complete,0,2026-08-26 13:51:03 UTC
Epibulus brevis,complete,0,2026-08-26 13:51:03 UTC
Epibulus insidiator,complete,54,2026-08-26 13:51:03 UTC
Epigomphus quadracies,complete,0,2026-08-26 13:51:03 UTC
Epinephelus coioides,complete,50,2026-08-26 13:51:03 UTC
Epinephelus fuscoguttatus,complete,56,2026-08-26 13:51:03 UTC
Epinephelus tauvina,complete,48,2026-08-26 13:51:03 UTC
Epiplatys chaperi,complete,0,2026-08-26 13:51:03 UTC
Epiplatys maeseni,complete,0,2026-08-26 13:51:03 UTC
Epiplatys multifasciatus,complete,0,2026-08-26 13:51:03 UTC
Epiplatys roloffi,complete,0,2026-08-26 13:51:03 UTC
Epiplatys sexfasciatus,complete,16,2026-08-26 13:51:03 UTC
Epiplatys singa,complete,0,2026-08-26 13:51:03 UTC
Eremias argus,complete,0,2026-08-26 13:51:03 UTC
Eremias brenchleyi,complete,0,2026-08-26 13:51:03 UTC
Eremias multiocellata,complete,0,2026-08-26 13:51:03 UTC
Eremiascincus fasciolatus,complete,0,2026-08-26 13:51:03 UTC
Eremiascincus richardsoni,complete,0,2026-08-26 13:51:03 UTC
Eretmodus cyanostictus,complete,14,2026-08-26 13:51:03 UTC
Ericymba buccata,complete,14,2026-08-26 13:51:03 UTC
Erimystax cahni,complete,0,2026-08-26 13:51:03 UTC
Erimystax dissimilis,complete,2,2026-08-26 13:51:03 UTC
Erimystax harryi,complete,0,2026-08-26 13:51:03 UTC
Erimystax insignis,complete,2,2026-08-26 13:51:03 UTC
Erimyzon oblongus,complete,266,2026-08-26 13:51:03 UTC
Erimyzon sucetta,complete,26,2026-08-26 13:51:03 UTC
Erimyzon tenuis,complete,0,2026-08-26 13:51:03 UTC
Erromyzon sinensis,complete,0,2026-08-26 13:51:03 UTC
Erthemis simplicicollis,complete,0,2026-08-26 13:51:03 UTC
Erythemis credula,complete,0,2026-08-26 13:51:03 UTC
Erythemis plebeja,complete,4,2026-08-26 13:51:03 UTC
Erythemis simplicicollis,complete,268,2026-08-26 13:51:03 UTC
Esomus ahli,complete,0,2026-08-26 13:51:03 UTC
Esomus caudiocellatus,complete,0,2026-08-26 13:51:03 UTC
Esomus longimanus,complete,6,2026-08-26 13:51:03 UTC
Esomus metallicus,complete,12,2026-08-26 13:51:03 UTC
Esox americanus,complete,22,2026-08-26 13:51:03 UTC
Esox lucius,complete,2894,2026-08-26 13:51:03 UTC
Esox masquinongy,complete,128,2026-08-26 13:51:03 UTC
Esox niger,complete,92,2026-08-26 13:51:03 UTC
Etheostoma acuticeps,complete,0,2026-08-26 13:51:03 UTC
Etheostoma asprigene,complete,0,2026-08-26 13:51:03 UTC
Etheostoma baileyi,complete,0,2026-08-26 13:51:03 UTC
Etheostoma barbouri,complete,0,2026-08-26 13:51:03 UTC
Etheostoma barrenense,complete,0,2026-08-26 13:51:03 UTC
Etheostoma basilare,complete,0,2026-08-26 13:51:03 UTC
Etheostoma bellator,complete,0,2026-08-26 13:51:03 UTC
Etheostoma bellum,complete,0,2026-08-26 13:51:03 UTC
Etheostoma bison,complete,0,2026-08-26 13:51:03 UTC
Etheostoma blennioides,complete,12,2026-08-26 13:51:03 UTC
Etheostoma blennius,complete,0,2026-08-26 13:51:03 UTC
Etheostoma brevirostrum,complete,0,2026-08-26 13:51:03 UTC
Etheostoma burri,complete,0,2026-08-26 13:51:03 UTC
Etheostoma caeruleum,complete,44,2026-08-26 13:51:03 UTC
Etheostoma camurum,complete,0,2026-08-26 13:51:03 UTC
Etheostoma cervus,complete,0,2026-08-26 13:51:03 UTC
Etheostoma chermocki,complete,0,2026-08-26 13:51:03 UTC
Etheostoma chienense,complete,0,2026-08-26 13:51:03 UTC
Etheostoma chlorobranchium,complete,0,2026-08-26 13:51:03 UTC
Etheostoma chlorosomum,complete,0,2026-08-26 13:51:03 UTC
Etheostoma chuckwachatte,complete,0,2026-08-26 13:51:03 UTC
Etheostoma cinereum,complete,0,2026-08-26 13:51:03 UTC
Etheostoma collettei,complete,0,2026-08-26 13:51:03 UTC
Etheostoma collis,complete,0,2026-08-26 13:51:03 UTC
Etheostoma colorosum,complete,0,2026-08-26 13:51:03 UTC
Etheostoma coosae,complete,0,2026-08-26 13:51:03 UTC
Etheostoma corona,complete,0,2026-08-26 13:51:03 UTC
Etheostoma cragini,complete,0,2026-08-26 13:51:03 UTC
Etheostoma crossopterum,complete,0,2026-08-26 13:51:03 UTC
Etheostoma denoncourti,complete,0,2026-08-26 13:51:03 UTC
Etheostoma derivativum,complete,0,2026-08-26 13:51:03 UTC
Etheostoma ditrema,complete,0,2026-08-26 13:51:03 UTC
Etheostoma douglasi,complete,0,2026-08-26 13:51:03 UTC
Etheostoma duryi,complete,0,2026-08-26 13:51:03 UTC
Etheostoma edwini,complete,0,2026-08-26 13:51:03 UTC
Etheostoma etnieri,complete,0,2026-08-26 13:51:03 UTC
Etheostoma etowahae,complete,0,2026-08-26 13:51:03 UTC
Etheostoma euzonum,complete,0,2026-08-26 13:51:03 UTC
Etheostoma exile,complete,64,2026-08-26 13:51:03 UTC
Etheostoma fabellare,complete,0,2026-08-26 13:51:03 UTC
Etheostoma flabellare,complete,54,2026-08-26 13:51:03 UTC
Etheostoma flavum,complete,0,2026-08-26 13:51:03 UTC
Etheostoma fonticola,complete,16,2026-08-26 13:51:03 UTC
Etheostoma forbesi,complete,0,2026-08-26 13:51:03 UTC
Etheostoma fragi,complete,0,2026-08-26 13:51:03 UTC
Etheostoma fusiforme,complete,0,2026-08-26 13:51:03 UTC
Etheostoma gracile,complete,6,2026-08-26 13:51:03 UTC
Etheostoma histrio,complete,0,2026-08-26 13:51:03 UTC
Etheostoma inscriptum,complete,10,2026-08-26 13:51:03 UTC
Etheostoma jordani,complete,26,2026-08-26 13:51:03 UTC
Etheostoma juliae,complete,0,2026-08-26 13:51:03 UTC
Etheostoma kanawhae,complete,0,2026-08-26 13:51:03 UTC
Etheostoma kantuckeense,complete,0,2026-08-26 13:51:03 UTC
Etheostoma kennicotti,complete,0,2026-08-26 13:51:03 UTC
Etheostoma lachneri,complete,0,2026-08-26 13:51:03 UTC
Etheostoma lawrencei,complete,0,2026-08-26 13:51:03 UTC
Etheostoma longimanum,complete,0,2026-08-26 13:51:03 UTC
Etheostoma luteovinctum,complete,0,2026-08-26 13:51:03 UTC
Etheostoma lynceum,complete,0,2026-08-26 13:51:03 UTC
Etheostoma maculatum,complete,0,2026-08-26 13:51:03 UTC
Etheostoma mariae,complete,0,2026-08-26 13:51:03 UTC
Etheostoma microperca,complete,12,2026-08-26 13:51:03 UTC
Etheostoma moorei,complete,0,2026-08-26 13:51:03 UTC
Etheostoma neopterum,complete,0,2026-08-26 13:51:03 UTC
Etheostoma nianguae,complete,0,2026-08-26 13:51:03 UTC
Etheostoma nigripinne,complete,2,2026-08-26 13:51:03 UTC
Etheostoma nigrum,complete,44,2026-08-26 13:51:03 UTC
Etheostoma obeyense,complete,0,2026-08-26 13:51:03 UTC
Etheostoma olivaceum,complete,0,2026-08-26 13:51:03 UTC
Etheostoma olmstedi,complete,264,2026-08-26 13:51:03 UTC
Etheostoma oophylax,complete,0,2026-08-26 13:51:03 UTC
Etheostoma osburni,complete,0,2026-08-26 13:51:03 UTC
Etheostoma parvipinne,complete,0,2026-08-26 13:51:03 UTC
Etheostoma percnurum,complete,0,2026-08-26 13:51:03 UTC
Etheostoma perlongum,complete,0,2026-08-26 13:51:03 UTC
Etheostoma podostemone,complete,0,2026-08-26 13:51:03 UTC
Etheostoma proeliare,complete,0,2026-08-26 13:51:03 UTC
Etheostoma pseudovulatum,complete,0,2026-08-26 13:51:03 UTC
Etheostoma punctulatum,complete,0,2026-08-26 13:51:03 UTC
Etheostoma pyrrhogaster,complete,0,2026-08-26 13:51:03 UTC
Etheostoma radiosum,complete,0,2026-08-26 13:51:03 UTC
Etheostoma rafinesquei,complete,0,2026-08-26 13:51:03 UTC
Etheostoma ramseyi,complete,0,2026-08-26 13:51:03 UTC
Etheostoma raneyi,complete,0,2026-08-26 13:51:03 UTC
Etheostoma rubrum,complete,26,2026-08-26 13:51:03 UTC
Etheostoma rufilineatum,complete,2,2026-08-26 13:51:03 UTC
Etheostoma rupestre,complete,0,2026-08-26 13:51:03 UTC
Etheostoma sagitta,complete,0,2026-08-26 13:51:03 UTC
Etheostoma scotti,complete,0,2026-08-26 13:51:03 UTC
Etheostoma serrifer,complete,0,2026-08-26 13:51:03 UTC
Etheostoma simoterum,complete,0,2026-08-26 13:51:03 UTC
Etheostoma smithi,complete,0,2026-08-26 13:51:03 UTC
Etheostoma spectabile,complete,30,2026-08-26 13:51:03 UTC
Etheostoma squamiceps,complete,2,2026-08-26 13:51:03 UTC
Etheostoma stigmaeum,complete,0,2026-08-26 13:51:03 UTC
Etheostoma striatulum,complete,0,2026-08-26 13:51:03 UTC
Etheostoma susanae,complete,0,2026-08-26 13:51:03 UTC
Etheostoma swannanoa,complete,0,2026-08-26 13:51:03 UTC
Etheostoma tallapoosae,complete,0,2026-08-26 13:51:03 UTC
Etheostoma tecumsehi,complete,0,2026-08-26 13:51:03 UTC
Etheostoma tetrazonum,complete,0,2026-08-26 13:51:03 UTC
Etheostoma thalassinum,complete,0,2026-08-26 13:51:03 UTC
Etheostoma tippecanoe,complete,0,2026-08-26 13:51:03 UTC
Etheostoma tuscumbia,complete,0,2026-08-26 13:51:03 UTC
Etheostoma variatum,complete,0,2026-08-26 13:51:03 UTC
Etheostoma virgatum,complete,0,2026-08-26 13:51:03 UTC
Etheostoma vulneratum,complete,0,2026-08-26 13:51:03 UTC
Etheostoma wapiti,complete,0,2026-08-26 13:51:03 UTC
Etheostoma whipplei,complete,0,2026-08-26 13:51:03 UTC
Etheostoma zonale,complete,2,2026-08-26 13:51:03 UTC
Etheostoma zonistium,complete,0,2026-08-26 13:51:03 UTC
Ethmalosa fimbriata,complete,130,2026-08-26 13:51:03 UTC
Etia nguti,complete,8,2026-08-26 13:51:03 UTC
Etroplus canarensis,complete,0,2026-08-26 13:51:03 UTC
Etroplus maculatus,complete,56,2026-08-26 13:51:03 UTC
Etroplus suratensis,complete,64,2026-08-26 13:51:03 UTC
Eubleekeria splendens,complete,132,2026-08-26 13:51:03 UTC
Eucidaris tribuloides,complete,122,2026-08-26 13:51:03 UTC
Eucinostomus argenteus,complete,254,2026-08-26 13:51:03 UTC
Eucinostomus gracilis,complete,12,2026-08-26 13:51:03 UTC
Eucinostomus melanopterus,complete,154,2026-08-26 13:51:03 UTC
Eucyclogobius newberryi,complete,16,2026-08-26 13:51:03 UTC
Eulamprus heatwolei,complete,2,2026-08-26 13:51:03 UTC
Eulamprus kosciuskoi,complete,0,2026-08-26 13:51:03 UTC
Eulamprus murrayi,complete,0,2026-08-26 13:51:03 UTC
Eulamprus quoyii,complete,4,2026-08-26 13:51:03 UTC
Eulamprus tenuis,complete,0,2026-08-26 13:51:03 UTC
Eulamprus tympanum,complete,0,2026-08-26 13:51:03 UTC
Euophrys frontalis,complete,2200,2026-08-26 13:51:03 UTC
Eurycea bislineata,complete,0,2026-08-26 13:51:03 UTC
Eurycea longicauda,complete,0,2026-08-26 13:51:03 UTC
Eurycea lucifuga,complete,0,2026-08-26 13:51:03 UTC
Eurycea multiplicata,complete,0,2026-08-26 13:51:03 UTC
Eurycea nana,complete,0,2026-08-26 13:51:03 UTC
Eurypanopeus abbreviatus,complete,0,2026-08-26 13:51:03 UTC
Euthynnus affinis,complete,220,2026-08-26 13:51:03 UTC
Euthynnus alletteratus,complete,602,2026-08-26 13:51:03 UTC
Eutropiichthys vacha,complete,8,2026-08-26 13:51:03 UTC
Exoglossum laurae,complete,0,2026-08-26 13:51:03 UTC
Exoglossum maxillingua,complete,56,2026-08-26 13:51:03 UTC
Exostoma labiatum,complete,4,2026-08-26 13:51:03 UTC
Exyrias puntang,complete,4,2026-08-26 13:51:03 UTC
Faxonius rusticus,complete,32,2026-08-26 13:51:03 UTC
Fenerbahce formosus,complete,0,2026-08-26 13:51:03 UTC
Filopaludina bengalensis,complete,0,2026-08-26 13:51:03 UTC
Floridichthys carpio,complete,80,2026-08-26 13:51:03 UTC
Foerschichthys flavipinnis,complete,0,2026-08-26 13:51:03 UTC
Folifer brevifilis,complete,0,2026-08-26 13:51:03 UTC
Forcipiger longirostris,complete,60,2026-08-26 13:51:03 UTC
Formica aserva,complete,4,2026-08-26 13:51:03 UTC
Formica neogagates,complete,8,2026-08-26 13:51:03 UTC
Formica obscuripes,complete,6,2026-08-26 13:51:03 UTC
Formica pallidefulva,complete,16,2026-08-26 13:51:03 UTC
Formica pergandei,complete,4,2026-08-26 13:51:03 UTC
Formica perpilosa,complete,6,2026-08-26 13:51:03 UTC
Formica podzolica,complete,0,2026-08-26 13:51:03 UTC
Formica polyctena,complete,8,2026-08-26 13:51:03 UTC
Formica sanguinea,complete,58,2026-08-26 13:51:03 UTC
Formica subsericea,complete,30,2026-08-26 13:51:03 UTC
Friesea grisea,complete,0,2026-08-26 13:51:03 UTC
Fundulopanchax amieti,complete,0,2026-08-26 13:51:03 UTC
Fundulopanchax cinnamomeus,complete,0,2026-08-26 13:51:03 UTC
Fundulopanchax fallax,complete,0,2026-08-26 13:51:03 UTC
Fundulopanchax filamentosus,complete,8,2026-08-26 13:51:03 UTC
Fundulopanchax gardneri,complete,0,2026-08-26 13:51:03 UTC
Fundulopanchax gularis,complete,0,2026-08-26 13:51:03 UTC
Fundulopanchax mirabilis,complete,0,2026-08-26 13:51:03 UTC
Fundulopanchax ndianus,complete,0,2026-08-26 13:51:03 UTC
Fundulopanchax robertsoni,complete,0,2026-08-26 13:51:03 UTC
Fundulopanchax scheeli,complete,0,2026-08-26 13:51:03 UTC
Fundulopanchax sjostedti,complete,0,2026-08-26 13:51:03 UTC
Fundulopanchax walkeri,complete,0,2026-08-26 13:51:03 UTC
Fundulus blairae,complete,0,2026-08-26 13:51:03 UTC
Fundulus catenatus,complete,12,2026-08-26 13:51:03 UTC
Fundulus chrysotus,complete,10,2026-08-26 13:51:03 UTC
Fundulus cingulatus,complete,0,2026-08-26 13:51:03 UTC
Fundulus diaphanus,complete,672,2026-08-26 13:51:03 UTC
Fundulus dispar,complete,2,2026-08-26 13:51:03 UTC
Fundulus escambiae,complete,0,2026-08-26 13:51:03 UTC
Fundulus euryzonus,complete,0,2026-08-26 13:51:03 UTC
Fundulus grandis,complete,270,2026-08-26 13:51:03 UTC
Fundulus heteroclitus,complete,132,2026-08-26 13:51:03 UTC
Fundulus julisia,complete,0,2026-08-26 13:51:03 UTC
Fundulus kansae,complete,0,2026-08-26 13:51:03 UTC
Fundulus lineolatus,complete,0,2026-08-26 13:51:03 UTC
Fundulus luciae,complete,0,2026-08-26 13:51:03 UTC
Fundulus notatus,complete,26,2026-08-26 13:51:03 UTC
Fundulus nottii,complete,0,2026-08-26 13:51:03 UTC
Fundulus olivaceus,complete,0,2026-08-26 13:51:03 UTC
Fundulus parvipinnis,complete,246,2026-08-26 13:51:03 UTC
Fundulus rathbuni,complete,4,2026-08-26 13:51:03 UTC
Fundulus rubrifrons,complete,0,2026-08-26 13:51:03 UTC
Fundulus sciadicus,complete,4,2026-08-26 13:51:03 UTC
Fundulus seminolis,complete,4,2026-08-26 13:51:03 UTC
Fundulus stellifer,complete,4,2026-08-26 13:51:03 UTC
Fundulus zebrinus,complete,0,2026-08-26 13:51:03 UTC
Fusconaia mitchelli,complete,0,2026-08-26 13:51:03 UTC
Gadus morhua,complete,5896,2026-08-26 13:51:03 UTC
Gafrarium dispar,complete,0,2026-08-26 13:51:03 UTC
Gagata cenia,complete,0,2026-08-26 13:51:03 UTC
Galaxias anomalus,complete,98,2026-08-26 13:51:03 UTC
Galaxias argenteus,complete,4,2026-08-26 13:51:03 UTC
Galaxias brevipinnis,complete,146,2026-08-26 13:51:03 UTC
Galaxias cobitinis,complete,4,2026-08-26 13:51:03 UTC
Galaxias depressiceps,complete,274,2026-08-26 13:51:03 UTC
Galaxias divergens,complete,0,2026-08-26 13:51:03 UTC
Galaxias eldoni,complete,116,2026-08-26 13:51:03 UTC
Galaxias fasciatus,complete,14,2026-08-26 13:51:03 UTC
Galaxias gollumoides,complete,4,2026-08-26 13:51:03 UTC
Galaxias maculatus,complete,54,2026-08-26 13:51:03 UTC
Galaxias neocaledonicus,complete,0,2026-08-26 13:51:03 UTC
Galaxias paucispondylus,complete,42,2026-08-26 13:51:03 UTC
Galaxias postvectis,complete,10,2026-08-26 13:51:03 UTC
Galaxias prognathus,complete,42,2026-08-26 13:51:03 UTC
Galaxias pullus,complete,0,2026-08-26 13:51:03 UTC
Galaxias vulgaris,complete,254,2026-08-26 13:51:03 UTC
Galaxias zebratus,complete,14,2026-08-26 13:51:03 UTC
Galba truncatula,complete,14,2026-08-26 13:51:03 UTC
Gambelia wislizenii,complete,38,2026-08-26 13:51:03 UTC
Gambusia affinis,complete,464,2026-08-26 13:51:03 UTC
Gambusia geiseri,complete,0,2026-08-26 13:51:03 UTC
Gambusia heterochir,complete,0,2026-08-26 13:51:03 UTC
Gambusia holbrooki,complete,90,2026-08-26 13:51:03 UTC
Gambusia yucatana,complete,0,2026-08-26 13:51:03 UTC
Gammarus chevreuxi,complete,0,2026-08-26 13:51:03 UTC
Gammarus fasciatus,complete,14,2026-08-26 13:51:03 UTC
Gammarus fossarum,complete,8,2026-08-26 13:51:03 UTC
Gammarus lacustris,complete,1094,2026-08-26 13:51:03 UTC
Gammarus limnaeus,complete,0,2026-08-26 13:51:03 UTC
Gammarus pseudolimnaeus,complete,0,2026-08-26 13:51:03 UTC
Gammarus pulex,complete,1070,2026-08-26 13:51:03 UTC
Gammarus roeselii,complete,6,2026-08-26 13:51:03 UTC
Gammarus tigrinus,complete,16,2026-08-26 13:51:03 UTC
Gari solida,complete,8,2026-08-26 13:51:03 UTC
Garra annandalei,complete,0,2026-08-26 13:51:03 UTC
Garra cambodgiensis,complete,8,2026-08-26 13:51:03 UTC
Garra congoensis,complete,0,2026-08-26 13:51:03 UTC
Garra dembecha,complete,0,2026-08-26 13:51:03 UTC
Garra fasciacauda,complete,8,2026-08-26 13:51:03 UTC
Garra flavatra,complete,0,2026-08-26 13:51:03 UTC
Garra fuliginosa,complete,8,2026-08-26 13:51:03 UTC
Garra gotyla,complete,32,2026-08-26 13:51:03 UTC
Garra gravelyi,complete,0,2026-08-26 13:51:03 UTC
Garra imberba,complete,0,2026-08-26 13:51:03 UTC
Garra kempi,complete,0,2026-08-26 13:51:03 UTC
Garra makiensis,complete,0,2026-08-26 13:51:03 UTC
Garra orientalis,complete,0,2026-08-26 13:51:03 UTC
Garra regressus,complete,0,2026-08-26 13:51:03 UTC
Garra rufa,complete,78,2026-08-26 13:51:03 UTC
Garra spilota,complete,0,2026-08-26 13:51:03 UTC
Garra tana,complete,0,2026-08-26 13:51:03 UTC
Garra variabilis,complete,0,2026-08-26 13:51:03 UTC
Gasterochisma melampus,complete,28,2026-08-26 13:51:03 UTC
Gasteropelecus maculatus,complete,10,2026-08-26 13:51:03 UTC
Gasterosteus aculeatus,complete,4928,2026-08-26 13:51:03 UTC
Gastrophyrne mazatlanensis,complete,0,2026-08-26 13:51:03 UTC
Gazza minuta,complete,90,2026-08-26 13:51:03 UTC
Gehyra variegata,complete,0,2026-08-26 13:51:03 UTC
Gemma gemma,complete,14,2026-08-26 13:51:03 UTC
Genicanthus lamarck,complete,4,2026-08-26 13:51:03 UTC
Genicanthus melanospilos,complete,4,2026-08-26 13:51:03 UTC
Genyomyrus donnyi,complete,0,2026-08-26 13:51:03 UTC
Geophagus brasiliensis,complete,74,2026-08-26 13:51:03 UTC
Gerres filamentosus,complete,110,2026-08-26 13:51:03 UTC
Gerres oyena,complete,2064,2026-08-26 13:51:03 UTC
Gibbula cineraria,complete,46,2026-08-26 13:51:03 UTC
Gila atraria,complete,0,2026-08-26 13:51:03 UTC
Gila bicolormohavensis,complete,0,2026-08-26 13:51:03 UTC
Gila coerulea,complete,0,2026-08-26 13:51:03 UTC
Gila cypha,complete,0,2026-08-26 13:51:03 UTC
Gila elegans,complete,0,2026-08-26 13:51:03 UTC
Gila intermedia,complete,0,2026-08-26 13:51:03 UTC
Gila nigra,complete,0,2026-08-26 13:51:03 UTC
Gila nigrescens,complete,0,2026-08-26 13:51:03 UTC
Gila orcuttii,complete,0,2026-08-26 13:51:03 UTC
Gila pandora,complete,0,2026-08-26 13:51:03 UTC
Gila robusta,complete,0,2026-08-26 13:51:03 UTC
Gila seminuda,complete,0,2026-08-26 13:51:03 UTC
Gilchristella aestuaria,complete,28,2026-08-26 13:51:03 UTC
Gillichthys mirabilis,complete,182,2026-08-26 13:51:03 UTC
Girardia dorotocephala,complete,0,2026-08-26 13:51:03 UTC
Girardia tigrina,complete,6,2026-08-26 13:51:03 UTC
Girella nigricans,complete,694,2026-08-26 13:51:03 UTC
Glaphyromorphus punctulatus,complete,0,2026-08-26 13:51:03 UTC
Glaridoglanis andersonii,complete,0,2026-08-26 13:51:03 UTC
Glossina pallidipes,complete,2,2026-08-26 13:51:03 UTC
Glossiphonia complanata,complete,128,2026-08-26 13:51:03 UTC
Glossogobius celebius,complete,20,2026-08-26 13:51:03 UTC
Glossogobius olivaceus,complete,0,2026-08-26 13:51:03 UTC
Glyptosternon maculatum,complete,0,2026-08-26 13:51:03 UTC
Glyptothorax annandalei,complete,0,2026-08-26 13:51:03 UTC
Glyptothorax cavia,complete,0,2026-08-26 13:51:03 UTC
Glyptothorax fokiensis,complete,0,2026-08-26 13:51:03 UTC
Glyptothorax gracilis,complete,0,2026-08-26 13:51:03 UTC
Glyptothorax granulus,complete,0,2026-08-26 13:51:03 UTC
Glyptothorax ngapang,complete,0,2026-08-26 13:51:03 UTC
Glyptothorax trilineatus,complete,8,2026-08-26 13:51:03 UTC
Glyptothorax ventrolineatus,complete,0,2026-08-26 13:51:03 UTC
Gm-- na,complete,0,2026-08-26 13:51:03 UTC
Gmelinoides fasciatus,complete,0,2026-08-26 13:51:03 UTC
Gnathochromis permaxillaris,complete,0,2026-08-26 13:51:03 UTC
Gnathochromis pfefferi,complete,22,2026-08-26 13:51:03 UTC
Gnatholepis anjerensis,complete,50,2026-08-26 13:51:03 UTC
Gnathonemus petersii,complete,8,2026-08-26 13:51:03 UTC
Gobiesox strumosus,complete,102,2026-08-26 13:51:03 UTC
Gobio gobio,complete,1802,2026-08-26 13:51:03 UTC
Gobiobotia longibarba,complete,0,2026-08-26 13:51:03 UTC
Gobiocichla ethelwynnae,complete,12,2026-08-26 13:51:03 UTC
Gobiocichla wonderi,complete,4,2026-08-26 13:51:03 UTC
Gobiocypris rarus,complete,4,2026-08-26 13:51:03 UTC
Gobiomorphus basalis,complete,0,2026-08-26 13:51:03 UTC
Gobiomorphus breviceps,complete,392,2026-08-26 13:51:03 UTC
Gobiomorphus cotidianus,complete,114,2026-08-26 13:51:03 UTC
Gobiomorphus gobioides,complete,0,2026-08-26 13:51:03 UTC
Gobiomorphus hubbsi,complete,50,2026-08-26 13:51:03 UTC
Gobiomorphus huttoni,complete,0,2026-08-26 13:51:03 UTC
Gobionotothen gibberifrons,complete,130,2026-08-26 13:51:03 UTC
Gobius cobitis,complete,22,2026-08-26 13:51:03 UTC
Gobius niger,complete,348,2026-08-26 13:51:03 UTC
Gobius paganellus,complete,324,2026-08-26 13:51:03 UTC
Gogangra viridescens,complete,0,2026-08-26 13:51:03 UTC
Gomphosus caeruleus,complete,52,2026-08-26 13:51:03 UTC
Gomphosus varius,complete,112,2026-08-26 13:51:03 UTC
Gonocephalum simplex,complete,0,2026-08-26 13:51:03 UTC
Gopherus agassizii,complete,64,2026-08-26 13:51:03 UTC
Grammatorcynus bilineatus,complete,16,2026-08-26 13:51:03 UTC
Grammatotria lemairii,complete,8,2026-08-26 13:51:03 UTC
Greenwoodochromis bellcrossi,complete,0,2026-08-26 13:51:03 UTC
Greenwoodochromis christyi,complete,0,2026-08-26 13:51:03 UTC
Gymnallabes typus,complete,0,2026-08-26 13:51:03 UTC
Gymnarchus niloticus,complete,20,2026-08-26 13:51:03 UTC
Gymnocephalus baloni,complete,4,2026-08-26 13:51:03 UTC
Gymnocephalus cernua,complete,1728,2026-08-26 13:51:03 UTC
Gymnocephalus schraetser,complete,20,2026-08-26 13:51:03 UTC
Gymnocharacinus bergii,complete,4,2026-08-26 13:51:03 UTC
Gymnocrotaphus curvidens,complete,0,2026-08-26 13:51:03 UTC
Gymnocypris przewalskii,complete,0,2026-08-26 13:51:03 UTC
Gymnocypris waddellii,complete,0,2026-08-26 13:51:03 UTC
Gymnogeophagus meridionalis,complete,0,2026-08-26 13:51:03 UTC
Gymnosarda unicolor,complete,48,2026-08-26 13:51:03 UTC
Gymnothorax polyuranodon,complete,0,2026-08-26 13:51:03 UTC
Gyraulus connollyi,complete,0,2026-08-26 13:51:03 UTC
Gyraulus gilberti,complete,0,2026-08-26 13:51:03 UTC
Gyrinocheilus aymonieri,complete,12,2026-08-26 13:51:03 UTC
Gyrinocheilus pennocki,complete,12,2026-08-26 13:51:03 UTC
Haemulon flavolineatum,complete,752,2026-08-26 13:51:03 UTC
Haemulon steindachneri,complete,36,2026-08-26 13:51:03 UTC
Hagenius brevistylus,complete,88,2026-08-26 13:51:03 UTC
Haletta semifasciata,complete,34,2026-08-26 13:51:03 UTC
Halichoeres argus,complete,56,2026-08-26 13:51:03 UTC
Halichoeres bathyphilus,complete,72,2026-08-26 13:51:03 UTC
Halichoeres binotopsis,complete,0,2026-08-26 13:51:03 UTC
Halichoeres biocellatus,complete,56,2026-08-26 13:51:03 UTC
Halichoeres bivittatus,complete,764,2026-08-26 13:51:03 UTC
Halichoeres brasiliensis,complete,4,2026-08-26 13:51:03 UTC
Halichoeres burekae,complete,0,2026-08-26 13:51:03 UTC
Halichoeres chierchiae,complete,14,2026-08-26 13:51:03 UTC
Halichoeres chloropterus,complete,72,2026-08-26 13:51:03 UTC
Halichoeres chrysus,complete,48,2026-08-26 13:51:03 UTC
Halichoeres cyanocephalus,complete,46,2026-08-26 13:51:03 UTC
Halichoeres dispilus,complete,8,2026-08-26 13:51:03 UTC
Halichoeres garnoti,complete,598,2026-08-26 13:51:03 UTC
Halichoeres hartzfeldii,complete,42,2026-08-26 13:51:03 UTC
Halichoeres hortulanus,complete,80,2026-08-26 13:51:03 UTC
Halichoeres lapillus,complete,0,2026-08-26 13:51:03 UTC
Halichoeres leucurus,complete,62,2026-08-26 13:51:03 UTC
Halichoeres maculipinna,complete,730,2026-08-26 13:51:03 UTC
Halichoeres margaritaceus,complete,94,2026-08-26 13:51:03 UTC
Halichoeres melanotis,complete,4,2026-08-26 13:51:03 UTC
Halichoeres melanurus,complete,138,2026-08-26 13:51:03 UTC
Halichoeres melasmapomus,complete,4,2026-08-26 13:51:03 UTC
Halichoeres miniatus,complete,44,2026-08-26 13:51:03 UTC
Halichoeres nigrescens,complete,58,2026-08-26 13:51:03 UTC
Halichoeres notospilus,complete,6,2026-08-26 13:51:03 UTC
Halichoeres papilionaceus,complete,0,2026-08-26 13:51:03 UTC
Halichoeres pictus,complete,60,2026-08-26 13:51:03 UTC
Halichoeres podostigma,complete,56,2026-08-26 13:51:03 UTC
Halichoeres poeyi,complete,558,2026-08-26 13:51:03 UTC
Halichoeres prosopeion,complete,52,2026-08-26 13:51:03 UTC
Halichoeres radiatus,complete,788,2026-08-26 13:51:03 UTC
Halichoeres richmondi,complete,56,2026-08-26 13:51:03 UTC
Halichoeres scapularis,complete,78,2026-08-26 13:51:03 UTC
Halichoeres semicinctus,complete,318,2026-08-26 13:51:03 UTC
Halichoeres socialis,complete,4,2026-08-26 13:51:03 UTC
Halichoeres solorensis,complete,4,2026-08-26 13:51:03 UTC
Halichoeres trimaculatus,complete,158,2026-08-26 13:51:03 UTC
Halmaeusa atriceps,complete,0,2026-08-26 13:51:03 UTC
Halozetes belgicae,complete,0,2026-08-26 13:51:03 UTC
Halozetes fulvus,complete,0,2026-08-26 13:51:03 UTC
Halozetes marinus,complete,0,2026-08-26 13:51:03 UTC
Halozetes marionensis,complete,0,2026-08-26 13:51:03 UTC
Hampala macrolepidota,complete,62,2026-08-26 13:51:03 UTC
Haplochromis azureus,complete,4,2026-08-26 13:51:03 UTC
Haplochromis brownae,complete,6,2026-08-26 13:51:03 UTC
Haplochromis degeni,complete,12,2026-08-26 13:51:03 UTC
Haplochromis ishmaeli,complete,4,2026-08-26 13:51:03 UTC
Haplochromis maculipinna,complete,6,2026-08-26 13:51:03 UTC
Haplochromis nyererei,complete,10,2026-08-26 13:51:03 UTC
Haplochromis paludinosus,complete,0,2026-08-26 13:51:03 UTC
Haplochromis phytophagus,complete,4,2026-08-26 13:51:03 UTC
Haplochromis piceatus,complete,6,2026-08-26 13:51:03 UTC
Haplochromis pyrrhocephalus,complete,4,2026-08-26 13:51:03 UTC
Haplochromis rudolfianus,complete,0,2026-08-26 13:51:03 UTC
Haplochromis squamipinnis,complete,4,2026-08-26 13:51:03 UTC
Haplotaxodon microlepis,complete,12,2026-08-26 13:51:03 UTC
Helicophagus leptorhynchus,complete,6,2026-08-26 13:51:03 UTC
Helicopsyche tillyardi,complete,0,2026-08-26 13:51:03 UTC
Helobdella stagnalis,complete,112,2026-08-26 13:51:03 UTC
Heloderma suspectum,complete,30,2026-08-26 13:51:03 UTC
Helostoma temminkii,complete,8,2026-08-26 13:51:03 UTC
Hemachatus haemachatus,complete,22,2026-08-26 13:51:03 UTC
Hemanthias peruanus,complete,4,2026-08-26 13:51:03 UTC
Hemanthias signifer,complete,0,2026-08-26 13:51:03 UTC
Hemibagrus guttatus,complete,0,2026-08-26 13:51:03 UTC
Hemibagrus nemurus,complete,16,2026-08-26 13:51:03 UTC
Hemibagrus wyckioides,complete,8,2026-08-26 13:51:03 UTC
Hemibarbus umbrifer,complete,0,2026-08-26 13:51:03 UTC
Hemibates stenosoma,complete,8,2026-08-26 13:51:03 UTC
Hemichromis bimaculatus,complete,8,2026-08-26 13:51:03 UTC
Hemichromis elongatus,complete,20,2026-08-26 13:51:03 UTC
Hemichromis fasciatus,complete,54,2026-08-26 13:51:03 UTC
Hemichromis guttatus,complete,4,2026-08-26 13:51:03 UTC
Hemiculter leucisculus,complete,32,2026-08-26 13:51:03 UTC
Hemiculterella macrolepis,complete,0,2026-08-26 13:51:03 UTC
Hemidactylus frenatus,complete,78,2026-08-26 13:51:03 UTC
Hemidactylus turcicus,complete,40,2026-08-26 13:51:03 UTC
Hemiergis decresiensis,complete,0,2026-08-26 13:51:03 UTC
Hemiergis peroni,complete,0,2026-08-26 13:51:03 UTC
Hemiergis quadrilineatum,complete,0,2026-08-26 13:51:03 UTC
Hemigrammopetersius barnardi,complete,10,2026-08-26 13:51:03 UTC
Hemigrammus geisleri,complete,0,2026-08-26 13:51:03 UTC
Hemigrammus rhodostomus,complete,0,2026-08-26 13:51:03 UTC
Hemigrapsus nudus,complete,0,2026-08-26 13:51:03 UTC
Hemigrapsus penicillatus,complete,0,2026-08-26 13:51:03 UTC
Hemigymnus fasciatus,complete,114,2026-08-26 13:51:03 UTC
Hemigymnus melapterus,complete,130,2026-08-26 13:51:03 UTC
Hemirhamphodon pogonognathus,complete,0,2026-08-26 13:51:03 UTC
Hemisilurus mekongensis,complete,18,2026-08-26 13:51:03 UTC
Hemistichodus vaillanti,complete,0,2026-08-26 13:51:03 UTC
Hemitaurichthys zoster,complete,138,2026-08-26 13:51:03 UTC
Hemitremia flammea,complete,32,2026-08-26 13:51:03 UTC
Henicorhynchus lineatus,complete,0,2026-08-26 13:51:03 UTC
Henicorhynchus lobatus,complete,4,2026-08-26 13:51:03 UTC
Henicorhynchus siamensis,complete,8,2026-08-26 13:51:03 UTC
Heniochus acuminatus,complete,58,2026-08-26 13:51:03 UTC
Heniochus diphreutes,complete,44,2026-08-26 13:51:03 UTC
Heniochus monoceros,complete,44,2026-08-26 13:51:03 UTC
Heniochus pleurotaenia,complete,44,2026-08-26 13:51:03 UTC
Heniochus singularius,complete,50,2026-08-26 13:51:03 UTC
Heniochus varius,complete,86,2026-08-26 13:51:03 UTC
Hepsetus odoe,complete,80,2026-08-26 13:51:03 UTC
Heptagenia sulphurea,complete,182,2026-08-26 13:51:03 UTC
Herichthys cyanoguttatus,complete,22,2026-08-26 13:51:03 UTC
Hesperoleucus symmetricus,complete,0,2026-08-26 13:51:03 UTC
Hesperoperla pacifica,complete,0,2026-08-26 13:51:03 UTC
Heterandria formosa,complete,62,2026-08-26 13:51:03 UTC
Heterelmis comalensis,complete,0,2026-08-26 13:51:03 UTC
Heterelmis glabra,complete,0,2026-08-26 13:51:03 UTC
Heterelmis vulnerata,complete,0,2026-08-26 13:51:03 UTC
Heterlimnius corpulentus,complete,0,2026-08-26 13:51:03 UTC
Heterobranchus bidorsalis,complete,0,2026-08-26 13:51:03 UTC
Heterobranchus isopterus,complete,0,2026-08-26 13:51:03 UTC
Heterobranchus longifilis,complete,22,2026-08-26 13:51:03 UTC
Heterochromis multidens,complete,10,2026-08-26 13:51:03 UTC
Heteronotia binoei,complete,0,2026-08-26 13:51:03 UTC
Heteropneustes fossilis,complete,34,2026-08-26 13:51:03 UTC
Heteroscarus acroptilus,complete,78,2026-08-26 13:51:03 UTC
Heterotis niloticus,complete,138,2026-08-26 13:51:03 UTC
Hexagenia bilineata,complete,0,2026-08-26 13:51:03 UTC
Hexagenia limbata,complete,0,2026-08-26 13:51:03 UTC
Hiodon alosoides,complete,180,2026-08-26 13:51:03 UTC
Hippichthys penicillus,complete,0,2026-08-26 13:51:03 UTC
Hippolyte obliquimanus,complete,58,2026-08-26 13:51:03 UTC
Hippopotamyrus ansorgii,complete,6,2026-08-26 13:51:03 UTC
Hippopotamyrus pictus,complete,4,2026-08-26 13:51:03 UTC
Hippopotamyrus szaboi,complete,0,2026-08-26 13:51:03 UTC
Hippopotamyrus wilverthi,complete,0,2026-08-26 13:51:03 UTC
Hipposcarus longiceps,complete,56,2026-08-26 13:51:03 UTC
Hirtodrosophila histrioides,complete,0,2026-08-26 13:51:03 UTC
Hodotermes mossambicus,complete,0,2026-08-26 13:51:03 UTC
Holacanthus bermudensis,complete,100,2026-08-26 13:51:03 UTC
Holacanthus passer,complete,172,2026-08-26 13:51:03 UTC
Holacanthus tricolor,complete,424,2026-08-26 13:51:03 UTC
Holbrookia maculata,complete,0,2026-08-26 13:51:03 UTC
Hologymnosus annulatus,complete,38,2026-08-26 13:51:03 UTC
Hologymnosus doliatus,complete,56,2026-08-26 13:51:03 UTC
Homaloptera leonardi,complete,0,2026-08-26 13:51:03 UTC
Homaloptera parclitella,complete,0,2026-08-26 13:51:03 UTC
Homaloptera smithi,complete,4,2026-08-26 13:51:03 UTC
Homaloptera zollingeri,complete,4,2026-08-26 13:51:03 UTC
Horabagrus brachysoma,complete,42,2026-08-26 13:51:03 UTC
Horabagrus nigricollaris,complete,0,2026-08-26 13:51:03 UTC
Horadandia atukorali,complete,4,2026-08-26 13:51:03 UTC
Hucho hucho,complete,142,2026-08-26 13:51:03 UTC
Huso huso,complete,198,2026-08-26 13:51:03 UTC
Hyalella azteca,complete,10,2026-08-26 13:51:03 UTC
Hyalella spinicauda,complete,0,2026-08-26 13:51:03 UTC
Hyalella wellborni,complete,0,2026-08-26 13:51:03 UTC
Hyalinobatrachium fleischmanni,complete,0,2026-08-26 13:51:03 UTC
Hybognathus amarus,complete,2,2026-08-26 13:51:03 UTC
Hybognathus argyritis,complete,6,2026-08-26 13:51:03 UTC
Hybognathus hankinsoni,complete,18,2026-08-26 13:51:03 UTC
Hybognathus hayi,complete,0,2026-08-26 13:51:03 UTC
Hybognathus nuchalis,complete,0,2026-08-26 13:51:03 UTC
Hybognathus placitus,complete,0,2026-08-26 13:51:03 UTC
Hybognathus regius,complete,6,2026-08-26 13:51:03 UTC
Hybopsis amblops,complete,2,2026-08-26 13:51:03 UTC
Hybopsis amnis,complete,0,2026-08-26 13:51:03 UTC
Hybopsis dorsalis,complete,12,2026-08-26 13:51:03 UTC
Hybopsis hypsinotus,complete,0,2026-08-26 13:51:03 UTC
Hybopsis lineapunctata,complete,0,2026-08-26 13:51:03 UTC
Hybopsis rubrifrons,complete,0,2026-08-26 13:51:03 UTC
Hybopsis winchelli,complete,8,2026-08-26 13:51:03 UTC
Hydra vulgaris,complete,4,2026-08-26 13:51:03 UTC
Hydrocynus brevis,complete,14,2026-08-26 13:51:03 UTC
Hydrocynus forskahlii,complete,218,2026-08-26 13:51:03 UTC
Hydrocynus goliath,complete,0,2026-08-26 13:51:03 UTC
Hydrocynus vittatus,complete,152,2026-08-26 13:51:03 UTC
Hydropsyche pellucidula,complete,892,2026-08-26 13:51:03 UTC
Hydropsyche simulans,complete,0,2026-08-26 13:51:03 UTC
Hyla alpina,complete,0,2026-08-26 13:51:03 UTC
Hyla aurea,complete,0,2026-08-26 13:51:03 UTC
Hyla bicolor,complete,0,2026-08-26 13:51:03 UTC
Hyla caerulea,complete,0,2026-08-26 13:51:03 UTC
Hyla chloris,complete,0,2026-08-26 13:51:03 UTC
Hyla chrysocelis,complete,0,2026-08-26 13:51:03 UTC
Hyla cinerea,complete,10,2026-08-26 13:51:03 UTC
Hyla citropa,complete,0,2026-08-26 13:51:03 UTC
Hyla ewingi,complete,0,2026-08-26 13:51:03 UTC
Hyla freycineti,complete,0,2026-08-26 13:51:03 UTC
Hyla glauerti,complete,0,2026-08-26 13:51:03 UTC
Hyla gracilenta,complete,0,2026-08-26 13:51:03 UTC
Hyla gratiosa,complete,0,2026-08-26 13:51:03 UTC
Hyla labialis,complete,0,2026-08-26 13:51:03 UTC
Hyla lesueuri,complete,0,2026-08-26 13:51:03 UTC
Hyla peroni,complete,0,2026-08-26 13:51:03 UTC
Hyla phaeota,complete,0,2026-08-26 13:51:03 UTC
Hyla phyllochroa,complete,0,2026-08-26 13:51:03 UTC
Hyla regilla,complete,0,2026-08-26 13:51:03 UTC
Hyla rothi,complete,0,2026-08-26 13:51:03 UTC
Hyla rubella,complete,0,2026-08-26 13:51:03 UTC
Hyla squirella,complete,0,2026-08-26 13:51:03 UTC
Hyla verreauxi,complete,0,2026-08-26 13:51:03 UTC
Hyla walkeri,complete,0,2026-08-26 13:51:03 UTC
Hylarana erythraea,complete,2,2026-08-26 13:51:03 UTC
Hylarana luzonensis,complete,0,2026-08-26 13:51:03 UTC
Hypentelium etowanum,complete,4,2026-08-26 13:51:03 UTC
Hypentelium nigricans,complete,32,2026-08-26 13:51:03 UTC
Hypentelium roanokense,complete,0,2026-08-26 13:51:03 UTC
Hyperopisus bebe,complete,4,2026-08-26 13:51:03 UTC
Hyphessobrycon erythrostigma,complete,12,2026-08-26 13:51:03 UTC
Hyphessobrycon herbertaxelrodi,complete,14,2026-08-26 13:51:03 UTC
Hyphessobrycon melazonatus,complete,0,2026-08-26 13:51:03 UTC
Hypomesus nipponensis,complete,70,2026-08-26 13:51:03 UTC
Hypomesus olidus,complete,34,2026-08-26 13:51:03 UTC
Hypomesus transpacificus,complete,174,2026-08-26 13:51:03 UTC
Hypophthalmichthys molitrix,complete,94,2026-08-26 13:51:03 UTC
Hypophthalmichthys nobilis,complete,56,2026-08-26 13:51:03 UTC
Hypoplectrus aberrans,complete,296,2026-08-26 13:51:03 UTC
Hypoplectrus gemma,complete,0,2026-08-26 13:51:03 UTC
Hypoplectrus indigo,complete,24,2026-08-26 13:51:03 UTC
Hypoplectrus nigricans,complete,446,2026-08-26 13:51:03 UTC
Hypoplectrus unicolor,complete,46,2026-08-26 13:51:03 UTC
Hypostomus borellii,complete,0,2026-08-26 13:51:03 UTC
Hypostomus hemicochliodon,complete,0,2026-08-26 13:51:03 UTC
Hypostomus plecostomus,complete,14,2026-08-26 13:51:03 UTC
Hypseleotris galii,complete,14,2026-08-26 13:51:03 UTC
Hypseleotris klunzingeri,complete,74,2026-08-26 13:51:03 UTC
Hypsibarbus malcolmi,complete,4,2026-08-26 13:51:03 UTC
Hypsibarbus vernayi,complete,0,2026-08-26 13:51:03 UTC
Hypsibarbus wetmorei,complete,0,2026-08-26 13:51:03 UTC
Hypsoblennius hentz,complete,118,2026-08-26 13:51:03 UTC
Hypsurus caryi,complete,150,2026-08-26 13:51:03 UTC
Hypsypops rubicundus,complete,194,2026-08-26 13:51:03 UTC
Hysterocarpus traskii,complete,34,2026-08-26 13:51:03 UTC
Iberochondrostoma almacai,complete,0,2026-08-26 13:51:03 UTC
Iberochondrostoma lemmingii,complete,10,2026-08-26 13:51:03 UTC
Iberochondrostoma lusitanicum,complete,0,2026-08-26 13:51:03 UTC
Iberochondrostoma oretanum,complete,0,2026-08-26 13:51:03 UTC
Iberocypris palaciosi,complete,0,2026-08-26 13:51:03 UTC
Ictalurus furcatus,complete,338,2026-08-26 13:51:03 UTC
Ictalurus lupus,complete,0,2026-08-26 13:51:03 UTC
Ictalurus punctatus,complete,418,2026-08-26 13:51:03 UTC
Ictiobus bubalus,complete,10,2026-08-26 13:51:03 UTC
Ictiobus cyprinellus,complete,16,2026-08-26 13:51:03 UTC
Ictiobus niger,complete,14,2026-08-26 13:51:03 UTC
Iguanodectes geisleri,complete,0,2026-08-26 13:51:03 UTC
Ilyocoris cimicoides,complete,4,2026-08-26 13:51:03 UTC
Indostomus paradoxus,complete,6,2026-08-26 13:51:03 UTC
Iniistius aneitensis,complete,0,2026-08-26 13:51:03 UTC
Iotichthys phlegethontis,complete,0,2026-08-26 13:51:03 UTC
Ischnochiton australis,complete,0,2026-08-26 13:51:03 UTC
Ischnura elegans,complete,1738,2026-08-26 13:51:03 UTC
Ischnura pumilio,complete,2,2026-08-26 13:51:03 UTC
Ischnura verticalis,complete,40,2026-08-26 13:51:03 UTC
Isichthys henryi,complete,0,2026-08-26 13:51:03 UTC
Isogenoides frontalis,complete,0,2026-08-26 13:51:03 UTC
Isoperla fulva,complete,0,2026-08-26 13:51:03 UTC
Isoperla namata,complete,0,2026-08-26 13:51:03 UTC
Isoperla petersoni,complete,0,2026-08-26 13:51:03 UTC
Isotoma klovstadi,complete,0,2026-08-26 13:51:03 UTC
Istiompax indica,complete,76,2026-08-26 13:51:03 UTC
Istiophorus platypterus,complete,432,2026-08-26 13:51:03 UTC
Ivindomyrus marchei,complete,0,2026-08-26 13:51:03 UTC
Ivindomyrus opdenboschi,complete,0,2026-08-26 13:51:03 UTC
Jappa kutera,complete,0,2026-08-26 13:51:03 UTC
Jenynsia multidentata,complete,0,2026-08-26 13:51:03 UTC
Johnrandallia nigrirostris,complete,18,2026-08-26 13:51:03 UTC
Julidochromis marlieri,complete,8,2026-08-26 13:51:03 UTC
Julidochromis ornatus,complete,4,2026-08-26 13:51:03 UTC
Julidochromis regani,complete,0,2026-08-26 13:51:03 UTC
Kajikia albida,complete,274,2026-08-26 13:51:03 UTC
Kajikia audax,complete,190,2026-08-26 13:51:03 UTC
Kaloula kalingensis,complete,0,2026-08-26 13:51:03 UTC
Kareius bicoloratus,complete,20,2026-08-26 13:51:03 UTC
Katria katria,complete,0,2026-08-26 13:51:03 UTC
Katsuwonus pelamis,complete,166,2026-08-26 13:51:03 UTC
Kerguelenella lateralis,complete,0,2026-08-26 13:51:03 UTC
Knipowitschia caucasica,complete,20,2026-08-26 13:51:03 UTC
Knipowitschia milleri,complete,0,2026-08-26 13:51:03 UTC
Knipowitschia panizzae,complete,8,2026-08-26 13:51:03 UTC
Knipowitschia punctatissima,complete,4,2026-08-26 13:51:03 UTC
Kogotus modestus,complete,0,2026-08-26 13:51:03 UTC
Konia dikume,complete,4,2026-08-26 13:51:03 UTC
Konia eisentrauti,complete,6,2026-08-26 13:51:03 UTC
Kribia nana,complete,0,2026-08-26 13:51:03 UTC
Kryptopterus bicirrhis,complete,10,2026-08-26 13:51:03 UTC
Kryptopterus cryptopterus,complete,0,2026-08-26 13:51:03 UTC
Kryptopterus macrocephalus,complete,4,2026-08-26 13:51:03 UTC
Kryptopterus minor,complete,0,2026-08-26 13:51:03 UTC
Kuhlia mugil,complete,8,2026-08-26 13:51:03 UTC
Kuhlia rupestris,complete,58,2026-08-26 13:51:03 UTC
Kuhlia sandvicensis,complete,24,2026-08-26 13:51:03 UTC
Labeo bata,complete,10,2026-08-26 13:51:03 UTC
Labeo batesii,complete,0,2026-08-26 13:51:03 UTC
Labeo boga,complete,0,2026-08-26 13:51:03 UTC
Labeo boggut,complete,0,2026-08-26 13:51:03 UTC
Labeo calbasu,complete,32,2026-08-26 13:51:03 UTC
Labeo catla,complete,38,2026-08-26 13:51:03 UTC
Labeo chrysophekadion,complete,18,2026-08-26 13:51:03 UTC
Labeo coubie,complete,30,2026-08-26 13:51:03 UTC
Labeo dussumieri,complete,16,2026-08-26 13:51:03 UTC
Labeo dyocheilus,complete,0,2026-08-26 13:51:03 UTC
Labeo fimbriatus,complete,14,2026-08-26 13:51:03 UTC
Labeo forskalii,complete,16,2026-08-26 13:51:03 UTC
Labeo gonius,complete,8,2026-08-26 13:51:03 UTC
Labeo lineatus,complete,0,2026-08-26 13:51:03 UTC
Labeo pierrei,complete,6,2026-08-26 13:51:03 UTC
Labeo rohita,complete,72,2026-08-26 13:51:03 UTC
Labeo senegalensis,complete,0,2026-08-26 13:51:03 UTC
Labeo sorex,complete,0,2026-08-26 13:51:03 UTC
Labeo stolizkae,complete,0,2026-08-26 13:51:03 UTC
Labeo victorianus,complete,8,2026-08-26 13:51:03 UTC
Labeo weeksii,complete,0,2026-08-26 13:51:03 UTC
Labeobarbus acutirostris,complete,14,2026-08-26 13:51:03 UTC
Labeobarbus aeneus,complete,28,2026-08-26 13:51:03 UTC
Labeobarbus capensis,complete,24,2026-08-26 13:51:03 UTC
Labeobarbus crassibarbis,complete,12,2026-08-26 13:51:03 UTC
Labeobarbus dainellii,complete,6,2026-08-26 13:51:03 UTC
Labeobarbus gorguari,complete,10,2026-08-26 13:51:03 UTC
Labeobarbus habereri,complete,0,2026-08-26 13:51:03 UTC
Labeobarbus intermedius,complete,0,2026-08-26 13:51:03 UTC
Labeobarbus johnstonii,complete,38,2026-08-26 13:51:03 UTC
Labeobarbus longissimus,complete,4,2026-08-26 13:51:03 UTC
Labeobarbus marequensis,complete,22,2026-08-26 13:51:03 UTC
Labeobarbus polylepis,complete,18,2026-08-26 13:51:03 UTC
Labeotropheus trewavasae,complete,0,2026-08-26 13:51:03 UTC
Labidesthes sicculus,complete,34,2026-08-26 13:51:03 UTC
Labidochromis caeruleus,complete,20,2026-08-26 13:51:03 UTC
Labrichthys unilineatus,complete,58,2026-08-26 13:51:03 UTC
Labroides bicolor,complete,44,2026-08-26 13:51:03 UTC
Labroides dimidiatus,complete,76,2026-08-26 13:51:03 UTC
Labrus bergylta,complete,720,2026-08-26 13:51:03 UTC
Labrus mixtus,complete,136,2026-08-26 13:51:03 UTC
Lacerta agilis,complete,5142,2026-08-26 13:51:03 UTC
Lacerta monticola,complete,0,2026-08-26 13:51:03 UTC
Lacerta schreiberi,complete,0,2026-08-26 13:51:03 UTC
Lachnolaimus maximus,complete,884,2026-08-26 13:51:03 UTC
Ladigesia roloffi,complete,0,2026-08-26 13:51:03 UTC
Ladona deplanata,complete,2,2026-08-26 13:51:03 UTC
Ladona julia,complete,6,2026-08-26 13:51:03 UTC
Lagocephalus gloveri,complete,0,2026-08-26 13:51:03 UTC
Lagocephalus inermis,complete,0,2026-08-26 13:51:03 UTC
Lagocephalus laevigatus,complete,18,2026-08-26 13:51:03 UTC
Lagocephalus lagocephalus,complete,18,2026-08-26 13:51:03 UTC
Lagocephalus lunaris,complete,42,2026-08-26 13:51:03 UTC
Lagocephalus sceleratus,complete,110,2026-08-26 13:51:03 UTC
Lagodon rhomboides,complete,720,2026-08-26 13:51:03 UTC
Laides longibarbis,complete,6,2026-08-26 13:51:03 UTC
Lamprologus callipterus,complete,16,2026-08-26 13:51:03 UTC
Lamprologus congoensis,complete,0,2026-08-26 13:51:03 UTC
Lamprologus kungweensis,complete,8,2026-08-26 13:51:03 UTC
Lamprologus lemairii,complete,10,2026-08-26 13:51:03 UTC
Lamprologus mocquardi,complete,0,2026-08-26 13:51:03 UTC
Lamprologus ornatipinnis,complete,0,2026-08-26 13:51:03 UTC
Lamprologus signatus,complete,4,2026-08-26 13:51:03 UTC
Lamprologus tigripictilis,complete,0,2026-08-26 13:51:03 UTC
Lamprologus werneri,complete,0,2026-08-26 13:51:03 UTC
Lampropeltis getulus,complete,0,2026-08-26 13:51:03 UTC
Lampropeltis zonata,complete,42,2026-08-26 13:51:03 UTC
Lampropholis delicata,complete,8,2026-08-26 13:51:03 UTC
Lampropholis guichenoti,complete,4,2026-08-26 13:51:03 UTC
Lampsilis abrupta,complete,0,2026-08-26 13:51:03 UTC
Lampsilis cariosa,complete,0,2026-08-26 13:51:03 UTC
Lampsilis fasciola,complete,2,2026-08-26 13:51:03 UTC
Lampsilis radiata,complete,0,2026-08-26 13:51:03 UTC
Lampsilis siliquoidea,complete,0,2026-08-26 13:51:03 UTC
Lancetes angusticollis,complete,0,2026-08-26 13:51:03 UTC
Lappanella fasciata,complete,12,2026-08-26 13:51:03 UTC
Larabicus quadrilineatus,complete,4,2026-08-26 13:51:03 UTC
Larimichthys crocea,complete,14,2026-08-26 13:51:03 UTC
Lasius alienus,complete,4,2026-08-26 13:51:03 UTC
Lasius fallax,complete,0,2026-08-26 13:51:03 UTC
Lasius nearcticus,complete,2,2026-08-26 13:51:03 UTC
Lasmigona complanata,complete,0,2026-08-26 13:51:03 UTC
Lateolabrax japonicus,complete,168,2026-08-26 13:51:03 UTC
Laternula elliptica,complete,6,2026-08-26 13:51:03 UTC
Lates calcarifer,complete,174,2026-08-26 13:51:03 UTC
Lates niloticus,complete,250,2026-08-26 13:51:03 UTC
Laubuka caeruleostigmata,complete,4,2026-08-26 13:51:03 UTC
Laubuka dadiburjori,complete,0,2026-08-26 13:51:03 UTC
Laubuka fasciata,complete,0,2026-08-26 13:51:03 UTC
Laubuka laubuca,complete,40,2026-08-26 13:51:03 UTC
Laudakia stellio,complete,2,2026-08-26 13:51:03 UTC
Lavinia exilicauda,complete,2,2026-08-26 13:51:03 UTC
Lednia tetonica,complete,0,2026-08-26 13:51:03 UTC
Lednia tumana,complete,0,2026-08-26 13:51:03 UTC
Leiognathus equulus,complete,138,2026-08-26 13:51:03 UTC
Leiostomus xanthurus,complete,1286,2026-08-26 13:51:03 UTC
Lepidiolamprologus attenuatus,complete,8,2026-08-26 13:51:03 UTC
Lepidiolamprologus cunningtoni,complete,4,2026-08-26 13:51:03 UTC
Lepidiolamprologus elongatus,complete,34,2026-08-26 13:51:03 UTC
Lepidiolamprologus profundicola,complete,12,2026-08-26 13:51:03 UTC
Lepidocephalichthys guntea,complete,0,2026-08-26 13:51:03 UTC
Lepidocephalichthys hasselti,complete,6,2026-08-26 13:51:03 UTC
Lepidocephalichthys thermalis,complete,16,2026-08-26 13:51:03 UTC
Lepidocephalus macrochir,complete,0,2026-08-26 13:51:03 UTC
Lepidodactylus lugubris,complete,4,2026-08-26 13:51:03 UTC
Lepidomeda albivallis,complete,0,2026-08-26 13:51:03 UTC
Lepidomeda copei,complete,0,2026-08-26 13:51:03 UTC
Lepidomeda mollispinis,complete,0,2026-08-26 13:51:03 UTC
Lepidomeda vittata,complete,0,2026-08-26 13:51:03 UTC
Lepidonotothen squamifrons,complete,414,2026-08-26 13:51:03 UTC
Lepidophyma flavimaculatum,complete,0,2026-08-26 13:51:03 UTC
Lepidopsetta bilineata,complete,264,2026-08-26 13:51:03 UTC
Lepidostoma cinereum,complete,0,2026-08-26 13:51:03 UTC
Lepidostoma pluviale,complete,0,2026-08-26 13:51:03 UTC
Lepidostoma unicolor,complete,0,2026-08-26 13:51:03 UTC
Lepisosteus osseus,complete,222,2026-08-26 13:51:03 UTC
Lepisosteus platostomus,complete,22,2026-08-26 13:51:03 UTC
Lepisosteus platyrhincus,complete,28,2026-08-26 13:51:03 UTC
Lepomis auritus,complete,144,2026-08-26 13:51:03 UTC
Lepomis cyanellus,complete,46,2026-08-26 13:51:03 UTC
Lepomis gibbosus,complete,2704,2026-08-26 13:51:03 UTC
Lepomis gulosus,complete,50,2026-08-26 13:51:03 UTC
Lepomis humilis,complete,18,2026-08-26 13:51:03 UTC
Lepomis macrochirus,complete,380,2026-08-26 13:51:03 UTC
Lepomis marginatus,complete,0,2026-08-26 13:51:03 UTC
Lepomis megalotis,complete,50,2026-08-26 13:51:03 UTC
Lepomis microlophus,complete,52,2026-08-26 13:51:03 UTC
Lepomis miniatus,complete,0,2026-08-26 13:51:03 UTC
Lepomis punctatus,complete,110,2026-08-26 13:51:03 UTC
Lepomis symmetricus,complete,0,2026-08-26 13:51:03 UTC
Leptecho scirpi,complete,0,2026-08-26 13:51:03 UTC
Leptestheria brevirostris,complete,0,2026-08-26 13:51:03 UTC
Leptobotia elongata,complete,4,2026-08-26 13:51:03 UTC
Leptobotia guilinensis,complete,0,2026-08-26 13:51:03 UTC
Leptocottus armatus,complete,424,2026-08-26 13:51:03 UTC
Leptodactylus melanotus,complete,0,2026-08-26 13:51:03 UTC
Leptodactylus pentadactylus,complete,0,2026-08-26 13:51:03 UTC
Leptojulis cyanopleura,complete,48,2026-08-26 13:51:03 UTC
Leptonema maculatum,complete,0,2026-08-26 13:51:03 UTC
Leptoscarus vaigiensis,complete,78,2026-08-26 13:51:03 UTC
Lerista bougainvilli,complete,0,2026-08-26 13:51:03 UTC
Lerista frosti,complete,0,2026-08-26 13:51:03 UTC
Lerista neander,complete,0,2026-08-26 13:51:03 UTC
Lerista orientalis,complete,0,2026-08-26 13:51:03 UTC
Lerista terdigitata,complete,0,2026-08-26 13:51:03 UTC
Lestagella penicillata,complete,0,2026-08-26 13:51:03 UTC
Lestes congener,complete,4,2026-08-26 13:51:03 UTC
Lestes disjunctus,complete,2,2026-08-26 13:51:03 UTC
Lestradea perspicax,complete,0,2026-08-26 13:51:03 UTC
Lestradea stappersii,complete,4,2026-08-26 13:51:03 UTC
Lethocerus americanus,complete,78,2026-08-26 13:51:03 UTC
Leucaspius delineatus,complete,874,2026-08-26 13:51:03 UTC
Leuciscus aspius,complete,208,2026-08-26 13:51:03 UTC
Leuciscus idus,complete,32,2026-08-26 13:51:03 UTC
Leuciscus leuciscus,complete,1610,2026-08-26 13:51:03 UTC
Leuciscus vorax,complete,0,2026-08-26 13:51:03 UTC
Leucorrhinia proxima,complete,0,2026-08-26 13:51:03 UTC
Leuctra fusca,complete,306,2026-08-26 13:51:03 UTC
Leuresthes tenuis,complete,0,2026-08-26 13:51:03 UTC
Libellula auripennis,complete,2,2026-08-26 13:51:03 UTC
Ligumia recta,complete,0,2026-08-26 13:51:03 UTC
Limatula hodgsoni,complete,0,2026-08-26 13:51:03 UTC
Limbodessus amabilis,complete,0,2026-08-26 13:51:03 UTC
Limia dominicensis,complete,0,2026-08-26 13:51:03 UTC
Limia melanogaster,complete,16,2026-08-26 13:51:03 UTC
Limia melanonotata,complete,0,2026-08-26 13:51:03 UTC
Limia perugiae,complete,0,2026-08-26 13:51:03 UTC
Limia sulphurophila,complete,0,2026-08-26 13:51:03 UTC
Limia versicolor,complete,0,2026-08-26 13:51:03 UTC
Limia vittata,complete,16,2026-08-26 13:51:03 UTC
Limia yaguajali,complete,0,2026-08-26 13:51:03 UTC
Limia zonata,complete,0,2026-08-26 13:51:03 UTC
Limnephilus ornatus,complete,0,2026-08-26 13:51:03 UTC
Limnius volckmari,complete,360,2026-08-26 13:51:03 UTC
Limnochromis abeelei,complete,0,2026-08-26 13:51:03 UTC
Limnochromis auritus,complete,0,2026-08-26 13:51:03 UTC
Limnochromis staneri,complete,0,2026-08-26 13:51:03 UTC
Limnodynastes dorsalis,complete,0,2026-08-26 13:51:03 UTC
Limnodynastes fletcheri,complete,0,2026-08-26 13:51:03 UTC
Limnodynastes peroni,complete,0,2026-08-26 13:51:03 UTC
Limnodynastes salmini,complete,2,2026-08-26 13:51:03 UTC
Limnodynastes tasmaniensis,complete,12,2026-08-26 13:51:03 UTC
Limnonectes woodworthi,complete,0,2026-08-26 13:51:03 UTC
Limnothrissa miodon,complete,106,2026-08-26 13:51:03 UTC
Limnotilapia dardennii,complete,20,2026-08-26 13:51:03 UTC
Limopsis marionensis,complete,6,2026-08-26 13:51:03 UTC
Lindbergichthys nudifrons,complete,114,2026-08-26 13:51:03 UTC
Linepithema humile,complete,100,2026-08-26 13:51:03 UTC
Lingula anatina,complete,0,2026-08-26 13:51:03 UTC
Liniparhomaloptera disparis,complete,0,2026-08-26 13:51:03 UTC
Liobagrus kingi,complete,0,2026-08-26 13:51:03 UTC
Liocarcinus marmoreus,complete,0,2026-08-26 13:51:03 UTC
Liolaemus abaucan,complete,0,2026-08-26 13:51:03 UTC
Liolaemus albiceps,complete,0,2026-08-26 13:51:03 UTC
Liolaemus alticolor,complete,0,2026-08-26 13:51:03 UTC
Liolaemus altissimus,complete,0,2026-08-26 13:51:03 UTC
Liolaemus bibronii,complete,0,2026-08-26 13:51:03 UTC
Liolaemus bisignatus,complete,0,2026-08-26 13:51:03 UTC
Liolaemus boulengeri,complete,0,2026-08-26 13:51:03 UTC
Liolaemus canqueli,complete,0,2026-08-26 13:51:03 UTC
Liolaemus capillitas,complete,0,2026-08-26 13:51:03 UTC
Liolaemus chacoensis,complete,0,2026-08-26 13:51:03 UTC
Liolaemus chiliensis,complete,0,2026-08-26 13:51:03 UTC
Liolaemus constanzae,complete,0,2026-08-26 13:51:03 UTC
Liolaemus curis,complete,0,2026-08-26 13:51:03 UTC
Liolaemus cuyanus,complete,0,2026-08-26 13:51:03 UTC
Liolaemus cyanogaster,complete,0,2026-08-26 13:51:03 UTC
Liolaemus darwinii,complete,0,2026-08-26 13:51:03 UTC
Liolaemus dorbignyi,complete,0,2026-08-26 13:51:03 UTC
Liolaemus eleodori,complete,0,2026-08-26 13:51:03 UTC
Liolaemus elongatus,complete,0,2026-08-26 13:51:03 UTC
Liolaemus fabiani,complete,0,2026-08-26 13:51:03 UTC
Liolaemus fitzgeraldi,complete,0,2026-08-26 13:51:03 UTC
Liolaemus fitzingerii,complete,0,2026-08-26 13:51:03 UTC
Liolaemus fuscus,complete,0,2026-08-26 13:51:03 UTC
Liolaemus hellmichi,complete,0,2026-08-26 13:51:03 UTC
Liolaemus hernani,complete,0,2026-08-26 13:51:03 UTC
Liolaemus irregularis,complete,0,2026-08-26 13:51:03 UTC
Liolaemus jamesi,complete,0,2026-08-26 13:51:03 UTC
Liolaemus kingii,complete,0,2026-08-26 13:51:03 UTC
Liolaemus koslowskyi,complete,0,2026-08-26 13:51:03 UTC
Liolaemus kriegi,complete,0,2026-08-26 13:51:03 UTC
Liolaemus laurenti,complete,0,2026-08-26 13:51:03 UTC
Liolaemus lemniscatus,complete,0,2026-08-26 13:51:03 UTC
Liolaemus leopardinus,complete,0,2026-08-26 13:51:03 UTC
Liolaemus lorenzmuelleri,complete,0,2026-08-26 13:51:03 UTC
Liolaemus melanops,complete,0,2026-08-26 13:51:03 UTC
Liolaemus monticola,complete,0,2026-08-26 13:51:03 UTC
Liolaemus multicolor,complete,0,2026-08-26 13:51:03 UTC
Liolaemus multimaculatus,complete,8,2026-08-26 13:51:03 UTC
Liolaemus nigromaculatus,complete,0,2026-08-26 13:51:03 UTC
Liolaemus nigroroseus,complete,0,2026-08-26 13:51:03 UTC
Liolaemus nigroviridis,complete,0,2026-08-26 13:51:03 UTC
Liolaemus nitidus,complete,0,2026-08-26 13:51:03 UTC
Liolaemus olongasta,complete,0,2026-08-26 13:51:03 UTC
Liolaemus ornatus,complete,0,2026-08-26 13:51:03 UTC
Liolaemus petrophilus,complete,0,2026-08-26 13:51:03 UTC
Liolaemus pictus,complete,4,2026-08-26 13:51:03 UTC
Liolaemus platei,complete,0,2026-08-26 13:51:03 UTC
Liolaemus poecilochromus,complete,0,2026-08-26 13:51:03 UTC
Liolaemus pseudoanomalus,complete,0,2026-08-26 13:51:03 UTC
Liolaemus pseudolemniscatus,complete,0,2026-08-26 13:51:03 UTC
Liolaemus punctatissimus,complete,0,2026-08-26 13:51:03 UTC
Liolaemus quilmes,complete,0,2026-08-26 13:51:03 UTC
Liolaemus riojanus,complete,0,2026-08-26 13:51:03 UTC
Liolaemus robertmertensi,complete,0,2026-08-26 13:51:03 UTC
Liolaemus rothi,complete,0,2026-08-26 13:51:03 UTC
Liolaemus salinicola,complete,0,2026-08-26 13:51:03 UTC
Liolaemus scapularis,complete,0,2026-08-26 13:51:03 UTC
Liolaemus schroederi,complete,0,2026-08-26 13:51:03 UTC
Liolaemus telsen,complete,0,2026-08-26 13:51:03 UTC
Liolaemus tenuis,complete,8,2026-08-26 13:51:03 UTC
Liolaemus vallecurensis,complete,0,2026-08-26 13:51:03 UTC
Liolaemus walkeri,complete,0,2026-08-26 13:51:03 UTC
Liolaemus xanthoviridis,complete,0,2026-08-26 13:51:03 UTC
Liopropoma carmabi,complete,0,2026-08-26 13:51:03 UTC
Liopropoma eukrines,complete,2,2026-08-26 13:51:03 UTC
Liopsetta glacialis,complete,110,2026-08-26 13:51:03 UTC
Liothyrella neozelanica,complete,0,2026-08-26 13:51:03 UTC
Liothyrella uva,complete,2,2026-08-26 13:51:03 UTC
Lipinia pulchella,complete,0,2026-08-26 13:51:03 UTC
Lipophrys pholis,complete,280,2026-08-26 13:51:03 UTC
Lipophrys trigloides,complete,156,2026-08-26 13:51:03 UTC
Lirceus brachyurus,complete,0,2026-08-26 13:51:03 UTC
Lithasia obovata,complete,0,2026-08-26 13:51:03 UTC
Lithobates sylvatica,complete,0,2026-08-26 13:51:03 UTC
Lithognathus mormyrus,complete,106,2026-08-26 13:51:03 UTC
Litoria gracilenta,complete,16,2026-08-26 13:51:03 UTC
Littorina fabalis,complete,0,2026-08-26 13:51:03 UTC
Littorina littorea,complete,190,2026-08-26 13:51:03 UTC
Littorina obtusata,complete,70,2026-08-26 13:51:03 UTC
Littorina saxatilis,complete,108,2026-08-26 13:51:03 UTC
Liza abu,complete,28,2026-08-26 13:51:03 UTC
Liza aurata,complete,98,2026-08-26 13:51:03 UTC
Liza ramada,complete,532,2026-08-26 13:51:03 UTC
Liza saliens,complete,132,2026-08-26 13:51:03 UTC
Lobocheilos melanotaenia,complete,12,2026-08-26 13:51:03 UTC
Lobochilotes labiatus,complete,26,2026-08-26 13:51:03 UTC
Lophiobagrus brevispinis,complete,0,2026-08-26 13:51:03 UTC
Lophognathus gilberti,complete,0,2026-08-26 13:51:03 UTC
Loricaria tucumanensis,complete,0,2026-08-26 13:51:03 UTC
Lota lota,complete,1824,2026-08-26 13:51:03 UTC
Lovenula falcifer,complete,0,2026-08-26 13:51:03 UTC
Lucania goodei,complete,16,2026-08-26 13:51:03 UTC
Lucania parva,complete,558,2026-08-26 13:51:03 UTC
Luciobarbus bocagei,complete,18,2026-08-26 13:51:03 UTC
Luciobarbus brachycephalus,complete,26,2026-08-26 13:51:03 UTC
Luciobarbus capito,complete,16,2026-08-26 13:51:03 UTC
Luciobarbus comizo,complete,8,2026-08-26 13:51:03 UTC
Luciobarbus esocinus,complete,0,2026-08-26 13:51:03 UTC
Luciobarbus graecus,complete,6,2026-08-26 13:51:03 UTC
Luciobarbus graellsii,complete,10,2026-08-26 13:51:03 UTC
Luciobarbus guiraonis,complete,24,2026-08-26 13:51:03 UTC
Luciobarbus microcephalus,complete,8,2026-08-26 13:51:03 UTC
Luciobarbus mursa,complete,0,2026-08-26 13:51:03 UTC
Luciobarbus sclateri,complete,22,2026-08-26 13:51:03 UTC
Luciobarbus steindachneri,complete,10,2026-08-26 13:51:03 UTC
Luciobarbus subquincunciatus,complete,0,2026-08-26 13:51:03 UTC
Luciobarbus xanthopterus,complete,0,2026-08-26 13:51:03 UTC
Luciobrama macrocephalus,complete,0,2026-08-26 13:51:03 UTC
Luciosoma bleekeri,complete,10,2026-08-26 13:51:03 UTC
Luciosoma setigerum,complete,4,2026-08-26 13:51:03 UTC
Lumbriculus variegatus,complete,4,2026-08-26 13:51:03 UTC
Lutjanus apodus,complete,806,2026-08-26 13:51:03 UTC
Lutjanus guttatus,complete,130,2026-08-26 13:51:03 UTC
Lutjanus malabaricus,complete,160,2026-08-26 13:51:03 UTC
Lutjanus vitta,complete,124,2026-08-26 13:51:03 UTC
Luxilus albeolus,complete,0,2026-08-26 13:51:03 UTC
Luxilus cardinalis,complete,0,2026-08-26 13:51:03 UTC
Luxilus cerasinus,complete,0,2026-08-26 13:51:03 UTC
Luxilus chrysocephalus,complete,42,2026-08-26 13:51:03 UTC
Luxilus coccogenis,complete,0,2026-08-26 13:51:03 UTC
Luxilus cornutus,complete,560,2026-08-26 13:51:03 UTC
Luxilus pilsbryi,complete,0,2026-08-26 13:51:03 UTC
Luxilus zonatus,complete,0,2026-08-26 13:51:03 UTC
Luxilus zonistius,complete,0,2026-08-26 13:51:03 UTC
Lymnaea stagnalis,complete,44,2026-08-26 13:51:03 UTC
Lythrurus ardens,complete,54,2026-08-26 13:51:03 UTC
Lythrurus atrapiculus,complete,0,2026-08-26 13:51:03 UTC
Lythrurus bellus,complete,0,2026-08-26 13:51:03 UTC
Lythrurus fumeus,complete,0,2026-08-26 13:51:03 UTC
Lythrurus lirus,complete,0,2026-08-26 13:51:03 UTC
Lythrurus roseipinnis,complete,0,2026-08-26 13:51:03 UTC
Lythrurus snelsoni,complete,0,2026-08-26 13:51:03 UTC
Lythrurus umbratilis,complete,20,2026-08-26 13:51:03 UTC
Maccaffertium ithaca,complete,0,2026-08-26 13:51:03 UTC
Maccullochella peelii,complete,128,2026-08-26 13:51:03 UTC
Macoma balthica,complete,54,2026-08-26 13:51:03 UTC
Macrhybopsis aestivalis,complete,10,2026-08-26 13:51:03 UTC
Macrhybopsis storeriana,complete,24,2026-08-26 13:51:03 UTC
Macrobrachium acanthurus,complete,0,2026-08-26 13:51:03 UTC
Macrobrachium americanum,complete,0,2026-08-26 13:51:03 UTC
Macrobrachium malcolmsonii,complete,0,2026-08-26 13:51:03 UTC
Macrobrachium rosenbergii,complete,4,2026-08-26 13:51:03 UTC
Macrobrachium tenellum,complete,0,2026-08-26 13:51:03 UTC
Macrochirichthys macrochirus,complete,10,2026-08-26 13:51:03 UTC
Macrognathus zebrinus,complete,0,2026-08-26 13:51:03 UTC
Macromia illinoiensis,complete,0,2026-08-26 13:51:03 UTC
Macromia taeniolata,complete,0,2026-08-26 13:51:03 UTC
Macropelopia nebulosa,complete,84,2026-08-26 13:51:03 UTC
Macropharyngodon bipartitus,complete,10,2026-08-26 13:51:03 UTC
Macropharyngodon choati,complete,0,2026-08-26 13:51:03 UTC
Macropharyngodon cyanoguttatus,complete,0,2026-08-26 13:51:03 UTC
Macropharyngodon geoffroy,complete,26,2026-08-26 13:51:03 UTC
Macropharyngodon kuiteri,complete,0,2026-08-26 13:51:03 UTC
Macropharyngodon meleagris,complete,58,2026-08-26 13:51:03 UTC
Macropharyngodon negrosensis,complete,36,2026-08-26 13:51:03 UTC
Macropharyngodon ornatus,complete,32,2026-08-26 13:51:03 UTC
Macropodus erythropterus,complete,0,2026-08-26 13:51:03 UTC
Macropodus opercularis,complete,10,2026-08-26 13:51:03 UTC
Macropodus spechti,complete,0,2026-08-26 13:51:03 UTC
Makaira nigricans,complete,576,2026-08-26 13:51:03 UTC
Malacoctenus zonifer,complete,4,2026-08-26 13:51:03 UTC
Malapterurus beninensis,complete,0,2026-08-26 13:51:03 UTC
Malapterurus electricus,complete,22,2026-08-26 13:51:03 UTC
Malapterus reticulatus,complete,6,2026-08-26 13:51:03 UTC
Marcusenius altisambesi,complete,0,2026-08-26 13:51:03 UTC
Marcusenius devosi,complete,0,2026-08-26 13:51:03 UTC
Marcusenius greshoffii,complete,0,2026-08-26 13:51:03 UTC
Marcusenius macrolepidotus,complete,26,2026-08-26 13:51:03 UTC
Marcusenius moorii,complete,0,2026-08-26 13:51:03 UTC
Marcusenius ntemensis,complete,0,2026-08-26 13:51:03 UTC
Marcusenius senegalensis,complete,36,2026-08-26 13:51:03 UTC
Margariscus margarita,complete,24,2026-08-26 13:51:03 UTC
Marinogammarus marinus,complete,10,2026-08-26 13:51:03 UTC
Mastacembelus albomaculatus,complete,0,2026-08-26 13:51:03 UTC
Mastacembelus armatus,complete,38,2026-08-26 13:51:03 UTC
Mastacembelus brachyrhinus,complete,0,2026-08-26 13:51:03 UTC
Mastacembelus congicus,complete,0,2026-08-26 13:51:03 UTC
Mastacembelus cryptacanthus,complete,0,2026-08-26 13:51:03 UTC
Mastacembelus cunningtoni,complete,14,2026-08-26 13:51:03 UTC
Mastacembelus ellipsifer,complete,0,2026-08-26 13:51:03 UTC
Mastacembelus erythrotaenia,complete,8,2026-08-26 13:51:03 UTC
Mastacembelus flavidus,complete,0,2026-08-26 13:51:03 UTC
Mastacembelus frenatus,complete,6,2026-08-26 13:51:03 UTC
Mastacembelus mastacembelus,complete,0,2026-08-26 13:51:03 UTC
Mastacembelus micropectus,complete,0,2026-08-26 13:51:03 UTC
Mastacembelus moorii,complete,6,2026-08-26 13:51:03 UTC
Mastacembelus ophidium,complete,0,2026-08-26 13:51:03 UTC
Mastacembelus plagiostomus,complete,0,2026-08-26 13:51:03 UTC
Mastacembelus platysoma,complete,0,2026-08-26 13:51:03 UTC
Mastacembelus shiranus,complete,28,2026-08-26 13:51:03 UTC
Mastacembelus taiaensis,complete,0,2026-08-26 13:51:03 UTC
Mastacembelus tanganicae,complete,0,2026-08-26 13:51:03 UTC
Mastacembelus vanderwaali,complete,0,2026-08-26 13:51:03 UTC
Mastacembelus zebratus,complete,0,2026-08-26 13:51:03 UTC
Masticophis lateralis,complete,146,2026-08-26 13:51:03 UTC
Maylandia estherae,complete,4,2026-08-26 13:51:03 UTC
Maylandia lombardoi,complete,8,2026-08-26 13:51:03 UTC
Maylandia zebra,complete,34,2026-08-26 13:51:03 UTC
Mecistogaster modesta,complete,0,2026-08-26 13:51:03 UTC
Meda fulgida,complete,0,2026-08-26 13:51:03 UTC
Megalonaias nervosa,complete,0,2026-08-26 13:51:03 UTC
Megalops atlanticus,complete,150,2026-08-26 13:51:03 UTC
Megalops cyprinoides,complete,98,2026-08-26 13:51:03 UTC
Megarcys signata,complete,0,2026-08-26 13:51:03 UTC
Meiacanthus grammistes,complete,40,2026-08-26 13:51:03 UTC
Meiacanthus oualanensis,complete,0,2026-08-26 13:51:03 UTC
Meiacanthus smithi,complete,34,2026-08-26 13:51:03 UTC
Mekongina erythrospila,complete,8,2026-08-26 13:51:03 UTC
Melanochromis auratus,complete,24,2026-08-26 13:51:03 UTC
Melanotaenia duboulayi,complete,2,2026-08-26 13:51:03 UTC
Melanotaenia fluviatilis,complete,0,2026-08-26 13:51:03 UTC
Melanotaenia splendida,complete,194,2026-08-26 13:51:03 UTC
Melasoma collaris,complete,0,2026-08-26 13:51:03 UTC
Melophorus bagoti,complete,0,2026-08-26 13:51:03 UTC
Menidia beryllina,complete,720,2026-08-26 13:51:03 UTC
Menidia menidia,complete,130,2026-08-26 13:51:03 UTC
Menippe nodifrons,complete,136,2026-08-26 13:51:03 UTC
Meroles suborbitalis,complete,0,2026-08-26 13:51:03 UTC
Mesobola brevianalis,complete,10,2026-08-26 13:51:03 UTC
Mesogobius batrachocephalus,complete,6,2026-08-26 13:51:03 UTC
Mesonauta insignis,complete,12,2026-08-26 13:51:03 UTC
Messor arenarius,complete,0,2026-08-26 13:51:03 UTC
Messor bouvieri,complete,0,2026-08-26 13:51:03 UTC
Messor capitatus,complete,0,2026-08-26 13:51:03 UTC
Messor denticornis,complete,0,2026-08-26 13:51:03 UTC
Metacarcinus magister,complete,110,2026-08-26 13:51:03 UTC
Metzia formosae,complete,0,2026-08-26 13:51:03 UTC
Metzia lineata,complete,0,2026-08-26 13:51:03 UTC
Miathyria marcella,complete,2,2026-08-26 13:51:03 UTC
Micralestes acutidens,complete,14,2026-08-26 13:51:03 UTC
Micralestes occidentalis,complete,0,2026-08-26 13:51:03 UTC
Micralestes pabrensis,complete,0,2026-08-26 13:51:03 UTC
Micrasema bactro,complete,0,2026-08-26 13:51:03 UTC
Micrathyria aequalis,complete,0,2026-08-26 13:51:03 UTC
Micrathyria eximia,complete,0,2026-08-26 13:51:03 UTC
Micrathyria ocellata,complete,0,2026-08-26 13:51:03 UTC
Microcharacidium eleotrioides,complete,8,2026-08-26 13:51:03 UTC
Microcobitis misgurnoides,complete,0,2026-08-26 13:51:03 UTC
Microctenopoma ansorgii,complete,0,2026-08-26 13:51:03 UTC
Microctenopoma damasi,complete,0,2026-08-26 13:51:03 UTC
Microctenopoma fasciolatum,complete,0,2026-08-26 13:51:03 UTC
Microctenopoma nanum,complete,0,2026-08-26 13:51:03 UTC
Microcylloepus pusillus,complete,0,2026-08-26 13:51:03 UTC
Microdevario gatesi,complete,0,2026-08-26 13:51:03 UTC
Microdevario kubotai,complete,0,2026-08-26 13:51:03 UTC
Microdevario nana,complete,0,2026-08-26 13:51:03 UTC
Microgadus tomcod,complete,116,2026-08-26 13:51:03 UTC
Microlipophrys adriaticus,complete,12,2026-08-26 13:51:03 UTC
Microlipophrys bauchotae,complete,0,2026-08-26 13:51:03 UTC
Microlipophrys caboverdensis,complete,0,2026-08-26 13:51:03 UTC
Microlipophrys dalmatinus,complete,18,2026-08-26 13:51:03 UTC
Microlipophrys nigriceps,complete,20,2026-08-26 13:51:03 UTC
Microlipophrys velifer,complete,0,2026-08-26 13:51:03 UTC
Micrometrus minimus,complete,50,2026-08-26 13:51:03 UTC
Microphis brachyurus,complete,20,2026-08-26 13:51:03 UTC
Microphysogobio tungtingensis,complete,0,2026-08-26 13:51:03 UTC
Micropsectra junci,complete,16,2026-08-26 13:51:03 UTC
Micropterus cataractae,complete,0,2026-08-26 13:51:03 UTC
Micropterus coosae,complete,2,2026-08-26 13:51:03 UTC
Micropterus dolomieu,complete,326,2026-08-26 13:51:03 UTC
Micropterus floridanus,complete,6,2026-08-26 13:51:03 UTC
Micropterus notius,complete,20,2026-08-26 13:51:03 UTC
Micropterus punctulatus,complete,16,2026-08-26 13:51:03 UTC
Micropterus salmoides,complete,1678,2026-08-26 13:51:03 UTC
Micropterus treculii,complete,0,2026-08-26 13:51:03 UTC
Microrasbora rubescens,complete,0,2026-08-26 13:51:03 UTC
Microthrissa congica,complete,32,2026-08-26 13:51:03 UTC
Microthrissa royauxi,complete,0,2026-08-26 13:51:03 UTC
Mikrogeophagus ramirezi,complete,0,2026-08-26 13:51:03 UTC
Minytrema melanops,complete,18,2026-08-26 13:51:03 UTC
Misgurnus anguillicaudatus,complete,22,2026-08-26 13:51:03 UTC
Misgurnus fossilis,complete,14,2026-08-26 13:51:03 UTC
Misumenoides formosipes,complete,216,2026-08-26 13:51:03 UTC
Misumenops asperatus,complete,0,2026-08-26 13:51:03 UTC
Moapa coriacea,complete,0,2026-08-26 13:51:03 UTC
Moloch horridus,complete,0,2026-08-26 13:51:03 UTC
Monacanthus chinensis,complete,154,2026-08-26 13:51:03 UTC
Monomorium alamarum,complete,0,2026-08-26 13:51:03 UTC
Monomorium floricola,complete,44,2026-08-26 13:51:03 UTC
Monomorium minimum,complete,2,2026-08-26 13:51:03 UTC
Monomorium pharaonis,complete,0,2026-08-26 13:51:03 UTC
Monomorium vatranum,complete,0,2026-08-26 13:51:03 UTC
Monomorium viator,complete,0,2026-08-26 13:51:03 UTC
Monopterus albus,complete,24,2026-08-26 13:51:03 UTC
Moolgarda engeli,complete,0,2026-08-26 13:51:03 UTC
Morethia butleri,complete,0,2026-08-26 13:51:03 UTC
Morethia lineoocellata,complete,0,2026-08-26 13:51:03 UTC
Morethia obscura,complete,0,2026-08-26 13:51:03 UTC
Morethia taeniopleura,complete,8,2026-08-26 13:51:03 UTC
Mormyrops masuianus,complete,0,2026-08-26 13:51:03 UTC
Mormyrops nigricans,complete,0,2026-08-26 13:51:03 UTC
Mormyrus ovis,complete,0,2026-08-26 13:51:03 UTC
Morone americana,complete,482,2026-08-26 13:51:03 UTC
Morone chrysops,complete,66,2026-08-26 13:51:03 UTC
Morone mississippiensis,complete,96,2026-08-26 13:51:03 UTC
Morone saxatilis,complete,946,2026-08-26 13:51:03 UTC
Moxostoma anisurum,complete,16,2026-08-26 13:51:03 UTC
Moxostoma ariommum,complete,6,2026-08-26 13:51:03 UTC
Moxostoma breviceps,complete,0,2026-08-26 13:51:03 UTC
Moxostoma carinatum,complete,8,2026-08-26 13:51:03 UTC
Moxostoma cervinum,complete,6,2026-08-26 13:51:03 UTC
Moxostoma collapsum,complete,0,2026-08-26 13:51:03 UTC
Moxostoma congestum,complete,4,2026-08-26 13:51:03 UTC
Moxostoma duquesnii,complete,18,2026-08-26 13:51:03 UTC
Moxostoma erythrurum,complete,16,2026-08-26 13:51:03 UTC
Moxostoma hubbsi,complete,16,2026-08-26 13:51:03 UTC
Moxostoma lachneri,complete,0,2026-08-26 13:51:03 UTC
Moxostoma macrolepidotum,complete,24,2026-08-26 13:51:03 UTC
Moxostoma pappillosum,complete,0,2026-08-26 13:51:03 UTC
Moxostoma pisolabrum,complete,0,2026-08-26 13:51:03 UTC
Moxostoma poecilurum,complete,4,2026-08-26 13:51:03 UTC
Moxostoma robustum,complete,0,2026-08-26 13:51:03 UTC
Moxostoma rupiscartes,complete,0,2026-08-26 13:51:03 UTC
Moxostoma valenciennesi,complete,30,2026-08-26 13:51:03 UTC
Mugil cephalus,complete,1320,2026-08-26 13:51:03 UTC
Mugil curema,complete,150,2026-08-26 13:51:03 UTC
Mugilogobius abei,complete,0,2026-08-26 13:51:03 UTC
Mugilogobius cavifrons,complete,8,2026-08-26 13:51:03 UTC
Mugilogobius chulae,complete,6,2026-08-26 13:51:03 UTC
Mulinia lateralis,complete,14,2026-08-26 13:51:03 UTC
Mullus barbatus,complete,504,2026-08-26 13:51:03 UTC
Mullus surmuletus,complete,662,2026-08-26 13:51:03 UTC
Mya arenaria,complete,68,2026-08-26 13:51:03 UTC
Myaka myaka,complete,8,2026-08-26 13:51:03 UTC
Mylocheilus caurinus,complete,34,2026-08-26 13:51:03 UTC
Mylopharodon conocephalus,complete,0,2026-08-26 13:51:03 UTC
Mylopharyngodon piceus,complete,126,2026-08-26 13:51:03 UTC
Myomyrus macrops,complete,0,2026-08-26 13:51:03 UTC
Myoxocephalus quadricornis,complete,72,2026-08-26 13:51:03 UTC
Myoxocephalus quadricornishexacornis,complete,0,2026-08-26 13:51:03 UTC
Myoxocephalus thompsonii,complete,18,2026-08-26 13:51:03 UTC
Myrmecina americana,complete,0,2026-08-26 13:51:03 UTC
Myrmecocystus depilis,complete,0,2026-08-26 13:51:03 UTC
Myrmecocystus mexican,complete,0,2026-08-26 13:51:03 UTC
Myrmecocystus mimicus,complete,16,2026-08-26 13:51:03 UTC
Myrmecocystus romainei,complete,0,2026-08-26 13:51:03 UTC
Myrmica punctiventris,complete,2,2026-08-26 13:51:03 UTC
Myro kerguelenensis,complete,0,2026-08-26 13:51:03 UTC
Mystacoleucus chilopterus,complete,4,2026-08-26 13:51:03 UTC
Mystacoleucus lepturus,complete,0,2026-08-26 13:51:03 UTC
Mystacoleucus marginatus,complete,10,2026-08-26 13:51:03 UTC
Mystus bocourti,complete,6,2026-08-26 13:51:03 UTC
Mystus cavasius,complete,0,2026-08-26 13:51:03 UTC
Mystus leucophasis,complete,0,2026-08-26 13:51:03 UTC
Mystus oculatus,complete,0,2026-08-26 13:51:03 UTC
Mystus pulcher,complete,0,2026-08-26 13:51:03 UTC
Mystus tengara,complete,12,2026-08-26 13:51:03 UTC
Mystus vittatus,complete,44,2026-08-26 13:51:03 UTC
Mytilopsis sallei,complete,0,2026-08-26 13:51:03 UTC
Mytilus edulis,complete,144,2026-08-26 13:51:03 UTC
Myxocyprinus asiaticus,complete,0,2026-08-26 13:51:03 UTC
Myxophyes fasciolatus,complete,0,2026-08-26 13:51:03 UTC
Nacella concinna,complete,28,2026-08-26 13:51:03 UTC
Nandus nandus,complete,8,2026-08-26 13:51:03 UTC
Nandus nebulosus,complete,6,2026-08-26 13:51:03 UTC
Nandus oxyrhynchus,complete,0,2026-08-26 13:51:03 UTC
Nannocharax machadoi,complete,10,2026-08-26 13:51:03 UTC
Nannocharax macropterus,complete,0,2026-08-26 13:51:03 UTC
Nannocharax multifasciatus,complete,8,2026-08-26 13:51:03 UTC
Nannoscincus maccoyi,complete,0,2026-08-26 13:51:03 UTC
Nannostomus beckfordi,complete,8,2026-08-26 13:51:03 UTC
Nannostomus eques,complete,12,2026-08-26 13:51:03 UTC
Nannostomus marginatus,complete,0,2026-08-26 13:51:03 UTC
Nannostomus trifasciatus,complete,14,2026-08-26 13:51:03 UTC
Nanobagrus fuscus,complete,0,2026-08-26 13:51:03 UTC
Nanochromis parilus,complete,8,2026-08-26 13:51:03 UTC
Naso annulatus,complete,100,2026-08-26 13:51:03 UTC
Naso brachycentron,complete,50,2026-08-26 13:51:03 UTC
Naso caeruleacauda,complete,36,2026-08-26 13:51:03 UTC
Naso caesius,complete,32,2026-08-26 13:51:03 UTC
Naso elegans,complete,34,2026-08-26 13:51:03 UTC
Naso fageni,complete,0,2026-08-26 13:51:03 UTC
Naso hexacanthus,complete,126,2026-08-26 13:51:03 UTC
Naso lituratus,complete,64,2026-08-26 13:51:03 UTC
Naso maculatus,complete,34,2026-08-26 13:51:03 UTC
Naso mcdadei,complete,8,2026-08-26 13:51:03 UTC
Naso minor,complete,60,2026-08-26 13:51:03 UTC
Naso thynnoides,complete,48,2026-08-26 13:51:03 UTC
Naso tonganus,complete,48,2026-08-26 13:51:03 UTC
Naso tuberosus,complete,98,2026-08-26 13:51:03 UTC
Naso unicornis,complete,98,2026-08-26 13:51:03 UTC
Naso vlamingii,complete,78,2026-08-26 13:51:03 UTC
Naucoris obscuratus,complete,0,2026-08-26 13:51:03 UTC
Nemacheilus corica,complete,0,2026-08-26 13:51:03 UTC
Nemacheilus masyae,complete,10,2026-08-26 13:51:03 UTC
Nemacheilus rueppelli,complete,0,2026-08-26 13:51:03 UTC
Nemacheilus subfusca,complete,0,2026-08-26 13:51:03 UTC
Nemacheilus triangularis,complete,8,2026-08-26 13:51:03 UTC
Nemurella pictetii,complete,16,2026-08-26 13:51:03 UTC
Neobatrachus pictus,complete,0,2026-08-26 13:51:03 UTC
Neobola bottegoi,complete,0,2026-08-26 13:51:03 UTC
Neochanna apoda,complete,8,2026-08-26 13:51:03 UTC
Neochanna burrowsius,complete,130,2026-08-26 13:51:03 UTC
Neochanna diversus,complete,8,2026-08-26 13:51:03 UTC
Neochanna heleios,complete,8,2026-08-26 13:51:03 UTC
Neocloeon triangulifer,complete,0,2026-08-26 13:51:03 UTC
Neoeucirrhichthys maydelli,complete,0,2026-08-26 13:51:03 UTC
Neogobius fluviatilis,complete,74,2026-08-26 13:51:03 UTC
Neogobius melanostomus,complete,2708,2026-08-26 13:51:03 UTC
Neogobius pallasi,complete,22,2026-08-26 13:51:03 UTC
Neolamprologus brevis,complete,4,2026-08-26 13:51:03 UTC
Neolamprologus brichardi,complete,4,2026-08-26 13:51:03 UTC
Neolamprologus christyi,complete,12,2026-08-26 13:51:03 UTC
Neolamprologus furcifer,complete,10,2026-08-26 13:51:03 UTC
Neolamprologus gracilis,complete,0,2026-08-26 13:51:03 UTC
Neolamprologus leleupi,complete,26,2026-08-26 13:51:03 UTC
Neolamprologus leloupi,complete,0,2026-08-26 13:51:03 UTC
Neolamprologus longior,complete,0,2026-08-26 13:51:03 UTC
Neolamprologus meeli,complete,2,2026-08-26 13:51:03 UTC
Neolamprologus modestus,complete,16,2026-08-26 13:51:03 UTC
Neolamprologus mondabu,complete,26,2026-08-26 13:51:03 UTC
Neolamprologus multifasciatus,complete,4,2026-08-26 13:51:03 UTC
Neolamprologus olivaceous,complete,0,2026-08-26 13:51:03 UTC
Neolamprologus pulcher,complete,8,2026-08-26 13:51:03 UTC
Neolamprologus savoryi,complete,16,2026-08-26 13:51:03 UTC
Neolamprologus splendens,complete,0,2026-08-26 13:51:03 UTC
Neolamprologus tetracanthus,complete,12,2026-08-26 13:51:03 UTC
Neolamprologus toae,complete,8,2026-08-26 13:51:03 UTC
Neolamprologus tretocephalus,complete,30,2026-08-26 13:51:03 UTC
Neolebias ansorgii,complete,12,2026-08-26 13:51:03 UTC
Neolebias powelli,complete,0,2026-08-26 13:51:03 UTC
Neolebias trilineatus,complete,0,2026-08-26 13:51:03 UTC
Neolissochilus hexagonolepis,complete,12,2026-08-26 13:51:03 UTC
Neolissochilus soroides,complete,4,2026-08-26 13:51:03 UTC
Neolissochilus stracheyi,complete,4,2026-08-26 13:51:03 UTC
Neopomacentrus taeniurus,complete,4,2026-08-26 13:51:03 UTC
Neothremma alicia,complete,0,2026-08-26 13:51:03 UTC
Neurocordulia alabamensis,complete,0,2026-08-26 13:51:03 UTC
Nicholsina denticulata,complete,6,2026-08-26 13:51:03 UTC
Nimbapanchax jeanpoli,complete,0,2026-08-26 13:51:03 UTC
Nimbapanchax petersi,complete,0,2026-08-26 13:51:03 UTC
Nimbapanchax viridis,complete,0,2026-08-26 13:51:03 UTC
Nimbochromis fuscotaeniatus,complete,4,2026-08-26 13:51:03 UTC
Nimbochromis livingstonii,complete,4,2026-08-26 13:51:03 UTC
Nimbochromis venustus,complete,4,2026-08-26 13:51:03 UTC
Niveoscincus coventryi,complete,0,2026-08-26 13:51:03 UTC
Niveoscincus metallicus,complete,0,2026-08-26 13:51:03 UTC
Niveoscincus ocellatus,complete,0,2026-08-26 13:51:03 UTC
Nocomis asper,complete,2,2026-08-26 13:51:03 UTC
Nocomis biguttatus,complete,54,2026-08-26 13:51:03 UTC
Nocomis leptocephalus,complete,0,2026-08-26 13:51:03 UTC
Nocomis micropogon,complete,38,2026-08-26 13:51:03 UTC
Nocomis raneyi,complete,2,2026-08-26 13:51:03 UTC
Notechis scutatus,complete,46,2026-08-26 13:51:03 UTC
Notemigonus crysoleucas,complete,354,2026-08-26 13:51:03 UTC
Nothobranchius furzeri,complete,4,2026-08-26 13:51:03 UTC
Nothobranchius kafuensis,complete,0,2026-08-26 13:51:03 UTC
Nothobranchius kirki,complete,0,2026-08-26 13:51:03 UTC
Nothobranchius thierryi,complete,0,2026-08-26 13:51:03 UTC
Nothonotus aquali,complete,0,2026-08-26 13:51:03 UTC
Nothonotus microlepidus,complete,0,2026-08-26 13:51:03 UTC
Nothonotus sanguifluus,complete,0,2026-08-26 13:51:03 UTC
Notoglanidium macrostoma,complete,8,2026-08-26 13:51:03 UTC
Notolabrus celidotus,complete,272,2026-08-26 13:51:03 UTC
Notolabrus fucicola,complete,82,2026-08-26 13:51:03 UTC
Notolabrus gymnogenis,complete,52,2026-08-26 13:51:03 UTC
Notolabrus parilus,complete,64,2026-08-26 13:51:03 UTC
Notolabrus tetricus,complete,2,2026-08-26 13:51:03 UTC
Notophthalmus viridescens,complete,44,2026-08-26 13:51:03 UTC
Notopterus notopterus,complete,36,2026-08-26 13:51:03 UTC
Notothenia angustata,complete,12,2026-08-26 13:51:03 UTC
Notothenia coriiceps,complete,716,2026-08-26 13:51:03 UTC
Notothenia rossii,complete,256,2026-08-26 13:51:03 UTC
Notropis amabilis,complete,10,2026-08-26 13:51:03 UTC
Notropis ammophilus,complete,0,2026-08-26 13:51:03 UTC
Notropis amoenus,complete,0,2026-08-26 13:51:03 UTC
Notropis anogenus,complete,8,2026-08-26 13:51:03 UTC
Notropis ariommus,complete,0,2026-08-26 13:51:03 UTC
Notropis asperifrons,complete,0,2026-08-26 13:51:03 UTC
Notropis atherinoides,complete,26,2026-08-26 13:51:03 UTC
Notropis baileyi,complete,0,2026-08-26 13:51:03 UTC
Notropis blennius,complete,16,2026-08-26 13:51:03 UTC
Notropis boops,complete,4,2026-08-26 13:51:03 UTC
Notropis buccula,complete,0,2026-08-26 13:51:03 UTC
Notropis buchanani,complete,18,2026-08-26 13:51:03 UTC
Notropis candidus,complete,0,2026-08-26 13:51:03 UTC
Notropis chrosomus,complete,0,2026-08-26 13:51:03 UTC
Notropis cummingsae,complete,0,2026-08-26 13:51:03 UTC
Notropis dorsalis,complete,12,2026-08-26 13:51:03 UTC
Notropis edwardraneyi,complete,0,2026-08-26 13:51:03 UTC
Notropis girardi,complete,14,2026-08-26 13:51:03 UTC
Notropis harperi,complete,0,2026-08-26 13:51:03 UTC
Notropis heterodon,complete,50,2026-08-26 13:51:03 UTC
Notropis heterolepis,complete,32,2026-08-26 13:51:03 UTC
Notropis hudsonius,complete,76,2026-08-26 13:51:03 UTC
Notropis jemezanus,complete,0,2026-08-26 13:51:03 UTC
Notropis leuciodus,complete,0,2026-08-26 13:51:03 UTC
Notropis longirostris,complete,2,2026-08-26 13:51:03 UTC
Notropis lutipinnis,complete,8,2026-08-26 13:51:03 UTC
Notropis maculatus,complete,4,2026-08-26 13:51:03 UTC
Notropis micropteryx,complete,0,2026-08-26 13:51:03 UTC
Notropis nubilus,complete,0,2026-08-26 13:51:03 UTC
Notropis ortenburgeri,complete,0,2026-08-26 13:51:03 UTC
Notropis oxyrhynchus,complete,0,2026-08-26 13:51:03 UTC
Notropis percobromus,complete,14,2026-08-26 13:51:03 UTC
Notropis perpallidus,complete,14,2026-08-26 13:51:03 UTC
Notropis photogenis,complete,20,2026-08-26 13:51:03 UTC
Notropis pilsbryi,complete,0,2026-08-26 13:51:03 UTC
Notropis potteri,complete,0,2026-08-26 13:51:03 UTC
Notropis rafinesquei,complete,0,2026-08-26 13:51:03 UTC
Notropis rubellus,complete,18,2026-08-26 13:51:03 UTC
Notropis sabinae,complete,6,2026-08-26 13:51:03 UTC
Notropis scepticus,complete,0,2026-08-26 13:51:03 UTC
Notropis shumardi,complete,0,2026-08-26 13:51:03 UTC
Notropis simus,complete,0,2026-08-26 13:51:03 UTC
Notropis stilbius,complete,0,2026-08-26 13:51:03 UTC
Notropis stramineus,complete,16,2026-08-26 13:51:03 UTC
Notropis suttkusi,complete,0,2026-08-26 13:51:03 UTC
Notropis telescopus,complete,0,2026-08-26 13:51:03 UTC
Notropis texanus,complete,12,2026-08-26 13:51:03 UTC
Notropis topeka,complete,2,2026-08-26 13:51:03 UTC
Notropis volucellus,complete,88,2026-08-26 13:51:03 UTC
Notropis xaenocephalus,complete,0,2026-08-26 13:51:03 UTC
Noturus albater,complete,0,2026-08-26 13:51:03 UTC
Noturus baileyi,complete,0,2026-08-26 13:51:03 UTC
Noturus crypticus,complete,0,2026-08-26 13:51:03 UTC
Noturus elegans,complete,0,2026-08-26 13:51:03 UTC
Noturus eleutherus,complete,0,2026-08-26 13:51:03 UTC
Noturus exilis,complete,0,2026-08-26 13:51:03 UTC
Noturus flavater,complete,0,2026-08-26 13:51:03 UTC
Noturus flavipinnis,complete,0,2026-08-26 13:51:03 UTC
Noturus flavus,complete,54,2026-08-26 13:51:03 UTC
Noturus funebris,complete,0,2026-08-26 13:51:03 UTC
Noturus furiosus,complete,0,2026-08-26 13:51:03 UTC
Noturus gilberti,complete,0,2026-08-26 13:51:03 UTC
Noturus gladiator,complete,0,2026-08-26 13:51:03 UTC
Noturus gyrinus,complete,12,2026-08-26 13:51:03 UTC
Noturus hildebrandi,complete,0,2026-08-26 13:51:03 UTC
Noturus insignis,complete,38,2026-08-26 13:51:03 UTC
Noturus lachneri,complete,0,2026-08-26 13:51:03 UTC
Noturus leptacanthus,complete,0,2026-08-26 13:51:03 UTC
Noturus maydeni,complete,0,2026-08-26 13:51:03 UTC
Noturus miurus,complete,12,2026-08-26 13:51:03 UTC
Noturus munitus,complete,0,2026-08-26 13:51:03 UTC
Noturus nocturnus,complete,0,2026-08-26 13:51:03 UTC
Noturus phaeus,complete,0,2026-08-26 13:51:03 UTC
Noturus placidus,complete,0,2026-08-26 13:51:03 UTC
Noturus stanauli,complete,0,2026-08-26 13:51:03 UTC
Noturus stigmosus,complete,16,2026-08-26 13:51:03 UTC
Noturus taylori,complete,0,2026-08-26 13:51:03 UTC
Novaculichthys taeniourus,complete,64,2026-08-26 13:51:03 UTC
Novaculoides macrolepidotus,complete,22,2026-08-26 13:51:03 UTC
Novumbra hubbsi,complete,0,2026-08-26 13:51:03 UTC
Nucella lapillus,complete,97,2026-08-26 13:51:03 UTC
Nychia limpida,complete,0,2026-08-26 13:51:03 UTC
Nyungara bunni,complete,0,2026-08-26 13:51:03 UTC
Oblada melanura,complete,84,2026-08-26 13:51:03 UTC
Occidozyga laevis,complete,0,2026-08-26 13:51:03 UTC
Ochetobius elongatus,complete,0,2026-08-26 13:51:03 UTC
Ocymyrmex barbiger,complete,0,2026-08-26 13:51:03 UTC
Ocymyrmex velox,complete,0,2026-08-26 13:51:03 UTC
Ocyurus chrysurus,complete,1088,2026-08-26 13:51:03 UTC
Odax cyanoallix,complete,0,2026-08-26 13:51:03 UTC
Odaxothrissa losera,complete,12,2026-08-26 13:51:03 UTC
Odontaster validus,complete,554,2026-08-26 13:51:03 UTC
Odontesthes argentinensis,complete,14,2026-08-26 13:51:03 UTC
Odontesthes bonariensis,complete,10,2026-08-26 13:51:03 UTC
Odontesthes nigricans,complete,0,2026-08-26 13:51:03 UTC
Oedothorax apicatus,complete,82,2026-08-26 13:51:03 UTC
Offadens soror,complete,0,2026-08-26 13:51:03 UTC
Oligocottus maculosus,complete,52,2026-08-26 13:51:03 UTC
Oligolepis acutipennis,complete,6,2026-08-26 13:51:03 UTC
Oligophlebodes ardis,complete,0,2026-08-26 13:51:03 UTC
Oligophlebodes minutus,complete,0,2026-08-26 13:51:03 UTC
Olisthops cyanomelas,complete,4,2026-08-26 13:51:03 UTC
Olyra longicaudata,complete,0,2026-08-26 13:51:03 UTC
Ompok bimaculatus,complete,28,2026-08-26 13:51:03 UTC
Ompok malabaricus,complete,4,2026-08-26 13:51:03 UTC
Ompok pabda,complete,0,2026-08-26 13:51:03 UTC
Ompok pabo,complete,0,2026-08-26 13:51:03 UTC
Onchidium tumidum,complete,0,2026-08-26 13:51:03 UTC
Oncorhynchus apache,complete,0,2026-08-26 13:51:03 UTC
Oncorhynchus clarkii,complete,202,2026-08-26 13:51:03 UTC
Oncorhynchus gilae,complete,0,2026-08-26 13:51:03 UTC
Oncorhynchus gorbuscha,complete,432,2026-08-26 13:51:03 UTC
Oncorhynchus keta,complete,486,2026-08-26 13:51:03 UTC
Oncorhynchus kisutch,complete,568,2026-08-26 13:51:03 UTC
Oncorhynchus mykiss,complete,2402,2026-08-26 13:51:03 UTC
Oncorhynchus nerka,complete,458,2026-08-26 13:51:03 UTC
Oncorhynchus tshawytscha,complete,752,2026-08-26 13:51:03 UTC
Onisimus litoralis,complete,0,2026-08-26 13:51:03 UTC
Onychiurus vontoernei,complete,0,2026-08-26 13:51:03 UTC
Onychostoma barbatulum,complete,0,2026-08-26 13:51:03 UTC
Onychostoma gerlachi,complete,0,2026-08-26 13:51:03 UTC
Onychostoma lepturum,complete,0,2026-08-26 13:51:03 UTC
Onychostoma ovale,complete,0,2026-08-26 13:51:03 UTC
Onychostoma simum,complete,0,2026-08-26 13:51:03 UTC
Onymacris bicolor,complete,0,2026-08-26 13:51:03 UTC
Onymacris marginipennis,complete,0,2026-08-26 13:51:03 UTC
Onymacris plana,complete,0,2026-08-26 13:51:03 UTC
Onymacris rugatipennis,complete,0,2026-08-26 13:51:03 UTC
Onymacris unguicularis,complete,0,2026-08-26 13:51:03 UTC
Ophioblennius steindachneri,complete,6,2026-08-26 13:51:03 UTC
Ophiocara porocephala,complete,10,2026-08-26 13:51:03 UTC
Ophiogomphus rupinsulensis,complete,0,2026-08-26 13:51:03 UTC
Ophioneries fasciata,complete,0,2026-08-26 13:51:03 UTC
Ophiostigma abnorme,complete,0,2026-08-26 13:51:03 UTC
Ophthalmolepis lineolata,complete,42,2026-08-26 13:51:03 UTC
Ophthalmotilapia boops,complete,4,2026-08-26 13:51:03 UTC
Ophthalmotilapia heterodonta,complete,0,2026-08-26 13:51:03 UTC
Ophthalmotilapia nasuta,complete,14,2026-08-26 13:51:03 UTC
Ophthalmotilapia ventralis,complete,12,2026-08-26 13:51:03 UTC
Opsaridium peringueyi,complete,0,2026-08-26 13:51:03 UTC
Opsaridium ubangiense,complete,0,2026-08-26 13:51:03 UTC
Opsariichthys bidens,complete,0,2026-08-26 13:51:03 UTC
Opsarius koratensis,complete,6,2026-08-26 13:51:03 UTC
Opsarius pulchellus,complete,6,2026-08-26 13:51:03 UTC
Opsopoeodus emiliae,complete,18,2026-08-26 13:51:03 UTC
Optioservus quadrimaculatus,complete,0,2026-08-26 13:51:03 UTC
Orconectes rusticus,complete,0,2026-08-26 13:51:03 UTC
Orconectes virilis,complete,0,2026-08-26 13:51:03 UTC
Oregonichthys crameri,complete,0,2026-08-26 13:51:03 UTC
Oregonichthys kalawatseti,complete,0,2026-08-26 13:51:03 UTC
Oreochromis amphimelas,complete,0,2026-08-26 13:51:03 UTC
Oreochromis andersonii,complete,54,2026-08-26 13:51:03 UTC
Oreochromis esculentus,complete,46,2026-08-26 13:51:03 UTC
Oreochromis grahami,complete,18,2026-08-26 13:51:03 UTC
Oreochromis karongae,complete,18,2026-08-26 13:51:03 UTC
Oreochromis mossambicus,complete,758,2026-08-26 13:51:03 UTC
Oreochromis niloticus,complete,506,2026-08-26 13:51:03 UTC
Oreochromis tanganicae,complete,8,2026-08-26 13:51:03 UTC
Oreochromis upembae,complete,10,2026-08-26 13:51:03 UTC
Oreonectes platycephalus,complete,8,2026-08-26 13:51:03 UTC
Orthochromis machadoi,complete,0,2026-08-26 13:51:03 UTC
Orthochromis malagaraziensis,complete,0,2026-08-26 13:51:03 UTC
Orthochromis mazimeroensis,complete,4,2026-08-26 13:51:03 UTC
Orthochromis polyacanthus,complete,0,2026-08-26 13:51:03 UTC
Orthodon microlepidotus,complete,0,2026-08-26 13:51:03 UTC
Orthopristis ruber,complete,54,2026-08-26 13:51:03 UTC
Oryzias curvinotus,complete,0,2026-08-26 13:51:03 UTC
Oryzias dancena,complete,0,2026-08-26 13:51:03 UTC
Oryzias mekongensis,complete,4,2026-08-26 13:51:03 UTC
Oryzias minutillus,complete,0,2026-08-26 13:51:03 UTC
Osmerus dentex,complete,50,2026-08-26 13:51:03 UTC
Osmerus eperlanus,complete,266,2026-08-26 13:51:03 UTC
Osmerus mordax,complete,294,2026-08-26 13:51:03 UTC
Osphronemus exodon,complete,20,2026-08-26 13:51:03 UTC
Osphronemus goramy,complete,42,2026-08-26 13:51:03 UTC
Osteochilus lini,complete,8,2026-08-26 13:51:03 UTC
Osteochilus melanopleurus,complete,16,2026-08-26 13:51:03 UTC
Osteochilus microcephalus,complete,6,2026-08-26 13:51:03 UTC
Osteochilus salsburyi,complete,0,2026-08-26 13:51:03 UTC
Osteochilus spilurus,complete,0,2026-08-26 13:51:03 UTC
Osteochilus vittatus,complete,30,2026-08-26 13:51:03 UTC
Osteochilus waandersii,complete,6,2026-08-26 13:51:03 UTC
Ostorhinchus aureus,complete,32,2026-08-26 13:51:03 UTC
Otopharynx brooksi,complete,4,2026-08-26 13:51:03 UTC
Oxycheilinus bimaculatus,complete,78,2026-08-26 13:51:03 UTC
Oxycheilinus celebicus,complete,34,2026-08-26 13:51:03 UTC
Oxycheilinus digramma,complete,58,2026-08-26 13:51:03 UTC
Oxycheilinus unifasciatus,complete,52,2026-08-26 13:51:03 UTC
Oxyeleotris marmorata,complete,20,2026-08-26 13:51:03 UTC
Oxygymnocypris stewartii,complete,0,2026-08-26 13:51:03 UTC
Oxyjulis californica,complete,120,2026-08-26 13:51:03 UTC
Oxylapia polli,complete,0,2026-08-26 13:51:03 UTC
Oxymormyrus zanclirostris,complete,0,2026-08-26 13:51:03 UTC
Oxynoemacheilus bureschi,complete,0,2026-08-26 13:51:03 UTC
Oxynoemacheilus merga,complete,0,2026-08-26 13:51:03 UTC
Oxynoemacheilus pindus,complete,0,2026-08-26 13:51:03 UTC
Paa spinosa,complete,0,2026-08-26 13:51:03 UTC
Pachycara brachycephalum,complete,94,2026-08-26 13:51:03 UTC
Pachychilon macedonicum,complete,0,2026-08-26 13:51:03 UTC
Pachychilon pictum,complete,18,2026-08-26 13:51:03 UTC
Pachycondyla chinensis,complete,24,2026-08-26 13:51:03 UTC
Pachycondyla faisonensis,complete,0,2026-08-26 13:51:03 UTC
Pachycondyla tridentata,complete,0,2026-08-26 13:51:03 UTC
Pachydiplax longipennis,complete,24,2026-08-26 13:51:03 UTC
Pachygrapsus marmoratus,complete,224,2026-08-26 13:51:03 UTC
Pachymedusa dacnicolor,complete,0,2026-08-26 13:51:03 UTC
Pachymetopon aeneum,complete,6,2026-08-26 13:51:03 UTC
Pachypanchax omalonotus,complete,0,2026-08-26 13:51:03 UTC
Pacifastacus leniusculus,complete,92,2026-08-26 13:51:03 UTC
Padogobius bonelli,complete,1468,2026-08-26 13:51:03 UTC
Padogobius nigricans,complete,4,2026-08-26 13:51:03 UTC
Pagellus acarne,complete,174,2026-08-26 13:51:03 UTC
Pagellus bellottii,complete,16,2026-08-26 13:51:03 UTC
Pagellus bogaraveo,complete,410,2026-08-26 13:51:03 UTC
Pagothenia borchgrevinki,complete,154,2026-08-26 13:51:03 UTC
Pagrus auratus,complete,206,2026-08-26 13:51:03 UTC
Pagrus auriga,complete,60,2026-08-26 13:51:03 UTC
Pagrus caeruleostictus,complete,132,2026-08-26 13:51:03 UTC
Pagrus major,complete,366,2026-08-26 13:51:03 UTC
Pagurus bernhardus,complete,152,2026-08-26 13:51:03 UTC
Palaemon capensis,complete,0,2026-08-26 13:51:03 UTC
Palaemon carinicauda,complete,0,2026-08-26 13:51:03 UTC
Palaemon elegans,complete,232,2026-08-26 13:51:03 UTC
Palaemon kadiakensis,complete,0,2026-08-26 13:51:03 UTC
Palaemon longirostris,complete,98,2026-08-26 13:51:03 UTC
Palaemon macrodactylus,complete,18,2026-08-26 13:51:03 UTC
Palaemon northropi,complete,56,2026-08-26 13:51:03 UTC
Palaemon varians,complete,22,2026-08-26 13:51:03 UTC
Palirhoeus eatoni,complete,0,2026-08-26 13:51:03 UTC
Pallidochromis tokolosh,complete,0,2026-08-26 13:51:03 UTC
Pangasianodon gigas,complete,8,2026-08-26 13:51:03 UTC
Pangasianodon hypophthalmus,complete,16,2026-08-26 13:51:03 UTC
Pangasius bocourti,complete,26,2026-08-26 13:51:03 UTC
Pangasius conchophilus,complete,22,2026-08-26 13:51:03 UTC
Pangasius larnaudii,complete,18,2026-08-26 13:51:03 UTC
Pangasius macronema,complete,12,2026-08-26 13:51:03 UTC
Pangasius pangasius,complete,24,2026-08-26 13:51:03 UTC
Pangasius sanitwongsei,complete,6,2026-08-26 13:51:03 UTC
Pangio cuneovirgata,complete,0,2026-08-26 13:51:03 UTC
Pangio kuhlii,complete,0,2026-08-26 13:51:03 UTC
Pangio pangia,complete,0,2026-08-26 13:51:03 UTC
Pantodon buchholzi,complete,14,2026-08-26 13:51:03 UTC
Pao leiurus,complete,12,2026-08-26 13:51:03 UTC
Parablennius incognitus,complete,50,2026-08-26 13:51:03 UTC
Parablennius marmoreus,complete,228,2026-08-26 13:51:03 UTC
Parablennius pilicornis,complete,26,2026-08-26 13:51:03 UTC
Parablennius rouxi,complete,24,2026-08-26 13:51:03 UTC
Parablennius ruber,complete,36,2026-08-26 13:51:03 UTC
Parablennius salensis,complete,0,2026-08-26 13:51:03 UTC
Parablennius sanguinolentus,complete,14,2026-08-26 13:51:03 UTC
Parablennius tentacularis,complete,24,2026-08-26 13:51:03 UTC
Parablennius zvonimiri,complete,18,2026-08-26 13:51:03 UTC
Parabramis pekinensis,complete,4,2026-08-26 13:51:03 UTC
Paracalliope fluviatilis,complete,54,2026-08-26 13:51:03 UTC
Paracanthurus hepatus,complete,34,2026-08-26 13:51:03 UTC
Parachaetodon ocellatus,complete,52,2026-08-26 13:51:03 UTC
Paracheirodon axelrodi,complete,8,2026-08-26 13:51:03 UTC
Paracheirodon innesi,complete,20,2026-08-26 13:51:03 UTC
Paracheirodon simulans,complete,0,2026-08-26 13:51:03 UTC
Parachela maculicauda,complete,6,2026-08-26 13:51:03 UTC
Parachela oxygastroides,complete,8,2026-08-26 13:51:03 UTC
Parachela siamensis,complete,0,2026-08-26 13:51:03 UTC
Parachela williaminae,complete,0,2026-08-26 13:51:03 UTC
Parachondrostoma arrigonis,complete,0,2026-08-26 13:51:03 UTC
Parachondrostoma miegii,complete,4,2026-08-26 13:51:03 UTC
Parachondrostoma toxostoma,complete,1302,2026-08-26 13:51:03 UTC
Parachondrostoma turiensis,complete,0,2026-08-26 13:51:03 UTC
Paractora dreuxi,complete,0,2026-08-26 13:51:03 UTC
Paracyprichromis brieni,complete,4,2026-08-26 13:51:03 UTC
Paracyprichromis nigripinnis,complete,4,2026-08-26 13:51:03 UTC
Paragnetina media,complete,64,2026-08-26 13:51:03 UTC
Paralabrax albomaculatus,complete,4,2026-08-26 13:51:03 UTC
Paralabrax auroguttatus,complete,0,2026-08-26 13:51:03 UTC
Paralabrax callaensis,complete,0,2026-08-26 13:51:03 UTC
Paralabrax clathratus,complete,348,2026-08-26 13:51:03 UTC
Paralabrax dewegeri,complete,0,2026-08-26 13:51:03 UTC
Paralabrax humeralis,complete,104,2026-08-26 13:51:03 UTC
Paralabrax loro,complete,0,2026-08-26 13:51:03 UTC
Paralabrax nebulifer,complete,158,2026-08-26 13:51:03 UTC
Paralaubuca typus,complete,6,2026-08-26 13:51:03 UTC
Paraleptophlebia debilis,complete,0,2026-08-26 13:51:03 UTC
Paraleptophlebia heteronea,complete,0,2026-08-26 13:51:03 UTC
Paralichthys californicus,complete,458,2026-08-26 13:51:03 UTC
Paralichthys lethostigma,complete,344,2026-08-26 13:51:03 UTC
Paralichthys olivaceus,complete,174,2026-08-26 13:51:03 UTC
Parambassis ranga,complete,6,2026-08-26 13:51:03 UTC
Parambassis wolffii,complete,8,2026-08-26 13:51:03 UTC
Paramelita capensis,complete,0,2026-08-26 13:51:03 UTC
Paramelita nigroculus,complete,0,2026-08-26 13:51:03 UTC
Paramormyrops curvifrons,complete,0,2026-08-26 13:51:03 UTC
Paramormyrops gabonensis,complete,0,2026-08-26 13:51:03 UTC
Paramormyrops hopkinsi,complete,0,2026-08-26 13:51:03 UTC
Paramormyrops longicaudatus,complete,0,2026-08-26 13:51:03 UTC
Paranephrops planifrons,complete,0,2026-08-26 13:51:03 UTC
Parapsyche apicalis,complete,0,2026-08-26 13:51:03 UTC
Parapsyche elsis,complete,0,2026-08-26 13:51:03 UTC
Parasesarma catenatum,complete,0,2026-08-26 13:51:03 UTC
Parasphaerichthys ocellatus,complete,0,2026-08-26 13:51:03 UTC
Paratendipes albimanus,complete,8,2026-08-26 13:51:03 UTC
Paratrechina yambaru,complete,0,2026-08-26 13:51:03 UTC
Paratya curvirostris,complete,0,2026-08-26 13:51:03 UTC
Parauchenoglanis balayi,complete,0,2026-08-26 13:51:03 UTC
Parazacco spilurus,complete,2,2026-08-26 13:51:03 UTC
Parcoblatta pennsylvanica,complete,2,2026-08-26 13:51:03 UTC
Pardosa nigriceps,complete,2,2026-08-26 13:51:03 UTC
Paretroplus dambabe,complete,0,2026-08-26 13:51:03 UTC
Paretroplus damii,complete,0,2026-08-26 13:51:03 UTC
Paretroplus kieneri,complete,0,2026-08-26 13:51:03 UTC
Paretroplus maculatus,complete,0,2026-08-26 13:51:03 UTC
Paretroplus maromandia,complete,0,2026-08-26 13:51:03 UTC
Paretroplus menarambo,complete,0,2026-08-26 13:51:03 UTC
Paretroplus nourissati,complete,0,2026-08-26 13:51:03 UTC
Paretroplus polyactis,complete,0,2026-08-26 13:51:03 UTC
Paretroplus tsimoly,complete,10,2026-08-26 13:51:03 UTC
Pareutropius debauwi,complete,0,2026-08-26 13:51:03 UTC
Parochlus steinenii,complete,0,2026-08-26 13:51:03 UTC
Parodon carrikeri,complete,0,2026-08-26 13:51:03 UTC
Parophrys vetulus,complete,186,2026-08-26 13:51:03 UTC
Paroster macrosturtensis,complete,6,2026-08-26 13:51:03 UTC
Paroster mesosturtensis,complete,12,2026-08-26 13:51:03 UTC
Paroster nigroadumbratus,complete,0,2026-08-26 13:51:03 UTC
Parvoscincus decipiens,complete,0,2026-08-26 13:51:03 UTC
Patiriella brevispina,complete,0,2026-08-26 13:51:03 UTC
Pedioplanis lineoocellata,complete,0,2026-08-26 13:51:03 UTC
Pegusa lascaris,complete,154,2026-08-26 13:51:03 UTC
Pelasgus laconicus,complete,6,2026-08-26 13:51:03 UTC
Pelasgus marathonicus,complete,0,2026-08-26 13:51:03 UTC
Pelasgus minutus,complete,0,2026-08-26 13:51:03 UTC
Pelasgus prespensis,complete,0,2026-08-26 13:51:03 UTC
Pelasgus stymphalicus,complete,6,2026-08-26 13:51:03 UTC
Pelecus cultratus,complete,54,2026-08-26 13:51:03 UTC
Pellonula vorax,complete,6,2026-08-26 13:51:03 UTC
Pelmatochromis buettikoferi,complete,0,2026-08-26 13:51:03 UTC
Pelmatochromis nigrofasciatus,complete,0,2026-08-26 13:51:03 UTC
Pelvicachromis humilis,complete,0,2026-08-26 13:51:03 UTC
Pelvicachromis pulcher,complete,8,2026-08-26 13:51:03 UTC
Penaeus monodon,complete,48,2026-08-26 13:51:03 UTC
Penaeus setiferus,complete,96,2026-08-26 13:51:03 UTC
Penaeus stylirostris,complete,0,2026-08-26 13:51:03 UTC
Penaeus vannamei,complete,22,2026-08-26 13:51:03 UTC
Pentapodus setosus,complete,4,2026-08-26 13:51:03 UTC
Perca flavescens,complete,568,2026-08-26 13:51:03 UTC
Perca fluviatilis,complete,2450,2026-08-26 13:51:03 UTC
Perccottus glenii,complete,28,2026-08-26 13:51:03 UTC
Percina antesella,complete,0,2026-08-26 13:51:03 UTC
Percina aurantiaca,complete,4,2026-08-26 13:51:03 UTC
Percina aurolineata,complete,0,2026-08-26 13:51:03 UTC
Percina aurora,complete,0,2026-08-26 13:51:03 UTC
Percina austroperca,complete,0,2026-08-26 13:51:03 UTC
Percina brevicauda,complete,0,2026-08-26 13:51:03 UTC
Percina burtoni,complete,0,2026-08-26 13:51:03 UTC
Percina caprodes,complete,28,2026-08-26 13:51:03 UTC
Percina carbonaria,complete,0,2026-08-26 13:51:03 UTC
Percina copelandi,complete,8,2026-08-26 13:51:03 UTC
Percina crassa,complete,0,2026-08-26 13:51:03 UTC
Percina cymatotaenia,complete,0,2026-08-26 13:51:03 UTC
Percina evides,complete,0,2026-08-26 13:51:03 UTC
Percina fulvitaenia,complete,0,2026-08-26 13:51:03 UTC
Percina gymnocephala,complete,0,2026-08-26 13:51:03 UTC
Percina jenkinsi,complete,0,2026-08-26 13:51:03 UTC
Percina kathae,complete,0,2026-08-26 13:51:03 UTC
Percina kusha,complete,0,2026-08-26 13:51:03 UTC
Percina lenticula,complete,0,2026-08-26 13:51:03 UTC
Percina macrocephala,complete,0,2026-08-26 13:51:03 UTC
Percina macrolepida,complete,0,2026-08-26 13:51:03 UTC
Percina maculata,complete,24,2026-08-26 13:51:03 UTC
Percina nasuta,complete,0,2026-08-26 13:51:03 UTC
Percina nevisense,complete,0,2026-08-26 13:51:03 UTC
Percina nigrofasciata,complete,6,2026-08-26 13:51:03 UTC
Percina notogramma,complete,4,2026-08-26 13:51:03 UTC
Percina oxyrhynchus,complete,0,2026-08-26 13:51:03 UTC
Percina palmaris,complete,0,2026-08-26 13:51:03 UTC
Percina pantherina,complete,0,2026-08-26 13:51:03 UTC
Percina peltata,complete,0,2026-08-26 13:51:03 UTC
Percina phoxocephala,complete,0,2026-08-26 13:51:03 UTC
Percina rex,complete,0,2026-08-26 13:51:03 UTC
Percina roanoka,complete,0,2026-08-26 13:51:03 UTC
Percina sciera,complete,24,2026-08-26 13:51:03 UTC
Percina shumardi,complete,12,2026-08-26 13:51:03 UTC
Percina sipsi,complete,0,2026-08-26 13:51:03 UTC
Percina smithvanizi,complete,0,2026-08-26 13:51:03 UTC
Percina squamata,complete,2,2026-08-26 13:51:03 UTC
Percina stictogaster,complete,0,2026-08-26 13:51:03 UTC
Percina suttkusi,complete,0,2026-08-26 13:51:03 UTC
Percina tanasi,complete,0,2026-08-26 13:51:03 UTC
Percina uranidea,complete,0,2026-08-26 13:51:03 UTC
Percina vigil,complete,0,2026-08-26 13:51:03 UTC
Percocypris tchangi,complete,0,2026-08-26 13:51:03 UTC
Percopsis omiscomaycus,complete,108,2026-08-26 13:51:03 UTC
Percopsis transmontana,complete,14,2026-08-26 13:51:03 UTC
Periophthalmus argentilineatus,complete,20,2026-08-26 13:51:03 UTC
Periophthalmus barbarus,complete,22,2026-08-26 13:51:03 UTC
Periophthalmus kalolo,complete,14,2026-08-26 13:51:03 UTC
Perissodus eccentricus,complete,4,2026-08-26 13:51:03 UTC
Perissodus microlepis,complete,174,2026-08-26 13:51:03 UTC
Pethia conchonius,complete,16,2026-08-26 13:51:03 UTC
Pethia gelius,complete,6,2026-08-26 13:51:03 UTC
Pethia phutunio,complete,16,2026-08-26 13:51:03 UTC
Pethia ticto,complete,28,2026-08-26 13:51:03 UTC
Petrocephalus balayi,complete,0,2026-08-26 13:51:03 UTC
Petrocephalus binotatus,complete,0,2026-08-26 13:51:03 UTC
Petrocephalus christyi,complete,0,2026-08-26 13:51:03 UTC
Petrocephalus grandoculis,complete,0,2026-08-26 13:51:03 UTC
Petrocephalus microphthalmus,complete,0,2026-08-26 13:51:03 UTC
Petrocephalus pallidomaculatus,complete,0,2026-08-26 13:51:03 UTC
Petrocephalus sauvagii,complete,0,2026-08-26 13:51:03 UTC
Petrocephalus simus,complete,0,2026-08-26 13:51:03 UTC
Petrocephalus soudanensis,complete,0,2026-08-26 13:51:03 UTC
Petrocephalus sullivani,complete,0,2026-08-26 13:51:03 UTC
Petrochromis famula,complete,8,2026-08-26 13:51:03 UTC
Petrochromis orthognathus,complete,8,2026-08-26 13:51:03 UTC
Petrochromis polyodon,complete,8,2026-08-26 13:51:03 UTC
Petrochromis trewavasae,complete,16,2026-08-26 13:51:03 UTC
Petroleuciscus borysthenicus,complete,18,2026-08-26 13:51:03 UTC
Petrolisthes armatus,complete,0,2026-08-26 13:51:03 UTC
Petrolisthes cabrilloi,complete,0,2026-08-26 13:51:03 UTC
Petrolisthes cinctipes,complete,0,2026-08-26 13:51:03 UTC
Petrolisthes eriomerus,complete,0,2026-08-26 13:51:03 UTC
Petrolisthes gracilis,complete,0,2026-08-26 13:51:03 UTC
Petrolisthes hirtipes,complete,0,2026-08-26 13:51:03 UTC
Petrolisthes manimaculis,complete,0,2026-08-26 13:51:03 UTC
Petromyzon marinus,complete,248,2026-08-26 13:51:03 UTC
Petrosaurus mearnsi,complete,0,2026-08-26 13:51:03 UTC
Petrothrincus circularis,complete,0,2026-08-26 13:51:03 UTC
Petrus rupestris,complete,10,2026-08-26 13:51:03 UTC
Phagocata gracilis,complete,8,2026-08-26 13:51:03 UTC
Phalacronotus apogon,complete,4,2026-08-26 13:51:03 UTC
Phalacronotus bleekeri,complete,4,2026-08-26 13:51:03 UTC
Pharyngochromis acuticeps,complete,0,2026-08-26 13:51:03 UTC
Pheidole noda,complete,0,2026-08-26 13:51:03 UTC
Pheidole pallldula,complete,0,2026-08-26 13:51:03 UTC
Pheidole tenuinodis,complete,0,2026-08-26 13:51:03 UTC
Phenacobius catostomus,complete,0,2026-08-26 13:51:03 UTC
Phenacobius crassilabrum,complete,0,2026-08-26 13:51:03 UTC
Phenacobius mirabilis,complete,4,2026-08-26 13:51:03 UTC
Phenacobius teretulus,complete,0,2026-08-26 13:51:03 UTC
Phenacobius uranops,complete,0,2026-08-26 13:51:03 UTC
Phenacogrammus ansorgii,complete,0,2026-08-26 13:51:03 UTC
Phenacogrammus aurantiacus,complete,0,2026-08-26 13:51:03 UTC
Phenacogrammus interruptus,complete,20,2026-08-26 13:51:03 UTC
Philautus surdus,complete,0,2026-08-26 13:51:03 UTC
Philodromus aureolus,complete,8,2026-08-26 13:51:03 UTC
Philoria frosti,complete,0,2026-08-26 13:51:03 UTC
Philoria loveridgei,complete,0,2026-08-26 13:51:03 UTC
Philoria sphagnicola,complete,0,2026-08-26 13:51:03 UTC
Pholis ornata,complete,10,2026-08-26 13:51:03 UTC
Phoxinellus alepidotus,complete,0,2026-08-26 13:51:03 UTC
Phoxinellus dalmaticus,complete,0,2026-08-26 13:51:03 UTC
Phoxinellus pseudalepidotus,complete,0,2026-08-26 13:51:03 UTC
Phoxinus bigerri,complete,4,2026-08-26 13:51:03 UTC
Phoxinus erythrogaster,complete,0,2026-08-26 13:51:03 UTC
Phoxinus oxycephalus,complete,8,2026-08-26 13:51:03 UTC
Phoxinus phoxinus,complete,3052,2026-08-26 13:51:03 UTC
Phractura longicauda,complete,0,2026-08-26 13:51:03 UTC
Phrurolithus festivus,complete,76,2026-08-26 13:51:03 UTC
Phrynosoma cornutum,complete,2,2026-08-26 13:51:03 UTC
Phrynosoma coronatum,complete,0,2026-08-26 13:51:03 UTC
Phrynosoma douglassii,complete,0,2026-08-26 13:51:03 UTC
Phrynosoma platyrhinos,complete,22,2026-08-26 13:51:03 UTC
Phyllonemus typus,complete,6,2026-08-26 13:51:03 UTC
Phyllorhynchus decurtatus,complete,8,2026-08-26 13:51:03 UTC
Phymaturus antofagastensis,complete,0,2026-08-26 13:51:03 UTC
Phymaturus dorsimaculatus,complete,0,2026-08-26 13:51:03 UTC
Phymaturus indistinctus,complete,0,2026-08-26 13:51:03 UTC
Phymaturus palluma,complete,0,2026-08-26 13:51:03 UTC
Phymaturus patagonicus,complete,0,2026-08-26 13:51:03 UTC
Phymaturus somuncurensis,complete,0,2026-08-26 13:51:03 UTC
Phymaturus tenebrosus,complete,0,2026-08-26 13:51:03 UTC
Phymaturus zapalensis,complete,0,2026-08-26 13:51:03 UTC
Physa acuta,complete,0,2026-08-26 13:51:03 UTC
Physa fontinalis,complete,4,2026-08-26 13:51:03 UTC
Physadesmia globosa,complete,0,2026-08-26 13:51:03 UTC
Piabina thomasi,complete,0,2026-08-26 13:51:03 UTC
Piaractus brachypomus,complete,36,2026-08-26 13:51:03 UTC
Piaractus mesopotamicus,complete,282,2026-08-26 13:51:03 UTC
Pictilabrus laticlavius,complete,60,2026-08-26 13:51:03 UTC
Pimephales notatus,complete,118,2026-08-26 13:51:03 UTC
Pimephales promelas,complete,196,2026-08-26 13:51:03 UTC
Pimephales tenellus,complete,0,2026-08-26 13:51:03 UTC
Pimephales vigilax,complete,0,2026-08-26 13:51:03 UTC
Pinoyscincus abdictus,complete,0,2026-08-26 13:51:03 UTC
Pinoyscincus jagori,complete,0,2026-08-26 13:51:03 UTC
Pituophis catenifer,complete,386,2026-08-26 13:51:03 UTC
Placidochromis polli,complete,0,2026-08-26 13:51:03 UTC
Placocheilus cryptonemus,complete,0,2026-08-26 13:51:03 UTC
Plagiognathops microlepis,complete,0,2026-08-26 13:51:03 UTC
Plagiolepis pygmaea,complete,2,2026-08-26 13:51:03 UTC
Plagiotremus azaleus,complete,10,2026-08-26 13:51:03 UTC
Plagopterus argentissimus,complete,34,2026-08-26 13:51:03 UTC
Planiliza haematocheilus,complete,12,2026-08-26 13:51:03 UTC
Planiliza subviridis,complete,36,2026-08-26 13:51:03 UTC
Planorbarius corneus,complete,24,2026-08-26 13:51:03 UTC
Planorbis carinatus,complete,62,2026-08-26 13:51:03 UTC
Planorbis planorbis,complete,4,2026-08-26 13:51:03 UTC
Platichthys flesus,complete,1034,2026-08-26 13:51:03 UTC
Platygobio gracilis,complete,162,2026-08-26 13:51:03 UTC
Platymantis banahao,complete,0,2026-08-26 13:51:03 UTC
Platymantis corrugatus,complete,0,2026-08-26 13:51:03 UTC
Platymantis dorsalis,complete,0,2026-08-26 13:51:03 UTC
Platymantis luzonensis,complete,0,2026-08-26 13:51:03 UTC
Platysaurus intermedius,complete,0,2026-08-26 13:51:03 UTC
Plecodus elaviae,complete,4,2026-08-26 13:51:03 UTC
Plecodus multidentatus,complete,6,2026-08-26 13:51:03 UTC
Plecodus paradoxus,complete,4,2026-08-26 13:51:03 UTC
Plecodus straeleni,complete,162,2026-08-26 13:51:03 UTC
Plecoglossus altivelis,complete,164,2026-08-26 13:51:03 UTC
Plestiodon chinensis,complete,2,2026-08-26 13:51:03 UTC
Plestiodon elegans,complete,0,2026-08-26 13:51:03 UTC
Plestiodon gilberti,complete,2,2026-08-26 13:51:03 UTC
Plestiodon obsoletus,complete,0,2026-08-26 13:51:03 UTC
Plestiodon skiltonianus,complete,4,2026-08-26 13:51:03 UTC
Plethodon glutinosus,complete,2,2026-08-26 13:51:03 UTC
Pleurocera semicarinata,complete,0,2026-08-26 13:51:03 UTC
Pleuronectes platessa,complete,1966,2026-08-26 13:51:03 UTC
Pleuronectus platessa,complete,0,2026-08-26 13:51:03 UTC
Plotosus lineatus,complete,100,2026-08-26 13:51:03 UTC
Podacarus auberti,complete,0,2026-08-26 13:51:03 UTC
Podarcis bocagei,complete,2,2026-08-26 13:51:03 UTC
Podarcis hispanica,complete,2,2026-08-26 13:51:03 UTC
Podarcis lilfordi,complete,12,2026-08-26 13:51:03 UTC
Podarcis muralis,complete,94,2026-08-26 13:51:03 UTC
Podarcis tiliguerta,complete,0,2026-08-26 13:51:03 UTC
Poecilia caucana,complete,8,2026-08-26 13:51:03 UTC
Poecilia formosa,complete,4,2026-08-26 13:51:03 UTC
Poecilia latipinna,complete,104,2026-08-26 13:51:03 UTC
Poecilia mexicana,complete,2,2026-08-26 13:51:03 UTC
Poecilia reticulata,complete,66,2026-08-26 13:51:03 UTC
Poecilia sphenops,complete,16,2026-08-26 13:51:03 UTC
Poecilia vivipara,complete,26,2026-08-26 13:51:03 UTC
Poeciliopsis monacha,complete,0,2026-08-26 13:51:03 UTC
Poeciliopsis occidentalis,complete,0,2026-08-26 13:51:03 UTC
Pogonichthys macrolepidotus,complete,2,2026-08-26 13:51:03 UTC
Pogonomyrmex barbatus,complete,2,2026-08-26 13:51:03 UTC
Pogonomyrmex californicus,complete,18,2026-08-26 13:51:03 UTC
Pogonomyrmex desertorum,complete,22,2026-08-26 13:51:03 UTC
Pogonomyrmex rugosus,complete,8,2026-08-26 13:51:03 UTC
Pollimyrus adspersus,complete,22,2026-08-26 13:51:03 UTC
Pollimyrus castelnaui,complete,8,2026-08-26 13:51:03 UTC
Pollimyrus marianne,complete,0,2026-08-26 13:51:03 UTC
Pollimyrus petricolus,complete,0,2026-08-26 13:51:03 UTC
Polyamblyodon germanum,complete,12,2026-08-26 13:51:03 UTC
Polycelis nigra,complete,0,2026-08-26 13:51:03 UTC
Polycentropsis abbreviata,complete,0,2026-08-26 13:51:03 UTC
Polyodon spathula,complete,46,2026-08-26 13:51:03 UTC
Polypedilum australotropicus,complete,0,2026-08-26 13:51:03 UTC
Polyrhachis bihamata,complete,0,2026-08-26 13:51:03 UTC
Polyrhachis furcata,complete,0,2026-08-26 13:51:03 UTC
Polysteganus praeorbitalis,complete,4,2026-08-26 13:51:03 UTC
Pomacanthus arcuatus,complete,660,2026-08-26 13:51:03 UTC
Pomacanthus imperator,complete,76,2026-08-26 13:51:03 UTC
Pomacanthus maculosus,complete,10,2026-08-26 13:51:03 UTC
Pomacanthus navarchus,complete,74,2026-08-26 13:51:03 UTC
Pomacanthus paru,complete,670,2026-08-26 13:51:03 UTC
Pomacanthus rhomboides,complete,0,2026-08-26 13:51:03 UTC
Pomacanthus semicirculatus,complete,102,2026-08-26 13:51:03 UTC
Pomacanthus sexstriatus,complete,74,2026-08-26 13:51:03 UTC
Pomacanthus xanthometopon,complete,72,2026-08-26 13:51:03 UTC
Pomacanthus zonipectus,complete,18,2026-08-26 13:51:03 UTC
Pomacea canaliculata,complete,30,2026-08-26 13:51:03 UTC
Pomacea diffusa,complete,0,2026-08-26 13:51:03 UTC
Pomadasys argenteus,complete,118,2026-08-26 13:51:03 UTC
Pomatoschistus canestrinii,complete,8,2026-08-26 13:51:03 UTC
Pomatoschistus microps,complete,214,2026-08-26 13:51:03 UTC
Pomatoschistus minutus,complete,542,2026-08-26 13:51:03 UTC
Pomoxis annularis,complete,66,2026-08-26 13:51:03 UTC
Pomoxis nigromaculatus,complete,292,2026-08-26 13:51:03 UTC
Ponera pennsylvanica,complete,0,2026-08-26 13:51:03 UTC
Pontastacus leptodactylus,complete,8,2026-08-26 13:51:03 UTC
Ponticola cyrius,complete,0,2026-08-26 13:51:03 UTC
Ponticola eurycephalus,complete,0,2026-08-26 13:51:03 UTC
Ponticola gorlap,complete,24,2026-08-26 13:51:03 UTC
Ponticola kessleri,complete,1534,2026-08-26 13:51:03 UTC
Ponticola syrman,complete,16,2026-08-26 13:51:03 UTC
Popenaias popeii,complete,0,2026-08-26 13:51:03 UTC
Potamilus alatus,complete,2,2026-08-26 13:51:03 UTC
Potamopyrgus antipodarum,complete,480,2026-08-26 13:51:03 UTC
Potamothrissa obtusirostris,complete,6,2026-08-26 13:51:03 UTC
Premnas biaculeatus,complete,60,2026-08-26 13:51:03 UTC
Prenolepis imparis,complete,150,2026-08-26 13:51:03 UTC
Prinerigone vagans,complete,2,2026-08-26 13:51:03 UTC
Prionurus laticlavius,complete,10,2026-08-26 13:51:03 UTC
Prionurus maculatus,complete,50,2026-08-26 13:51:03 UTC
Prionurus microlepidotus,complete,48,2026-08-26 13:51:03 UTC
Prionurus scalprum,complete,50,2026-08-26 13:51:03 UTC
Pristolepis fasciata,complete,40,2026-08-26 13:51:03 UTC
Pristolepis marginata,complete,0,2026-08-26 13:51:03 UTC
Proasellus intermedius,complete,0,2026-08-26 13:51:03 UTC
Probarbus jullieni,complete,16,2026-08-26 13:51:03 UTC
Procambarus clarki,complete,0,2026-08-26 13:51:03 UTC
Procambarus clarkii,complete,70,2026-08-26 13:51:03 UTC
Procambarus zonangulus,complete,0,2026-08-26 13:51:03 UTC
Proceratium silaceum,complete,0,2026-08-26 13:51:03 UTC
Prochilodus lineatus,complete,176,2026-08-26 13:51:03 UTC
Prochilodus scrofa,complete,0,2026-08-26 13:51:03 UTC
Procypris rabaudi,complete,4,2026-08-26 13:51:03 UTC
Prodiamesa olivacea,complete,130,2026-08-26 13:51:03 UTC
Proformica ferreri,complete,0,2026-08-26 13:51:03 UTC
Proformica longiseta,complete,0,2026-08-26 13:51:03 UTC
Prognathodes aculeatus,complete,316,2026-08-26 13:51:03 UTC
Prognathodes aya,complete,44,2026-08-26 13:51:03 UTC
Prognathodes falcifer,complete,18,2026-08-26 13:51:03 UTC
Prognathodes marcellae,complete,0,2026-08-26 13:51:03 UTC
Pronothobranchius kiyawensis,complete,0,2026-08-26 13:51:03 UTC
Pronotogrammus multifasciatus,complete,4,2026-08-26 13:51:03 UTC
Prosopium williamsoni,complete,96,2026-08-26 13:51:03 UTC
Prostoia completa,complete,0,2026-08-26 13:51:03 UTC
Protobothrops mucrosquamatus,complete,32,2026-08-26 13:51:03 UTC
Protochondrostoma genei,complete,10,2026-08-26 13:51:03 UTC
Protogobius attiti,complete,4,2026-08-26 13:51:03 UTC
Protomelas fenestratus,complete,0,2026-08-26 13:51:03 UTC
Protomognathus americanus,complete,0,2026-08-26 13:51:03 UTC
Protosalanx chinensis,complete,2,2026-08-26 13:51:03 UTC
Protothaca thaca,complete,0,2026-08-26 13:51:03 UTC
Psammodromus algirus,complete,8,2026-08-26 13:51:03 UTC
Psammodromus hispanicus,complete,0,2026-08-26 13:51:03 UTC
Psectrotanypus varius,complete,8,2026-08-26 13:51:03 UTC
Pseudacris cadaverina,complete,0,2026-08-26 13:51:03 UTC
Pseudacris regilla,complete,78,2026-08-26 13:51:03 UTC
Pseudacris triseriata,complete,14,2026-08-26 13:51:03 UTC
Pseudecheneis sulcata,complete,0,2026-08-26 13:51:03 UTC
Pseudechinus huttoni,complete,0,2026-08-26 13:51:03 UTC
Pseudechis porphyriacus,complete,110,2026-08-26 13:51:03 UTC
Pseudemoia entrecasteauxii,complete,0,2026-08-26 13:51:03 UTC
Pseudemoia spenceri,complete,0,2026-08-26 13:51:03 UTC
Pseudeutropius mitchelli,complete,0,2026-08-26 13:51:03 UTC
Pseudobagrus kyphus,complete,0,2026-08-26 13:51:03 UTC
Pseudobagrus vachellii,complete,0,2026-08-26 13:51:03 UTC
Pseudobarbus asper,complete,8,2026-08-26 13:51:03 UTC
Pseudobarbus burchelli,complete,22,2026-08-26 13:51:03 UTC
Pseudobarbus burgi,complete,14,2026-08-26 13:51:03 UTC
Pseudobarbus phlegethon,complete,8,2026-08-26 13:51:03 UTC
Pseudobarbus quathlambae,complete,4,2026-08-26 13:51:03 UTC
Pseudobarbus tenuis,complete,12,2026-08-26 13:51:03 UTC
Pseudocaranx dentex,complete,114,2026-08-26 13:51:03 UTC
Pseudocheilinus octotaenia,complete,62,2026-08-26 13:51:03 UTC
Pseudochondrostoma duriense,complete,8,2026-08-26 13:51:03 UTC
Pseudochondrostoma polylepis,complete,8,2026-08-26 13:51:03 UTC
Pseudochondrostoma willkommii,complete,14,2026-08-26 13:51:03 UTC
Pseudocordylus melanotus,complete,0,2026-08-26 13:51:03 UTC
Pseudocoris heteroptera,complete,60,2026-08-26 13:51:03 UTC
Pseudocoris yamashiroi,complete,60,2026-08-26 13:51:03 UTC
Pseudocrenilabrus multicolor,complete,22,2026-08-26 13:51:03 UTC
Pseudocrenilabrus nicholsi,complete,0,2026-08-26 13:51:03 UTC
Pseudodax moluccanus,complete,70,2026-08-26 13:51:03 UTC
Pseudodiamesa branickii,complete,8,2026-08-26 13:51:03 UTC
Pseudogobio guilinensis,complete,0,2026-08-26 13:51:03 UTC
Pseudogobio vaillanti,complete,0,2026-08-26 13:51:03 UTC
Pseudogobiopsis oligactis,complete,4,2026-08-26 13:51:03 UTC
Pseudogramma gregoryi,complete,8,2026-08-26 13:51:03 UTC
Pseudogramma thaumasia,complete,8,2026-08-26 13:51:03 UTC
Pseudogyrinocheilus prochilus,complete,0,2026-08-26 13:51:03 UTC
Pseudojuloides atavai,complete,42,2026-08-26 13:51:03 UTC
Pseudojuloides cerasinus,complete,0,2026-08-26 13:51:03 UTC
Pseudolabrus gayi,complete,0,2026-08-26 13:51:03 UTC
Pseudolais pleurotaenia,complete,12,2026-08-26 13:51:03 UTC
Pseudolaubuca sinensis,complete,0,2026-08-26 13:51:03 UTC
Pseudomystus siamensis,complete,10,2026-08-26 13:51:03 UTC
Pseudomystus stenomus,complete,4,2026-08-26 13:51:03 UTC
Pseudonaja nuchalis,complete,98,2026-08-26 13:51:03 UTC
Pseudonaja textilis,complete,182,2026-08-26 13:51:03 UTC
Pseudophoxinus alii,complete,0,2026-08-26 13:51:03 UTC
Pseudophoxinus anatolicus,complete,0,2026-08-26 13:51:03 UTC
Pseudophoxinus antalyae,complete,0,2026-08-26 13:51:03 UTC
Pseudophoxinus battalgilae,complete,0,2026-08-26 13:51:03 UTC
Pseudophoxinus callensis,complete,0,2026-08-26 13:51:03 UTC
Pseudophoxinus crassus,complete,0,2026-08-26 13:51:03 UTC
Pseudophoxinus egridiri,complete,0,2026-08-26 13:51:03 UTC
Pseudophoxinus handlirschi,complete,0,2026-08-26 13:51:03 UTC
Pseudophoxinus maeandri,complete,0,2026-08-26 13:51:03 UTC
Pseudophoxinus ninae,complete,0,2026-08-26 13:51:03 UTC
Pseudophoxinus punicus,complete,0,2026-08-26 13:51:03 UTC
Pseudophoxinus zekayi,complete,0,2026-08-26 13:51:03 UTC
Pseudophoxinus zeregi,complete,0,2026-08-26 13:51:03 UTC
Pseudophryne bibroni,complete,0,2026-08-26 13:51:03 UTC
Pseudophryne corroboree,complete,2,2026-08-26 13:51:03 UTC
Pseudophryne dendyi,complete,0,2026-08-26 13:51:03 UTC
Pseudopleuronectes americanus,complete,894,2026-08-26 13:51:03 UTC
Pseudorasbora elongata,complete,0,2026-08-26 13:51:03 UTC
Pseudorasbora parva,complete,1406,2026-08-26 13:51:03 UTC
Pseudosimochromis curvifrons,complete,12,2026-08-26 13:51:03 UTC
Pseudosphromenus cupanus,complete,8,2026-08-26 13:51:03 UTC
Pseudosphromenus dayi,complete,0,2026-08-26 13:51:03 UTC
Pseudotriton ruber,complete,0,2026-08-26 13:51:03 UTC
Pseudotropheus demasoni,complete,0,2026-08-26 13:51:03 UTC
Psilorhynchus balitora,complete,0,2026-08-26 13:51:03 UTC
Psilorhynchus homaloptera,complete,8,2026-08-26 13:51:03 UTC
Psilorhynchus sucatio,complete,0,2026-08-26 13:51:03 UTC
Ptenopus garrulus,complete,0,2026-08-26 13:51:03 UTC
Pteragogus cryptus,complete,62,2026-08-26 13:51:03 UTC
Pteragogus enneacanthus,complete,54,2026-08-26 13:51:03 UTC
Pternohyla fodiens,complete,0,2026-08-26 13:51:03 UTC
Pterochromis congicus,complete,0,2026-08-26 13:51:03 UTC
Pterocryptis cochinchinensis,complete,12,2026-08-26 13:51:03 UTC
Pterogymnus laniarius,complete,72,2026-08-26 13:51:03 UTC
Pterois volitans,complete,212,2026-08-26 13:51:03 UTC
Pteronarcella badia,complete,0,2026-08-26 13:51:03 UTC
Pteronarcys californica,complete,0,2026-08-26 13:51:03 UTC
Pteronarcys dorsata,complete,0,2026-08-26 13:51:03 UTC
Pteronotropis euryzonus,complete,0,2026-08-26 13:51:03 UTC
Pteronotropis hubbsi,complete,0,2026-08-26 13:51:03 UTC
Pteronotropis hypselopterus,complete,0,2026-08-26 13:51:03 UTC
Pterophyllum scalare,complete,14,2026-08-26 13:51:03 UTC
Pterothrissus gissu,complete,34,2026-08-26 13:51:03 UTC
Pterygoplichthys pardalis,complete,12,2026-08-26 13:51:03 UTC
Ptychidio jordani,complete,0,2026-08-26 13:51:03 UTC
Ptychobarbus dipogon,complete,0,2026-08-26 13:51:03 UTC
Ptychocheilus grandis,complete,8,2026-08-26 13:51:03 UTC
Ptychocheilus lucius,complete,0,2026-08-26 13:51:03 UTC
Ptychocheilus oregonensis,complete,168,2026-08-26 13:51:03 UTC
Ptychocheilus umpquae,complete,0,2026-08-26 13:51:03 UTC
Ptychochromis grandidieri,complete,0,2026-08-26 13:51:03 UTC
Ptychochromis inornatus,complete,0,2026-08-26 13:51:03 UTC
Ptychochromis oligacanthus,complete,0,2026-08-26 13:51:03 UTC
Ptychochromoides betsileanus,complete,0,2026-08-26 13:51:03 UTC
Ptychochromoides vondrozo,complete,0,2026-08-26 13:51:03 UTC
Pungitius pungitius,complete,168,2026-08-26 13:51:03 UTC
Pungu maclareni,complete,20,2026-08-26 13:51:03 UTC
Puntigrus tetrazona,complete,12,2026-08-26 13:51:03 UTC
Puntioplites bulu,complete,12,2026-08-26 13:51:03 UTC
Puntioplites falcifer,complete,8,2026-08-26 13:51:03 UTC
Puntioplites proctozystron,complete,14,2026-08-26 13:51:03 UTC
Puntioplites waandersi,complete,6,2026-08-26 13:51:03 UTC
Puntius bimaculatus,complete,22,2026-08-26 13:51:03 UTC
Puntius brevis,complete,10,2026-08-26 13:51:03 UTC
Puntius chola,complete,44,2026-08-26 13:51:03 UTC
Puntius dorsalis,complete,42,2026-08-26 13:51:03 UTC
Puntius mahecola,complete,0,2026-08-26 13:51:03 UTC
Puntius semifasciolatus,complete,20,2026-08-26 13:51:03 UTC
Puntius sophore,complete,0,2026-08-26 13:51:03 UTC
Puntius vittatus,complete,8,2026-08-26 13:51:03 UTC
Pycnocentria evecta,complete,24,2026-08-26 13:51:03 UTC
Pycnocentrodes aureolus,complete,0,2026-08-26 13:51:03 UTC
Pycnopsyche guttifera,complete,0,2026-08-26 13:51:03 UTC
Pygocentrus nattereri,complete,76,2026-08-26 13:51:03 UTC
Pygoplites diacanthus,complete,76,2026-08-26 13:51:03 UTC
Pylodictis olivaris,complete,270,2026-08-26 13:51:03 UTC
Pyramica rostrata,complete,0,2026-08-26 13:51:03 UTC
Pyrrhulina brevis,complete,0,2026-08-26 13:51:03 UTC
Radix balthica,complete,174,2026-08-26 13:51:03 UTC
Raiamas bola,complete,0,2026-08-26 13:51:03 UTC
Raiamas buchholzi,complete,0,2026-08-26 13:51:03 UTC
Raiamas guttatus,complete,6,2026-08-26 13:51:03 UTC
Raiamas senegalensis,complete,0,2026-08-26 13:51:03 UTC
Rana boyleri,complete,0,2026-08-26 13:51:03 UTC
Rana cascadae,complete,0,2026-08-26 13:51:03 UTC
Rana catesbeiana,complete,20,2026-08-26 13:51:03 UTC
Rana clamitans,complete,0,2026-08-26 13:51:03 UTC
Rana palmipes,complete,0,2026-08-26 13:51:03 UTC
Rana palustris,complete,0,2026-08-26 13:51:03 UTC
Rana pipiens,complete,60,2026-08-26 13:51:03 UTC
Rana pretiosa,complete,0,2026-08-26 13:51:03 UTC
Rana virgatipes,complete,0,2026-08-26 13:51:03 UTC
Rana warszewitschii,complete,0,2026-08-26 13:51:03 UTC
Rankinia diemensis,complete,0,2026-08-26 13:51:03 UTC
Rasbora aurotaenia,complete,6,2026-08-26 13:51:03 UTC
Rasbora borapetensis,complete,10,2026-08-26 13:51:03 UTC
Rasbora caudimaculata,complete,6,2026-08-26 13:51:03 UTC
Rasbora daniconius,complete,52,2026-08-26 13:51:03 UTC
Rasbora paviana,complete,4,2026-08-26 13:51:03 UTC
Rasbora rasbora,complete,0,2026-08-26 13:51:03 UTC
Rasbora rubrodorsalis,complete,0,2026-08-26 13:51:03 UTC
Rasbora steineri,complete,0,2026-08-26 13:51:03 UTC
Rasbora trilineata,complete,8,2026-08-26 13:51:03 UTC
Rasbora vulgaris,complete,0,2026-08-26 13:51:03 UTC
Rasbosoma spilocerca,complete,6,2026-08-26 13:51:03 UTC
Rastrelliger brachysoma,complete,8,2026-08-26 13:51:03 UTC
Rastrelliger faughni,complete,6,2026-08-26 13:51:03 UTC
Ratsirakia legendrei,complete,0,2026-08-26 13:51:03 UTC
Redigobius bikolanus,complete,46,2026-08-26 13:51:03 UTC
Regina alleni,complete,32,2026-08-26 13:51:03 UTC
Relictus solitarius,complete,0,2026-08-26 13:51:03 UTC
Reticulitermes flavipes,complete,2,2026-08-26 13:51:03 UTC
Retropinna retropinna,complete,130,2026-08-26 13:51:03 UTC
Rhabdalestes maunensis,complete,8,2026-08-26 13:51:03 UTC
Rhabdosargus holubi,complete,72,2026-08-26 13:51:03 UTC
Rhabdosargus sarba,complete,182,2026-08-26 13:51:03 UTC
Rhabdosargus thorpei,complete,28,2026-08-26 13:51:03 UTC
Rhamphochromis esox,complete,10,2026-08-26 13:51:03 UTC
Rhamphochromis longiceps,complete,30,2026-08-26 13:51:03 UTC
Rhamphochromis woodi,complete,16,2026-08-26 13:51:03 UTC
Rheocles alaotrensis,complete,0,2026-08-26 13:51:03 UTC
Rheocles derhami,complete,8,2026-08-26 13:51:03 UTC
Rheocles lateralis,complete,0,2026-08-26 13:51:03 UTC
Rheocles vatosoa,complete,8,2026-08-26 13:51:03 UTC
Rheocles wrightae,complete,0,2026-08-26 13:51:03 UTC
Rhinichthys atratulus,complete,166,2026-08-26 13:51:03 UTC
Rhinichthys cataractae,complete,90,2026-08-26 13:51:03 UTC
Rhinichthys cobitis,complete,2,2026-08-26 13:51:03 UTC
Rhinichthys evermanni,complete,0,2026-08-26 13:51:03 UTC
Rhinichthys falcatus,complete,18,2026-08-26 13:51:03 UTC
Rhinichthys obtusus,complete,24,2026-08-26 13:51:03 UTC
Rhinichthys osculus,complete,40,2026-08-26 13:51:03 UTC
Rhinocheilus lecontei,complete,116,2026-08-26 13:51:03 UTC
Rhinodoras dorbignyi,complete,2,2026-08-26 13:51:03 UTC
Rhinogobius giurinus,complete,36,2026-08-26 13:51:03 UTC
Rhinomugil corsula,complete,0,2026-08-26 13:51:03 UTC
Rhithrogena robusta,complete,0,2026-08-26 13:51:03 UTC
Rhithrogena semicolorata,complete,352,2026-08-26 13:51:03 UTC
Rhodeus amarus,complete,32,2026-08-26 13:51:03 UTC
Rhodeus colchicus,complete,0,2026-08-26 13:51:03 UTC
Rhodeus fangi,complete,0,2026-08-26 13:51:03 UTC
Rhodeus lighti,complete,0,2026-08-26 13:51:03 UTC
Rhodeus ocellatus,complete,2,2026-08-26 13:51:03 UTC
Rhodeus sericeus,complete,128,2026-08-26 13:51:03 UTC
Rhyacophila angelita,complete,0,2026-08-26 13:51:03 UTC
Rhyacophila brunnea,complete,2,2026-08-26 13:51:03 UTC
Rhyacophila coloradensis,complete,0,2026-08-26 13:51:03 UTC
Rhyacophila dorsalis,complete,622,2026-08-26 13:51:03 UTC
Rhyacophila hyalinata,complete,0,2026-08-26 13:51:03 UTC
Rhyacophila oreta,complete,0,2026-08-26 13:51:03 UTC
Rhyacophila vao,complete,0,2026-08-26 13:51:03 UTC
Rhynchocypris czekanowskii,complete,0,2026-08-26 13:51:03 UTC
Rhynchocypris percnurus,complete,28,2026-08-26 13:51:03 UTC
Richardsonius balteatus,complete,42,2026-08-26 13:51:03 UTC
Richardsonius egregius,complete,0,2026-08-26 13:51:03 UTC
Rita gogra,complete,0,2026-08-26 13:51:03 UTC
Rita rita,complete,16,2026-08-26 13:51:03 UTC
Rivulus marmoratus,complete,0,2026-08-26 13:51:03 UTC
Romanichthys valsanicola,complete,8,2026-08-26 13:51:03 UTC
Romanogobio benacensis,complete,2,2026-08-26 13:51:03 UTC
Romanogobio ciscaucasicus,complete,4,2026-08-26 13:51:03 UTC
Romanogobio elimeius,complete,0,2026-08-26 13:51:03 UTC
Romanogobio kesslerii,complete,0,2026-08-26 13:51:03 UTC
Romanogobio macropterus,complete,0,2026-08-26 13:51:03 UTC
Romanogobio uranoscopus,complete,8,2026-08-26 13:51:03 UTC
Rutilus aula,complete,1298,2026-08-26 13:51:03 UTC
Rutilus basak,complete,0,2026-08-26 13:51:03 UTC
Rutilus frisii,complete,26,2026-08-26 13:51:03 UTC
Rutilus panosi,complete,0,2026-08-26 13:51:03 UTC
Rutilus pigus,complete,1304,2026-08-26 13:51:03 UTC
Rutilus prespensis,complete,0,2026-08-26 13:51:03 UTC
Rutilus rubilio,complete,110,2026-08-26 13:51:03 UTC
Rutilus rutilus,complete,2006,2026-08-26 13:51:03 UTC
Rutilus ylikiensis,complete,0,2026-08-26 13:51:03 UTC
Rypticus bicolor,complete,0,2026-08-26 13:51:03 UTC
Rypticus nigripinnis,complete,0,2026-08-26 13:51:03 UTC
Sabanejewia aurata,complete,0,2026-08-26 13:51:03 UTC
Sabanejewia balcanica,complete,0,2026-08-26 13:51:03 UTC
Sabanejewia caucasica,complete,0,2026-08-26 13:51:03 UTC
Sabanejewia larvata,complete,1288,2026-08-26 13:51:03 UTC
Sabanejewia romanica,complete,0,2026-08-26 13:51:03 UTC
Sabellastarte australiensis,complete,0,2026-08-26 13:51:03 UTC
Sahyadria chalakkudiensis,complete,0,2026-08-26 13:51:03 UTC
Sahyadria denisonii,complete,0,2026-08-26 13:51:03 UTC
Saiphos equalis,complete,0,2026-08-26 13:51:03 UTC
Salanx cuvieri,complete,0,2026-08-26 13:51:03 UTC
Salaria economidisi,complete,0,2026-08-26 13:51:03 UTC
Salaria fluviatilis,complete,966,2026-08-26 13:51:03 UTC
Salaria pavo,complete,20,2026-08-26 13:51:03 UTC
Salarias fasciatus,complete,72,2026-08-26 13:51:03 UTC
Salmo carpio,complete,4,2026-08-26 13:51:03 UTC
Salmo labrax,complete,1462,2026-08-26 13:51:03 UTC
Salmo marmoratus,complete,186,2026-08-26 13:51:03 UTC
Salmo obtusirostris,complete,0,2026-08-26 13:51:03 UTC
Salmo ohridanus,complete,10,2026-08-26 13:51:03 UTC
Salmo platycephalus,complete,0,2026-08-26 13:51:03 UTC
Salmo salar,complete,2272,2026-08-26 13:51:03 UTC
Salmo trutta,complete,4668,2026-08-26 13:51:03 UTC
Salmophasia bacaila,complete,6,2026-08-26 13:51:03 UTC
Salmophasia phulo,complete,0,2026-08-26 13:51:03 UTC
Salvelinus alpinus,complete,906,2026-08-26 13:51:03 UTC
Salvelinus confluentus,complete,92,2026-08-26 13:51:03 UTC
Salvelinus fontinalis,complete,2128,2026-08-26 13:51:03 UTC
Salvelinus leucomaenis,complete,84,2026-08-26 13:51:03 UTC
Salvelinus namaycush,complete,1770,2026-08-26 13:51:03 UTC
Sandelia capensis,complete,26,2026-08-26 13:51:03 UTC
Sander canadensis,complete,102,2026-08-26 13:51:03 UTC
Sander lucioperca,complete,472,2026-08-26 13:51:03 UTC
Sander vitreus,complete,278,2026-08-26 13:51:03 UTC
Sander volgensis,complete,26,2026-08-26 13:51:03 UTC
Saproscincus basiliscus,complete,0,2026-08-26 13:51:03 UTC
Saproscincus mustelina,complete,0,2026-08-26 13:51:03 UTC
Saproscincus tetradactyla,complete,0,2026-08-26 13:51:03 UTC
Sarcocheilichthys parvus,complete,0,2026-08-26 13:51:03 UTC
Sarcocheilichthys sinensis,complete,0,2026-08-26 13:51:03 UTC
Sarda australis,complete,32,2026-08-26 13:51:03 UTC
Sarda chiliensis,complete,100,2026-08-26 13:51:03 UTC
Sarda orientalis,complete,46,2026-08-26 13:51:03 UTC
Sarda sarda,complete,186,2026-08-26 13:51:03 UTC
Sardinops melanosticta,complete,0,2026-08-26 13:51:03 UTC
Sardinops sagax,complete,304,2026-08-26 13:51:03 UTC
Sargochromis carlottae,complete,16,2026-08-26 13:51:03 UTC
Sargochromis coulteri,complete,0,2026-08-26 13:51:03 UTC
Sargochromis giardi,complete,24,2026-08-26 13:51:03 UTC
Sargochromis mellandi,complete,0,2026-08-26 13:51:03 UTC
Sarotherodon caroli,complete,4,2026-08-26 13:51:03 UTC
Sarotherodon caudomarginatus,complete,0,2026-08-26 13:51:03 UTC
Sarotherodon linnellii,complete,8,2026-08-26 13:51:03 UTC
Sarotherodon lohbergeri,complete,12,2026-08-26 13:51:03 UTC
Sarotherodon melanotheron,complete,150,2026-08-26 13:51:03 UTC
Sarotherodon mvogoi,complete,0,2026-08-26 13:51:03 UTC
Sarotherodon steinbachi,complete,10,2026-08-26 13:51:03 UTC
Sarpa salpa,complete,258,2026-08-26 13:51:03 UTC
Sauromalus obesus,complete,30,2026-08-26 13:51:03 UTC
Sauvagella madagascariensis,complete,0,2026-08-26 13:51:03 UTC
Sauvagella robusta,complete,0,2026-08-26 13:51:03 UTC
Sawbwa resplendens,complete,0,2026-08-26 13:51:03 UTC
Scaphirhynchus albus,complete,20,2026-08-26 13:51:03 UTC
Scaphirhynchus platorynchus,complete,54,2026-08-26 13:51:03 UTC
Scaphirhynchus suttkusi,complete,0,2026-08-26 13:51:03 UTC
Scaphognathops bandanensis,complete,12,2026-08-26 13:51:03 UTC
Scaphognathops stejnegeri,complete,18,2026-08-26 13:51:03 UTC
Scaptodrosophila bryani,complete,0,2026-08-26 13:51:03 UTC
Scaptodrosophila coracina,complete,0,2026-08-26 13:51:03 UTC
Scaptodrosophila dorsocentralis,complete,0,2026-08-26 13:51:03 UTC
Scaptodrosophila pallida,complete,0,2026-08-26 13:51:03 UTC
Scardinius acarnanicus,complete,26,2026-08-26 13:51:03 UTC
Scardinius erythrophthalmus,complete,3146,2026-08-26 13:51:03 UTC
Scardinius graecus,complete,4,2026-08-26 13:51:03 UTC
Scardinius scardafa,complete,0,2026-08-26 13:51:03 UTC
Scartella caboverdiana,complete,0,2026-08-26 13:51:03 UTC
Scartella cristata,complete,440,2026-08-26 13:51:03 UTC
Scarus altipinnis,complete,44,2026-08-26 13:51:03 UTC
Scarus chameleon,complete,38,2026-08-26 13:51:03 UTC
Scarus coelestinus,complete,238,2026-08-26 13:51:03 UTC
Scarus festivus,complete,34,2026-08-26 13:51:03 UTC
Scarus flavipectoralis,complete,34,2026-08-26 13:51:03 UTC
Scarus forsteni,complete,38,2026-08-26 13:51:03 UTC
Scarus frenatus,complete,38,2026-08-26 13:51:03 UTC
Scarus ghobban,complete,58,2026-08-26 13:51:03 UTC
Scarus globiceps,complete,34,2026-08-26 13:51:03 UTC
Scarus hypselopterus,complete,32,2026-08-26 13:51:03 UTC
Scarus iseri,complete,346,2026-08-26 13:51:03 UTC
Scarus niger,complete,44,2026-08-26 13:51:03 UTC
Scarus oviceps,complete,44,2026-08-26 13:51:03 UTC
Scarus prasiognathos,complete,54,2026-08-26 13:51:03 UTC
Scarus psittacus,complete,44,2026-08-26 13:51:03 UTC
Scarus quoyi,complete,40,2026-08-26 13:51:03 UTC
Scarus rubroviolaceus,complete,38,2026-08-26 13:51:03 UTC
Scarus schlegeli,complete,52,2026-08-26 13:51:03 UTC
Scarus taeniopterus,complete,352,2026-08-26 13:51:03 UTC
Scarus tricolor,complete,46,2026-08-26 13:51:03 UTC
Scatophagus argus,complete,62,2026-08-26 13:51:03 UTC
Sceloporus graciosus,complete,18,2026-08-26 13:51:03 UTC
Sceloporus grammicus,complete,4,2026-08-26 13:51:03 UTC
Sceloporus magister,complete,36,2026-08-26 13:51:03 UTC
Sceloporus malachiticus,complete,0,2026-08-26 13:51:03 UTC
Sceloporus merriami,complete,0,2026-08-26 13:51:03 UTC
Sceloporus occidentalis,complete,144,2026-08-26 13:51:03 UTC
Sceloporus undulatus,complete,10,2026-08-26 13:51:03 UTC
Sceloporus variabilis,complete,0,2026-08-26 13:51:03 UTC
Sceloporus woodi,complete,0,2026-08-26 13:51:03 UTC
Scelotes gronovii,complete,0,2026-08-26 13:51:03 UTC
Schilbe intermedius,complete,128,2026-08-26 13:51:03 UTC
Schilbe mystus,complete,202,2026-08-26 13:51:03 UTC
Schistura balteata,complete,0,2026-08-26 13:51:03 UTC
Schistura beavani,complete,0,2026-08-26 13:51:03 UTC
Schistura bucculenta,complete,0,2026-08-26 13:51:03 UTC
Schistura fasciolata,complete,0,2026-08-26 13:51:03 UTC
Schistura kloetzliae,complete,0,2026-08-26 13:51:03 UTC
Schistura nicholsi,complete,6,2026-08-26 13:51:03 UTC
Schistura reidi,complete,0,2026-08-26 13:51:03 UTC
Schistura rupecula,complete,0,2026-08-26 13:51:03 UTC
Schistura savona,complete,0,2026-08-26 13:51:03 UTC
Schistura sexcauda,complete,4,2026-08-26 13:51:03 UTC
Schistura spilota,complete,0,2026-08-26 13:51:03 UTC
Schistura vinciguerrae,complete,0,2026-08-26 13:51:03 UTC
Schizopygopsis anteroventris,complete,0,2026-08-26 13:51:03 UTC
Schizopygopsis thermalis,complete,0,2026-08-26 13:51:03 UTC
Schizopygopsis younghusbandi,complete,0,2026-08-26 13:51:03 UTC
Schizothorax griseus,complete,0,2026-08-26 13:51:03 UTC
Schizothorax kozlovi,complete,0,2026-08-26 13:51:03 UTC
Schizothorax lantsangensis,complete,0,2026-08-26 13:51:03 UTC
Schizothorax lissolabiatus,complete,0,2026-08-26 13:51:03 UTC
Schizothorax macrophthalmus,complete,8,2026-08-26 13:51:03 UTC
Schizothorax macropogon,complete,4,2026-08-26 13:51:03 UTC
Schizothorax malacanthus,complete,0,2026-08-26 13:51:03 UTC
Schizothorax meridionalis,complete,0,2026-08-26 13:51:03 UTC
Schizothorax molesworthi,complete,0,2026-08-26 13:51:03 UTC
Schizothorax nukiangensis,complete,0,2026-08-26 13:51:03 UTC
Schizothorax oconnori,complete,0,2026-08-26 13:51:03 UTC
Schizothorax prenanti,complete,0,2026-08-26 13:51:03 UTC
Schizothorax richardsonii,complete,12,2026-08-26 13:51:03 UTC
Schizothorax waltoni,complete,0,2026-08-26 13:51:03 UTC
Schizothorax wangchiachii,complete,0,2026-08-26 13:51:03 UTC
Schizothorax yunnanensis,complete,0,2026-08-26 13:51:03 UTC
Schwetzochromis neodon,complete,0,2026-08-26 13:51:03 UTC
Sciaenops ocellatus,complete,874,2026-08-26 13:51:03 UTC
Scinax staufferi,complete,0,2026-08-26 13:51:03 UTC
Scleromystax barbatus,complete,0,2026-08-26 13:51:03 UTC
Scleropages formosus,complete,6,2026-08-26 13:51:03 UTC
Scolopsis taenioptera,complete,86,2026-08-26 13:51:03 UTC
Scomber australasicus,complete,100,2026-08-26 13:51:03 UTC
Scomber colias,complete,8,2026-08-26 13:51:03 UTC
Scomber japonicus,complete,1850,2026-08-26 13:51:03 UTC
Scomber scombrus,complete,2470,2026-08-26 13:51:03 UTC
Scomberomorus brasiliensis,complete,52,2026-08-26 13:51:03 UTC
Scomberomorus commerson,complete,128,2026-08-26 13:51:03 UTC
Scomberomorus guttatus,complete,628,2026-08-26 13:51:03 UTC
Scomberomorus koreanus,complete,6,2026-08-26 13:51:03 UTC
Scomberomorus munroi,complete,22,2026-08-26 13:51:03 UTC
Scomberomorus niphonius,complete,84,2026-08-26 13:51:03 UTC
Scomberomorus queenslandicus,complete,50,2026-08-26 13:51:03 UTC
Scomberomorus regalis,complete,388,2026-08-26 13:51:03 UTC
Scomberomorus semifasciatus,complete,22,2026-08-26 13:51:03 UTC
Scomberomorus sinensis,complete,4,2026-08-26 13:51:03 UTC
Scomberomorus tritor,complete,10,2026-08-26 13:51:03 UTC
Scorpaena porcus,complete,374,2026-08-26 13:51:03 UTC
Scotina gracilipes,complete,0,2026-08-26 13:51:03 UTC
Scriptaphyosemion bertholdi,complete,0,2026-08-26 13:51:03 UTC
Scriptaphyosemion brueningi,complete,0,2026-08-26 13:51:03 UTC
Scriptaphyosemion chaytori,complete,0,2026-08-26 13:51:03 UTC
Scriptaphyosemion etzeli,complete,0,2026-08-26 13:51:03 UTC
Scriptaphyosemion geryi,complete,0,2026-08-26 13:51:03 UTC
Scriptaphyosemion guignardi,complete,0,2026-08-26 13:51:03 UTC
Scriptaphyosemion liberiense,complete,0,2026-08-26 13:51:03 UTC
Scriptaphyosemion roloffi,complete,0,2026-08-26 13:51:03 UTC
Scriptaphyosemion schmitti,complete,0,2026-08-26 13:51:03 UTC
Sebastes dallii,complete,0,2026-08-26 13:51:03 UTC
Sectoria heterognathos,complete,0,2026-08-26 13:51:03 UTC
Securicula gora,complete,12,2026-08-26 13:51:03 UTC
Semele corrugata,complete,0,2026-08-26 13:51:03 UTC
Semele solida,complete,0,2026-08-26 13:51:03 UTC
Semibalanus balanoides,complete,124,2026-08-26 13:51:03 UTC
Semilabeo notabilis,complete,0,2026-08-26 13:51:03 UTC
Semilabeo obscurus,complete,0,2026-08-26 13:51:03 UTC
Semotilus atromaculatus,complete,514,2026-08-26 13:51:03 UTC
Semotilus thoreauianus,complete,2,2026-08-26 13:51:03 UTC
Seriola lalandi,complete,98,2026-08-26 13:51:03 UTC
Seriola quinqueradiata,complete,10,2026-08-26 13:51:03 UTC
Serpenticobitis zonata,complete,0,2026-08-26 13:51:03 UTC
Serranochromis altus,complete,24,2026-08-26 13:51:03 UTC
Serranochromis angusticeps,complete,16,2026-08-26 13:51:03 UTC
Serranochromis macrocephalus,complete,16,2026-08-26 13:51:03 UTC
Serranochromis robustus,complete,80,2026-08-26 13:51:03 UTC
Serranochromis stappersi,complete,0,2026-08-26 13:51:03 UTC
Serranochromis thumbergi,complete,16,2026-08-26 13:51:03 UTC
Serranus atricauda,complete,98,2026-08-26 13:51:03 UTC
Serranus baldwini,complete,40,2026-08-26 13:51:03 UTC
Serranus phoebe,complete,72,2026-08-26 13:51:03 UTC
Serranus psittacinus,complete,0,2026-08-26 13:51:03 UTC
Serranus tabacarius,complete,30,2026-08-26 13:51:03 UTC
Serranus tortugarum,complete,48,2026-08-26 13:51:03 UTC
Serratella ignita,complete,270,2026-08-26 13:51:03 UTC
Sewellia lineolata,complete,8,2026-08-26 13:51:03 UTC
Sialis lutaria,complete,872,2026-08-26 13:51:03 UTC
Sicydium crenilabrum,complete,0,2026-08-26 13:51:03 UTC
Sicyopterus lagocephalus,complete,30,2026-08-26 13:51:03 UTC
Sicyopterus longifilis,complete,0,2026-08-26 13:51:03 UTC
Sierrathrissa leonensis,complete,6,2026-08-26 13:51:03 UTC
Siganus canaliculatus,complete,148,2026-08-26 13:51:03 UTC
Siganus guttatus,complete,40,2026-08-26 13:51:03 UTC
Siganus javus,complete,50,2026-08-26 13:51:03 UTC
Siganus vermiculatus,complete,38,2026-08-26 13:51:03 UTC
Sikukia stejnegeri,complete,0,2026-08-26 13:51:03 UTC
Sillago sihama,complete,222,2026-08-26 13:51:03 UTC
Silurichthys schneideri,complete,4,2026-08-26 13:51:03 UTC
Silurus asotus,complete,32,2026-08-26 13:51:03 UTC
Silurus glanis,complete,492,2026-08-26 13:51:03 UTC
Silurus meridionalis,complete,4,2026-08-26 13:51:03 UTC
Simochromis babaulti,complete,4,2026-08-26 13:51:03 UTC
Simochromis diagramma,complete,14,2026-08-26 13:51:03 UTC
Simulium arcticum,complete,0,2026-08-26 13:51:03 UTC
Simulium canadense,complete,0,2026-08-26 13:51:03 UTC
Simulium piperi,complete,0,2026-08-26 13:51:03 UTC
Simulium vittatum,complete,114,2026-08-26 13:51:03 UTC
Sinibotia pulchra,complete,6,2026-08-26 13:51:03 UTC
Sinibotia robusta,complete,0,2026-08-26 13:51:03 UTC
Sinibotia superciliaris,complete,4,2026-08-26 13:51:03 UTC
Siniperca fortis,complete,0,2026-08-26 13:51:03 UTC
Siniperca knerii,complete,0,2026-08-26 13:51:03 UTC
Siniperca obscura,complete,0,2026-08-26 13:51:03 UTC
Siniperca roulei,complete,12,2026-08-26 13:51:03 UTC
Siniperca scherzeri,complete,4,2026-08-26 13:51:03 UTC
Siniperca undulata,complete,0,2026-08-26 13:51:03 UTC
Sinocyclocheilus grahami,complete,0,2026-08-26 13:51:03 UTC
Sinocyclocheilus yangzongensis,complete,0,2026-08-26 13:51:03 UTC
Sinogastromyzon wui,complete,0,2026-08-26 13:51:03 UTC
Siphateles alvordensis,complete,0,2026-08-26 13:51:03 UTC
Siphateles bicolor,complete,2,2026-08-26 13:51:03 UTC
Siphateles boraxobius,complete,0,2026-08-26 13:51:03 UTC
Siphonognathus argyrophanes,complete,0,2026-08-26 13:51:03 UTC
Smilisca baudini,complete,0,2026-08-26 13:51:03 UTC
Solea solea,complete,1206,2026-08-26 13:51:03 UTC
Solenopsis invicta,complete,110,2026-08-26 13:51:03 UTC
Solenopsis molesta,complete,16,2026-08-26 13:51:03 UTC
Sparisoma atomarium,complete,28,2026-08-26 13:51:03 UTC
Sparisoma axillare,complete,0,2026-08-26 13:51:03 UTC
Sparisoma chrysopterum,complete,338,2026-08-26 13:51:03 UTC
Sparisoma cretense,complete,40,2026-08-26 13:51:03 UTC
Sparisoma frondosum,complete,0,2026-08-26 13:51:03 UTC
Sparisoma radians,complete,134,2026-08-26 13:51:03 UTC
Sparisoma rubripinne,complete,350,2026-08-26 13:51:03 UTC
Sparisoma strigatum,complete,0,2026-08-26 13:51:03 UTC
Sparisoma tuiupiranga,complete,10,2026-08-26 13:51:03 UTC
Sparisoma viride,complete,376,2026-08-26 13:51:03 UTC
Sparodon durbanensis,complete,42,2026-08-26 13:51:03 UTC
Sparus aurata,complete,512,2026-08-26 13:51:03 UTC
Spathodus erythrodon,complete,4,2026-08-26 13:51:03 UTC
Spathodus marlieri,complete,0,2026-08-26 13:51:03 UTC
Spea hammondii,complete,4,2026-08-26 13:51:03 UTC
Spea holbrooki,complete,0,2026-08-26 13:51:03 UTC
Sperata aor,complete,8,2026-08-26 13:51:03 UTC
Sperata seenghala,complete,4,2026-08-26 13:51:03 UTC
Sphaerium novaezelandiae,complete,0,2026-08-26 13:51:03 UTC
Sphaerodactylus gaigeae,complete,0,2026-08-26 13:51:03 UTC
Sphaerodactylus klauberi,complete,0,2026-08-26 13:51:03 UTC
Sphaerodactylus macrolepis,complete,0,2026-08-26 13:51:03 UTC
Sphaerodactylus nicholsi,complete,0,2026-08-26 13:51:03 UTC
Sphaerodactylus roosevelti,complete,0,2026-08-26 13:51:03 UTC
Sphaerodactylus townsendi,complete,0,2026-08-26 13:51:03 UTC
Sphenomorphus incognitus,complete,4,2026-08-26 13:51:03 UTC
Sphenomorphus indicus,complete,2,2026-08-26 13:51:03 UTC
Sphenomorphus taiwanensis,complete,0,2026-08-26 13:51:03 UTC
Sphoeroides annulatus,complete,24,2026-08-26 13:51:03 UTC
Sphoeroides dorsalis,complete,56,2026-08-26 13:51:03 UTC
Sphoeroides lobatus,complete,0,2026-08-26 13:51:03 UTC
Sphoeroides maculatus,complete,370,2026-08-26 13:51:03 UTC
Sphoeroides pachygaster,complete,78,2026-08-26 13:51:03 UTC
Sphoeroides spengleri,complete,1260,2026-08-26 13:51:03 UTC
Sphoeroides testudineus,complete,156,2026-08-26 13:51:03 UTC
Spinibarbus denticulatus,complete,0,2026-08-26 13:51:03 UTC
Spinibarbus hollandi,complete,12,2026-08-26 13:51:03 UTC
Spinibarbus sinensis,complete,12,2026-08-26 13:51:03 UTC
Spirinchus thaleichthys,complete,14,2026-08-26 13:51:03 UTC
Spisula subtruncata,complete,0,2026-08-26 13:51:03 UTC
Spondyliosoma cantharus,complete,156,2026-08-26 13:51:03 UTC
Squalidus argentatus,complete,0,2026-08-26 13:51:03 UTC
Squalidus atromaculatus,complete,0,2026-08-26 13:51:03 UTC
Squaliobarbus curriculus,complete,0,2026-08-26 13:51:03 UTC
Squalius aphipsi,complete,8,2026-08-26 13:51:03 UTC
Squalius aradensis,complete,0,2026-08-26 13:51:03 UTC
Squalius carolitertii,complete,12,2026-08-26 13:51:03 UTC
Squalius castellanus,complete,0,2026-08-26 13:51:03 UTC
Squalius cephalus,complete,2106,2026-08-26 13:51:03 UTC
Squalius ghigii,complete,8,2026-08-26 13:51:03 UTC
Squalius illyricus,complete,4,2026-08-26 13:51:03 UTC
Squalius keadicus,complete,4,2026-08-26 13:51:03 UTC
Squalius laietanus,complete,0,2026-08-26 13:51:03 UTC
Squalius lepidus,complete,0,2026-08-26 13:51:03 UTC
Squalius lucumonis,complete,4,2026-08-26 13:51:03 UTC
Squalius malacitanus,complete,0,2026-08-26 13:51:03 UTC
Squalius microlepis,complete,0,2026-08-26 13:51:03 UTC
Squalius peloponensis,complete,0,2026-08-26 13:51:03 UTC
Squalius svallize,complete,4,2026-08-26 13:51:03 UTC
Squalius torgalensis,complete,4,2026-08-26 13:51:03 UTC
Squalius valentinus,complete,0,2026-08-26 13:51:03 UTC
Squalius zrmanjae,complete,0,2026-08-26 13:51:03 UTC
Steatocranus bleheri,complete,0,2026-08-26 13:51:03 UTC
Steatocranus casuarius,complete,0,2026-08-26 13:51:03 UTC
Steatocranus gibbiceps,complete,0,2026-08-26 13:51:03 UTC
Steatocranus glaber,complete,0,2026-08-26 13:51:03 UTC
Steatocranus irvinei,complete,0,2026-08-26 13:51:03 UTC
Steatocranus tinanti,complete,0,2026-08-26 13:51:03 UTC
Steatocranus ubanguiensis,complete,0,2026-08-26 13:51:03 UTC
Stegastes acapulcoensis,complete,4,2026-08-26 13:51:03 UTC
Stegastes variabilis,complete,186,2026-08-26 13:51:03 UTC
Stemonyphantes lineatus,complete,2,2026-08-26 13:51:03 UTC
Stenamma impar,complete,0,2026-08-26 13:51:03 UTC
Stenocara dentata,complete,0,2026-08-26 13:51:03 UTC
Stenodus leucichthys,complete,68,2026-08-26 13:51:03 UTC
Stenonema femoratum,complete,0,2026-08-26 13:51:03 UTC
Stenotomus chrysops,complete,478,2026-08-26 13:51:03 UTC
Sterechinus neumayeri,complete,310,2026-08-26 13:51:03 UTC
Stethojulis albovittata,complete,58,2026-08-26 13:51:03 UTC
Stethojulis balteata,complete,126,2026-08-26 13:51:03 UTC
Stethojulis bandanensis,complete,120,2026-08-26 13:51:03 UTC
Stokellia anisodon,complete,0,2026-08-26 13:51:03 UTC
Stolothrissa tanganicae,complete,14,2026-08-26 13:51:03 UTC
Stomatepia mariae,complete,0,2026-08-26 13:51:03 UTC
Stomatepia mongo,complete,0,2026-08-26 13:51:03 UTC
Stomatepia pindu,complete,0,2026-08-26 13:51:03 UTC
Storeria occipitomaculata,complete,12,2026-08-26 13:51:03 UTC
Streptocephalus cafer,complete,0,2026-08-26 13:51:03 UTC
Strongylura marina,complete,378,2026-08-26 13:51:03 UTC
Strophitus undulatus,complete,0,2026-08-26 13:51:03 UTC
Succinea strigata,complete,0,2026-08-26 13:51:03 UTC
Suezichthys gracilis,complete,14,2026-08-26 13:51:03 UTC
Suta flagellum,complete,22,2026-08-26 13:51:03 UTC
Suwallia starki,complete,0,2026-08-26 13:51:03 UTC
Sweltsa borealis,complete,0,2026-08-26 13:51:03 UTC
Sweltsa gaufini,complete,0,2026-08-26 13:51:03 UTC
Sweltsa lamba,complete,0,2026-08-26 13:51:03 UTC
Symphitoneuria exigua,complete,0,2026-08-26 13:51:03 UTC
Symphodus bailloni,complete,24,2026-08-26 13:51:03 UTC
Symphodus cinereus,complete,42,2026-08-26 13:51:03 UTC
Symphodus doderleini,complete,16,2026-08-26 13:51:03 UTC
Symphodus mediterraneus,complete,36,2026-08-26 13:51:03 UTC
Symphodus melanocercus,complete,26,2026-08-26 13:51:03 UTC
Symphodus melops,complete,418,2026-08-26 13:51:03 UTC
Symphodus ocellatus,complete,50,2026-08-26 13:51:03 UTC
Symphodus roissali,complete,44,2026-08-26 13:51:03 UTC
Symphodus tinca,complete,42,2026-08-26 13:51:03 UTC
Syncrossus beauforti,complete,6,2026-08-26 13:51:03 UTC
Syncrossus berdmorei,complete,10,2026-08-26 13:51:03 UTC
Syncrossus helodes,complete,8,2026-08-26 13:51:03 UTC
Syngnathus abaster,complete,4,2026-08-26 13:51:03 UTC
Syngnathus acus,complete,204,2026-08-26 13:51:03 UTC
Syngnathus schlegeli,complete,20,2026-08-26 13:51:03 UTC
Syngnathus scovelli,complete,122,2026-08-26 13:51:03 UTC
Synodontis afrofischeri,complete,8,2026-08-26 13:51:03 UTC
Synodontis angelicus,complete,0,2026-08-26 13:51:03 UTC
Synodontis batensoda,complete,24,2026-08-26 13:51:03 UTC
Synodontis batesii,complete,0,2026-08-26 13:51:03 UTC
Synodontis brichardi,complete,4,2026-08-26 13:51:03 UTC
Synodontis budgetti,complete,0,2026-08-26 13:51:03 UTC
Synodontis clarias,complete,8,2026-08-26 13:51:03 UTC
Synodontis congicus,complete,0,2026-08-26 13:51:03 UTC
Synodontis contractus,complete,4,2026-08-26 13:51:03 UTC
Synodontis courteti,complete,0,2026-08-26 13:51:03 UTC
Synodontis decorus,complete,0,2026-08-26 13:51:03 UTC
Synodontis dhonti,complete,0,2026-08-26 13:51:03 UTC
Synodontis filamentosus,complete,0,2026-08-26 13:51:03 UTC
Synodontis frontosus,complete,24,2026-08-26 13:51:03 UTC
Synodontis granulosus,complete,0,2026-08-26 13:51:03 UTC
Synodontis greshoffi,complete,0,2026-08-26 13:51:03 UTC
Synodontis katangae,complete,0,2026-08-26 13:51:03 UTC
Synodontis leopardinus,complete,40,2026-08-26 13:51:03 UTC
Synodontis macrostigma,complete,20,2026-08-26 13:51:03 UTC
Synodontis membranaceus,complete,14,2026-08-26 13:51:03 UTC
Synodontis multipunctatus,complete,20,2026-08-26 13:51:03 UTC
Synodontis nebulosus,complete,12,2026-08-26 13:51:03 UTC
Synodontis nigrita,complete,0,2026-08-26 13:51:03 UTC
Synodontis nigriventris,complete,20,2026-08-26 13:51:03 UTC
Synodontis nigromaculatus,complete,32,2026-08-26 13:51:03 UTC
Synodontis njassae,complete,16,2026-08-26 13:51:03 UTC
Synodontis ocellifer,complete,24,2026-08-26 13:51:03 UTC
Synodontis petricola,complete,22,2026-08-26 13:51:03 UTC
Synodontis pleurops,complete,0,2026-08-26 13:51:03 UTC
Synodontis polli,complete,0,2026-08-26 13:51:03 UTC
Synodontis punctulatus,complete,0,2026-08-26 13:51:03 UTC
Synodontis rebeli,complete,0,2026-08-26 13:51:03 UTC
Synodontis schall,complete,110,2026-08-26 13:51:03 UTC
Synodontis serratus,complete,0,2026-08-26 13:51:03 UTC
Synodontis soloni,complete,0,2026-08-26 13:51:03 UTC
Synodontis sorex,complete,0,2026-08-26 13:51:03 UTC
Synodontis steindachneri,complete,0,2026-08-26 13:51:03 UTC
Synodontis tanganyicae,complete,0,2026-08-26 13:51:03 UTC
Synodontis thamalakanensis,complete,0,2026-08-26 13:51:03 UTC
Synodontis thysi,complete,0,2026-08-26 13:51:03 UTC
Synodontis unicolor,complete,0,2026-08-26 13:51:03 UTC
Synodontis vanderwaali,complete,0,2026-08-26 13:51:03 UTC
Synodontis victoriae,complete,12,2026-08-26 13:51:03 UTC
Synodontis violaceus,complete,0,2026-08-26 13:51:03 UTC
Synodontis waterloti,complete,16,2026-08-26 13:51:03 UTC
Synodontis woosnami,complete,40,2026-08-26 13:51:03 UTC
Synodontis zambezensis,complete,20,2026-08-26 13:51:03 UTC
Systomus sarana,complete,46,2026-08-26 13:51:03 UTC
Tachysurus vachellii,complete,0,2026-08-26 13:51:03 UTC
Taeniopoda eques,complete,4,2026-08-26 13:51:03 UTC
Taeniopteryx maura,complete,0,2026-08-26 13:51:03 UTC
Tagelus dombeii,complete,10,2026-08-26 13:51:03 UTC
Takifugu alboplumbeus,complete,66,2026-08-26 13:51:03 UTC
Takifugu bimaculatus,complete,0,2026-08-26 13:51:03 UTC
Takifugu coronoidus,complete,0,2026-08-26 13:51:03 UTC
Takifugu flavidus,complete,0,2026-08-26 13:51:03 UTC
Takifugu niphobles,complete,66,2026-08-26 13:51:03 UTC
Takifugu oblongus,complete,50,2026-08-26 13:51:03 UTC
Takifugu obscurus,complete,0,2026-08-26 13:51:03 UTC
Takifugu ocellatus,complete,0,2026-08-26 13:51:03 UTC
Takifugu poecilonotus,complete,96,2026-08-26 13:51:03 UTC
Takifugu porphyreus,complete,0,2026-08-26 13:51:03 UTC
Takifugu pseudommus,complete,0,2026-08-26 13:51:03 UTC
Takifugu rubripes,complete,44,2026-08-26 13:51:03 UTC
Takifugu stictonotus,complete,0,2026-08-26 13:51:03 UTC
Takifugu variomaculatus,complete,0,2026-08-26 13:51:03 UTC
Takifugu vermicularis,complete,0,2026-08-26 13:51:03 UTC
Takifugu xanthopterus,complete,30,2026-08-26 13:51:03 UTC
Takydromus formosanus,complete,0,2026-08-26 13:51:03 UTC
Takydromus hsuehshanensis,complete,0,2026-08-26 13:51:03 UTC
Takydromus septentrionalis,complete,4,2026-08-26 13:51:03 UTC
Takydromus sexlineatus,complete,0,2026-08-26 13:51:03 UTC
Takydromus stejnegeri,complete,0,2026-08-26 13:51:03 UTC
Tanganicodus irsacae,complete,10,2026-08-26 13:51:03 UTC
Tanichthys albonubes,complete,6,2026-08-26 13:51:03 UTC
Tanichthys micagemmae,complete,0,2026-08-26 13:51:03 UTC
Tapinoma sessile,complete,44,2026-08-26 13:51:03 UTC
Tarentola boettgeri,complete,16,2026-08-26 13:51:03 UTC
Tauriphila argo,complete,0,2026-08-26 13:51:03 UTC
Tautoga onitis,complete,136,2026-08-26 13:51:03 UTC
Tautogolabrus adspersus,complete,152,2026-08-26 13:51:03 UTC
Technomyrmex brunneus,complete,0,2026-08-26 13:51:03 UTC
Tectura testudinalis,complete,49,2026-08-26 13:51:03 UTC
Tegillarca granosa,complete,18,2026-08-26 13:51:03 UTC
Teleogramma depressa,complete,0,2026-08-26 13:51:03 UTC
Telestes beoticus,complete,10,2026-08-26 13:51:03 UTC
Telestes croaticus,complete,0,2026-08-26 13:51:03 UTC
Telestes metohiensis,complete,0,2026-08-26 13:51:03 UTC
Telestes montenigrinus,complete,0,2026-08-26 13:51:03 UTC
Telestes muticellus,complete,1288,2026-08-26 13:51:03 UTC
Telestes pleurobipunctatus,complete,4,2026-08-26 13:51:03 UTC
Telestes polylepis,complete,0,2026-08-26 13:51:03 UTC
Telestes souffia,complete,1302,2026-08-26 13:51:03 UTC
Telestes turskyi,complete,4,2026-08-26 13:51:03 UTC
Telestes ukliva,complete,0,2026-08-26 13:51:03 UTC
Tellina capsoides,complete,0,2026-08-26 13:51:03 UTC
Tellina piratica,complete,0,2026-08-26 13:51:03 UTC
Tellina tenuis,complete,10,2026-08-26 13:51:03 UTC
Telmatochromis bifrenatus,complete,6,2026-08-26 13:51:03 UTC
Telmatochromis dhonti,complete,4,2026-08-26 13:51:03 UTC
Telmatochromis temporalis,complete,32,2026-08-26 13:51:03 UTC
Telmatochromis vittatus,complete,0,2026-08-26 13:51:03 UTC
Temnothorax curvispinosus,complete,2,2026-08-26 13:51:03 UTC
Temnothorax longispinosus,complete,0,2026-08-26 13:51:03 UTC
Temnothorax pergandei,complete,0,2026-08-26 13:51:03 UTC
Temnothorax tuscaloosae,complete,0,2026-08-26 13:51:03 UTC
Tenualosa ilisha,complete,44,2026-08-26 13:51:03 UTC
Teramulus waterloti,complete,0,2026-08-26 13:51:03 UTC
Terapon jarbua,complete,198,2026-08-26 13:51:03 UTC
Terapon theraps,complete,54,2026-08-26 13:51:03 UTC
Teratoscincus przewalskii,complete,0,2026-08-26 13:51:03 UTC
Testudo hermanni,complete,2,2026-08-26 13:51:03 UTC
Tetracanthella afurcata,complete,0,2026-08-26 13:51:03 UTC
Tetractenos glaber,complete,0,2026-08-26 13:51:03 UTC
Tetractenos hamiltoni,complete,4,2026-08-26 13:51:03 UTC
Tetragoneuria cynosura,complete,0,2026-08-26 13:51:03 UTC
Tetramorium bicarinatum,complete,0,2026-08-26 13:51:03 UTC
Tetramorium caespitum,complete,18,2026-08-26 13:51:03 UTC
Tetramorium nigerrimum,complete,0,2026-08-26 13:51:03 UTC
Tetramorium rufescens,complete,0,2026-08-26 13:51:03 UTC
Tetramorium semilaeve,complete,2,2026-08-26 13:51:03 UTC
Tetramorium sericeiventre,complete,0,2026-08-26 13:51:03 UTC
Tetramorium triglyphotrixsp,complete,0,2026-08-26 13:51:03 UTC
Tetraodon biocellatus,complete,14,2026-08-26 13:51:03 UTC
Tetraodon fluviatilis,complete,12,2026-08-26 13:51:03 UTC
Tetrapturus angustirostris,complete,18,2026-08-26 13:51:03 UTC
Tetrapturus belone,complete,28,2026-08-26 13:51:03 UTC
Tetrapturus georgii,complete,0,2026-08-26 13:51:03 UTC
Tetrapturus pfluegeri,complete,72,2026-08-26 13:51:03 UTC
Thalassoma amblycephalum,complete,66,2026-08-26 13:51:03 UTC
Thalassoma ascensionis,complete,0,2026-08-26 13:51:03 UTC
Thalassoma ballieui,complete,48,2026-08-26 13:51:03 UTC
Thalassoma bifasciatum,complete,518,2026-08-26 13:51:03 UTC
Thalassoma duperrey,complete,86,2026-08-26 13:51:03 UTC
Thalassoma genivittatum,complete,4,2026-08-26 13:51:03 UTC
Thalassoma hardwicke,complete,130,2026-08-26 13:51:03 UTC
Thalassoma hebraicum,complete,36,2026-08-26 13:51:03 UTC
Thalassoma jansenii,complete,70,2026-08-26 13:51:03 UTC
Thalassoma loxum,complete,0,2026-08-26 13:51:03 UTC
Thalassoma lucasanum,complete,6,2026-08-26 13:51:03 UTC
Thalassoma lunare,complete,158,2026-08-26 13:51:03 UTC
Thalassoma lutescens,complete,88,2026-08-26 13:51:03 UTC
Thalassoma newtoni,complete,0,2026-08-26 13:51:03 UTC
Thalassoma noronhanum,complete,448,2026-08-26 13:51:03 UTC
Thalassoma pavo,complete,22,2026-08-26 13:51:03 UTC
Thalassoma purpureum,complete,108,2026-08-26 13:51:03 UTC
Thalassoma quinquevittatum,complete,72,2026-08-26 13:51:03 UTC
Thalassoma robertsoni,complete,0,2026-08-26 13:51:03 UTC
Thalassoma trilobatum,complete,104,2026-08-26 13:51:03 UTC
Thaleichthys pacificus,complete,64,2026-08-26 13:51:03 UTC
Thamnophis butleri,complete,22,2026-08-26 13:51:03 UTC
Thamnophis elegans,complete,408,2026-08-26 13:51:03 UTC
Thamnophis marcianus,complete,102,2026-08-26 13:51:03 UTC
Thamnophis melanogaster,complete,30,2026-08-26 13:51:03 UTC
Thamnophis ordinoides,complete,34,2026-08-26 13:51:03 UTC
Thamnophis radix,complete,98,2026-08-26 13:51:03 UTC
Thamnophis sirtalis,complete,1076,2026-08-26 13:51:03 UTC
Thoburnia atripinnis,complete,0,2026-08-26 13:51:03 UTC
Thoburnia hamiltoni,complete,0,2026-08-26 13:51:03 UTC
Thoburnia rhothoeca,complete,8,2026-08-26 13:51:03 UTC
Thoracochromis albolabris,complete,0,2026-08-26 13:51:03 UTC
Thoracochromis brauschi,complete,0,2026-08-26 13:51:03 UTC
Thoracochromis buysi,complete,0,2026-08-26 13:51:03 UTC
Thunnus alalunga,complete,474,2026-08-26 13:51:03 UTC
Thunnus albacares,complete,1028,2026-08-26 13:51:03 UTC
Thunnus atlanticus,complete,118,2026-08-26 13:51:03 UTC
Thunnus maccoyii,complete,22,2026-08-26 13:51:03 UTC
Thunnus obesus,complete,532,2026-08-26 13:51:03 UTC
Thunnus thynnus,complete,680,2026-08-26 13:51:03 UTC
Thunnus tonggol,complete,22,2026-08-26 13:51:03 UTC
Thymallus arcticus,complete,66,2026-08-26 13:51:03 UTC
Thymallus thymallus,complete,1578,2026-08-26 13:51:03 UTC
Tiaroga cobitis,complete,0,2026-08-26 13:51:03 UTC
Tibellus oblongus,complete,1670,2026-08-26 13:51:03 UTC
Tigriopus angulatus,complete,0,2026-08-26 13:51:03 UTC
Tigriopus brevicornis,complete,8,2026-08-26 13:51:03 UTC
Tigriopus fulvus,complete,0,2026-08-26 13:51:03 UTC
Tilapia brevimanus,complete,0,2026-08-26 13:51:03 UTC
Tilapia busumana,complete,0,2026-08-26 13:51:03 UTC
Tilapia buttikoferi,complete,0,2026-08-26 13:51:03 UTC
Tilapia dageti,complete,0,2026-08-26 13:51:03 UTC
Tilapia guinasana,complete,8,2026-08-26 13:51:03 UTC
Tilapia guineensis,complete,12,2026-08-26 13:51:03 UTC
Tilapia joka,complete,0,2026-08-26 13:51:03 UTC
Tilapia louka,complete,0,2026-08-26 13:51:03 UTC
Tilapia mariae,complete,32,2026-08-26 13:51:03 UTC
Tilapia nyongana,complete,0,2026-08-26 13:51:03 UTC
Tilapia rendalli,complete,124,2026-08-26 13:51:03 UTC
Tilapia rheophila,complete,0,2026-08-26 13:51:03 UTC
Tilapia ruweti,complete,16,2026-08-26 13:51:03 UTC
Tilapia sparrmanii,complete,58,2026-08-26 13:51:03 UTC
Tilapia tholloni,complete,0,2026-08-26 13:51:03 UTC
Tiliqua nigrolutea,complete,0,2026-08-26 13:51:03 UTC
Tiliqua rugosa,complete,4,2026-08-26 13:51:03 UTC
Tiliqua scincoides,complete,36,2026-08-26 13:51:03 UTC
Tinca tinca,complete,1568,2026-08-26 13:51:03 UTC
Tlalocohyla smithii,complete,0,2026-08-26 13:51:03 UTC
Tonlesapia tsukawakii,complete,0,2026-08-26 13:51:03 UTC
Tor khudree,complete,16,2026-08-26 13:51:03 UTC
Tor malabaricus,complete,0,2026-08-26 13:51:03 UTC
Tor putitora,complete,46,2026-08-26 13:51:03 UTC
Tor sinensis,complete,12,2026-08-26 13:51:03 UTC
Tor tambra,complete,6,2026-08-26 13:51:03 UTC
Tor tor,complete,104,2026-08-26 13:51:03 UTC
Torquigener pleurogramma,complete,2,2026-08-26 13:51:03 UTC
Totoaba macdonaldi,complete,8,2026-08-26 13:51:03 UTC
Toxabramis houdemeri,complete,0,2026-08-26 13:51:03 UTC
Trachemysa scripta,complete,0,2026-08-26 13:51:03 UTC
Trachinotus carolinus,complete,74,2026-08-26 13:51:03 UTC
Trachurus japonicus,complete,42,2026-08-26 13:51:03 UTC
Trachylepis capensis,complete,0,2026-08-26 13:51:03 UTC
Trachylepis striata,complete,6,2026-08-26 13:51:03 UTC
Trachymyrmex septentrionalis,complete,0,2026-08-26 13:51:03 UTC
Trachymyrmex smithineomexicanus,complete,0,2026-08-26 13:51:03 UTC
Tramea carolina,complete,0,2026-08-26 13:51:03 UTC
Tramea cophysa,complete,0,2026-08-26 13:51:03 UTC
Tramea walkeri,complete,0,2026-08-26 13:51:03 UTC
Trapelus savignii,complete,0,2026-08-26 13:51:03 UTC
Trematocara macrostoma,complete,0,2026-08-26 13:51:03 UTC
Trematocara unimaculatum,complete,0,2026-08-26 13:51:03 UTC
Trematomus bernacchii,complete,932,2026-08-26 13:51:03 UTC
Trematomus borchgrevinki,complete,0,2026-08-26 13:51:03 UTC
Trematomus hansoni,complete,566,2026-08-26 13:51:03 UTC
Trematomus pennellii,complete,546,2026-08-26 13:51:03 UTC
Trichogaster chuna,complete,0,2026-08-26 13:51:03 UTC
Trichogaster fasciata,complete,0,2026-08-26 13:51:03 UTC
Trichogaster labiosa,complete,0,2026-08-26 13:51:03 UTC
Trichogaster lalius,complete,0,2026-08-26 13:51:03 UTC
Trichogaster microlepis,complete,0,2026-08-26 13:51:03 UTC
Trichopodus leerii,complete,0,2026-08-26 13:51:03 UTC
Trichopodus pectoralis,complete,96,2026-08-26 13:51:03 UTC
Trichopodus trichopterus,complete,36,2026-08-26 13:51:03 UTC
Trichopsis pumila,complete,6,2026-08-26 13:51:03 UTC
Trichopsis schalleri,complete,4,2026-08-26 13:51:03 UTC
Trichopsis vittata,complete,10,2026-08-26 13:51:03 UTC
Tridentiger bifasciatus,complete,2,2026-08-26 13:51:03 UTC
Triglachromis otostigma,complete,6,2026-08-26 13:51:03 UTC
Trigonopoma pauciperforatum,complete,6,2026-08-26 13:51:03 UTC
Trigonostigma espei,complete,0,2026-08-26 13:51:03 UTC
Trigonostigma heteromorpha,complete,12,2026-08-26 13:51:03 UTC
Trimeresurus gracilis,complete,20,2026-08-26 13:51:03 UTC
Trimeresurus stejnegeri,complete,70,2026-08-26 13:51:03 UTC
Trinectes maculatus,complete,194,2026-08-26 13:51:03 UTC
Triplectides australis,complete,0,2026-08-26 13:51:03 UTC
Triplectides volda,complete,0,2026-08-26 13:51:03 UTC
Triplophysa stenura,complete,0,2026-08-26 13:51:03 UTC
Triplophysa stewarti,complete,0,2026-08-26 13:51:03 UTC
Tristramella simonis,complete,8,2026-08-26 13:51:03 UTC
Tropheops tropheops,complete,42,2026-08-26 13:51:03 UTC
Tropheus annectens,complete,0,2026-08-26 13:51:03 UTC
Tropheus brichardi,complete,2,2026-08-26 13:51:03 UTC
Tropheus duboisi,complete,0,2026-08-26 13:51:03 UTC
Tropheus kasabae,complete,0,2026-08-26 13:51:03 UTC
Tropheus moorii,complete,10,2026-08-26 13:51:03 UTC
Tropheus polli,complete,0,2026-08-26 13:51:03 UTC
Trophonella longstafi,complete,0,2026-08-26 13:51:03 UTC
Tropidophorus queenslandiae,complete,0,2026-08-26 13:51:03 UTC
Tropidophoxinellus alburnoides,complete,0,2026-08-26 13:51:03 UTC
Tropidophoxinellus spartiaticus,complete,6,2026-08-26 13:51:03 UTC
Tuberoschistura baenzigeri,complete,0,2026-08-26 13:51:03 UTC
Tullbergia bisetosa,complete,0,2026-08-26 13:51:03 UTC
Tylochromis leonensis,complete,8,2026-08-26 13:51:03 UTC
Tylochromis polylepis,complete,12,2026-08-26 13:51:03 UTC
Tylochromis pulcher,complete,4,2026-08-26 13:51:03 UTC
Typhlacontias brevipes,complete,0,2026-08-26 13:51:03 UTC
Uloma impressa,complete,0,2026-08-26 13:51:03 UTC
Uma inornata,complete,12,2026-08-26 13:51:03 UTC
Umbra krameri,complete,12,2026-08-26 13:51:03 UTC
Umbra limi,complete,240,2026-08-26 13:51:03 UTC
Umbra pygmaea,complete,82,2026-08-26 13:51:03 UTC
Unio pictorum,complete,2,2026-08-26 13:51:03 UTC
Upogebia africana,complete,0,2026-08-26 13:51:03 UTC
Urosaurus auriculatus,complete,0,2026-08-26 13:51:03 UTC
Urosaurus clarionensis,complete,0,2026-08-26 13:51:03 UTC
Urosaurus ornatus,complete,8,2026-08-26 13:51:03 UTC
Uta stansburiana,complete,54,2026-08-26 13:51:03 UTC
Vaillantella maassi,complete,0,2026-08-26 13:51:03 UTC
Valencia hispanica,complete,10,2026-08-26 13:51:03 UTC
Valencia letourneuxi,complete,4,2026-08-26 13:51:03 UTC
Varanus gouldii,complete,114,2026-08-26 13:51:03 UTC
Varanus varius,complete,92,2026-08-26 13:51:03 UTC
Variabilichromis moorii,complete,0,2026-08-26 13:51:03 UTC
Varicorhinus beso,complete,0,2026-08-26 13:51:03 UTC
Varicorhinus mariae,complete,0,2026-08-26 13:51:03 UTC
Varicorhinus maroccanus,complete,0,2026-08-26 13:51:03 UTC
Varicorhinus nelspruitensis,complete,0,2026-08-26 13:51:03 UTC
Varicorhinus steindachneri,complete,0,2026-08-26 13:51:03 UTC
Venus antiqua,complete,0,2026-08-26 13:51:03 UTC
Villosa delumbis,complete,0,2026-08-26 13:51:03 UTC
Vimba melanops,complete,6,2026-08-26 13:51:03 UTC
Vimba mirabilis,complete,0,2026-08-26 13:51:03 UTC
Vimba vimba,complete,64,2026-08-26 13:51:03 UTC
Virididentex acromegalus,complete,0,2026-08-26 13:51:03 UTC
Wallago attu,complete,24,2026-08-26 13:51:03 UTC
Westralunio carteri,complete,0,2026-08-26 13:51:03 UTC
Wetmorella nigropinnata,complete,4,2026-08-26 13:51:03 UTC
Xantho incisus,complete,4,2026-08-26 13:51:03 UTC
Xantusia henshawi,complete,0,2026-08-26 13:51:03 UTC
Xantusia riversiana,complete,0,2026-08-26 13:51:03 UTC
Xantusia vigilis,complete,24,2026-08-26 13:51:03 UTC
Xenentodon cancila,complete,8,2026-08-26 13:51:03 UTC
Xenocharax spilurus,complete,0,2026-08-26 13:51:03 UTC
Xenochromis hecqui,complete,6,2026-08-26 13:51:03 UTC
Xenomystus nigri,complete,16,2026-08-26 13:51:03 UTC
Xenostrobus atratus,complete,0,2026-08-26 13:51:03 UTC
Xenotilapia bathyphila,complete,6,2026-08-26 13:51:03 UTC
Xenotilapia caudafasciata,complete,30,2026-08-26 13:51:03 UTC
Xenotilapia flavipinnis,complete,6,2026-08-26 13:51:03 UTC
Xenotilapia leptura,complete,10,2026-08-26 13:51:03 UTC
Xenotilapia longispinis,complete,34,2026-08-26 13:51:03 UTC
Xenotilapia melanogenys,complete,0,2026-08-26 13:51:03 UTC
Xenotilapia nigrolabiata,complete,0,2026-08-26 13:51:03 UTC
Xenotilapia ochrogenys,complete,38,2026-08-26 13:51:03 UTC
Xenotilapia ornatipinnis,complete,32,2026-08-26 13:51:03 UTC
Xenotilapia sima,complete,0,2026-08-26 13:51:03 UTC
Xenotilapia spiloptera,complete,0,2026-08-26 13:51:03 UTC
Xenotilapia tenuidentata,complete,0,2026-08-26 13:51:03 UTC
Xiphias gladius,complete,890,2026-08-26 13:51:03 UTC
Xiphocheilus typus,complete,42,2026-08-26 13:51:03 UTC
Xiphophorus birchmanni,complete,0,2026-08-26 13:51:03 UTC
Xiphophorus hellerii,complete,40,2026-08-26 13:51:03 UTC
Xiphophorus maculatus,complete,28,2026-08-26 13:51:03 UTC
Xiphophorus malinche,complete,0,2026-08-26 13:51:03 UTC
Xiphophorus variatus,complete,16,2026-08-26 13:51:03 UTC
Xyrauchen texanus,complete,32,2026-08-26 13:51:03 UTC
Xyrichtys martinicensis,complete,62,2026-08-26 13:51:03 UTC
Xyrichtys novacula,complete,238,2026-08-26 13:51:03 UTC
Xyrichtys splendens,complete,100,2026-08-26 13:51:03 UTC
Yaoshanicus arcus,complete,0,2026-08-26 13:51:03 UTC
Yasuhikotakia caudipunctata,complete,0,2026-08-26 13:51:03 UTC
Yasuhikotakia eos,complete,6,2026-08-26 13:51:03 UTC
Yasuhikotakia lecontei,complete,6,2026-08-26 13:51:03 UTC
Yasuhikotakia modesta,complete,10,2026-08-26 13:51:03 UTC
Yasuhikotakia morleti,complete,6,2026-08-26 13:51:03 UTC
Yunnanilus brevis,complete,0,2026-08-26 13:51:03 UTC
Zaitzevia parvula,complete,0,2026-08-26 13:51:03 UTC
Zapada cinctipes,complete,0,2026-08-26 13:51:03 UTC
Zapada columbiana,complete,0,2026-08-26 13:51:03 UTC
Zebrasoma flavescens,complete,26,2026-08-26 13:51:03 UTC
Zebrasoma scopas,complete,94,2026-08-26 13:51:03 UTC
Zebrasoma velifer,complete,72,2026-08-26 13:51:03 UTC
Zelandobius furcillatus,complete,0,2026-08-26 13:51:03 UTC
Zelotes serotinus,complete,0,2026-08-26 13:51:03 UTC
Zephlebia dentata,complete,0,2026-08-26 13:51:03 UTC
Zingel streber,complete,4,2026-08-26 13:51:03 UTC
Zingel zingel,complete,14,2026-08-26 13:51:03 UTC
Zoarces viviparus,complete,130,2026-08-26 13:51:03 UTC
Zootoca vivipara,complete,16,2026-08-26 13:51:03 UTC
Zora spinimana,complete,6876,2026-08-26 13:51:03 UTC
