metric,edges,predators,prey,obs_mean_absdiff,null_mean,null_sd,z,p_one_sided
ctmax,2487,304,543,3.2920167257637325,4.735998377100954,0.05341192969431122,-27.034815248231276,0.0
lt50,110,27,52,5.228314533534101,8.171137663416777,0.45710226269673565,-6.437997293037011,0.0
ctmin,37,14,25,1.8465990990990993,3.470176522522522,0.3714074398289829,-4.371418688249784,0.0
ltmax,40,12,25,2.412074945887445,4.038616917748917,0.36776172245041633,-4.422814753595711,0.001
