pred,prey,interaction_sources,interaction_types,study_citations,pred_trait,prey_trait,trait_source_pred,trait_source_prey,absdiff
Abramis brama,Agabus bipustulatus,GloBI,preysOn,,30.32,37.07,ComteOlden,ThermoFresh,6.75
Abramis brama,Agapetus fuscipes,GloBI,preysOn,,30.32,25.8,ComteOlden,ThermoFresh,4.52
Abramis brama,Ancylus fluviatilis,GloBI,preysOn,,30.32,34.9,ComteOlden,ThermoFresh,4.579999999999998
Abramis brama,Aphelocheirus aestivalis,GloBI,preysOn,,30.32,34.53,ComteOlden,ThermoFresh,4.210000000000001
Abramis brama,Astacus leptodactylus,GloBI,preysOn,,30.32,37.8666666666667,ComteOlden,ThermoFresh,7.546666666666702
Abramis brama,Baetis rhodani,GloBI,preysOn,,30.32,25.1,ComteOlden,ThermoFresh,5.219999999999999
Abramis brama,Caenis luctuosa,GloBI,preysOn,,30.32,30.6,ComteOlden,ThermoFresh,0.28000000000000114
Abramis brama,Calopteryx virgo,GloBI,preysOn,,30.32,34.0225,ComteOlden,ThermoFresh,3.7025000000000006
Abramis brama,Coenagrion puella,GloBI,preysOn,,30.32,42.995,ComteOlden,ThermoFresh,12.674999999999997
Abramis brama,Deronectes latus,GloBI,preysOn,,30.32,37.04,ComteOlden,ThermoFresh,6.719999999999999
Abramis brama,Dikerogammarus villosus,GloBI,preysOn,,30.32,28.1328571428571,ComteOlden,ThermoFresh,2.1871428571428986
Abramis brama,Dinocras cephalotes,GloBI,preysOn,,30.32,34.6083333333333,ComteOlden,ThermoFresh,4.2883333333332985
Abramis brama,Drusus annulatus,GloBI,preysOn,,30.32,28.8,ComteOlden,ThermoFresh,1.5199999999999996
Abramis brama,Ecdyonurus insignis,GloBI,preysOn,,30.32,32.34,ComteOlden,ThermoFresh,2.020000000000003
Abramis brama,Echinogammarus berilloni,GloBI,preysOn,,30.32,30.3333333333333,ComteOlden,ThermoFresh,0.01333333333329989
Abramis brama,Echinogammarus ischnus,GloBI,preysOn,,30.32,31.5,ComteOlden,ThermoFresh,1.1799999999999997
Abramis brama,Ephemera danica,GloBI,preysOn,,30.32,36.7075,ComteOlden,ThermoFresh,6.387500000000003
Abramis brama,Gammarus fossarum,GloBI,preysOn,,30.32,28.774,ComteOlden,ThermoFresh,1.5459999999999994
Abramis brama,Gammarus pulex,GloBI,preysOn,,30.32,29.1161111111111,ComteOlden,ThermoFresh,1.2038888888889012
Abramis brama,Gammarus roeselii,GloBI,preysOn,,30.32,30.184,ComteOlden,ThermoFresh,0.13599999999999923
Abramis brama,Gammarus tigrinus,GloBI,preysOn,,30.32,32.6985714285714,ComteOlden,ThermoFresh,2.378571428571398
Abramis brama,Heptagenia sulphurea,GloBI,preysOn,,30.32,30.2,ComteOlden,ThermoFresh,0.120000000000001
Abramis brama,Hydropsyche pellucidula,GloBI,preysOn,,30.32,25.5,ComteOlden,ThermoFresh,4.82
Abramis brama,Ischnura elegans,GloBI,preysOn,,30.32,43.7361538461539,ComteOlden,ThermoFresh,13.416153846153897
Abramis brama,Ischnura pumilio,GloBI,preysOn,,30.32,45.515,ComteOlden,ThermoFresh,15.195
Abramis brama,Leuctra fusca,GloBI,preysOn,,30.32,30.1,ComteOlden,ThermoFresh,0.21999999999999886
Abramis brama,Nemurella pictetii,GloBI,preysOn,,30.32,30.1,ComteOlden,ThermoFresh,0.21999999999999886
Abramis brama,Physa fontinalis,GloBI,preysOn,,30.32,37.2433333333333,ComteOlden,ThermoFresh,6.9233333333332965
Abramis brama,Planorbarius corneus,GloBI,preysOn,,30.32,38.025,ComteOlden,ThermoFresh,7.704999999999998
Abramis brama,Planorbis carinatus,GloBI,preysOn,,30.32,40.3033333333333,ComteOlden,ThermoFresh,9.983333333333299
Abramis brama,Planorbis planorbis,GloBI,preysOn,,30.32,39.8433333333333,ComteOlden,ThermoFresh,9.523333333333298
Abramis brama,Potamopyrgus antipodarum,GloBI,eats;preysOn,,30.32,27.9033333333333,ComteOlden,ThermoFresh,2.4166666666667
Abramis brama,Rhithrogena semicolorata,GloBI,preysOn,,30.32,25.33,ComteOlden,ThermoFresh,4.990000000000002
Abramis brama,Rhyacophila dorsalis,GloBI,preysOn,,30.32,22.0,ComteOlden,ThermoFresh,8.32
Abramis brama,Serratella ignita,GloBI,preysOn,,30.32,32.3,ComteOlden,ThermoFresh,1.9799999999999969
Abudefduf saxatilis,Bodianus parrae,GloBI,eats;preysOn,,39.47,38.66,ComteOlden,ComteOlden,0.8100000000000023
Acanthocybium solandri,Auxis rochei,GloBI,preysOn,,35.8,34.0,ComteOlden,ComteOlden,1.7999999999999972
Acanthocybium solandri,Auxis thazard,GloBI,eats;preysOn,,35.8,33.83,ComteOlden,ComteOlden,1.9699999999999989
Acanthocybium solandri,Euthynnus alletteratus,GloBI,eats;preysOn,,35.8,33.67,ComteOlden,ComteOlden,2.1299999999999955
Acanthocybium solandri,Katsuwonus pelamis,GloBI,eats;preysOn,,35.8,34.28,ComteOlden,ComteOlden,1.519999999999996
Acanthocybium solandri,Sarda sarda,GloBI,eats;preysOn,,35.8,32.26,ComteOlden,ComteOlden,3.539999999999999
Acanthocybium solandri,Scomber scombrus,GloBI,preysOn,,35.8,33.2066666666667,ComteOlden,ComteOlden,2.593333333333298
Acanthocybium solandri,Scomberomorus regalis,GloBI,eats;preysOn,,35.8,35.86,ComteOlden,ComteOlden,0.060000000000002274
Acanthocybium solandri,Thunnus atlanticus,GloBI,eats;preysOn,,35.8,35.77,ComteOlden,ComteOlden,0.02999999999999403
Acanthocybium solandri,Thunnus thynnus,GloBI,eats;preysOn,,35.8,35.86,ComteOlden,ComteOlden,0.060000000000002274
Acanthogobius flavimanus,Gillichthys mirabilis,GloBI,preysOn,,35.59,37.9833333333333,ComteOlden,ThermoFresh,2.3933333333332953
Acanthogobius flavimanus,Leptocottus armatus,GloBI,preysOn,,35.59,29.16,ComteOlden,ComteOlden,6.430000000000003
Acanthopagrus schlegelii,Syngnathus acus,GloBI,eats;preysOn,,36.44,31.7,ThermoFresh,ThermoFresh,4.739999999999998
Acipenser fulvescens,Catostomus commersonii,GloBI,preysOn,,33.5328571428571,33.17,ThermoFresh,ThermoFresh,0.362857142857095
Acipenser fulvescens,Moxostoma anisurum,GloBI,preysOn,,33.5328571428571,32.72,ThermoFresh,ComteOlden,0.8128571428570979
Acipenser fulvescens,Pungitius pungitius,GloBI,eats;preysOn,,33.5328571428571,29.85,ThermoFresh,ThermoFresh,3.6828571428570953
Acipenser gueldenstaedtii,Crangon crangon,GloBI,eats,,33.69,34.1133333333333,ComteOlden,ThermoFresh,0.4233333333333036
Acipenser gueldenstaedtii,Neogobius fluviatilis,GloBI,preysOn,,33.69,34.32,ComteOlden,ComteOlden,0.6300000000000026
Acipenser gueldenstaedtii,Neogobius melanostomus,GloBI,preysOn,,33.69,33.726,ComteOlden,ThermoFresh,0.036000000000001364
Acipenser nudiventris,Neogobius fluviatilis,GloBI,preysOn,,35.45,34.32,ComteOlden,ComteOlden,1.1300000000000026
Acipenser persicus,Atherina boyeri,GloBI,eats;preysOn,,34.64,36.43,ComteOlden,ComteOlden,1.7899999999999991
Acipenser persicus,Vimba vimba,GloBI,eats;preysOn,,34.64,33.43,ComteOlden,ComteOlden,1.2100000000000009
Acipenser stellatus,Crangon crangon,GloBI,eats,,34.66,34.1133333333333,ComteOlden,ThermoFresh,0.5466666666666953
Acipenser sturio,Carcinus maenas,GloBI,eats;preysOn,,32.52,34.07,ComteOlden,ThermoFresh,1.5499999999999972
Acipenser sturio,Crangon crangon,GloBI,eats;preysOn,,32.52,34.1133333333333,ComteOlden,ThermoFresh,1.5933333333332982
Acipenser transmontanus,Alosa sapidissima,GloBI,eats;preysOn,,30.3895238095238,32.58,ThermoFresh,ComteOlden,2.190476190476197
Acipenser transmontanus,Palaemon macrodactylus,GloBI,eats;preysOn,,30.3895238095238,34.7083333333333,ThermoFresh,ThermoFresh,4.318809523809499
Acipenser transmontanus,Thaleichthys pacificus,GloBI,eats;preysOn,,30.3895238095238,27.43,ThermoFresh,ComteOlden,2.9595238095238017
Agabus bipustulatus,Asellus aquaticus,GloBI,eats;preysOn,,37.07,32.8678947368421,ThermoFresh,ThermoFresh,4.202105263157897
Agabus bipustulatus,Caenis luctuosa,GloBI,eats;preysOn,,37.07,30.6,ThermoFresh,ThermoFresh,6.469999999999999
Agabus bipustulatus,Crangonyx pseudogracilis,GloBI,eats;preysOn,,37.07,32.3233333333333,ThermoFresh,ThermoFresh,4.746666666666698
Agabus bipustulatus,Daphnia magna,GloBI,eats;preysOn,,37.07,40.07,ThermoFresh,ThermoFresh,3.0
Agabus bipustulatus,Gammarus pulex,GloBI,eats;preysOn,,37.07,29.1161111111111,ThermoFresh,ThermoFresh,7.953888888888901
Agabus bipustulatus,Helobdella stagnalis,GloBI,eats;preysOn,,37.07,31.6,ThermoFresh,ThermoFresh,5.469999999999999
Agabus bipustulatus,Sialis lutaria,GloBI,eats;preysOn,,37.07,31.4,ThermoFresh,ThermoFresh,5.670000000000002
Agkistrodon contortrix,Aspidoscelis sexlineatus,GloBI,preysOn,,40.6,51.0,GlobTherm,GlobTherm,10.399999999999999
Agkistrodon contortrix,Coluber constrictor,GloBI,eats;preysOn,,40.6,42.4,GlobTherm,GlobTherm,1.7999999999999972
Agkistrodon contortrix,Plethodon glutinosus,GloBI,eats;preysOn,,40.6,34.3,GlobTherm,GlobTherm,6.300000000000004
Agkistrodon contortrix,Sceloporus undulatus,GloBI,preysOn,,40.6,40.4,GlobTherm,GlobTherm,0.20000000000000284
Agkistrodon contortrix,Storeria occipitomaculata,GloBI,eats;preysOn,,40.6,37.8,GlobTherm,GlobTherm,2.8000000000000043
Agkistrodon contortrix,Thamnophis sirtalis,GloBI,eats;preysOn,,40.6,38.9,GlobTherm,GlobTherm,1.7000000000000028
Agnetina capitata,Baetis tricaudatus,GloBI,eats;preysOn,,34.86,29.775,ThermoFresh,ThermoFresh,5.085000000000001
Alburnus alburnus,Agapetus fuscipes,GloBI,preysOn,,37.7,25.8,ThermoFresh,ThermoFresh,11.900000000000002
Alburnus alburnus,Baetis rhodani,GloBI,preysOn,,37.7,25.1,ThermoFresh,ThermoFresh,12.600000000000001
Alburnus alburnus,Caenis luctuosa,GloBI,preysOn,,37.7,30.6,ThermoFresh,ThermoFresh,7.100000000000001
Alburnus alburnus,Dinocras cephalotes,GloBI,preysOn,,37.7,34.6083333333333,ThermoFresh,ThermoFresh,3.091666666666704
Alburnus alburnus,Drusus annulatus,GloBI,preysOn,,37.7,28.8,ThermoFresh,ThermoFresh,8.900000000000002
Alburnus alburnus,Ecdyonurus insignis,GloBI,preysOn,,37.7,32.34,ThermoFresh,ThermoFresh,5.359999999999999
Alburnus alburnus,Electrona antarctica,GloBI,eats,,37.7,31.24,ThermoFresh,ComteOlden,6.460000000000004
Alburnus alburnus,Ephemera danica,GloBI,preysOn,,37.7,36.7075,ThermoFresh,ThermoFresh,0.9924999999999997
Alburnus alburnus,Heptagenia sulphurea,GloBI,preysOn,,37.7,30.2,ThermoFresh,ThermoFresh,7.5000000000000036
Alburnus alburnus,Hydropsyche pellucidula,GloBI,preysOn,,37.7,25.5,ThermoFresh,ThermoFresh,12.200000000000003
Alburnus alburnus,Leuctra fusca,GloBI,preysOn,,37.7,30.1,ThermoFresh,ThermoFresh,7.600000000000001
Alburnus alburnus,Nemurella pictetii,GloBI,preysOn,,37.7,30.1,ThermoFresh,ThermoFresh,7.600000000000001
Alburnus alburnus,Rhithrogena semicolorata,GloBI,preysOn,,37.7,25.33,ThermoFresh,ThermoFresh,12.370000000000005
Alburnus alburnus,Rhyacophila dorsalis,GloBI,preysOn,,37.7,22.0,ThermoFresh,ThermoFresh,15.700000000000003
Alburnus alburnus,Rutilus rutilus,GloBI,eats;preysOn,,37.7,28.5058333333333,ThermoFresh,ThermoFresh,9.194166666666703
Alburnus alburnus,Serratella ignita,GloBI,preysOn,,37.7,32.3,ThermoFresh,ThermoFresh,5.400000000000006
Alburnus arborella,Agapetus fuscipes,GloBI,preysOn,,35.64,25.8,ComteOlden,ThermoFresh,9.84
Alburnus arborella,Baetis rhodani,GloBI,preysOn,,35.64,25.1,ComteOlden,ThermoFresh,10.54
Alburnus arborella,Caenis luctuosa,GloBI,preysOn,,35.64,30.6,ComteOlden,ThermoFresh,5.039999999999999
Alburnus arborella,Dinocras cephalotes,GloBI,preysOn,,35.64,34.6083333333333,ComteOlden,ThermoFresh,1.0316666666667018
Alburnus arborella,Drusus annulatus,GloBI,preysOn,,35.64,28.8,ComteOlden,ThermoFresh,6.84
Alburnus arborella,Ecdyonurus insignis,GloBI,preysOn,,35.64,32.34,ComteOlden,ThermoFresh,3.299999999999997
Alburnus arborella,Ephemera danica,GloBI,preysOn,,35.64,36.7075,ComteOlden,ThermoFresh,1.0675000000000026
Alburnus arborella,Heptagenia sulphurea,GloBI,preysOn,,35.64,30.2,ComteOlden,ThermoFresh,5.440000000000001
Alburnus arborella,Hydropsyche pellucidula,GloBI,preysOn,,35.64,25.5,ComteOlden,ThermoFresh,10.14
Alburnus arborella,Leuctra fusca,GloBI,preysOn,,35.64,30.1,ComteOlden,ThermoFresh,5.539999999999999
Alburnus arborella,Nemurella pictetii,GloBI,preysOn,,35.64,30.1,ComteOlden,ThermoFresh,5.539999999999999
Alburnus arborella,Rhithrogena semicolorata,GloBI,preysOn,,35.64,25.33,ComteOlden,ThermoFresh,10.310000000000002
Alburnus arborella,Rhyacophila dorsalis,GloBI,preysOn,,35.64,22.0,ComteOlden,ThermoFresh,13.64
Alburnus arborella,Serratella ignita,GloBI,preysOn,,35.64,32.3,ComteOlden,ThermoFresh,3.3400000000000034
Alosa aestivalis,Corophium volutator,GloBI,eats;preysOn,,33.58,33.1452777775,ComteOlden,ThermoFresh,0.4347222224999996
Alosa aestivalis,Gammarus tigrinus,GloBI,preysOn,,33.58,32.6985714285714,ComteOlden,ThermoFresh,0.8814285714286001
Alosa aestivalis,Hyalella azteca,GloBI,preysOn,,33.58,41.1175,ComteOlden,ThermoFresh,7.537500000000001
Alosa aestivalis,Uma inornata,GloBI,preysOn,,33.58,45.0,ComteOlden,GlobTherm,11.420000000000002
Alosa alosa,Electrona antarctica,GloBI,eats,,30.73,31.24,ComteOlden,ComteOlden,0.509999999999998
Alosa fallax,Abramis brama,GloBI,preysOn,,32.31,30.32,ComteOlden,ComteOlden,1.990000000000002
Alosa fallax,Acipenser naccarii,GloBI,preysOn,,32.31,33.83,ComteOlden,ComteOlden,1.519999999999996
Alosa fallax,Acipenser sturio,GloBI,preysOn,,32.31,32.52,ComteOlden,ComteOlden,0.21000000000000085
Alosa fallax,Alburnus alburnus,GloBI,preysOn,,32.31,37.7,ComteOlden,ThermoFresh,5.390000000000001
Alosa fallax,Alburnus arborella,GloBI,preysOn,,32.31,35.64,ComteOlden,ComteOlden,3.3299999999999983
Alosa fallax,Anguilla anguilla,GloBI,preysOn,,32.31,35.12,ComteOlden,ComteOlden,2.809999999999995
Alosa fallax,Atherina boyeri,GloBI,eats;preysOn,,32.31,36.43,ComteOlden,ComteOlden,4.119999999999997
Alosa fallax,Barbatula barbatula,GloBI,preysOn,,32.31,29.5285714285714,ComteOlden,ThermoFresh,2.7814285714286022
Alosa fallax,Barbus barbus,GloBI,preysOn,,32.31,29.2,ComteOlden,ThermoFresh,3.110000000000003
Alosa fallax,Barbus caninus,GloBI,preysOn,,32.31,32.7,ComteOlden,ComteOlden,0.39000000000000057
Alosa fallax,Barbus plebejus,GloBI,preysOn,,32.31,32.5,ComteOlden,ComteOlden,0.18999999999999773
Alosa fallax,Blicca bjoerkna,GloBI,preysOn,,32.31,30.86,ComteOlden,ComteOlden,1.4500000000000028
Alosa fallax,Carassius carassius,GloBI,preysOn,,32.31,35.5365,ComteOlden,ThermoFresh,3.2264999999999944
Alosa fallax,Carassius gibelio,GloBI,preysOn,,32.31,36.1,ComteOlden,ThermoFresh,3.789999999999999
Alosa fallax,Chondrostoma nasus,GloBI,preysOn,,32.31,34.03,ComteOlden,ComteOlden,1.7199999999999989
Alosa fallax,Chondrostoma soetta,GloBI,preysOn,,32.31,31.86,ComteOlden,ComteOlden,0.45000000000000284
Alosa fallax,Cobitis bilineata,GloBI,preysOn,,32.31,33.54,ComteOlden,ComteOlden,1.2299999999999969
Alosa fallax,Cobitis taenia,GloBI,preysOn,,32.31,33.76,ComteOlden,ComteOlden,1.4499999999999957
Alosa fallax,Cottus gobio,GloBI,preysOn,,32.31,30.32,ComteOlden,ComteOlden,1.990000000000002
Alosa fallax,Crangon crangon,GloBI,eats;preysOn,,32.31,34.1133333333333,ComteOlden,ThermoFresh,1.803333333333299
Alosa fallax,Ctenopharyngodon idella,GloBI,preysOn,,32.31,39.5,ComteOlden,ThermoFresh,7.189999999999998
Alosa fallax,Cyprinus carpio,GloBI,preysOn,,32.31,33.5484745762712,ComteOlden,ThermoFresh,1.2384745762711944
Alosa fallax,Electrona antarctica,GloBI,eats,,32.31,31.24,ComteOlden,ComteOlden,1.0700000000000038
Alosa fallax,Esox lucius,GloBI,preysOn,,32.31,28.98,ComteOlden,ComteOlden,3.330000000000002
Alosa fallax,Gasterosteus aculeatus,GloBI,preysOn,,32.31,31.6655882352941,ComteOlden,ThermoFresh,0.6444117647059038
Alosa fallax,Gobio gobio,GloBI,preysOn,,32.31,33.75,ComteOlden,ThermoFresh,1.4399999999999977
Alosa fallax,Gymnocephalus cernua,GloBI,preysOn,,32.31,34.5,ComteOlden,ThermoFresh,2.1899999999999977
Alosa fallax,Hypophthalmichthys molitrix,GloBI,preysOn,,32.31,36.27,ComteOlden,ComteOlden,3.960000000000001
Alosa fallax,Hypophthalmichthys nobilis,GloBI,preysOn,,32.31,37.92,ComteOlden,ComteOlden,5.609999999999999
Alosa fallax,Lepomis gibbosus,GloBI,preysOn,,32.31,33.8035,ComteOlden,ThermoFresh,1.4934999999999974
Alosa fallax,Leucaspius delineatus,GloBI,preysOn,,32.31,34.3566666666667,ComteOlden,ThermoFresh,2.0466666666666953
Alosa fallax,Leuciscus aspius,GloBI,preysOn,,32.31,34.92,ComteOlden,ComteOlden,2.6099999999999994
Alosa fallax,Leuciscus leuciscus,GloBI,preysOn,,32.31,32.57,ComteOlden,ComteOlden,0.259999999999998
Alosa fallax,Lota lota,GloBI,preysOn,,32.31,27.11875,ComteOlden,ThermoFresh,5.191250000000004
Alosa fallax,Micropterus salmoides,GloBI,preysOn,,32.31,36.4,ComteOlden,ThermoFresh,4.089999999999996
Alosa fallax,Neogobius melanostomus,GloBI,preysOn,,32.31,33.726,ComteOlden,ThermoFresh,1.4159999999999968
Alosa fallax,Oncorhynchus mykiss,GloBI,preysOn,,32.31,28.6755405405405,ComteOlden,ThermoFresh,3.634459459459503
Alosa fallax,Padogobius bonelli,GloBI,preysOn,,32.31,31.74,ComteOlden,ComteOlden,0.5700000000000038
Alosa fallax,Parachondrostoma toxostoma,GloBI,preysOn,,32.31,34.17,ComteOlden,ComteOlden,1.8599999999999994
Alosa fallax,Perca fluviatilis,GloBI,preysOn,,32.31,28.6920833333333,ComteOlden,ThermoFresh,3.6179166666667015
Alosa fallax,Phoxinus lumaireul,GloBI,preysOn,,32.31,29.52,ComteOlden,ComteOlden,2.7900000000000027
Alosa fallax,Pomatoschistus microps,GloBI,eats;preysOn,,32.31,33.7272727272727,ComteOlden,ThermoFresh,1.417272727272696
Alosa fallax,Pomatoschistus minutus,GloBI,eats;preysOn,,32.31,28.4,ComteOlden,ThermoFresh,3.9100000000000037
Alosa fallax,Ponticola kessleri,GloBI,preysOn,,32.31,34.03,ComteOlden,ComteOlden,1.7199999999999989
Alosa fallax,Pseudorasbora parva,GloBI,preysOn,,32.31,38.515,ComteOlden,ThermoFresh,6.204999999999998
Alosa fallax,Rhodeus amarus,GloBI,preysOn,,32.31,34.1,ComteOlden,ComteOlden,1.7899999999999991
Alosa fallax,Rutilus aula,GloBI,preysOn,,32.31,32.32,ComteOlden,ComteOlden,0.00999999999999801
Alosa fallax,Rutilus pigus,GloBI,preysOn,,32.31,33.59,ComteOlden,ComteOlden,1.2800000000000011
Alosa fallax,Rutilus rutilus,GloBI,preysOn,,32.31,28.5058333333333,ComteOlden,ThermoFresh,3.8041666666667027
Alosa fallax,Sabanejewia larvata,GloBI,preysOn,,32.31,32.71,ComteOlden,ComteOlden,0.3999999999999986
Alosa fallax,Salariopsis fluviatilis,GloBI,preysOn,,32.31,34.96,ComteOlden,ComteOlden,2.6499999999999986
Alosa fallax,Salmo labrax,GloBI,preysOn,,32.31,32.32,ComteOlden,ComteOlden,0.00999999999999801
Alosa fallax,Salmo marmoratus,GloBI,preysOn,,32.31,30.21,ComteOlden,ComteOlden,2.1000000000000014
Alosa fallax,Salmo salar,GloBI,preysOn,,32.31,30.3326495726496,ComteOlden,ThermoFresh,1.9773504273504017
Alosa fallax,Salmo trutta,GloBI,preysOn,,32.31,27.6830769230769,ComteOlden,ThermoFresh,4.626923076923102
Alosa fallax,Salvelinus fontinalis,GloBI,preysOn,,32.31,28.9883333333333,ComteOlden,ThermoFresh,3.321666666666701
Alosa fallax,Salvelinus namaycush,GloBI,preysOn,,32.31,27.385,ComteOlden,ThermoFresh,4.925000000000001
Alosa fallax,Sander lucioperca,GloBI,preysOn,,32.31,35.4428571428571,ComteOlden,ThermoFresh,3.132857142857098
Alosa fallax,Scardinius erythrophthalmus,GloBI,preysOn,,32.31,34.94,ComteOlden,ComteOlden,2.6299999999999955
Alosa fallax,Silurus glanis,GloBI,preysOn,,32.31,36.15,ComteOlden,ComteOlden,3.8399999999999963
Alosa fallax,Squalius cephalus,GloBI,preysOn,,32.31,36.48,ComteOlden,ThermoFresh,4.169999999999995
Alosa fallax,Telestes muticellus,GloBI,preysOn,,32.31,33.48,ComteOlden,ComteOlden,1.1699999999999946
Alosa fallax,Telestes souffia,GloBI,preysOn,,32.31,33.18,ComteOlden,ComteOlden,0.8699999999999974
Alosa fallax,Thymallus thymallus,GloBI,preysOn,,32.31,29.4333333333333,ComteOlden,ThermoFresh,2.8766666666667007
Alosa fallax,Tinca tinca,GloBI,preysOn,,32.31,35.6875,ComteOlden,ThermoFresh,3.3774999999999977
Alosa macedonica,Alburnus alburnus,GloBI,eats;preysOn,,34.12,37.7,ComteOlden,ThermoFresh,3.5800000000000054
Alosa macedonica,Knipowitschia caucasica,GloBI,eats;preysOn,,34.12,36.07,ComteOlden,ComteOlden,1.9500000000000028
Alosa macedonica,Rutilus rutilus,GloBI,eats;preysOn,,34.12,28.5058333333333,ComteOlden,ThermoFresh,5.614166666666698
Alosa mediocris,Gammarus tigrinus,GloBI,preysOn,,34.7,32.6985714285714,ComteOlden,ThermoFresh,2.0014285714286046
Alosa mediocris,Hyalella azteca,GloBI,preysOn,,34.7,41.1175,ComteOlden,ThermoFresh,6.417499999999997
Alosa mediocris,Uma inornata,GloBI,preysOn,,34.7,45.0,ComteOlden,GlobTherm,10.299999999999997
Alosa pseudoharengus,Corophium volutator,GloBI,eats;preysOn,,30.4625,33.1452777775,ThermoFresh,ThermoFresh,2.6827777775
Alosa sapidissima,Anchoa mitchilli,GloBI,preysOn,,32.58,36.68,ComteOlden,ComteOlden,4.100000000000001
Alosa sapidissima,Gammarus tigrinus,GloBI,preysOn,,32.58,32.6985714285714,ComteOlden,ThermoFresh,0.1185714285713999
Alosa sapidissima,Hyalella azteca,GloBI,preysOn,,32.58,41.1175,ComteOlden,ThermoFresh,8.537500000000001
Alosa sapidissima,Oncorhynchus tshawytscha,GloBI,eats;preysOn,,32.58,28.7821875,ComteOlden,ThermoFresh,3.797812499999999
Alosa sapidissima,Osmerus eperlanus,GloBI,eats;preysOn,,32.58,27.8,ComteOlden,ComteOlden,4.779999999999998
Alosa sapidissima,Uma inornata,GloBI,preysOn,,32.58,45.0,ComteOlden,GlobTherm,12.420000000000002
Ambloplites rupestris,Daphnia galeata,GloBI,preysOn,,33.86,38.89,ComteOlden,ThermoFresh,5.030000000000001
Ambloplites rupestris,Hyalella azteca,GloBI,eats;preysOn,,33.86,41.1175,ComteOlden,ThermoFresh,7.2575
Ambloplites rupestris,Micropterus dolomieu,GloBI,preysOn,,33.86,33.3333333333333,ComteOlden,ThermoFresh,0.5266666666666993
Ambloplites rupestris,Micropterus salmoides,GloBI,preysOn,,33.86,36.4,ComteOlden,ThermoFresh,2.539999999999999
Ambloplites rupestris,Perca flavescens,GloBI,preysOn,,33.86,30.7,ComteOlden,ComteOlden,3.16
Ambloplites rupestris,Pomoxis nigromaculatus,GloBI,preysOn,,33.86,35.21,ComteOlden,ComteOlden,1.3500000000000014
Ameiurus catus,Dorosoma cepedianum,GloBI,eats;preysOn,,35.83,35.3,ComteOlden,ComteOlden,0.5300000000000011
Ameiurus nebulosus,Dorosoma cepedianum,GloBI,eats;preysOn,,38.1,35.3,ThermoFresh,ComteOlden,2.8000000000000043
Ameiurus nebulosus,Gila cypha,GloBI,preysOn,,38.1,34.76,ThermoFresh,ComteOlden,3.3400000000000034
Ameiurus nebulosus,Gymnocephalus cernua,GloBI,preysOn,,38.1,34.5,ThermoFresh,ThermoFresh,3.6000000000000014
Ameiurus nebulosus,Hyalella azteca,GloBI,eats;preysOn,,38.1,41.1175,ThermoFresh,ThermoFresh,3.0174999999999983
Ameiurus nebulosus,Salvelinus namaycush,GloBI,preysOn,,38.1,27.385,ThermoFresh,ThermoFresh,10.715
Amia calva,Ambloplites rupestris,GloBI,eats;preysOn,,36.44,33.86,ComteOlden,ComteOlden,2.5799999999999983
Amia calva,Ameiurus natalis,GloBI,eats;preysOn,,36.44,38.58,ComteOlden,ThermoFresh,2.1400000000000006
Amia calva,Cyprinus carpio,GloBI,eats;preysOn,,36.44,33.5484745762712,ComteOlden,ThermoFresh,2.891525423728801
Amia calva,Dorosoma cepedianum,GloBI,eats;preysOn,,36.44,35.3,ComteOlden,ComteOlden,1.1400000000000006
Amia calva,Esox americanus,GloBI,eats;preysOn,,36.44,36.2,ComteOlden,ComteOlden,0.23999999999999488
Amia calva,Etheostoma exile,GloBI,eats;preysOn,,36.44,31.98,ComteOlden,ComteOlden,4.459999999999997
Amia calva,Lepomis gibbosus,GloBI,eats;preysOn,,36.44,33.8035,ComteOlden,ThermoFresh,2.636499999999998
Amia calva,Lepomis macrochirus,GloBI,eats;preysOn,,36.44,36.8636,ComteOlden,ThermoFresh,0.4236000000000004
Amia calva,Lepomis megalotis,GloBI,eats;preysOn,,36.44,34.8014285714286,ComteOlden,ThermoFresh,1.638571428571396
Amia calva,Micropterus dolomieu,GloBI,eats;preysOn,,36.44,33.3333333333333,ComteOlden,ThermoFresh,3.1066666666666976
Amia calva,Micropterus salmoides,GloBI,eats;preysOn,,36.44,36.4,ComteOlden,ThermoFresh,0.03999999999999915
Amia calva,Perca flavescens,GloBI,eats;preysOn,,36.44,30.7,ComteOlden,ComteOlden,5.739999999999998
Amia calva,Umbra limi,GloBI,eats;preysOn,,36.44,37.68,ComteOlden,ComteOlden,1.240000000000002
Anax imperator,Coenagrion puella,GloBI,preysOn,,37.9,42.995,ThermoFresh,ThermoFresh,5.094999999999999
Anax imperator,Daphnia magna,GloBI,preysOn,,37.9,40.07,ThermoFresh,ThermoFresh,2.1700000000000017
Anax imperator,Ischnura elegans,GloBI,eats;preysOn,,37.9,43.7361538461539,ThermoFresh,ThermoFresh,5.836153846153898
Anax junius,Anaxyrus boreas,GloBI,eats;preysOn,,45.6,36.5,GlobTherm,GlobTherm,9.100000000000001
Anax junius,Erythemis simplicicollis,GloBI,eats;preysOn,,45.6,46.0,GlobTherm,ThermoFresh,0.3999999999999986
Anax junius,Lethocerus americanus,GloBI,eats,,45.6,45.9,GlobTherm,ThermoFresh,0.29999999999999716
Anax junius,Pachydiplax longipennis,GloBI,eats;preysOn,,45.6,42.255,GlobTherm,ThermoFresh,3.344999999999999
Anax junius,Pseudacris regilla,GloBI,eats,,45.6,36.6,GlobTherm,GlobTherm,9.0
Anax longipes,Anax junius,GloBI,preysOn,,45.2,45.6,ThermoFresh,GlobTherm,0.3999999999999986
Anaxyrus boreas,Anax junius,GloBI,eats;preysOn,,36.5,45.6,GlobTherm,GlobTherm,9.100000000000001
Anaxyrus boreas,Lethocerus americanus,GloBI,eats,,36.5,45.9,GlobTherm,ThermoFresh,9.399999999999999
Anaxyrus boreas,Pseudacris regilla,GloBI,eats,,36.5,36.6,GlobTherm,GlobTherm,0.10000000000000142
Anchoa mitchilli,Alosa sapidissima,GloBI,preysOn,,36.68,32.58,ComteOlden,ComteOlden,4.100000000000001
Anchoa mitchilli,Gammarus tigrinus,GloBI,eats;preysOn,,36.68,32.6985714285714,ComteOlden,ThermoFresh,3.9814285714286015
Anchoa mitchilli,Hyalella azteca,GloBI,preysOn,,36.68,41.1175,ComteOlden,ThermoFresh,4.4375
Anchoa mitchilli,Leiostomus xanthurus,GloBI,eats;preysOn,,36.68,36.19,ComteOlden,ComteOlden,0.490000000000002
Anchoa mitchilli,Litopenaeus setiferus,GloBI,eats;preysOn,,36.68,37.2,ComteOlden,ThermoFresh,0.5200000000000031
Anchoa mitchilli,Trinectes maculatus,GloBI,preysOn,,36.68,37.31,ComteOlden,ComteOlden,0.6300000000000026
Anchoa mitchilli,Uma inornata,GloBI,preysOn,,36.68,45.0,ComteOlden,GlobTherm,8.32
Anguilla anguilla,Abramis brama,GloBI,eats;preysOn,,35.12,30.32,ComteOlden,ComteOlden,4.799999999999997
Anguilla anguilla,Acipenser naccarii,GloBI,preysOn,,35.12,33.83,ComteOlden,ComteOlden,1.2899999999999991
Anguilla anguilla,Acipenser sturio,GloBI,preysOn,,35.12,32.52,ComteOlden,ComteOlden,2.5999999999999943
Anguilla anguilla,Agabus bipustulatus,GloBI,preysOn,,35.12,37.07,ComteOlden,ThermoFresh,1.9500000000000028
Anguilla anguilla,Agapetus fuscipes,GloBI,preysOn,,35.12,25.8,ComteOlden,ThermoFresh,9.319999999999997
Anguilla anguilla,Alburnus alburnus,GloBI,preysOn,,35.12,37.7,ComteOlden,ThermoFresh,2.5800000000000054
Anguilla anguilla,Alburnus arborella,GloBI,preysOn,,35.12,35.64,ComteOlden,ComteOlden,0.5200000000000031
Anguilla anguilla,Alosa fallax,GloBI,preysOn,,35.12,32.31,ComteOlden,ComteOlden,2.809999999999995
Anguilla anguilla,Alosa pseudoharengus,GloBI,preysOn,,35.12,30.4625,ComteOlden,ThermoFresh,4.657499999999999
Anguilla anguilla,Ancylus fluviatilis,GloBI,eats;preysOn,,35.12,34.9,ComteOlden,ThermoFresh,0.21999999999999886
Anguilla anguilla,Aphelocheirus aestivalis,GloBI,preysOn,,35.12,34.53,ComteOlden,ThermoFresh,0.5899999999999963
Anguilla anguilla,Asellus aquaticus,GloBI,eats;preysOn,,35.12,32.8678947368421,ComteOlden,ThermoFresh,2.252105263157894
Anguilla anguilla,Astacus leptodactylus,GloBI,preysOn,,35.12,37.8666666666667,ComteOlden,ThermoFresh,2.7466666666667052
Anguilla anguilla,Baetis rhodani,GloBI,eats;preysOn,,35.12,25.1,ComteOlden,ThermoFresh,10.019999999999996
Anguilla anguilla,Barbatula barbatula,GloBI,preysOn,,35.12,29.5285714285714,ComteOlden,ThermoFresh,5.591428571428597
Anguilla anguilla,Barbus barbus,GloBI,preysOn,,35.12,29.2,ComteOlden,ThermoFresh,5.919999999999998
Anguilla anguilla,Barbus caninus,GloBI,preysOn,,35.12,32.7,ComteOlden,ComteOlden,2.4199999999999946
Anguilla anguilla,Barbus plebejus,GloBI,preysOn,,35.12,32.5,ComteOlden,ComteOlden,2.6199999999999974
Anguilla anguilla,Bithynia tentaculata,GloBI,preysOn,,35.12,28.8166666666667,ComteOlden,ThermoFresh,6.303333333333299
Anguilla anguilla,Blicca bjoerkna,GloBI,eats;preysOn,,35.12,30.86,ComteOlden,ComteOlden,4.259999999999998
Anguilla anguilla,Caenis luctuosa,GloBI,preysOn,,35.12,30.6,ComteOlden,ThermoFresh,4.519999999999996
Anguilla anguilla,Calopteryx virgo,GloBI,preysOn,,35.12,34.0225,ComteOlden,ThermoFresh,1.0974999999999966
Anguilla anguilla,Carassius carassius,GloBI,preysOn,,35.12,35.5365,ComteOlden,ThermoFresh,0.4164999999999992
Anguilla anguilla,Carassius gibelio,GloBI,preysOn,,35.12,36.1,ComteOlden,ThermoFresh,0.980000000000004
Anguilla anguilla,Carcinus maenas,GloBI,eats;preysOn,,35.12,34.07,ComteOlden,ThermoFresh,1.0499999999999972
Anguilla anguilla,Centrolabrus exoletus,GloBI,preysOn,,35.12,32.12,ComteOlden,ComteOlden,3.0
Anguilla anguilla,Chondrostoma nasus,GloBI,preysOn,,35.12,34.03,ComteOlden,ComteOlden,1.0899999999999963
Anguilla anguilla,Chondrostoma soetta,GloBI,preysOn,,35.12,31.86,ComteOlden,ComteOlden,3.259999999999998
Anguilla anguilla,Clupea harengus,GloBI,eats;preysOn,,35.12,25.43,ComteOlden,ComteOlden,9.689999999999998
Anguilla anguilla,Cobitis bilineata,GloBI,preysOn,,35.12,33.54,ComteOlden,ComteOlden,1.5799999999999983
Anguilla anguilla,Cobitis taenia,GloBI,preysOn,,35.12,33.76,ComteOlden,ComteOlden,1.3599999999999994
Anguilla anguilla,Coenagrion puella,GloBI,preysOn,,35.12,42.995,ComteOlden,ThermoFresh,7.875
Anguilla anguilla,Corophium volutator,GloBI,eats;preysOn,,35.12,33.1452777775,ComteOlden,ThermoFresh,1.9747222224999987
Anguilla anguilla,Cottus gobio,GloBI,eats;preysOn,,35.12,30.32,ComteOlden,ComteOlden,4.799999999999997
Anguilla anguilla,Crangon crangon,GloBI,eats;preysOn,,35.12,34.1133333333333,ComteOlden,ThermoFresh,1.0066666666666961
Anguilla anguilla,Ctenopharyngodon idella,GloBI,preysOn,,35.12,39.5,ComteOlden,ThermoFresh,4.380000000000003
Anguilla anguilla,Cyprinus carpio,GloBI,preysOn,,35.12,33.5484745762712,ComteOlden,ThermoFresh,1.5715254237288008
Anguilla anguilla,Deronectes latus,GloBI,preysOn,,35.12,37.04,ComteOlden,ThermoFresh,1.9200000000000017
Anguilla anguilla,Dikerogammarus villosus,GloBI,preysOn,,35.12,28.1328571428571,ComteOlden,ThermoFresh,6.987142857142896
Anguilla anguilla,Dinocras cephalotes,GloBI,preysOn,,35.12,34.6083333333333,ComteOlden,ThermoFresh,0.5116666666666987
Anguilla anguilla,Drusus annulatus,GloBI,preysOn,,35.12,28.8,ComteOlden,ThermoFresh,6.319999999999997
Anguilla anguilla,Ecdyonurus insignis,GloBI,preysOn,,35.12,32.34,ComteOlden,ThermoFresh,2.779999999999994
Anguilla anguilla,Echinogammarus berilloni,GloBI,preysOn,,35.12,30.3333333333333,ComteOlden,ThermoFresh,4.786666666666697
Anguilla anguilla,Echinogammarus ischnus,GloBI,preysOn,,35.12,31.5,ComteOlden,ThermoFresh,3.6199999999999974
Anguilla anguilla,Ephemera danica,GloBI,preysOn,,35.12,36.7075,ComteOlden,ThermoFresh,1.5875000000000057
Anguilla anguilla,Esox lucius,GloBI,preysOn,,35.12,28.98,ComteOlden,ComteOlden,6.139999999999997
Anguilla anguilla,Gadus morhua,GloBI,eats,,35.12,25.39,ComteOlden,ComteOlden,9.729999999999997
Anguilla anguilla,Gammarus fossarum,GloBI,preysOn,,35.12,28.774,ComteOlden,ThermoFresh,6.3459999999999965
Anguilla anguilla,Gammarus pulex,GloBI,eats;preysOn,,35.12,29.1161111111111,ComteOlden,ThermoFresh,6.003888888888898
Anguilla anguilla,Gammarus roeselii,GloBI,preysOn,,35.12,30.184,ComteOlden,ThermoFresh,4.935999999999996
Anguilla anguilla,Gammarus tigrinus,GloBI,eats;preysOn,,35.12,32.6985714285714,ComteOlden,ThermoFresh,2.4214285714285992
Anguilla anguilla,Gasterosteus aculeatus,GloBI,eats;preysOn,,35.12,31.6655882352941,ComteOlden,ThermoFresh,3.454411764705899
Anguilla anguilla,Gobio gobio,GloBI,preysOn,,35.12,33.75,ComteOlden,ThermoFresh,1.3699999999999974
Anguilla anguilla,Gobius niger,GloBI,preysOn,,35.12,33.5,ComteOlden,ThermoFresh,1.6199999999999974
Anguilla anguilla,Gobius paganellus,GloBI,preysOn,,35.12,34.3333333333333,ComteOlden,ThermoFresh,0.7866666666666973
Anguilla anguilla,Gymnocephalus cernua,GloBI,eats;preysOn,,35.12,34.5,ComteOlden,ThermoFresh,0.6199999999999974
Anguilla anguilla,Heptagenia sulphurea,GloBI,preysOn,,35.12,30.2,ComteOlden,ThermoFresh,4.919999999999998
Anguilla anguilla,Hydropsyche pellucidula,GloBI,eats;preysOn,,35.12,25.5,ComteOlden,ThermoFresh,9.619999999999997
Anguilla anguilla,Hypophthalmichthys molitrix,GloBI,preysOn,,35.12,36.27,ComteOlden,ComteOlden,1.1500000000000057
Anguilla anguilla,Hypophthalmichthys nobilis,GloBI,preysOn,,35.12,37.92,ComteOlden,ComteOlden,2.8000000000000043
Anguilla anguilla,Ischnura elegans,GloBI,preysOn,,35.12,43.7361538461539,ComteOlden,ThermoFresh,8.6161538461539
Anguilla anguilla,Ischnura pumilio,GloBI,preysOn,,35.12,45.515,ComteOlden,ThermoFresh,10.395000000000003
Anguilla anguilla,Labrus mixtus,GloBI,preysOn,,35.12,32.87,ComteOlden,ComteOlden,2.25
Anguilla anguilla,Lepomis gibbosus,GloBI,preysOn,,35.12,33.8035,ComteOlden,ThermoFresh,1.3164999999999978
Anguilla anguilla,Leucaspius delineatus,GloBI,preysOn,,35.12,34.3566666666667,ComteOlden,ThermoFresh,0.7633333333332999
Anguilla anguilla,Leuciscus aspius,GloBI,preysOn,,35.12,34.92,ComteOlden,ComteOlden,0.19999999999999574
Anguilla anguilla,Leuciscus leuciscus,GloBI,preysOn,,35.12,32.57,ComteOlden,ComteOlden,2.549999999999997
Anguilla anguilla,Leuctra fusca,GloBI,eats;preysOn,,35.12,30.1,ComteOlden,ThermoFresh,5.019999999999996
Anguilla anguilla,Limnius volckmari,GloBI,eats;preysOn,,35.12,33.7775,ComteOlden,ThermoFresh,1.342499999999994
Anguilla anguilla,Lota lota,GloBI,preysOn,,35.12,27.11875,ComteOlden,ThermoFresh,8.001249999999999
Anguilla anguilla,Micropterus salmoides,GloBI,preysOn,,35.12,36.4,ComteOlden,ThermoFresh,1.2800000000000011
Anguilla anguilla,Nemurella pictetii,GloBI,preysOn,,35.12,30.1,ComteOlden,ThermoFresh,5.019999999999996
Anguilla anguilla,Neogobius melanostomus,GloBI,preysOn,,35.12,33.726,ComteOlden,ThermoFresh,1.3939999999999984
Anguilla anguilla,Oncorhynchus mykiss,GloBI,preysOn,,35.12,28.6755405405405,ComteOlden,ThermoFresh,6.444459459459498
Anguilla anguilla,Osmerus eperlanus,GloBI,eats;preysOn,,35.12,27.8,ComteOlden,ComteOlden,7.319999999999997
Anguilla anguilla,Padogobius bonelli,GloBI,preysOn,,35.12,31.74,ComteOlden,ComteOlden,3.379999999999999
Anguilla anguilla,Palaemon varians,GloBI,eats;preysOn,,35.12,31.3637037037037,ComteOlden,ThermoFresh,3.7562962962962985
Anguilla anguilla,Parachondrostoma toxostoma,GloBI,preysOn,,35.12,34.17,ComteOlden,ComteOlden,0.9499999999999957
Anguilla anguilla,Perca fluviatilis,GloBI,eats;preysOn,,35.12,28.6920833333333,ComteOlden,ThermoFresh,6.427916666666697
Anguilla anguilla,Phoxinus lumaireul,GloBI,eats;preysOn,,35.12,29.52,ComteOlden,ComteOlden,5.599999999999998
Anguilla anguilla,Planorbis carinatus,GloBI,preysOn,,35.12,40.3033333333333,ComteOlden,ThermoFresh,5.183333333333302
Anguilla anguilla,Planorbis planorbis,GloBI,preysOn,,35.12,39.8433333333333,ComteOlden,ThermoFresh,4.723333333333301
Anguilla anguilla,Pleuronectes platessa,GloBI,eats,,35.12,30.64,ComteOlden,ComteOlden,4.479999999999997
Anguilla anguilla,Pomatoschistus microps,GloBI,preysOn,,35.12,33.7272727272727,ComteOlden,ThermoFresh,1.3927272727272992
Anguilla anguilla,Pomatoschistus minutus,GloBI,eats;preysOn,,35.12,28.4,ComteOlden,ThermoFresh,6.719999999999999
Anguilla anguilla,Ponticola kessleri,GloBI,preysOn,,35.12,34.03,ComteOlden,ComteOlden,1.0899999999999963
Anguilla anguilla,Potamopyrgus antipodarum,GloBI,preysOn,,35.12,27.9033333333333,ComteOlden,ThermoFresh,7.216666666666697
Anguilla anguilla,Procambarus clarkii,GloBI,preysOn,,35.12,38.5,ComteOlden,ThermoFresh,3.3800000000000026
Anguilla anguilla,Pseudorasbora parva,GloBI,preysOn,,35.12,38.515,ComteOlden,ThermoFresh,3.395000000000003
Anguilla anguilla,Pungitius pungitius,GloBI,preysOn,,35.12,29.85,ComteOlden,ThermoFresh,5.269999999999996
Anguilla anguilla,Rhithrogena semicolorata,GloBI,preysOn,,35.12,25.33,ComteOlden,ThermoFresh,9.79
Anguilla anguilla,Rhodeus amarus,GloBI,preysOn,,35.12,34.1,ComteOlden,ComteOlden,1.019999999999996
Anguilla anguilla,Rhyacophila dorsalis,GloBI,eats;preysOn,,35.12,22.0,ComteOlden,ThermoFresh,13.119999999999997
Anguilla anguilla,Rutilus aula,GloBI,preysOn,,35.12,32.32,ComteOlden,ComteOlden,2.799999999999997
Anguilla anguilla,Rutilus pigus,GloBI,preysOn,,35.12,33.59,ComteOlden,ComteOlden,1.529999999999994
Anguilla anguilla,Rutilus rutilus,GloBI,eats;preysOn,,35.12,28.5058333333333,ComteOlden,ThermoFresh,6.614166666666698
Anguilla anguilla,Sabanejewia larvata,GloBI,preysOn,,35.12,32.71,ComteOlden,ComteOlden,2.4099999999999966
Anguilla anguilla,Salariopsis fluviatilis,GloBI,preysOn,,35.12,34.96,ComteOlden,ComteOlden,0.1599999999999966
Anguilla anguilla,Salmo labrax,GloBI,preysOn,,35.12,32.32,ComteOlden,ComteOlden,2.799999999999997
Anguilla anguilla,Salmo marmoratus,GloBI,preysOn,,35.12,30.21,ComteOlden,ComteOlden,4.909999999999997
Anguilla anguilla,Salmo salar,GloBI,preysOn,,35.12,30.3326495726496,ComteOlden,ThermoFresh,4.787350427350397
Anguilla anguilla,Salmo trutta,GloBI,eats;preysOn,,35.12,27.6830769230769,ComteOlden,ThermoFresh,7.436923076923097
Anguilla anguilla,Salvelinus fontinalis,GloBI,preysOn,,35.12,28.9883333333333,ComteOlden,ThermoFresh,6.131666666666696
Anguilla anguilla,Salvelinus namaycush,GloBI,preysOn,,35.12,27.385,ComteOlden,ThermoFresh,7.734999999999996
Anguilla anguilla,Sander lucioperca,GloBI,eats;preysOn,,35.12,35.4428571428571,ComteOlden,ThermoFresh,0.322857142857103
Anguilla anguilla,Scardinius erythrophthalmus,GloBI,preysOn,,35.12,34.94,ComteOlden,ComteOlden,0.17999999999999972
Anguilla anguilla,Serratella ignita,GloBI,eats;preysOn,,35.12,32.3,ComteOlden,ThermoFresh,2.8200000000000003
Anguilla anguilla,Sialis lutaria,GloBI,eats;preysOn,,35.12,31.4,ComteOlden,ThermoFresh,3.719999999999999
Anguilla anguilla,Silurus glanis,GloBI,preysOn,,35.12,36.15,ComteOlden,ComteOlden,1.0300000000000011
Anguilla anguilla,Squalius cephalus,GloBI,preysOn,,35.12,36.48,ComteOlden,ThermoFresh,1.3599999999999994
Anguilla anguilla,Telestes muticellus,GloBI,preysOn,,35.12,33.48,ComteOlden,ComteOlden,1.6400000000000006
Anguilla anguilla,Telestes souffia,GloBI,preysOn,,35.12,33.18,ComteOlden,ComteOlden,1.9399999999999977
Anguilla anguilla,Thymallus thymallus,GloBI,preysOn,,35.12,29.4333333333333,ComteOlden,ThermoFresh,5.686666666666696
Anguilla anguilla,Tinca tinca,GloBI,preysOn,,35.12,35.6875,ComteOlden,ThermoFresh,0.5675000000000026
Anguilla australis,Carassius carassius,GloBI,eats;preysOn,,33.55,35.5365,ThermoFresh,ThermoFresh,1.9864999999999995
Anguilla australis,Galaxias maculatus,GloBI,eats;preysOn,,33.55,29.9257142857143,ThermoFresh,ThermoFresh,3.6242857142856977
Anguilla australis,Gambusia affinis,GloBI,eats;preysOn,,33.55,38.9970689655172,ThermoFresh,ThermoFresh,5.447068965517204
Anguilla australis,Gobiomorphus cotidianus,GloBI,eats;preysOn,,33.55,33.35,ThermoFresh,ThermoFresh,0.19999999999999574
Anguilla australis,Potamopyrgus antipodarum,GloBI,eats;preysOn,,33.55,27.9033333333333,ThermoFresh,ThermoFresh,5.646666666666697
Anguilla australis,Retropinna retropinna,GloBI,eats;preysOn,,33.55,31.15,ThermoFresh,ThermoFresh,2.3999999999999986
Anguilla dieffenbachii,Potamopyrgus antipodarum,GloBI,eats;preysOn,,35.24,27.9033333333333,ComteOlden,ThermoFresh,7.3366666666667015
Anguilla marmorata,Electrona antarctica,GloBI,eats,,38.91,31.24,ComteOlden,ComteOlden,7.669999999999998
Anguilla marmorata,Poecilia reticulata,GloBI,eats;preysOn,,38.91,39.7275,ComteOlden,ThermoFresh,0.8175000000000026
Anguilla rostrata,Alosa pseudoharengus,GloBI,preysOn,,36.6,30.4625,ComteOlden,ThermoFresh,6.137500000000003
Anguilla rostrata,Alosa sapidissima,GloBI,preysOn,,36.6,32.58,ComteOlden,ComteOlden,4.020000000000003
Anguilla rostrata,Ameiurus nebulosus,GloBI,preysOn,,36.6,38.1,ComteOlden,ThermoFresh,1.5
Anguilla rostrata,Electrona antarctica,GloBI,eats;preysOn,,36.6,31.24,ComteOlden,ComteOlden,5.360000000000003
Anguilla rostrata,Etheostoma nigrum,GloBI,eats;preysOn,,36.6,33.65,ComteOlden,ThermoFresh,2.950000000000003
Anguilla rostrata,Lepomis gibbosus,GloBI,preysOn,,36.6,33.8035,ComteOlden,ThermoFresh,2.7965000000000018
Anguilla rostrata,Perca flavescens,GloBI,preysOn,,36.6,30.7,ComteOlden,ComteOlden,5.900000000000002
Anguilla rostrata,Percina caprodes,GloBI,preysOn,,36.6,31.93,ComteOlden,ComteOlden,4.670000000000002
Anolis carolinensis,Anolis sagrei,GloBI,preysOn,,41.7,40.5,GlobTherm,GlobTherm,1.2000000000000028
Anolis carolinensis,Erythemis simplicicollis,GloBI,eats;preysOn,,41.7,46.0,GlobTherm,ThermoFresh,4.299999999999997
Anolis carolinensis,Pachydiplax longipennis,GloBI,eats;preysOn,,41.7,42.255,GlobTherm,ThermoFresh,0.5549999999999997
Anolis cristatellus,Anolis carolinensis,GloBI,eats;preysOn,,37.1,41.7,GlobTherm,GlobTherm,4.600000000000001
Anolis sagrei,Erythemis simplicicollis,GloBI,eats;preysOn,,40.5,46.0,GlobTherm,ThermoFresh,5.5
Anolis sagrei,Pachydiplax longipennis,GloBI,eats;preysOn,,40.5,42.255,GlobTherm,ThermoFresh,1.7550000000000026
Apalone ferox,Poecilia latipinna,GloBI,preysOn,,42.3,40.4425,GlobTherm,ThermoFresh,1.8574999999999946
Apeltes quadracus,Gammarus tigrinus,GloBI,preysOn,,32.18,32.6985714285714,ComteOlden,ThermoFresh,0.5185714285713985
Aplodinotus grunniens,Electrona antarctica,GloBI,preysOn,,33.84,31.24,ComteOlden,ComteOlden,2.600000000000005
Archosargus probatocephalus,Gammarus tigrinus,GloBI,eats,,34.84,32.6985714285714,ComteOlden,ThermoFresh,2.141428571428605
Arizona elegans,Coleonyx variegatus,GloBI,eats;preysOn,,41.8,43.0,GlobTherm,GlobTherm,1.2000000000000028
Arizona elegans,Cophosaurus texanus,GloBI,eats,,41.8,44.4,GlobTherm,GlobTherm,2.6000000000000014
Arizona elegans,Dipsosaurus dorsalis,GloBI,eats;preysOn,,41.8,47.5,GlobTherm,GlobTherm,5.700000000000003
Arizona elegans,Gopherus agassizii,GloBI,preysOn,,41.8,39.5,GlobTherm,GlobTherm,2.299999999999997
Arizona elegans,Holbrookia maculata,GloBI,eats,,41.8,46.5,GlobTherm,GlobTherm,4.700000000000003
Arizona elegans,Phrynosoma cornutum,GloBI,eats;preysOn,,41.8,47.9,GlobTherm,GlobTherm,6.100000000000001
Arizona elegans,Phrynosoma coronatum,GloBI,preysOn,,41.8,46.7,GlobTherm,GlobTherm,4.900000000000006
Arizona elegans,Phrynosoma platyrhinos,GloBI,eats,,41.8,45.5,GlobTherm,GlobTherm,3.700000000000003
Arizona elegans,Phyllorhynchus decurtatus,GloBI,preysOn,,41.8,39.3,GlobTherm,GlobTherm,2.5
Arizona elegans,Sceloporus graciosus,GloBI,eats,,41.8,43.0,GlobTherm,GlobTherm,1.2000000000000028
Arizona elegans,Sceloporus magister,GloBI,eats;preysOn,,41.8,43.0,GlobTherm,GlobTherm,1.2000000000000028
Arizona elegans,Sceloporus occidentalis,GloBI,eats,,41.8,44.1,GlobTherm,GlobTherm,2.3000000000000043
Arizona elegans,Uta stansburiana,GloBI,eats;preysOn,,41.8,43.7,GlobTherm,GlobTherm,1.9000000000000057
Arizona elegans,Xantusia vigilis,GloBI,eats;preysOn,,41.8,40.5,GlobTherm,GlobTherm,1.2999999999999972
Armadillidium vulgare,Anaxyrus boreas,GloBI,eats,,45.9,36.5,GlobTherm,GlobTherm,9.399999999999999
Astacus leptodactylus,Ischnura elegans,GloBI,preysOn,,37.8666666666667,43.7361538461539,ThermoFresh,ThermoFresh,5.869487179487194
Astyanax bimaculatus,Electrona antarctica,GloBI,eats,,39.3,31.24,ComteOlden,ComteOlden,8.059999999999999
Astyanax bimaculatus,Poecilia reticulata,GloBI,preysOn,,39.3,39.7275,ComteOlden,ThermoFresh,0.427500000000002
Atherinella brasiliensis,Electrona antarctica,GloBI,eats,,40.1325,31.24,ThermoFresh,ComteOlden,8.892500000000002
Atractosteus spatula,Anchoa mitchilli,GloBI,eats;preysOn,,41.7344444444444,36.68,ThermoFresh,ComteOlden,5.0544444444444
Atractosteus spatula,Lagodon rhomboides,GloBI,eats;preysOn,,41.7344444444444,37.3,ThermoFresh,ThermoFresh,4.434444444444402
Atractosteus spatula,Lepisosteus osseus,GloBI,eats;preysOn,,41.7344444444444,35.98,ThermoFresh,ComteOlden,5.7544444444444025
Atractosteus spatula,Litopenaeus setiferus,GloBI,eats;preysOn,,41.7344444444444,37.2,ThermoFresh,ThermoFresh,4.5344444444443965
Atractosteus spatula,Mugil cephalus,GloBI,eats;preysOn,,41.7344444444444,39.74,ThermoFresh,ThermoFresh,1.9944444444443974
Atractosteus spatula,Oreochromis niloticus,GloBI,preysOn,,41.7344444444444,39.348,ThermoFresh,ThermoFresh,2.3864444444444004
Austrelaps superbus,Crinia signifera,GloBI,preysOn,,41.2,35.7,GlobTherm,GlobTherm,5.5
Austrelaps superbus,Eulamprus tympanum,GloBI,preysOn,,41.2,39.0,GlobTherm,GlobTherm,2.200000000000003
Austrelaps superbus,Lampropholis delicata,GloBI,preysOn,,41.2,40.8,GlobTherm,GlobTherm,0.4000000000000057
Austrelaps superbus,Limnodynastes dorsalis,GloBI,preysOn,,41.2,36.5,GlobTherm,GlobTherm,4.700000000000003
Austrelaps superbus,Limnodynastes tasmaniensis,GloBI,eats;preysOn,,41.2,34.9,GlobTherm,GlobTherm,6.300000000000004
Austrelaps superbus,Niveoscincus metallicus,GloBI,preysOn,,41.2,39.6,GlobTherm,GlobTherm,1.6000000000000014
Austrelaps superbus,Notechis scutatus,GloBI,eats,,41.2,38.0,GlobTherm,GlobTherm,3.200000000000003
Austrelaps superbus,Pseudemoia entrecasteauxii,GloBI,preysOn,,41.2,42.1,GlobTherm,GlobTherm,0.8999999999999986
Austrelaps superbus,Rankinia diemensis,GloBI,preysOn,,41.2,44.8,GlobTherm,GlobTherm,3.5999999999999943
Auxis rochei,Scomber australasicus,GloBI,eats;preysOn,,34.0,32.53,ComteOlden,ComteOlden,1.4699999999999989
Auxis rochei,Trachurus japonicus,GloBI,eats;preysOn,,34.0,34.41,ComteOlden,ComteOlden,0.4099999999999966
Auxis thazard,Katsuwonus pelamis,GloBI,eats;preysOn,,33.83,34.28,ComteOlden,ComteOlden,0.45000000000000284
Auxis thazard,Trachurus japonicus,GloBI,eats;preysOn,,33.83,34.41,ComteOlden,ComteOlden,0.5799999999999983
Babka gymnotrachelus,Dikerogammarus villosus,GloBI,eats;preysOn,,35.29,28.1328571428571,ComteOlden,ThermoFresh,7.157142857142897
Babka gymnotrachelus,Gammarus fossarum,GloBI,eats,,35.29,28.774,ComteOlden,ThermoFresh,6.515999999999998
Bagrus docmak,Brycinus nurse,GloBI,eats;preysOn,,39.49,37.63,ComteOlden,ComteOlden,1.8599999999999994
Bagrus docmak,Clarias gariepinus,GloBI,eats;preysOn,,39.49,37.71,ComteOlden,ComteOlden,1.7800000000000011
Bagrus docmak,Mastacembelus frenatus,GloBI,eats;preysOn,,39.49,37.62,ComteOlden,ComteOlden,1.8700000000000045
Bagrus docmak,Oreochromis esculentus,GloBI,eats;preysOn,,39.49,41.965,ComteOlden,ThermoFresh,2.4750000000000014
Bagrus docmak,Synodontis schall,GloBI,eats;preysOn,,39.49,40.24,ComteOlden,ComteOlden,0.75
Barbatula barbatula,Agabus bipustulatus,GloBI,preysOn,,29.5285714285714,37.07,ThermoFresh,ThermoFresh,7.5414285714286
Barbatula barbatula,Agapetus fuscipes,GloBI,preysOn,,29.5285714285714,25.8,ThermoFresh,ThermoFresh,3.7285714285713993
Barbatula barbatula,Aphelocheirus aestivalis,GloBI,preysOn,,29.5285714285714,34.53,ThermoFresh,ThermoFresh,5.001428571428601
Barbatula barbatula,Asellus aquaticus,GloBI,eats;preysOn,,29.5285714285714,32.8678947368421,ThermoFresh,ThermoFresh,3.3393233082707034
Barbatula barbatula,Astacus leptodactylus,GloBI,preysOn,,29.5285714285714,37.8666666666667,ThermoFresh,ThermoFresh,8.338095238095303
Barbatula barbatula,Baetis rhodani,GloBI,eats;preysOn,,29.5285714285714,25.1,ThermoFresh,ThermoFresh,4.428571428571399
Barbatula barbatula,Caenis luctuosa,GloBI,preysOn,,29.5285714285714,30.6,ThermoFresh,ThermoFresh,1.0714285714286014
Barbatula barbatula,Calopteryx virgo,GloBI,preysOn,,29.5285714285714,34.0225,ThermoFresh,ThermoFresh,4.493928571428601
Barbatula barbatula,Coenagrion puella,GloBI,preysOn,,29.5285714285714,42.995,ThermoFresh,ThermoFresh,13.466428571428597
Barbatula barbatula,Cottus gobio,GloBI,eats;preysOn,,29.5285714285714,30.32,ThermoFresh,ComteOlden,0.7914285714286002
Barbatula barbatula,Deronectes latus,GloBI,preysOn,,29.5285714285714,37.04,ThermoFresh,ThermoFresh,7.511428571428599
Barbatula barbatula,Dikerogammarus villosus,GloBI,preysOn,,29.5285714285714,28.1328571428571,ThermoFresh,ThermoFresh,1.3957142857142983
Barbatula barbatula,Dinocras cephalotes,GloBI,preysOn,,29.5285714285714,34.6083333333333,ThermoFresh,ThermoFresh,5.079761904761899
Barbatula barbatula,Drusus annulatus,GloBI,preysOn,,29.5285714285714,28.8,ThermoFresh,ThermoFresh,0.7285714285713993
Barbatula barbatula,Ecdyonurus insignis,GloBI,preysOn,,29.5285714285714,32.34,ThermoFresh,ThermoFresh,2.8114285714286034
Barbatula barbatula,Echinogammarus berilloni,GloBI,preysOn,,29.5285714285714,30.3333333333333,ThermoFresh,ThermoFresh,0.8047619047619001
Barbatula barbatula,Echinogammarus ischnus,GloBI,preysOn,,29.5285714285714,31.5,ThermoFresh,ThermoFresh,1.9714285714286
Barbatula barbatula,Ephemera danica,GloBI,preysOn,,29.5285714285714,36.7075,ThermoFresh,ThermoFresh,7.178928571428603
Barbatula barbatula,Gammarus fossarum,GloBI,preysOn,,29.5285714285714,28.774,ThermoFresh,ThermoFresh,0.7545714285713991
Barbatula barbatula,Gammarus pulex,GloBI,eats;preysOn,,29.5285714285714,29.1161111111111,ThermoFresh,ThermoFresh,0.412460317460301
Barbatula barbatula,Gammarus roeselii,GloBI,preysOn,,29.5285714285714,30.184,ThermoFresh,ThermoFresh,0.655428571428601
Barbatula barbatula,Gammarus tigrinus,GloBI,preysOn,,29.5285714285714,32.6985714285714,ThermoFresh,ThermoFresh,3.169999999999998
Barbatula barbatula,Heptagenia sulphurea,GloBI,preysOn,,29.5285714285714,30.2,ThermoFresh,ThermoFresh,0.6714285714285992
Barbatula barbatula,Hydropsyche pellucidula,GloBI,eats;preysOn,,29.5285714285714,25.5,ThermoFresh,ThermoFresh,4.0285714285714
Barbatula barbatula,Ischnura elegans,GloBI,preysOn,,29.5285714285714,43.7361538461539,ThermoFresh,ThermoFresh,14.207582417582497
Barbatula barbatula,Ischnura pumilio,GloBI,preysOn,,29.5285714285714,45.515,ThermoFresh,ThermoFresh,15.9864285714286
Barbatula barbatula,Leuctra fusca,GloBI,preysOn,,29.5285714285714,30.1,ThermoFresh,ThermoFresh,0.5714285714286014
Barbatula barbatula,Nemurella pictetii,GloBI,preysOn,,29.5285714285714,30.1,ThermoFresh,ThermoFresh,0.5714285714286014
Barbatula barbatula,Potamopyrgus antipodarum,GloBI,eats;preysOn,,29.5285714285714,27.9033333333333,ThermoFresh,ThermoFresh,1.6252380952380996
Barbatula barbatula,Rhithrogena semicolorata,GloBI,preysOn,,29.5285714285714,25.33,ThermoFresh,ThermoFresh,4.198571428571402
Barbatula barbatula,Rhyacophila dorsalis,GloBI,preysOn,,29.5285714285714,22.0,ThermoFresh,ThermoFresh,7.5285714285714
Barbatula barbatula,Serratella ignita,GloBI,eats;preysOn,,29.5285714285714,32.3,ThermoFresh,ThermoFresh,2.771428571428597
Barbus barbus,Abramis brama,GloBI,preysOn,,29.2,30.32,ThermoFresh,ComteOlden,1.120000000000001
Barbus barbus,Acipenser naccarii,GloBI,preysOn,,29.2,33.83,ThermoFresh,ComteOlden,4.629999999999999
Barbus barbus,Acipenser sturio,GloBI,preysOn,,29.2,32.52,ThermoFresh,ComteOlden,3.320000000000004
Barbus barbus,Agabus bipustulatus,GloBI,preysOn,,29.2,37.07,ThermoFresh,ThermoFresh,7.870000000000001
Barbus barbus,Agapetus fuscipes,GloBI,preysOn,,29.2,25.8,ThermoFresh,ThermoFresh,3.3999999999999986
Barbus barbus,Alburnus alburnus,GloBI,preysOn,,29.2,37.7,ThermoFresh,ThermoFresh,8.500000000000004
Barbus barbus,Alburnus arborella,GloBI,preysOn,,29.2,35.64,ThermoFresh,ComteOlden,6.440000000000001
Barbus barbus,Alosa fallax,GloBI,preysOn,,29.2,32.31,ThermoFresh,ComteOlden,3.110000000000003
Barbus barbus,Anguilla anguilla,GloBI,preysOn,,29.2,35.12,ThermoFresh,ComteOlden,5.919999999999998
Barbus barbus,Aphelocheirus aestivalis,GloBI,preysOn,,29.2,34.53,ThermoFresh,ThermoFresh,5.330000000000002
Barbus barbus,Astacus leptodactylus,GloBI,preysOn,,29.2,37.8666666666667,ThermoFresh,ThermoFresh,8.666666666666703
Barbus barbus,Baetis rhodani,GloBI,preysOn,,29.2,25.1,ThermoFresh,ThermoFresh,4.099999999999998
Barbus barbus,Barbatula barbatula,GloBI,preysOn,,29.2,29.5285714285714,ThermoFresh,ThermoFresh,0.32857142857140076
Barbus barbus,Barbus caninus,GloBI,preysOn,,29.2,32.7,ThermoFresh,ComteOlden,3.5000000000000036
Barbus barbus,Barbus plebejus,GloBI,preysOn,,29.2,32.5,ThermoFresh,ComteOlden,3.3000000000000007
Barbus barbus,Blicca bjoerkna,GloBI,preysOn,,29.2,30.86,ThermoFresh,ComteOlden,1.6600000000000001
Barbus barbus,Caenis luctuosa,GloBI,preysOn,,29.2,30.6,ThermoFresh,ThermoFresh,1.4000000000000021
Barbus barbus,Calopteryx virgo,GloBI,preysOn,,29.2,34.0225,ThermoFresh,ThermoFresh,4.822500000000002
Barbus barbus,Carassius carassius,GloBI,preysOn,,29.2,35.5365,ThermoFresh,ThermoFresh,6.336499999999997
Barbus barbus,Carassius gibelio,GloBI,preysOn,,29.2,36.1,ThermoFresh,ThermoFresh,6.900000000000002
Barbus barbus,Chondrostoma nasus,GloBI,preysOn,,29.2,34.03,ThermoFresh,ComteOlden,4.830000000000002
Barbus barbus,Chondrostoma soetta,GloBI,preysOn,,29.2,31.86,ThermoFresh,ComteOlden,2.66
Barbus barbus,Cobitis bilineata,GloBI,preysOn,,29.2,33.54,ThermoFresh,ComteOlden,4.34
Barbus barbus,Cobitis taenia,GloBI,preysOn,,29.2,33.76,ThermoFresh,ComteOlden,4.559999999999999
Barbus barbus,Coenagrion puella,GloBI,preysOn,,29.2,42.995,ThermoFresh,ThermoFresh,13.794999999999998
Barbus barbus,Cottus gobio,GloBI,preysOn,,29.2,30.32,ThermoFresh,ComteOlden,1.120000000000001
Barbus barbus,Ctenopharyngodon idella,GloBI,preysOn,,29.2,39.5,ThermoFresh,ThermoFresh,10.3
Barbus barbus,Cyprinus carpio,GloBI,preysOn,,29.2,33.5484745762712,ThermoFresh,ThermoFresh,4.348474576271197
Barbus barbus,Deronectes latus,GloBI,preysOn,,29.2,37.04,ThermoFresh,ThermoFresh,7.84
Barbus barbus,Dikerogammarus villosus,GloBI,preysOn,,29.2,28.1328571428571,ThermoFresh,ThermoFresh,1.0671428571428976
Barbus barbus,Dinocras cephalotes,GloBI,preysOn,,29.2,34.6083333333333,ThermoFresh,ThermoFresh,5.4083333333332995
Barbus barbus,Drusus annulatus,GloBI,preysOn,,29.2,28.8,ThermoFresh,ThermoFresh,0.3999999999999986
Barbus barbus,Ecdyonurus insignis,GloBI,preysOn,,29.2,32.34,ThermoFresh,ThermoFresh,3.140000000000004
Barbus barbus,Echinogammarus berilloni,GloBI,preysOn,,29.2,30.3333333333333,ThermoFresh,ThermoFresh,1.1333333333333009
Barbus barbus,Echinogammarus ischnus,GloBI,preysOn,,29.2,31.5,ThermoFresh,ThermoFresh,2.3000000000000007
Barbus barbus,Ephemera danica,GloBI,preysOn,,29.2,36.7075,ThermoFresh,ThermoFresh,7.507500000000004
Barbus barbus,Esox lucius,GloBI,preysOn,,29.2,28.98,ThermoFresh,ComteOlden,0.21999999999999886
Barbus barbus,Gammarus fossarum,GloBI,preysOn,,29.2,28.774,ThermoFresh,ThermoFresh,0.4259999999999984
Barbus barbus,Gammarus pulex,GloBI,preysOn,,29.2,29.1161111111111,ThermoFresh,ThermoFresh,0.08388888888890023
Barbus barbus,Gammarus roeselii,GloBI,preysOn,,29.2,30.184,ThermoFresh,ThermoFresh,0.9840000000000018
Barbus barbus,Gammarus tigrinus,GloBI,preysOn,,29.2,32.6985714285714,ThermoFresh,ThermoFresh,3.498571428571399
Barbus barbus,Gasterosteus aculeatus,GloBI,preysOn,,29.2,31.6655882352941,ThermoFresh,ThermoFresh,2.465588235294099
Barbus barbus,Gobio gobio,GloBI,preysOn,,29.2,33.75,ThermoFresh,ThermoFresh,4.550000000000001
Barbus barbus,Gymnocephalus cernua,GloBI,preysOn,,29.2,34.5,ThermoFresh,ThermoFresh,5.300000000000001
Barbus barbus,Heptagenia sulphurea,GloBI,preysOn,,29.2,30.2,ThermoFresh,ThermoFresh,1.0
Barbus barbus,Hydropsyche pellucidula,GloBI,preysOn,,29.2,25.5,ThermoFresh,ThermoFresh,3.6999999999999993
Barbus barbus,Hypophthalmichthys molitrix,GloBI,preysOn,,29.2,36.27,ThermoFresh,ComteOlden,7.070000000000004
Barbus barbus,Hypophthalmichthys nobilis,GloBI,preysOn,,29.2,37.92,ThermoFresh,ComteOlden,8.720000000000002
Barbus barbus,Ischnura elegans,GloBI,preysOn,,29.2,43.7361538461539,ThermoFresh,ThermoFresh,14.536153846153898
Barbus barbus,Ischnura pumilio,GloBI,preysOn,,29.2,45.515,ThermoFresh,ThermoFresh,16.315
Barbus barbus,Lepomis gibbosus,GloBI,preysOn,,29.2,33.8035,ThermoFresh,ThermoFresh,4.6035
Barbus barbus,Leucaspius delineatus,GloBI,preysOn,,29.2,34.3566666666667,ThermoFresh,ThermoFresh,5.156666666666698
Barbus barbus,Leuciscus aspius,GloBI,preysOn,,29.2,34.92,ThermoFresh,ComteOlden,5.720000000000002
Barbus barbus,Leuciscus leuciscus,GloBI,preysOn,,29.2,32.57,ThermoFresh,ComteOlden,3.370000000000001
Barbus barbus,Leuctra fusca,GloBI,preysOn,,29.2,30.1,ThermoFresh,ThermoFresh,0.9000000000000021
Barbus barbus,Lota lota,GloBI,preysOn,,29.2,27.11875,ThermoFresh,ThermoFresh,2.0812500000000007
Barbus barbus,Micropterus salmoides,GloBI,preysOn,,29.2,36.4,ThermoFresh,ThermoFresh,7.199999999999999
Barbus barbus,Nemurella pictetii,GloBI,preysOn,,29.2,30.1,ThermoFresh,ThermoFresh,0.9000000000000021
Barbus barbus,Neogobius melanostomus,GloBI,preysOn,,29.2,33.726,ThermoFresh,ThermoFresh,4.526
Barbus barbus,Oncorhynchus mykiss,GloBI,preysOn,,29.2,28.6755405405405,ThermoFresh,ThermoFresh,0.5244594594595
Barbus barbus,Padogobius bonelli,GloBI,preysOn,,29.2,31.74,ThermoFresh,ComteOlden,2.539999999999999
Barbus barbus,Parachondrostoma toxostoma,GloBI,preysOn,,29.2,34.17,ThermoFresh,ComteOlden,4.970000000000002
Barbus barbus,Perca fluviatilis,GloBI,preysOn,,29.2,28.6920833333333,ThermoFresh,ThermoFresh,0.5079166666666985
Barbus barbus,Phoxinus lumaireul,GloBI,preysOn,,29.2,29.52,ThermoFresh,ComteOlden,0.3200000000000003
Barbus barbus,Ponticola kessleri,GloBI,preysOn,,29.2,34.03,ThermoFresh,ComteOlden,4.830000000000002
Barbus barbus,Pseudorasbora parva,GloBI,preysOn,,29.2,38.515,ThermoFresh,ThermoFresh,9.315000000000001
Barbus barbus,Rhithrogena semicolorata,GloBI,preysOn,,29.2,25.33,ThermoFresh,ThermoFresh,3.870000000000001
Barbus barbus,Rhodeus amarus,GloBI,preysOn,,29.2,34.1,ThermoFresh,ComteOlden,4.900000000000002
Barbus barbus,Rhyacophila dorsalis,GloBI,preysOn,,29.2,22.0,ThermoFresh,ThermoFresh,7.199999999999999
Barbus barbus,Rutilus aula,GloBI,preysOn,,29.2,32.32,ThermoFresh,ComteOlden,3.120000000000001
Barbus barbus,Rutilus pigus,GloBI,preysOn,,29.2,33.59,ThermoFresh,ComteOlden,4.390000000000004
Barbus barbus,Rutilus rutilus,GloBI,preysOn,,29.2,28.5058333333333,ThermoFresh,ThermoFresh,0.6941666666666997
Barbus barbus,Sabanejewia larvata,GloBI,preysOn,,29.2,32.71,ThermoFresh,ComteOlden,3.5100000000000016
Barbus barbus,Salariopsis fluviatilis,GloBI,preysOn,,29.2,34.96,ThermoFresh,ComteOlden,5.760000000000002
Barbus barbus,Salmo labrax,GloBI,preysOn,,29.2,32.32,ThermoFresh,ComteOlden,3.120000000000001
Barbus barbus,Salmo marmoratus,GloBI,preysOn,,29.2,30.21,ThermoFresh,ComteOlden,1.0100000000000016
Barbus barbus,Salmo salar,GloBI,preysOn,,29.2,30.3326495726496,ThermoFresh,ThermoFresh,1.1326495726496013
Barbus barbus,Salmo trutta,GloBI,preysOn,,29.2,27.6830769230769,ThermoFresh,ThermoFresh,1.5169230769230992
Barbus barbus,Salvelinus fontinalis,GloBI,preysOn,,29.2,28.9883333333333,ThermoFresh,ThermoFresh,0.21166666666669798
Barbus barbus,Salvelinus namaycush,GloBI,preysOn,,29.2,27.385,ThermoFresh,ThermoFresh,1.8149999999999977
Barbus barbus,Sander lucioperca,GloBI,preysOn,,29.2,35.4428571428571,ThermoFresh,ThermoFresh,6.242857142857101
Barbus barbus,Scardinius erythrophthalmus,GloBI,preysOn,,29.2,34.94,ThermoFresh,ComteOlden,5.739999999999998
Barbus barbus,Serratella ignita,GloBI,preysOn,,29.2,32.3,ThermoFresh,ThermoFresh,3.099999999999998
Barbus barbus,Silurus glanis,GloBI,preysOn,,29.2,36.15,ThermoFresh,ComteOlden,6.949999999999999
Barbus barbus,Squalius cephalus,GloBI,preysOn,,29.2,36.48,ThermoFresh,ThermoFresh,7.279999999999998
Barbus barbus,Telestes muticellus,GloBI,preysOn,,29.2,33.48,ThermoFresh,ComteOlden,4.279999999999998
Barbus barbus,Telestes souffia,GloBI,preysOn,,29.2,33.18,ThermoFresh,ComteOlden,3.9800000000000004
Barbus barbus,Thymallus thymallus,GloBI,preysOn,,29.2,29.4333333333333,ThermoFresh,ThermoFresh,0.2333333333333023
Barbus barbus,Tinca tinca,GloBI,preysOn,,29.2,35.6875,ThermoFresh,ThermoFresh,6.487500000000001
Barbus caninus,Agapetus fuscipes,GloBI,preysOn,,32.7,25.8,ComteOlden,ThermoFresh,6.900000000000002
Barbus caninus,Baetis rhodani,GloBI,preysOn,,32.7,25.1,ComteOlden,ThermoFresh,7.600000000000001
Barbus caninus,Caenis luctuosa,GloBI,preysOn,,32.7,30.6,ComteOlden,ThermoFresh,2.1000000000000014
Barbus caninus,Calopteryx virgo,GloBI,preysOn,,32.7,34.0225,ComteOlden,ThermoFresh,1.322499999999998
Barbus caninus,Coenagrion puella,GloBI,preysOn,,32.7,42.995,ComteOlden,ThermoFresh,10.294999999999995
Barbus caninus,Dikerogammarus villosus,GloBI,preysOn,,32.7,28.1328571428571,ComteOlden,ThermoFresh,4.567142857142901
Barbus caninus,Dinocras cephalotes,GloBI,preysOn,,32.7,34.6083333333333,ComteOlden,ThermoFresh,1.908333333333296
Barbus caninus,Drusus annulatus,GloBI,preysOn,,32.7,28.8,ComteOlden,ThermoFresh,3.900000000000002
Barbus caninus,Ephemera danica,GloBI,preysOn,,32.7,36.7075,ComteOlden,ThermoFresh,4.0075
Barbus caninus,Gammarus fossarum,GloBI,preysOn,,32.7,28.774,ComteOlden,ThermoFresh,3.926000000000002
Barbus caninus,Gammarus pulex,GloBI,preysOn,,32.7,29.1161111111111,ComteOlden,ThermoFresh,3.583888888888904
Barbus caninus,Gammarus roeselii,GloBI,preysOn,,32.7,30.184,ComteOlden,ThermoFresh,2.516000000000002
Barbus caninus,Gammarus tigrinus,GloBI,preysOn,,32.7,32.6985714285714,ComteOlden,ThermoFresh,0.0014285714286046414
Barbus caninus,Heptagenia sulphurea,GloBI,preysOn,,32.7,30.2,ComteOlden,ThermoFresh,2.5000000000000036
Barbus caninus,Hydropsyche pellucidula,GloBI,preysOn,,32.7,25.5,ComteOlden,ThermoFresh,7.200000000000003
Barbus caninus,Ischnura elegans,GloBI,preysOn,,32.7,43.7361538461539,ComteOlden,ThermoFresh,11.036153846153894
Barbus caninus,Leuctra fusca,GloBI,preysOn,,32.7,30.1,ComteOlden,ThermoFresh,2.6000000000000014
Barbus caninus,Nemurella pictetii,GloBI,preysOn,,32.7,30.1,ComteOlden,ThermoFresh,2.6000000000000014
Barbus caninus,Rhithrogena semicolorata,GloBI,preysOn,,32.7,25.33,ComteOlden,ThermoFresh,7.3700000000000045
Barbus caninus,Rhyacophila dorsalis,GloBI,preysOn,,32.7,22.0,ComteOlden,ThermoFresh,10.700000000000003
Barbus caninus,Serratella ignita,GloBI,preysOn,,32.7,32.3,ComteOlden,ThermoFresh,0.4000000000000057
Barbus plebejus,Abramis brama,GloBI,preysOn,,32.5,30.32,ComteOlden,ComteOlden,2.1799999999999997
Barbus plebejus,Acipenser naccarii,GloBI,preysOn,,32.5,33.83,ComteOlden,ComteOlden,1.3299999999999983
Barbus plebejus,Acipenser sturio,GloBI,preysOn,,32.5,32.52,ComteOlden,ComteOlden,0.020000000000003126
Barbus plebejus,Agabus bipustulatus,GloBI,preysOn,,32.5,37.07,ComteOlden,ThermoFresh,4.57
Barbus plebejus,Agapetus fuscipes,GloBI,preysOn,,32.5,25.8,ComteOlden,ThermoFresh,6.699999999999999
Barbus plebejus,Alburnus alburnus,GloBI,preysOn,,32.5,37.7,ComteOlden,ThermoFresh,5.200000000000003
Barbus plebejus,Alburnus arborella,GloBI,preysOn,,32.5,35.64,ComteOlden,ComteOlden,3.1400000000000006
Barbus plebejus,Alosa fallax,GloBI,preysOn,,32.5,32.31,ComteOlden,ComteOlden,0.18999999999999773
Barbus plebejus,Anguilla anguilla,GloBI,preysOn,,32.5,35.12,ComteOlden,ComteOlden,2.6199999999999974
Barbus plebejus,Aphelocheirus aestivalis,GloBI,preysOn,,32.5,34.53,ComteOlden,ThermoFresh,2.030000000000001
Barbus plebejus,Astacus leptodactylus,GloBI,preysOn,,32.5,37.8666666666667,ComteOlden,ThermoFresh,5.366666666666703
Barbus plebejus,Baetis rhodani,GloBI,preysOn,,32.5,25.1,ComteOlden,ThermoFresh,7.399999999999999
Barbus plebejus,Barbatula barbatula,GloBI,preysOn,,32.5,29.5285714285714,ComteOlden,ThermoFresh,2.9714285714286
Barbus plebejus,Barbus barbus,GloBI,preysOn,,32.5,29.2,ComteOlden,ThermoFresh,3.3000000000000007
Barbus plebejus,Barbus caninus,GloBI,preysOn,,32.5,32.7,ComteOlden,ComteOlden,0.20000000000000284
Barbus plebejus,Blicca bjoerkna,GloBI,preysOn,,32.5,30.86,ComteOlden,ComteOlden,1.6400000000000006
Barbus plebejus,Caenis luctuosa,GloBI,preysOn,,32.5,30.6,ComteOlden,ThermoFresh,1.8999999999999986
Barbus plebejus,Calopteryx virgo,GloBI,preysOn,,32.5,34.0225,ComteOlden,ThermoFresh,1.5225000000000009
Barbus plebejus,Carassius carassius,GloBI,preysOn,,32.5,35.5365,ComteOlden,ThermoFresh,3.0364999999999966
Barbus plebejus,Carassius gibelio,GloBI,preysOn,,32.5,36.1,ComteOlden,ThermoFresh,3.6000000000000014
Barbus plebejus,Chondrostoma nasus,GloBI,preysOn,,32.5,34.03,ComteOlden,ComteOlden,1.5300000000000011
Barbus plebejus,Chondrostoma soetta,GloBI,preysOn,,32.5,31.86,ComteOlden,ComteOlden,0.6400000000000006
Barbus plebejus,Cobitis bilineata,GloBI,preysOn,,32.5,33.54,ComteOlden,ComteOlden,1.0399999999999991
Barbus plebejus,Cobitis taenia,GloBI,preysOn,,32.5,33.76,ComteOlden,ComteOlden,1.259999999999998
Barbus plebejus,Coenagrion puella,GloBI,preysOn,,32.5,42.995,ComteOlden,ThermoFresh,10.494999999999997
Barbus plebejus,Cottus gobio,GloBI,preysOn,,32.5,30.32,ComteOlden,ComteOlden,2.1799999999999997
Barbus plebejus,Ctenopharyngodon idella,GloBI,preysOn,,32.5,39.5,ComteOlden,ThermoFresh,7.0
Barbus plebejus,Cyprinus carpio,GloBI,preysOn,,32.5,33.5484745762712,ComteOlden,ThermoFresh,1.0484745762711967
Barbus plebejus,Deronectes latus,GloBI,preysOn,,32.5,37.04,ComteOlden,ThermoFresh,4.539999999999999
Barbus plebejus,Dikerogammarus villosus,GloBI,preysOn,,32.5,28.1328571428571,ComteOlden,ThermoFresh,4.367142857142898
Barbus plebejus,Dinocras cephalotes,GloBI,preysOn,,32.5,34.6083333333333,ComteOlden,ThermoFresh,2.1083333333332988
Barbus plebejus,Drusus annulatus,GloBI,preysOn,,32.5,28.8,ComteOlden,ThermoFresh,3.6999999999999993
Barbus plebejus,Ecdyonurus insignis,GloBI,preysOn,,32.5,32.34,ComteOlden,ThermoFresh,0.1599999999999966
Barbus plebejus,Echinogammarus berilloni,GloBI,preysOn,,32.5,30.3333333333333,ComteOlden,ThermoFresh,2.1666666666667
Barbus plebejus,Echinogammarus ischnus,GloBI,preysOn,,32.5,31.5,ComteOlden,ThermoFresh,1.0
Barbus plebejus,Ephemera danica,GloBI,preysOn,,32.5,36.7075,ComteOlden,ThermoFresh,4.207500000000003
Barbus plebejus,Esox lucius,GloBI,preysOn,,32.5,28.98,ComteOlden,ComteOlden,3.5199999999999996
Barbus plebejus,Gammarus fossarum,GloBI,preysOn,,32.5,28.774,ComteOlden,ThermoFresh,3.725999999999999
Barbus plebejus,Gammarus pulex,GloBI,preysOn,,32.5,29.1161111111111,ComteOlden,ThermoFresh,3.383888888888901
Barbus plebejus,Gammarus roeselii,GloBI,preysOn,,32.5,30.184,ComteOlden,ThermoFresh,2.315999999999999
Barbus plebejus,Gammarus tigrinus,GloBI,preysOn,,32.5,32.6985714285714,ComteOlden,ThermoFresh,0.1985714285713982
Barbus plebejus,Gasterosteus aculeatus,GloBI,preysOn,,32.5,31.6655882352941,ComteOlden,ThermoFresh,0.8344117647059015
Barbus plebejus,Gobio gobio,GloBI,preysOn,,32.5,33.75,ComteOlden,ThermoFresh,1.25
Barbus plebejus,Gymnocephalus cernua,GloBI,preysOn,,32.5,34.5,ComteOlden,ThermoFresh,2.0
Barbus plebejus,Heptagenia sulphurea,GloBI,preysOn,,32.5,30.2,ComteOlden,ThermoFresh,2.3000000000000007
Barbus plebejus,Hydropsyche pellucidula,GloBI,preysOn,,32.5,25.5,ComteOlden,ThermoFresh,7.0
Barbus plebejus,Hypophthalmichthys molitrix,GloBI,preysOn,,32.5,36.27,ComteOlden,ComteOlden,3.770000000000003
Barbus plebejus,Hypophthalmichthys nobilis,GloBI,preysOn,,32.5,37.92,ComteOlden,ComteOlden,5.420000000000002
Barbus plebejus,Ischnura elegans,GloBI,preysOn,,32.5,43.7361538461539,ComteOlden,ThermoFresh,11.236153846153897
Barbus plebejus,Ischnura pumilio,GloBI,preysOn,,32.5,45.515,ComteOlden,ThermoFresh,13.015
Barbus plebejus,Lepomis gibbosus,GloBI,preysOn,,32.5,33.8035,ComteOlden,ThermoFresh,1.3034999999999997
Barbus plebejus,Leucaspius delineatus,GloBI,preysOn,,32.5,34.3566666666667,ComteOlden,ThermoFresh,1.8566666666666976
Barbus plebejus,Leuciscus aspius,GloBI,preysOn,,32.5,34.92,ComteOlden,ComteOlden,2.4200000000000017
Barbus plebejus,Leuciscus leuciscus,GloBI,preysOn,,32.5,32.57,ComteOlden,ComteOlden,0.07000000000000028
Barbus plebejus,Leuctra fusca,GloBI,preysOn,,32.5,30.1,ComteOlden,ThermoFresh,2.3999999999999986
Barbus plebejus,Lota lota,GloBI,preysOn,,32.5,27.11875,ComteOlden,ThermoFresh,5.381250000000001
Barbus plebejus,Micropterus salmoides,GloBI,preysOn,,32.5,36.4,ComteOlden,ThermoFresh,3.8999999999999986
Barbus plebejus,Nemurella pictetii,GloBI,preysOn,,32.5,30.1,ComteOlden,ThermoFresh,2.3999999999999986
Barbus plebejus,Neogobius melanostomus,GloBI,preysOn,,32.5,33.726,ComteOlden,ThermoFresh,1.225999999999999
Barbus plebejus,Oncorhynchus mykiss,GloBI,preysOn,,32.5,28.6755405405405,ComteOlden,ThermoFresh,3.8244594594595007
Barbus plebejus,Padogobius bonelli,GloBI,preysOn,,32.5,31.74,ComteOlden,ComteOlden,0.7600000000000016
Barbus plebejus,Parachondrostoma toxostoma,GloBI,preysOn,,32.5,34.17,ComteOlden,ComteOlden,1.6700000000000017
Barbus plebejus,Perca fluviatilis,GloBI,preysOn,,32.5,28.6920833333333,ComteOlden,ThermoFresh,3.8079166666666993
Barbus plebejus,Phoxinus lumaireul,GloBI,preysOn,,32.5,29.52,ComteOlden,ComteOlden,2.9800000000000004
Barbus plebejus,Ponticola kessleri,GloBI,preysOn,,32.5,34.03,ComteOlden,ComteOlden,1.5300000000000011
Barbus plebejus,Pseudorasbora parva,GloBI,preysOn,,32.5,38.515,ComteOlden,ThermoFresh,6.015000000000001
Barbus plebejus,Rhithrogena semicolorata,GloBI,preysOn,,32.5,25.33,ComteOlden,ThermoFresh,7.170000000000002
Barbus plebejus,Rhodeus amarus,GloBI,preysOn,,32.5,34.1,ComteOlden,ComteOlden,1.6000000000000014
Barbus plebejus,Rhyacophila dorsalis,GloBI,preysOn,,32.5,22.0,ComteOlden,ThermoFresh,10.5
Barbus plebejus,Rutilus aula,GloBI,preysOn,,32.5,32.32,ComteOlden,ComteOlden,0.17999999999999972
Barbus plebejus,Rutilus pigus,GloBI,preysOn,,32.5,33.59,ComteOlden,ComteOlden,1.0900000000000034
Barbus plebejus,Rutilus rutilus,GloBI,preysOn,,32.5,28.5058333333333,ComteOlden,ThermoFresh,3.9941666666667004
Barbus plebejus,Sabanejewia larvata,GloBI,preysOn,,32.5,32.71,ComteOlden,ComteOlden,0.21000000000000085
Barbus plebejus,Salariopsis fluviatilis,GloBI,preysOn,,32.5,34.96,ComteOlden,ComteOlden,2.460000000000001
Barbus plebejus,Salmo labrax,GloBI,preysOn,,32.5,32.32,ComteOlden,ComteOlden,0.17999999999999972
Barbus plebejus,Salmo marmoratus,GloBI,preysOn,,32.5,30.21,ComteOlden,ComteOlden,2.289999999999999
Barbus plebejus,Salmo salar,GloBI,preysOn,,32.5,30.3326495726496,ComteOlden,ThermoFresh,2.1673504273503994
Barbus plebejus,Salmo trutta,GloBI,preysOn,,32.5,27.6830769230769,ComteOlden,ThermoFresh,4.8169230769231
Barbus plebejus,Salvelinus fontinalis,GloBI,preysOn,,32.5,28.9883333333333,ComteOlden,ThermoFresh,3.5116666666666987
Barbus plebejus,Salvelinus namaycush,GloBI,preysOn,,32.5,27.385,ComteOlden,ThermoFresh,5.114999999999998
Barbus plebejus,Sander lucioperca,GloBI,preysOn,,32.5,35.4428571428571,ComteOlden,ThermoFresh,2.9428571428571004
Barbus plebejus,Scardinius erythrophthalmus,GloBI,preysOn,,32.5,34.94,ComteOlden,ComteOlden,2.4399999999999977
Barbus plebejus,Serratella ignita,GloBI,preysOn,,32.5,32.3,ComteOlden,ThermoFresh,0.20000000000000284
Barbus plebejus,Silurus glanis,GloBI,preysOn,,32.5,36.15,ComteOlden,ComteOlden,3.6499999999999986
Barbus plebejus,Squalius cephalus,GloBI,preysOn,,32.5,36.48,ComteOlden,ThermoFresh,3.979999999999997
Barbus plebejus,Telestes muticellus,GloBI,preysOn,,32.5,33.48,ComteOlden,ComteOlden,0.9799999999999969
Barbus plebejus,Telestes souffia,GloBI,preysOn,,32.5,33.18,ComteOlden,ComteOlden,0.6799999999999997
Barbus plebejus,Thymallus thymallus,GloBI,preysOn,,32.5,29.4333333333333,ComteOlden,ThermoFresh,3.0666666666666984
Barbus plebejus,Tinca tinca,GloBI,preysOn,,32.5,35.6875,ComteOlden,ThermoFresh,3.1875
Bathygobius soporator,Eurypanopeus abbreviatus,GloBI,preysOn,,39.7636363636364,38.2,ThermoFresh,GlobTherm,1.5636363636363981
Bathygobius soporator,Hippolyte obliquimanus,GloBI,preysOn,,39.7636363636364,34.7,ThermoFresh,GlobTherm,5.063636363636398
Bathygobius soporator,Menippe nodifrons,GloBI,preysOn,,39.7636363636364,39.0,ThermoFresh,GlobTherm,0.763636363636401
Bathygobius soporator,Scartella cristata,GloBI,preysOn,,39.7636363636364,36.16,ThermoFresh,ComteOlden,3.6036363636364044
Belonesox belizanus,Gambusia holbrooki,GloBI,eats,,38.47,40.225,ComteOlden,ThermoFresh,1.7550000000000026
Beryx splendens,Electrona antarctica,GloBI,preysOn,,40.79,31.24,ComteOlden,ComteOlden,9.55
Beryx splendens,Pagellus bogaraveo,GloBI,preysOn,,40.79,32.33,ComteOlden,ComteOlden,8.46
Blicca bjoerkna,Agabus bipustulatus,GloBI,preysOn,,30.86,37.07,ComteOlden,ThermoFresh,6.210000000000001
Blicca bjoerkna,Agapetus fuscipes,GloBI,preysOn,,30.86,25.8,ComteOlden,ThermoFresh,5.059999999999999
Blicca bjoerkna,Aphelocheirus aestivalis,GloBI,preysOn,,30.86,34.53,ComteOlden,ThermoFresh,3.6700000000000017
Blicca bjoerkna,Astacus leptodactylus,GloBI,preysOn,,30.86,37.8666666666667,ComteOlden,ThermoFresh,7.006666666666703
Blicca bjoerkna,Baetis rhodani,GloBI,preysOn,,30.86,25.1,ComteOlden,ThermoFresh,5.759999999999998
Blicca bjoerkna,Caenis luctuosa,GloBI,preysOn,,30.86,30.6,ComteOlden,ThermoFresh,0.259999999999998
Blicca bjoerkna,Calopteryx virgo,GloBI,preysOn,,30.86,34.0225,ComteOlden,ThermoFresh,3.1625000000000014
Blicca bjoerkna,Coenagrion puella,GloBI,preysOn,,30.86,42.995,ComteOlden,ThermoFresh,12.134999999999998
Blicca bjoerkna,Deronectes latus,GloBI,preysOn,,30.86,37.04,ComteOlden,ThermoFresh,6.18
Blicca bjoerkna,Dikerogammarus villosus,GloBI,preysOn,,30.86,28.1328571428571,ComteOlden,ThermoFresh,2.7271428571428977
Blicca bjoerkna,Dinocras cephalotes,GloBI,preysOn,,30.86,34.6083333333333,ComteOlden,ThermoFresh,3.7483333333332993
Blicca bjoerkna,Drusus annulatus,GloBI,preysOn,,30.86,28.8,ComteOlden,ThermoFresh,2.0599999999999987
Blicca bjoerkna,Ecdyonurus insignis,GloBI,preysOn,,30.86,32.34,ComteOlden,ThermoFresh,1.480000000000004
Blicca bjoerkna,Echinogammarus berilloni,GloBI,preysOn,,30.86,30.3333333333333,ComteOlden,ThermoFresh,0.5266666666666993
Blicca bjoerkna,Echinogammarus ischnus,GloBI,preysOn,,30.86,31.5,ComteOlden,ThermoFresh,0.6400000000000006
Blicca bjoerkna,Electrona antarctica,GloBI,eats,,30.86,31.24,ComteOlden,ComteOlden,0.379999999999999
Blicca bjoerkna,Ephemera danica,GloBI,preysOn,,30.86,36.7075,ComteOlden,ThermoFresh,5.847500000000004
Blicca bjoerkna,Gammarus fossarum,GloBI,preysOn,,30.86,28.774,ComteOlden,ThermoFresh,2.0859999999999985
Blicca bjoerkna,Gammarus pulex,GloBI,preysOn,,30.86,29.1161111111111,ComteOlden,ThermoFresh,1.7438888888889004
Blicca bjoerkna,Gammarus roeselii,GloBI,preysOn,,30.86,30.184,ComteOlden,ThermoFresh,0.6759999999999984
Blicca bjoerkna,Gammarus tigrinus,GloBI,preysOn,,30.86,32.6985714285714,ComteOlden,ThermoFresh,1.8385714285713988
Blicca bjoerkna,Heptagenia sulphurea,GloBI,preysOn,,30.86,30.2,ComteOlden,ThermoFresh,0.6600000000000001
Blicca bjoerkna,Hydropsyche pellucidula,GloBI,preysOn,,30.86,25.5,ComteOlden,ThermoFresh,5.359999999999999
Blicca bjoerkna,Ischnura elegans,GloBI,preysOn,,30.86,43.7361538461539,ComteOlden,ThermoFresh,12.876153846153898
Blicca bjoerkna,Ischnura pumilio,GloBI,preysOn,,30.86,45.515,ComteOlden,ThermoFresh,14.655000000000001
Blicca bjoerkna,Leuctra fusca,GloBI,preysOn,,30.86,30.1,ComteOlden,ThermoFresh,0.759999999999998
Blicca bjoerkna,Nemurella pictetii,GloBI,preysOn,,30.86,30.1,ComteOlden,ThermoFresh,0.759999999999998
Blicca bjoerkna,Rhithrogena semicolorata,GloBI,preysOn,,30.86,25.33,ComteOlden,ThermoFresh,5.530000000000001
Blicca bjoerkna,Rhyacophila dorsalis,GloBI,preysOn,,30.86,22.0,ComteOlden,ThermoFresh,8.86
Blicca bjoerkna,Serratella ignita,GloBI,preysOn,,30.86,32.3,ComteOlden,ThermoFresh,1.4399999999999977
Bodianus rufus,Abudefduf saxatilis,GloBI,eats,,38.69,39.47,ComteOlden,ComteOlden,0.7800000000000011
Bodianus rufus,Acar domingensis,GloBI,eats;preysOn,,38.69,39.0,ComteOlden,GlobTherm,0.3100000000000023
Bodianus rufus,Echinometra lucunter,GloBI,eats;preysOn,,38.69,37.1,ComteOlden,GlobTherm,1.5899999999999963
Bodianus rufus,Eucidaris tribuloides,GloBI,eats;preysOn,,38.69,36.0,ComteOlden,GlobTherm,2.6899999999999977
Brachyponera chinensis,Reticulitermes flavipes,GloBI,preysOn,,39.0,44.3,GlobTherm,GlobTherm,5.299999999999997
Butis butis,Chanos chanos,GloBI,eats;preysOn,,39.69,40.555,ComteOlden,ThermoFresh,0.865000000000002
Calamus brachysomus,Electrona antarctica,GloBI,eats,,36.87,31.24,ComteOlden,ComteOlden,5.629999999999999
Canthigaster rostrata,Acar domingensis,GloBI,eats;preysOn,,40.82,39.0,ComteOlden,GlobTherm,1.8200000000000003
Carasobarbus canis,Garra rufa,GloBI,eats;preysOn,,38.65,38.2166666666667,ComteOlden,ThermoFresh,0.4333333333333016
Carasobarbus canis,Luciobarbus longiceps,GloBI,eats,,38.65,37.47,ComteOlden,ComteOlden,1.1799999999999997
Carassius carassius,Agabus bipustulatus,GloBI,preysOn,,35.5365,37.07,ThermoFresh,ThermoFresh,1.5335000000000036
Carassius carassius,Agapetus fuscipes,GloBI,preysOn,,35.5365,25.8,ThermoFresh,ThermoFresh,9.736499999999996
Carassius carassius,Ampullaceana balthica,GloBI,preysOn,,35.5365,36.525,ThermoFresh,ThermoFresh,0.9885000000000019
Carassius carassius,Ancylus fluviatilis,GloBI,preysOn,,35.5365,34.9,ThermoFresh,ThermoFresh,0.6364999999999981
Carassius carassius,Aphelocheirus aestivalis,GloBI,preysOn,,35.5365,34.53,ThermoFresh,ThermoFresh,1.0064999999999955
Carassius carassius,Astacus leptodactylus,GloBI,preysOn,,35.5365,37.8666666666667,ThermoFresh,ThermoFresh,2.330166666666706
Carassius carassius,Baetis rhodani,GloBI,preysOn,,35.5365,25.1,ThermoFresh,ThermoFresh,10.436499999999995
Carassius carassius,Bithynia tentaculata,GloBI,preysOn,,35.5365,28.8166666666667,ThermoFresh,ThermoFresh,6.719833333333298
Carassius carassius,Caenis luctuosa,GloBI,preysOn,,35.5365,30.6,ThermoFresh,ThermoFresh,4.936499999999995
Carassius carassius,Calopteryx virgo,GloBI,preysOn,,35.5365,34.0225,ThermoFresh,ThermoFresh,1.5139999999999958
Carassius carassius,Coenagrion puella,GloBI,preysOn,,35.5365,42.995,ThermoFresh,ThermoFresh,7.458500000000001
Carassius carassius,Daphnia magna,GloBI,eats;preysOn,,35.5365,40.07,ThermoFresh,ThermoFresh,4.533500000000004
Carassius carassius,Deronectes latus,GloBI,preysOn,,35.5365,37.04,ThermoFresh,ThermoFresh,1.5035000000000025
Carassius carassius,Dikerogammarus villosus,GloBI,preysOn,,35.5365,28.1328571428571,ThermoFresh,ThermoFresh,7.403642857142895
Carassius carassius,Dinocras cephalotes,GloBI,preysOn,,35.5365,34.6083333333333,ThermoFresh,ThermoFresh,0.9281666666666979
Carassius carassius,Drusus annulatus,GloBI,preysOn,,35.5365,28.8,ThermoFresh,ThermoFresh,6.736499999999996
Carassius carassius,Ecdyonurus insignis,GloBI,preysOn,,35.5365,32.34,ThermoFresh,ThermoFresh,3.1964999999999932
Carassius carassius,Echinogammarus berilloni,GloBI,preysOn,,35.5365,30.3333333333333,ThermoFresh,ThermoFresh,5.2031666666666965
Carassius carassius,Echinogammarus ischnus,GloBI,preysOn,,35.5365,31.5,ThermoFresh,ThermoFresh,4.036499999999997
Carassius carassius,Ephemera danica,GloBI,preysOn,,35.5365,36.7075,ThermoFresh,ThermoFresh,1.1710000000000065
Carassius carassius,Galba truncatula,GloBI,preysOn,,35.5365,39.7125,ThermoFresh,ThermoFresh,4.176000000000002
Carassius carassius,Gammarus fossarum,GloBI,preysOn,,35.5365,28.774,ThermoFresh,ThermoFresh,6.762499999999996
Carassius carassius,Gammarus pulex,GloBI,preysOn,,35.5365,29.1161111111111,ThermoFresh,ThermoFresh,6.420388888888898
Carassius carassius,Gammarus roeselii,GloBI,preysOn,,35.5365,30.184,ThermoFresh,ThermoFresh,5.352499999999996
Carassius carassius,Gammarus tigrinus,GloBI,preysOn,,35.5365,32.6985714285714,ThermoFresh,ThermoFresh,2.8379285714285984
Carassius carassius,Heptagenia sulphurea,GloBI,preysOn,,35.5365,30.2,ThermoFresh,ThermoFresh,5.336499999999997
Carassius carassius,Hydropsyche pellucidula,GloBI,preysOn,,35.5365,25.5,ThermoFresh,ThermoFresh,10.036499999999997
Carassius carassius,Ischnura elegans,GloBI,preysOn,,35.5365,43.7361538461539,ThermoFresh,ThermoFresh,8.1996538461539
Carassius carassius,Ischnura pumilio,GloBI,preysOn,,35.5365,45.515,ThermoFresh,ThermoFresh,9.978500000000004
Carassius carassius,Leuctra fusca,GloBI,preysOn,,35.5365,30.1,ThermoFresh,ThermoFresh,5.436499999999995
Carassius carassius,Nemurella pictetii,GloBI,preysOn,,35.5365,30.1,ThermoFresh,ThermoFresh,5.436499999999995
Carassius carassius,Physa fontinalis,GloBI,preysOn,,35.5365,37.2433333333333,ThermoFresh,ThermoFresh,1.7068333333333001
Carassius carassius,Planorbarius corneus,GloBI,preysOn,,35.5365,38.025,ThermoFresh,ThermoFresh,2.488500000000002
Carassius carassius,Planorbis carinatus,GloBI,preysOn,,35.5365,40.3033333333333,ThermoFresh,ThermoFresh,4.766833333333302
Carassius carassius,Planorbis planorbis,GloBI,preysOn,,35.5365,39.8433333333333,ThermoFresh,ThermoFresh,4.3068333333333015
Carassius carassius,Potamopyrgus antipodarum,GloBI,preysOn,,35.5365,27.9033333333333,ThermoFresh,ThermoFresh,7.633166666666696
Carassius carassius,Rhithrogena semicolorata,GloBI,preysOn,,35.5365,25.33,ThermoFresh,ThermoFresh,10.206499999999998
Carassius carassius,Rhyacophila dorsalis,GloBI,preysOn,,35.5365,22.0,ThermoFresh,ThermoFresh,13.536499999999997
Carassius carassius,Serratella ignita,GloBI,preysOn,,35.5365,32.3,ThermoFresh,ThermoFresh,3.2364999999999995
Carassius gibelio,Agabus bipustulatus,GloBI,preysOn,,36.1,37.07,ThermoFresh,ThermoFresh,0.9699999999999989
Carassius gibelio,Agapetus fuscipes,GloBI,preysOn,,36.1,25.8,ThermoFresh,ThermoFresh,10.3
Carassius gibelio,Aphelocheirus aestivalis,GloBI,preysOn,,36.1,34.53,ThermoFresh,ThermoFresh,1.5700000000000003
Carassius gibelio,Astacus leptodactylus,GloBI,preysOn,,36.1,37.8666666666667,ThermoFresh,ThermoFresh,1.7666666666667012
Carassius gibelio,Baetis rhodani,GloBI,preysOn,,36.1,25.1,ThermoFresh,ThermoFresh,11.0
Carassius gibelio,Caenis luctuosa,GloBI,preysOn,,36.1,30.6,ThermoFresh,ThermoFresh,5.5
Carassius gibelio,Calopteryx virgo,GloBI,preysOn,,36.1,34.0225,ThermoFresh,ThermoFresh,2.0775000000000006
Carassius gibelio,Coenagrion puella,GloBI,preysOn,,36.1,42.995,ThermoFresh,ThermoFresh,6.894999999999996
Carassius gibelio,Deronectes latus,GloBI,preysOn,,36.1,37.04,ThermoFresh,ThermoFresh,0.9399999999999977
Carassius gibelio,Dikerogammarus villosus,GloBI,preysOn,,36.1,28.1328571428571,ThermoFresh,ThermoFresh,7.9671428571429
Carassius gibelio,Dinocras cephalotes,GloBI,preysOn,,36.1,34.6083333333333,ThermoFresh,ThermoFresh,1.4916666666667027
Carassius gibelio,Drusus annulatus,GloBI,preysOn,,36.1,28.8,ThermoFresh,ThermoFresh,7.300000000000001
Carassius gibelio,Ecdyonurus insignis,GloBI,preysOn,,36.1,32.34,ThermoFresh,ThermoFresh,3.759999999999998
Carassius gibelio,Echinogammarus berilloni,GloBI,preysOn,,36.1,30.3333333333333,ThermoFresh,ThermoFresh,5.766666666666701
Carassius gibelio,Echinogammarus ischnus,GloBI,preysOn,,36.1,31.5,ThermoFresh,ThermoFresh,4.600000000000001
Carassius gibelio,Ephemera danica,GloBI,preysOn,,36.1,36.7075,ThermoFresh,ThermoFresh,0.6075000000000017
Carassius gibelio,Gammarus fossarum,GloBI,preysOn,,36.1,28.774,ThermoFresh,ThermoFresh,7.3260000000000005
Carassius gibelio,Gammarus pulex,GloBI,preysOn,,36.1,29.1161111111111,ThermoFresh,ThermoFresh,6.983888888888902
Carassius gibelio,Gammarus roeselii,GloBI,preysOn,,36.1,30.184,ThermoFresh,ThermoFresh,5.916
Carassius gibelio,Gammarus tigrinus,GloBI,preysOn,,36.1,32.6985714285714,ThermoFresh,ThermoFresh,3.401428571428603
Carassius gibelio,Heptagenia sulphurea,GloBI,preysOn,,36.1,30.2,ThermoFresh,ThermoFresh,5.900000000000002
Carassius gibelio,Hydropsyche pellucidula,GloBI,preysOn,,36.1,25.5,ThermoFresh,ThermoFresh,10.600000000000001
Carassius gibelio,Ischnura elegans,GloBI,preysOn,,36.1,43.7361538461539,ThermoFresh,ThermoFresh,7.636153846153896
Carassius gibelio,Ischnura pumilio,GloBI,preysOn,,36.1,45.515,ThermoFresh,ThermoFresh,9.415
Carassius gibelio,Leuctra fusca,GloBI,preysOn,,36.1,30.1,ThermoFresh,ThermoFresh,6.0
Carassius gibelio,Nemurella pictetii,GloBI,preysOn,,36.1,30.1,ThermoFresh,ThermoFresh,6.0
Carassius gibelio,Rhithrogena semicolorata,GloBI,preysOn,,36.1,25.33,ThermoFresh,ThermoFresh,10.770000000000003
Carassius gibelio,Rhyacophila dorsalis,GloBI,preysOn,,36.1,22.0,ThermoFresh,ThermoFresh,14.100000000000001
Carassius gibelio,Serratella ignita,GloBI,preysOn,,36.1,32.3,ThermoFresh,ThermoFresh,3.8000000000000043
Carcinus maenas,Anguilla anguilla,GloBI,eats,,34.07,35.12,ThermoFresh,ComteOlden,1.0499999999999972
Carcinus maenas,Corophium volutator,GloBI,preysOn,,34.07,33.1452777775,ThermoFresh,ThermoFresh,0.9247222225000016
Carcinus maenas,Crangon crangon,GloBI,eats;preysOn,,34.07,34.1133333333333,ThermoFresh,ThermoFresh,0.04333333333330103
Carcinus maenas,Gobius niger,GloBI,preysOn,,34.07,33.5,ThermoFresh,ThermoFresh,0.5700000000000003
Carcinus maenas,Gobius paganellus,GloBI,preysOn,,34.07,34.3333333333333,ThermoFresh,ThermoFresh,0.2633333333332999
Carcinus maenas,Littorina saxatilis,GloBI,preysOn,,34.07,34.91,ThermoFresh,ThermoFresh,0.8399999999999963
Carcinus maenas,Pagurus bernhardus,GloBI,preysOn,,34.07,35.9,ThermoFresh,ThermoFresh,1.8299999999999983
Carcinus maenas,Palaemon elegans,GloBI,preysOn,,34.07,34.335,ThermoFresh,ThermoFresh,0.26500000000000057
Carcinus maenas,Palaemon longirostris,GloBI,preysOn,,34.07,34.4,ThermoFresh,ThermoFresh,0.3299999999999983
Carcinus maenas,Pleuronectes platessa,GloBI,preysOn,,34.07,30.64,ThermoFresh,ComteOlden,3.4299999999999997
Carcinus maenas,Pomatoschistus minutus,GloBI,preysOn,,34.07,28.4,ThermoFresh,ThermoFresh,5.670000000000002
Carcinus maenas,Pseudopleuronectes americanus,GloBI,preysOn,,34.07,29.55,ThermoFresh,ComteOlden,4.52
Carcinus maenas,Symphodus melops,GloBI,preysOn,,34.07,33.95,ThermoFresh,ComteOlden,0.11999999999999744
Carcinus maenas,Tautoga onitis,GloBI,eats,,34.07,33.83,ThermoFresh,ComteOlden,0.240000000000002
Carcinus maenas,Tautogolabrus adspersus,GloBI,preysOn,,34.07,29.28,ThermoFresh,ComteOlden,4.789999999999999
Catostomus catostomus,Salvelinus alpinus,GloBI,eats;preysOn,,27.27,25.7485714285714,ComteOlden,ThermoFresh,1.5214285714286007
Catostomus commersonii,Electrona antarctica,GloBI,eats,,33.17,31.24,ThermoFresh,ComteOlden,1.9300000000000033
Catostomus macrocheilus,Acipenser transmontanus,GloBI,preysOn,,31.34,30.3895238095238,ComteOlden,ThermoFresh,0.9504761904761985
Centrolabrus exoletus,Carcinus maenas,GloBI,preysOn,,32.12,34.07,ComteOlden,ThermoFresh,1.9500000000000028
Centrolabrus exoletus,Crangon crangon,GloBI,preysOn,,32.12,34.1133333333333,ComteOlden,ThermoFresh,1.9933333333333039
Centrolabrus exoletus,Pagurus bernhardus,GloBI,preysOn,,32.12,35.9,ComteOlden,ThermoFresh,3.780000000000001
Centrolabrus exoletus,Xantho incisus,GloBI,preysOn,,32.12,33.4,ComteOlden,GlobTherm,1.2800000000000011
Centropristis striata,Anchoa mitchilli,GloBI,preysOn,,34.65,36.68,ComteOlden,ComteOlden,2.030000000000001
Centropristis striata,Clupea harengus,GloBI,preysOn,,34.65,25.43,ComteOlden,ComteOlden,9.219999999999999
Centropristis striata,Cyprinodon artifrons,GloBI,preysOn,,34.65,44.55,ComteOlden,ThermoFresh,9.899999999999999
Centropristis striata,Cyprinodon variegatus,GloBI,eats;preysOn,,34.65,41.3626666666667,ComteOlden,ThermoFresh,6.712666666666699
Centropristis striata,Halichoeres bivittatus,GloBI,eats;preysOn,,34.65,37.98,ComteOlden,ComteOlden,3.3299999999999983
Centropristis striata,Stenotomus chrysops,GloBI,eats;preysOn,,34.65,34.38,ComteOlden,ComteOlden,0.269999999999996
Chaenocephalus aceratus,Electrona antarctica,GloBI,eats;preysOn,,16.29,31.24,ComteOlden,ComteOlden,14.95
Chaenocephalus aceratus,Gobionotothen gibberifrons,GloBI,eats;preysOn,,16.29,17.46,ComteOlden,ComteOlden,1.1700000000000017
Chaenocephalus aceratus,Lindbergichthys nudifrons,GloBI,eats;preysOn,,16.29,14.75,ComteOlden,ComteOlden,1.5399999999999991
Chaenocephalus aceratus,Notothenia rossii,GloBI,eats;preysOn,,16.29,17.61,ComteOlden,ComteOlden,1.3200000000000003
Chaenocephalus aceratus,Trematomus hansoni,GloBI,preysOn,,16.29,13.66,ComteOlden,ComteOlden,2.629999999999999
Channa marulius,Labeo rohita,GloBI,preysOn,,37.44,43.1676923076923,ComteOlden,ThermoFresh,5.727692307692301
Channa micropeltes,Oreochromis niloticus,GloBI,preysOn,,40.35,39.348,ComteOlden,ThermoFresh,1.0020000000000024
Channa punctata,Aplocheilus panchax,GloBI,preysOn,,39.04,39.23,ComteOlden,ComteOlden,0.18999999999999773
Channa punctata,Labeo fimbriatus,GloBI,eats;preysOn,,39.04,41.71,ComteOlden,ComteOlden,2.6700000000000017
Channa punctata,Mastacembelus armatus,GloBI,eats;preysOn,,39.04,39.41,ComteOlden,ComteOlden,0.36999999999999744
Channa punctata,Ompok pabda,GloBI,preysOn,,39.04,39.52,ComteOlden,ComteOlden,0.480000000000004
Channa punctata,Parambassis ranga,GloBI,eats;preysOn,,39.04,39.35,ComteOlden,ComteOlden,0.3100000000000023
Channa punctata,Pethia ticto,GloBI,eats;preysOn,,39.04,40.22,ComteOlden,ComteOlden,1.1799999999999997
Channa punctata,Puntius sophore,GloBI,eats;preysOn,,39.04,37.68,ComteOlden,ComteOlden,1.3599999999999994
Channa punctata,Rasbora daniconius,GloBI,eats;preysOn,,39.04,37.47,ComteOlden,ComteOlden,1.5700000000000003
Channa punctata,Trichogaster chuna,GloBI,preysOn,,39.04,38.9,ComteOlden,ComteOlden,0.14000000000000057
Channa striata,Cyprinus carpio,GloBI,preysOn,,38.25,33.5484745762712,ComteOlden,ThermoFresh,4.701525423728803
Channa striata,Labeo rohita,GloBI,preysOn,,38.25,43.1676923076923,ComteOlden,ThermoFresh,4.917692307692299
Chanodichthys erythropterus,Carassius carassius,GloBI,eats;preysOn,,34.84,35.5365,ComteOlden,ThermoFresh,0.6964999999999932
Chanodichthys erythropterus,Chanodichthys mongolicus,GloBI,eats;preysOn,,34.84,34.86,ComteOlden,ComteOlden,0.01999999999999602
Chanodichthys erythropterus,Hemiculter leucisculus,GloBI,eats;preysOn,,34.84,35.25,ComteOlden,ComteOlden,0.4099999999999966
Chanodichthys erythropterus,Hypomesus olidus,GloBI,eats;preysOn,,34.84,25.81,ComteOlden,ComteOlden,9.030000000000005
Chanodichthys erythropterus,Pseudorasbora parva,GloBI,eats;preysOn,,34.84,38.515,ComteOlden,ThermoFresh,3.674999999999997
Chanos chanos,Electrona antarctica,GloBI,eats,,40.555,31.24,ThermoFresh,ComteOlden,9.315000000000001
Charina bottae,Elgaria coerulea,GloBI,preysOn,,38.0,39.2,GlobTherm,GlobTherm,1.2000000000000028
Charina bottae,Sceloporus occidentalis,GloBI,preysOn,,38.0,44.1,GlobTherm,GlobTherm,6.100000000000001
Chelon ramada,Electrona antarctica,GloBI,eats,,38.0,31.24,ThermoFresh,ComteOlden,6.760000000000002
Chelon ramada,Palaemon elegans,GloBI,preysOn,,38.0,34.335,ThermoFresh,ThermoFresh,3.664999999999999
Chelon ramada,Palaemon longirostris,GloBI,preysOn,,38.0,34.4,ThermoFresh,ThermoFresh,3.6000000000000014
Chelonodon patoca,Electrona antarctica,GloBI,eats,,39.66,31.24,ComteOlden,ComteOlden,8.419999999999998
Chionodraco rastrospinosus,Gobionotothen gibberifrons,GloBI,eats;preysOn,,14.73,17.46,ComteOlden,ComteOlden,2.7300000000000004
Chitala chitala,Cyprinus carpio,GloBI,preysOn,,35.22,33.5484745762712,ComteOlden,ThermoFresh,1.6715254237288022
Chitala chitala,Labeo rohita,GloBI,preysOn,,35.22,43.1676923076923,ComteOlden,ThermoFresh,7.9476923076923
Chondrostoma nasus,Salmo trutta,GloBI,preysOn,,34.03,27.6830769230769,ComteOlden,ThermoFresh,6.346923076923101
Chondrostoma soetta,Ancylus fluviatilis,GloBI,preysOn,,31.86,34.9,ComteOlden,ThermoFresh,3.039999999999999
Chondrostoma soetta,Physa fontinalis,GloBI,preysOn,,31.86,37.2433333333333,ComteOlden,ThermoFresh,5.383333333333297
Chondrostoma soetta,Planorbarius corneus,GloBI,preysOn,,31.86,38.025,ComteOlden,ThermoFresh,6.164999999999999
Chondrostoma soetta,Planorbis carinatus,GloBI,preysOn,,31.86,40.3033333333333,ComteOlden,ThermoFresh,8.4433333333333
Chondrostoma soetta,Planorbis planorbis,GloBI,preysOn,,31.86,39.8433333333333,ComteOlden,ThermoFresh,7.983333333333299
Chondrostoma soetta,Potamopyrgus antipodarum,GloBI,preysOn,,31.86,27.9033333333333,ComteOlden,ThermoFresh,3.956666666666699
Chrosomus neogaeus,Electrona antarctica,GloBI,eats,,30.25,31.24,ComteOlden,ComteOlden,0.9899999999999984
Chrysemys picta,Notophthalmus viridescens,GloBI,eats,,42.3,37.3,GlobTherm,GlobTherm,5.0
Chrysemys picta,Pimephales notatus,GloBI,eats,,42.3,33.4533333333333,GlobTherm,ThermoFresh,8.8466666666667
Clarias anguillaris,Hemichromis bimaculatus,GloBI,eats;preysOn,,38.52,40.82,ComteOlden,ComteOlden,2.299999999999997
Clarias batrachus,Pseudocrenilabrus multicolor,GloBI,preysOn,,37.37,39.19,ComteOlden,ThermoFresh,1.8200000000000003
Clarias gariepinus,Chanos chanos,GloBI,eats;preysOn,,37.71,40.555,ComteOlden,ThermoFresh,2.844999999999999
Clarias gariepinus,Oreochromis mossambicus,GloBI,preysOn,,37.71,42.638,ComteOlden,ThermoFresh,4.927999999999997
Clarias gariepinus,Oreochromis niloticus,GloBI,eats;preysOn,,37.71,39.348,ComteOlden,ThermoFresh,1.6379999999999981
Clarias gariepinus,Serranochromis robustus,GloBI,preysOn,,37.71,38.88,ComteOlden,ComteOlden,1.1700000000000017
Clarias stappersii,Clarias theodorae,GloBI,preysOn,,37.19,37.68,ComteOlden,ComteOlden,0.490000000000002
Clupea harengus,Anguilla anguilla,GloBI,eats,,25.43,35.12,ComteOlden,ComteOlden,9.689999999999998
Clupea harengus,Carcinus maenas,GloBI,eats;preysOn,,25.43,34.07,ComteOlden,ThermoFresh,8.64
Clupea harengus,Corophium volutator,GloBI,eats;preysOn,,25.43,33.1452777775,ComteOlden,ThermoFresh,7.715277777499999
Clupea harengus,Crangon crangon,GloBI,eats;preysOn,,25.43,34.1133333333333,ComteOlden,ThermoFresh,8.683333333333302
Clupea harengus,Eleginus gracilis,GloBI,preysOn,,25.43,24.55,ComteOlden,ThermoFresh,0.879999999999999
Clupea harengus,Gadus morhua,GloBI,eats;preysOn,,25.43,25.39,ComteOlden,ComteOlden,0.03999999999999915
Clupea harengus,Gasterosteus aculeatus,GloBI,preysOn,,25.43,31.6655882352941,ComteOlden,ThermoFresh,6.235588235294099
Clupea harengus,Gobius niger,GloBI,preysOn,,25.43,33.5,ComteOlden,ThermoFresh,8.07
Clupea harengus,Gobius paganellus,GloBI,preysOn,,25.43,34.3333333333333,ComteOlden,ThermoFresh,8.9033333333333
Clupea harengus,Platichthys flesus,GloBI,eats;preysOn,,25.43,32.75,ComteOlden,ComteOlden,7.32
Clupea harengus,Pleuronectes platessa,GloBI,eats;preysOn,,25.43,30.64,ComteOlden,ComteOlden,5.210000000000001
Clupea pallasii,Thaleichthys pacificus,GloBI,eats;preysOn,,27.25,27.43,ThermoFresh,ComteOlden,0.17999999999999972
Cobitis bilineata,Agabus bipustulatus,GloBI,preysOn,,33.54,37.07,ComteOlden,ThermoFresh,3.530000000000001
Cobitis bilineata,Agapetus fuscipes,GloBI,preysOn,,33.54,25.8,ComteOlden,ThermoFresh,7.739999999999998
Cobitis bilineata,Aphelocheirus aestivalis,GloBI,preysOn,,33.54,34.53,ComteOlden,ThermoFresh,0.990000000000002
Cobitis bilineata,Astacus leptodactylus,GloBI,preysOn,,33.54,37.8666666666667,ComteOlden,ThermoFresh,4.3266666666667035
Cobitis bilineata,Baetis rhodani,GloBI,preysOn,,33.54,25.1,ComteOlden,ThermoFresh,8.439999999999998
Cobitis bilineata,Caenis luctuosa,GloBI,preysOn,,33.54,30.6,ComteOlden,ThermoFresh,2.9399999999999977
Cobitis bilineata,Calopteryx virgo,GloBI,preysOn,,33.54,34.0225,ComteOlden,ThermoFresh,0.4825000000000017
Cobitis bilineata,Coenagrion puella,GloBI,preysOn,,33.54,42.995,ComteOlden,ThermoFresh,9.454999999999998
Cobitis bilineata,Deronectes latus,GloBI,preysOn,,33.54,37.04,ComteOlden,ThermoFresh,3.5
Cobitis bilineata,Dikerogammarus villosus,GloBI,preysOn,,33.54,28.1328571428571,ComteOlden,ThermoFresh,5.407142857142897
Cobitis bilineata,Dinocras cephalotes,GloBI,preysOn,,33.54,34.6083333333333,ComteOlden,ThermoFresh,1.0683333333332996
Cobitis bilineata,Drusus annulatus,GloBI,preysOn,,33.54,28.8,ComteOlden,ThermoFresh,4.739999999999998
Cobitis bilineata,Ecdyonurus insignis,GloBI,preysOn,,33.54,32.34,ComteOlden,ThermoFresh,1.1999999999999957
Cobitis bilineata,Echinogammarus berilloni,GloBI,preysOn,,33.54,30.3333333333333,ComteOlden,ThermoFresh,3.206666666666699
Cobitis bilineata,Echinogammarus ischnus,GloBI,preysOn,,33.54,31.5,ComteOlden,ThermoFresh,2.039999999999999
Cobitis bilineata,Ephemera danica,GloBI,preysOn,,33.54,36.7075,ComteOlden,ThermoFresh,3.167500000000004
Cobitis bilineata,Gammarus fossarum,GloBI,preysOn,,33.54,28.774,ComteOlden,ThermoFresh,4.765999999999998
Cobitis bilineata,Gammarus pulex,GloBI,preysOn,,33.54,29.1161111111111,ComteOlden,ThermoFresh,4.4238888888889
Cobitis bilineata,Gammarus roeselii,GloBI,preysOn,,33.54,30.184,ComteOlden,ThermoFresh,3.355999999999998
Cobitis bilineata,Gammarus tigrinus,GloBI,preysOn,,33.54,32.6985714285714,ComteOlden,ThermoFresh,0.841428571428601
Cobitis bilineata,Heptagenia sulphurea,GloBI,preysOn,,33.54,30.2,ComteOlden,ThermoFresh,3.34
Cobitis bilineata,Hydropsyche pellucidula,GloBI,preysOn,,33.54,25.5,ComteOlden,ThermoFresh,8.04
Cobitis bilineata,Ischnura elegans,GloBI,preysOn,,33.54,43.7361538461539,ComteOlden,ThermoFresh,10.196153846153898
Cobitis bilineata,Ischnura pumilio,GloBI,preysOn,,33.54,45.515,ComteOlden,ThermoFresh,11.975000000000001
Cobitis bilineata,Leuctra fusca,GloBI,preysOn,,33.54,30.1,ComteOlden,ThermoFresh,3.4399999999999977
Cobitis bilineata,Nemurella pictetii,GloBI,preysOn,,33.54,30.1,ComteOlden,ThermoFresh,3.4399999999999977
Cobitis bilineata,Rhithrogena semicolorata,GloBI,preysOn,,33.54,25.33,ComteOlden,ThermoFresh,8.21
Cobitis bilineata,Rhyacophila dorsalis,GloBI,preysOn,,33.54,22.0,ComteOlden,ThermoFresh,11.54
Cobitis bilineata,Serratella ignita,GloBI,preysOn,,33.54,32.3,ComteOlden,ThermoFresh,1.240000000000002
Cobitis taenia,Agabus bipustulatus,GloBI,preysOn,,33.76,37.07,ComteOlden,ThermoFresh,3.3100000000000023
Cobitis taenia,Agapetus fuscipes,GloBI,preysOn,,33.76,25.8,ComteOlden,ThermoFresh,7.959999999999997
Cobitis taenia,Aphelocheirus aestivalis,GloBI,preysOn,,33.76,34.53,ComteOlden,ThermoFresh,0.7700000000000031
Cobitis taenia,Astacus leptodactylus,GloBI,preysOn,,33.76,37.8666666666667,ComteOlden,ThermoFresh,4.106666666666705
Cobitis taenia,Baetis rhodani,GloBI,preysOn,,33.76,25.1,ComteOlden,ThermoFresh,8.659999999999997
Cobitis taenia,Caenis luctuosa,GloBI,preysOn,,33.76,30.6,ComteOlden,ThermoFresh,3.1599999999999966
Cobitis taenia,Calopteryx virgo,GloBI,preysOn,,33.76,34.0225,ComteOlden,ThermoFresh,0.26250000000000284
Cobitis taenia,Coenagrion puella,GloBI,preysOn,,33.76,42.995,ComteOlden,ThermoFresh,9.235
Cobitis taenia,Deronectes latus,GloBI,preysOn,,33.76,37.04,ComteOlden,ThermoFresh,3.280000000000001
Cobitis taenia,Dikerogammarus villosus,GloBI,preysOn,,33.76,28.1328571428571,ComteOlden,ThermoFresh,5.627142857142896
Cobitis taenia,Dinocras cephalotes,GloBI,preysOn,,33.76,34.6083333333333,ComteOlden,ThermoFresh,0.8483333333333007
Cobitis taenia,Drusus annulatus,GloBI,preysOn,,33.76,28.8,ComteOlden,ThermoFresh,4.959999999999997
Cobitis taenia,Ecdyonurus insignis,GloBI,preysOn,,33.76,32.34,ComteOlden,ThermoFresh,1.4199999999999946
Cobitis taenia,Echinogammarus berilloni,GloBI,preysOn,,33.76,30.3333333333333,ComteOlden,ThermoFresh,3.426666666666698
Cobitis taenia,Echinogammarus ischnus,GloBI,preysOn,,33.76,31.5,ComteOlden,ThermoFresh,2.259999999999998
Cobitis taenia,Ephemera danica,GloBI,preysOn,,33.76,36.7075,ComteOlden,ThermoFresh,2.947500000000005
Cobitis taenia,Gammarus fossarum,GloBI,preysOn,,33.76,28.774,ComteOlden,ThermoFresh,4.985999999999997
Cobitis taenia,Gammarus pulex,GloBI,preysOn,,33.76,29.1161111111111,ComteOlden,ThermoFresh,4.643888888888899
Cobitis taenia,Gammarus roeselii,GloBI,preysOn,,33.76,30.184,ComteOlden,ThermoFresh,3.575999999999997
Cobitis taenia,Gammarus tigrinus,GloBI,preysOn,,33.76,32.6985714285714,ComteOlden,ThermoFresh,1.0614285714285998
Cobitis taenia,Heptagenia sulphurea,GloBI,preysOn,,33.76,30.2,ComteOlden,ThermoFresh,3.5599999999999987
Cobitis taenia,Hydropsyche pellucidula,GloBI,preysOn,,33.76,25.5,ComteOlden,ThermoFresh,8.259999999999998
Cobitis taenia,Ischnura elegans,GloBI,preysOn,,33.76,43.7361538461539,ComteOlden,ThermoFresh,9.976153846153899
Cobitis taenia,Ischnura pumilio,GloBI,preysOn,,33.76,45.515,ComteOlden,ThermoFresh,11.755000000000003
Cobitis taenia,Leuctra fusca,GloBI,preysOn,,33.76,30.1,ComteOlden,ThermoFresh,3.6599999999999966
Cobitis taenia,Nemurella pictetii,GloBI,preysOn,,33.76,30.1,ComteOlden,ThermoFresh,3.6599999999999966
Cobitis taenia,Rhithrogena semicolorata,GloBI,preysOn,,33.76,25.33,ComteOlden,ThermoFresh,8.43
Cobitis taenia,Rhyacophila dorsalis,GloBI,preysOn,,33.76,22.0,ComteOlden,ThermoFresh,11.759999999999998
Cobitis taenia,Serratella ignita,GloBI,preysOn,,33.76,32.3,ComteOlden,ThermoFresh,1.4600000000000009
Coenagrion puella,Asellus aquaticus,GloBI,eats;preysOn,,42.995,32.8678947368421,ThermoFresh,ThermoFresh,10.127105263157894
Coenagrion puella,Crangonyx pseudogracilis,GloBI,eats;preysOn,,42.995,32.3233333333333,ThermoFresh,ThermoFresh,10.671666666666695
Coenagrion puella,Daphnia magna,GloBI,eats;preysOn,,42.995,40.07,ThermoFresh,ThermoFresh,2.924999999999997
Coenagrion puella,Gammarus pulex,GloBI,eats;preysOn,,42.995,29.1161111111111,ThermoFresh,ThermoFresh,13.878888888888898
Coluber constrictor,Agkistrodon contortrix,GloBI,eats;preysOn,,42.4,40.6,GlobTherm,GlobTherm,1.7999999999999972
Coluber constrictor,Anolis carolinensis,GloBI,eats;preysOn,,42.4,41.7,GlobTherm,GlobTherm,0.6999999999999957
Coluber constrictor,Anolis sagrei,GloBI,eats;preysOn,,42.4,40.5,GlobTherm,GlobTherm,1.8999999999999986
Coluber constrictor,Aspidoscelis sexlineatus,GloBI,eats;preysOn,,42.4,51.0,GlobTherm,GlobTherm,8.600000000000001
Coluber constrictor,Charina bottae,GloBI,preysOn,,42.4,38.0,GlobTherm,GlobTherm,4.399999999999999
Coluber constrictor,Crotalus viridis,GloBI,eats,,42.4,38.0,GlobTherm,GlobTherm,4.399999999999999
Coluber constrictor,Ctenopharyngodon idella,GloBI,preysOn,,42.4,39.5,GlobTherm,ThermoFresh,2.8999999999999986
Coluber constrictor,Desmognathus quadramaculatus,GloBI,preysOn,,42.4,33.4,GlobTherm,GlobTherm,9.0
Coluber constrictor,Elgaria coerulea,GloBI,preysOn,,42.4,39.2,GlobTherm,GlobTherm,3.1999999999999957
Coluber constrictor,Pituophis catenifer,GloBI,eats;preysOn,,42.4,40.5,GlobTherm,GlobTherm,1.8999999999999986
Coluber constrictor,Pseudacris regilla,GloBI,eats;preysOn,,42.4,36.6,GlobTherm,GlobTherm,5.799999999999997
Coluber constrictor,Regina alleni,GloBI,preysOn,,42.4,41.6,GlobTherm,GlobTherm,0.7999999999999972
Coluber constrictor,Sceloporus graciosus,GloBI,preysOn,,42.4,43.0,GlobTherm,GlobTherm,0.6000000000000014
Coluber constrictor,Sceloporus occidentalis,GloBI,eats;preysOn,,42.4,44.1,GlobTherm,GlobTherm,1.7000000000000028
Coluber constrictor,Sceloporus undulatus,GloBI,eats;preysOn,,42.4,40.4,GlobTherm,GlobTherm,2.0
Coluber constrictor,Sceloporus woodi,GloBI,preysOn,,42.4,44.2,GlobTherm,GlobTherm,1.8000000000000043
Coluber constrictor,Storeria occipitomaculata,GloBI,eats,,42.4,37.8,GlobTherm,GlobTherm,4.600000000000001
Coluber constrictor,Thamnophis elegans,GloBI,eats;preysOn,,42.4,43.1,GlobTherm,GlobTherm,0.7000000000000028
Coluber constrictor,Thamnophis ordinoides,GloBI,eats,,42.4,38.9,GlobTherm,GlobTherm,3.5
Coluber constrictor,Thamnophis sirtalis,GloBI,eats;preysOn,,42.4,38.9,GlobTherm,GlobTherm,3.5
Cordulegaster boltonii,Baetis rhodani,GloBI,preysOn,,38.0,25.1,ThermoFresh,ThermoFresh,12.899999999999999
Cordulegaster boltonii,Limnius volckmari,GloBI,eats;preysOn,,38.0,33.7775,ThermoFresh,ThermoFresh,4.222499999999997
Cordulegaster boltonii,Nemurella pictetii,GloBI,eats;preysOn,,38.0,30.1,ThermoFresh,ThermoFresh,7.899999999999999
Coregonus albula,Daphnia galeata,GloBI,eats;preysOn,,28.68,38.89,ComteOlden,ThermoFresh,10.21
Coregonus artedi,Daphnia galeata,GloBI,preysOn,,24.9366666666667,38.89,ThermoFresh,ThermoFresh,13.953333333333301
Coregonus autumnalis,Osmerus dentex,GloBI,eats,,25.93,25.49,ComteOlden,ComteOlden,0.4400000000000013
Coregonus autumnalis,Osmerus mordax,GloBI,preysOn,,25.93,25.9,ComteOlden,ThermoFresh,0.030000000000001137
Coregonus clupeaformis,Catostomus catostomus,GloBI,eats;preysOn,,25.9881818181818,27.27,ThermoFresh,ComteOlden,1.281818181818199
Coregonus clupeaformis,Catostomus commersonii,GloBI,eats;preysOn,,25.9881818181818,33.17,ThermoFresh,ThermoFresh,7.181818181818201
Coregonus clupeaformis,Cottus asper,GloBI,preysOn,,25.9881818181818,29.8,ThermoFresh,ComteOlden,3.8118181818182
Coregonus clupeaformis,Daphnia galeata,GloBI,preysOn,,25.9881818181818,38.89,ThermoFresh,ThermoFresh,12.9018181818182
Coregonus clupeaformis,Neogobius melanostomus,GloBI,eats;preysOn,,25.9881818181818,33.726,ThermoFresh,ThermoFresh,7.737818181818199
Coregonus clupeaformis,Oncorhynchus nerka,GloBI,eats;preysOn,,25.9881818181818,27.2636363636364,ThermoFresh,ThermoFresh,1.2754545454546005
Coregonus clupeaformis,Perca flavescens,GloBI,eats;preysOn,,25.9881818181818,30.7,ThermoFresh,ComteOlden,4.711818181818199
Coregonus lavaretus,Asellus aquaticus,GloBI,eats;preysOn,,29.55,32.8678947368421,ComteOlden,ThermoFresh,3.317894736842103
Coregonus lavaretus,Coregonus albula,GloBI,eats;preysOn,,29.55,28.68,ComteOlden,ComteOlden,0.870000000000001
Coregonus peled,Coregonus albula,GloBI,eats,,27.24,28.68,ComteOlden,ComteOlden,1.4400000000000013
Coregonus peled,Coregonus lavaretus,GloBI,eats;preysOn,,27.24,29.55,ComteOlden,ComteOlden,2.3100000000000023
Coregonus peled,Cottus gobio,GloBI,eats;preysOn,,27.24,30.32,ComteOlden,ComteOlden,3.080000000000002
Coregonus peled,Phoxinus lumaireul,GloBI,eats;preysOn,,27.24,29.52,ComteOlden,ComteOlden,2.280000000000001
Coregonus peled,Pungitius pungitius,GloBI,eats;preysOn,,27.24,29.85,ComteOlden,ThermoFresh,2.610000000000003
Coryphoblennius galerita,Gobius niger,GloBI,preysOn,,32.79,33.5,ComteOlden,ThermoFresh,0.7100000000000009
Coryphoblennius galerita,Gobius paganellus,GloBI,preysOn,,32.79,34.3333333333333,ComteOlden,ThermoFresh,1.543333333333301
Coryphoblennius galerita,Lipophrys pholis,GloBI,preysOn,,32.79,34.18,ComteOlden,ComteOlden,1.3900000000000006
Coryphoblennius galerita,Palaemon elegans,GloBI,preysOn,,32.79,34.335,ComteOlden,ThermoFresh,1.5450000000000017
Cottus aleuticus,Oncorhynchus gorbuscha,GloBI,eats;preysOn,,29.52,26.95,ComteOlden,ComteOlden,2.5700000000000003
Cottus aleuticus,Oncorhynchus keta,GloBI,preysOn,,29.52,28.5,ComteOlden,ThermoFresh,1.0199999999999996
Cottus aleuticus,Rhinichthys osculus,GloBI,preysOn,,29.52,35.0053333333333,ComteOlden,ThermoFresh,5.485333333333298
Cottus asper,Acipenser transmontanus,GloBI,preysOn,,29.8,30.3895238095238,ComteOlden,ThermoFresh,0.5895238095238007
Cottus asper,Gasterosteus aculeatus,GloBI,preysOn,,29.8,31.6655882352941,ComteOlden,ThermoFresh,1.8655882352940978
Cottus asper,Oncorhynchus gorbuscha,GloBI,eats;preysOn,,29.8,26.95,ComteOlden,ComteOlden,2.8500000000000014
Cottus asper,Oncorhynchus keta,GloBI,eats;preysOn,,29.8,28.5,ComteOlden,ThermoFresh,1.3000000000000007
Cottus asper,Oncorhynchus nerka,GloBI,eats;preysOn,,29.8,27.2636363636364,ComteOlden,ThermoFresh,2.5363636363635997
Cottus asper,Ptychocheilus oregonensis,GloBI,preysOn,,29.8,30.36,ComteOlden,ComteOlden,0.5599999999999987
Cottus asper,Rhinichthys osculus,GloBI,preysOn,,29.8,35.0053333333333,ComteOlden,ThermoFresh,5.2053333333332965
Cottus cognatus,Myoxocephalus thompsonii,GloBI,eats;preysOn,,25.6571428571429,29.62,ThermoFresh,ComteOlden,3.9628571428571
Cottus cognatus,Oncorhynchus mykiss,GloBI,preysOn,,25.6571428571429,28.6755405405405,ThermoFresh,ThermoFresh,3.0183976833975983
Cottus gobio,Agabus bipustulatus,GloBI,preysOn,,30.32,37.07,ComteOlden,ThermoFresh,6.75
Cottus gobio,Agapetus fuscipes,GloBI,preysOn,,30.32,25.8,ComteOlden,ThermoFresh,4.52
Cottus gobio,Ancylus fluviatilis,GloBI,eats;preysOn,,30.32,34.9,ComteOlden,ThermoFresh,4.579999999999998
Cottus gobio,Aphelocheirus aestivalis,GloBI,preysOn,,30.32,34.53,ComteOlden,ThermoFresh,4.210000000000001
Cottus gobio,Asellus aquaticus,GloBI,eats;preysOn,,30.32,32.8678947368421,ComteOlden,ThermoFresh,2.547894736842103
Cottus gobio,Astacus leptodactylus,GloBI,preysOn,,30.32,37.8666666666667,ComteOlden,ThermoFresh,7.546666666666702
Cottus gobio,Baetis rhodani,GloBI,eats;preysOn,,30.32,25.1,ComteOlden,ThermoFresh,5.219999999999999
Cottus gobio,Caenis luctuosa,GloBI,preysOn,,30.32,30.6,ComteOlden,ThermoFresh,0.28000000000000114
Cottus gobio,Calopteryx virgo,GloBI,preysOn,,30.32,34.0225,ComteOlden,ThermoFresh,3.7025000000000006
Cottus gobio,Coenagrion puella,GloBI,preysOn,,30.32,42.995,ComteOlden,ThermoFresh,12.674999999999997
Cottus gobio,Deronectes latus,GloBI,preysOn,,30.32,37.04,ComteOlden,ThermoFresh,6.719999999999999
Cottus gobio,Dikerogammarus villosus,GloBI,eats;preysOn,,30.32,28.1328571428571,ComteOlden,ThermoFresh,2.1871428571428986
Cottus gobio,Dinocras cephalotes,GloBI,preysOn,,30.32,34.6083333333333,ComteOlden,ThermoFresh,4.2883333333332985
Cottus gobio,Drusus annulatus,GloBI,preysOn,,30.32,28.8,ComteOlden,ThermoFresh,1.5199999999999996
Cottus gobio,Ecdyonurus insignis,GloBI,preysOn,,30.32,32.34,ComteOlden,ThermoFresh,2.020000000000003
Cottus gobio,Echinogammarus berilloni,GloBI,eats;preysOn,,30.32,30.3333333333333,ComteOlden,ThermoFresh,0.01333333333329989
Cottus gobio,Echinogammarus ischnus,GloBI,preysOn,,30.32,31.5,ComteOlden,ThermoFresh,1.1799999999999997
Cottus gobio,Elmis aenea,GloBI,eats;preysOn,,30.32,33.8,ComteOlden,ThermoFresh,3.479999999999997
Cottus gobio,Ephemera danica,GloBI,preysOn,,30.32,36.7075,ComteOlden,ThermoFresh,6.387500000000003
Cottus gobio,Gammarus fossarum,GloBI,eats;preysOn,,30.32,28.774,ComteOlden,ThermoFresh,1.5459999999999994
Cottus gobio,Gammarus pulex,GloBI,eats;preysOn,,30.32,29.1161111111111,ComteOlden,ThermoFresh,1.2038888888889012
Cottus gobio,Gammarus roeselii,GloBI,preysOn,,30.32,30.184,ComteOlden,ThermoFresh,0.13599999999999923
Cottus gobio,Gammarus tigrinus,GloBI,preysOn,,30.32,32.6985714285714,ComteOlden,ThermoFresh,2.378571428571398
Cottus gobio,Gasterosteus aculeatus,GloBI,eats;preysOn,,30.32,31.6655882352941,ComteOlden,ThermoFresh,1.3455882352940982
Cottus gobio,Heptagenia sulphurea,GloBI,eats;preysOn,,30.32,30.2,ComteOlden,ThermoFresh,0.120000000000001
Cottus gobio,Hydropsyche pellucidula,GloBI,eats;preysOn,,30.32,25.5,ComteOlden,ThermoFresh,4.82
Cottus gobio,Ischnura elegans,GloBI,preysOn,,30.32,43.7361538461539,ComteOlden,ThermoFresh,13.416153846153897
Cottus gobio,Ischnura pumilio,GloBI,preysOn,,30.32,45.515,ComteOlden,ThermoFresh,15.195
Cottus gobio,Leuctra fusca,GloBI,preysOn,,30.32,30.1,ComteOlden,ThermoFresh,0.21999999999999886
Cottus gobio,Limnius volckmari,GloBI,preysOn,,30.32,33.7775,ComteOlden,ThermoFresh,3.457500000000003
Cottus gobio,Nemurella pictetii,GloBI,preysOn,,30.32,30.1,ComteOlden,ThermoFresh,0.21999999999999886
Cottus gobio,Neogobius melanostomus,GloBI,eats,,30.32,33.726,ComteOlden,ThermoFresh,3.405999999999999
Cottus gobio,Physa fontinalis,GloBI,preysOn,,30.32,37.2433333333333,ComteOlden,ThermoFresh,6.9233333333332965
Cottus gobio,Potamopyrgus antipodarum,GloBI,eats;preysOn,,30.32,27.9033333333333,ComteOlden,ThermoFresh,2.4166666666667
Cottus gobio,Pungitius pungitius,GloBI,eats;preysOn,,30.32,29.85,ComteOlden,ThermoFresh,0.46999999999999886
Cottus gobio,Rhithrogena semicolorata,GloBI,preysOn,,30.32,25.33,ComteOlden,ThermoFresh,4.990000000000002
Cottus gobio,Rhyacophila dorsalis,GloBI,eats;preysOn,,30.32,22.0,ComteOlden,ThermoFresh,8.32
Cottus gobio,Salmo trutta,GloBI,preysOn,,30.32,27.6830769230769,ComteOlden,ThermoFresh,2.6369230769231002
Cottus gobio,Serratella ignita,GloBI,eats;preysOn,,30.32,32.3,ComteOlden,ThermoFresh,1.9799999999999969
Crangon crangon,Carcinus maenas,GloBI,eats;preysOn,,34.1133333333333,34.07,ThermoFresh,ThermoFresh,0.04333333333330103
Crangon crangon,Clupea harengus,GloBI,preysOn,,34.1133333333333,25.43,ThermoFresh,ComteOlden,8.683333333333302
Crangon crangon,Corophium volutator,GloBI,eats;preysOn,,34.1133333333333,33.1452777775,ThermoFresh,ThermoFresh,0.9680555558333026
Crangon crangon,Dicentrarchus labrax,GloBI,eats;preysOn,,34.1133333333333,34.0145454545455,ThermoFresh,ThermoFresh,0.09878787878780315
Crangon crangon,Marinogammarus marinus,GloBI,preysOn,,34.1133333333333,32.7002467833333,ThermoFresh,ThermoFresh,1.4130865500000027
Crangon crangon,Platichthys flesus,GloBI,eats;preysOn,,34.1133333333333,32.75,ThermoFresh,ComteOlden,1.3633333333333013
Crangon crangon,Pleuronectes platessa,GloBI,eats;preysOn,,34.1133333333333,30.64,ThermoFresh,ComteOlden,3.4733333333333007
Crangon crangon,Pomatoschistus minutus,GloBI,preysOn,,34.1133333333333,28.4,ThermoFresh,ThermoFresh,5.713333333333303
Crangon crangon,Pseudopleuronectes americanus,GloBI,preysOn,,34.1133333333333,29.55,ThermoFresh,ComteOlden,4.563333333333301
Crangonyx pseudogracilis,Baetis rhodani,GloBI,preysOn,,32.3233333333333,25.1,ThermoFresh,ThermoFresh,7.223333333333301
Crematogaster lineolata,Solenopsis molesta,GloBI,eats,,43.25,41.25,GlobTherm,GlobTherm,2.0
Crotalus atrox,Cophosaurus texanus,GloBI,eats,,39.0,44.4,GlobTherm,GlobTherm,5.399999999999999
Crotalus atrox,Crotaphytus collaris,GloBI,eats,,39.0,46.5,GlobTherm,GlobTherm,7.5
Crotalus atrox,Hemidactylus turcicus,GloBI,eats,,39.0,41.1,GlobTherm,GlobTherm,2.1000000000000014
Crotalus atrox,Phrynosoma cornutum,GloBI,preysOn,,39.0,47.9,GlobTherm,GlobTherm,8.899999999999999
Crotalus atrox,Phrynosoma platyrhinos,GloBI,eats,,39.0,45.5,GlobTherm,GlobTherm,6.5
Crotalus atrox,Sauromalus ater,GloBI,eats,,39.0,45.6,GlobTherm,GlobTherm,6.600000000000001
Crotalus atrox,Sceloporus magister,GloBI,eats,,39.0,43.0,GlobTherm,GlobTherm,4.0
Crotalus atrox,Uta stansburiana,GloBI,eats,,39.0,43.7,GlobTherm,GlobTherm,4.700000000000003
Crotalus cerastes,Arizona elegans,GloBI,eats;preysOn,,41.6,41.8,GlobTherm,GlobTherm,0.19999999999999574
Crotalus cerastes,Coleonyx variegatus,GloBI,eats;preysOn,,41.6,43.0,GlobTherm,GlobTherm,1.3999999999999986
Crotalus cerastes,Dipsosaurus dorsalis,GloBI,eats;preysOn,,41.6,47.5,GlobTherm,GlobTherm,5.899999999999999
Crotalus cerastes,Phrynosoma platyrhinos,GloBI,eats;preysOn,,41.6,45.5,GlobTherm,GlobTherm,3.8999999999999986
Crotalus cerastes,Sauromalus ater,GloBI,eats,,41.6,45.6,GlobTherm,GlobTherm,4.0
Crotalus cerastes,Sceloporus graciosus,GloBI,eats,,41.6,43.0,GlobTherm,GlobTherm,1.3999999999999986
Crotalus cerastes,Sceloporus magister,GloBI,eats;preysOn,,41.6,43.0,GlobTherm,GlobTherm,1.3999999999999986
Crotalus cerastes,Sceloporus occidentalis,GloBI,eats,,41.6,44.1,GlobTherm,GlobTherm,2.5
Crotalus cerastes,Urosaurus ornatus,GloBI,preysOn,,41.6,43.1,GlobTherm,GlobTherm,1.5
Crotalus cerastes,Uta stansburiana,GloBI,eats;preysOn,,41.6,43.7,GlobTherm,GlobTherm,2.1000000000000014
Crotalus cerastes,Xantusia vigilis,GloBI,preysOn,,41.6,40.5,GlobTherm,GlobTherm,1.1000000000000014
Crotalus scutulatus,Cophosaurus texanus,GloBI,eats,,42.0,44.4,GlobTherm,GlobTherm,2.3999999999999986
Crotalus scutulatus,Phrynosoma platyrhinos,GloBI,eats,,42.0,45.5,GlobTherm,GlobTherm,3.5
Crotalus scutulatus,Phyllorhynchus decurtatus,GloBI,eats,,42.0,39.3,GlobTherm,GlobTherm,2.700000000000003
Crotalus scutulatus,Sauromalus ater,GloBI,eats,,42.0,45.6,GlobTherm,GlobTherm,3.6000000000000014
Crotalus scutulatus,Sceloporus graciosus,GloBI,eats,,42.0,43.0,GlobTherm,GlobTherm,1.0
Crotalus scutulatus,Sceloporus magister,GloBI,eats,,42.0,43.0,GlobTherm,GlobTherm,1.0
Crotalus scutulatus,Sceloporus occidentalis,GloBI,eats,,42.0,44.1,GlobTherm,GlobTherm,2.1000000000000014
Crotalus scutulatus,Uta stansburiana,GloBI,eats,,42.0,43.7,GlobTherm,GlobTherm,1.7000000000000028
Crotalus viridis,Coluber constrictor,GloBI,eats,,38.0,42.4,GlobTherm,GlobTherm,4.399999999999999
Crotalus viridis,Holbrookia maculata,GloBI,eats,,38.0,46.5,GlobTherm,GlobTherm,8.5
Crotalus viridis,Phrynosoma platyrhinos,GloBI,preysOn,,38.0,45.5,GlobTherm,GlobTherm,7.5
Ctenolabrus rupestris,Carcinus maenas,GloBI,eats;preysOn,,32.96,34.07,ComteOlden,ThermoFresh,1.1099999999999994
Ctenolabrus rupestris,Littorina saxatilis,GloBI,preysOn,,32.96,34.91,ComteOlden,ThermoFresh,1.9499999999999957
Ctenolabrus rupestris,Pagurus bernhardus,GloBI,eats;preysOn,,32.96,35.9,ComteOlden,ThermoFresh,2.9399999999999977
Ctenotus pantherinus,Heteronotia binoei,GloBI,preysOn,,36.9,40.6,GlobTherm,GlobTherm,3.700000000000003
Culaea inconstans,Hyalella azteca,GloBI,preysOn,,31.35,41.1175,ComteOlden,ThermoFresh,9.767499999999998
Cynoscion nebulosus,Anchoa mitchilli,GloBI,eats;preysOn,,37.38,36.68,ComteOlden,ComteOlden,0.7000000000000028
Cynoscion nebulosus,Callinectes danae,GloBI,eats;preysOn,,37.38,40.6,ComteOlden,ThermoFresh,3.219999999999999
Cynoscion nebulosus,Cyprinodon variegatus,GloBI,eats,,37.38,41.3626666666667,ComteOlden,ThermoFresh,3.982666666666695
Cynoscion nebulosus,Dorosoma cepedianum,GloBI,eats;preysOn,,37.38,35.3,ComteOlden,ComteOlden,2.0800000000000054
Cynoscion nebulosus,Elops saurus,GloBI,eats;preysOn,,37.38,39.01,ComteOlden,ComteOlden,1.6299999999999955
Cynoscion nebulosus,Floridichthys carpio,GloBI,eats;preysOn,,37.38,43.05,ComteOlden,ThermoFresh,5.669999999999995
Cynoscion nebulosus,Fundulus grandis,GloBI,eats;preysOn,,37.38,40.795,ComteOlden,ThermoFresh,3.414999999999999
Cynoscion nebulosus,Lagodon rhomboides,GloBI,eats;preysOn,,37.38,37.3,ComteOlden,ThermoFresh,0.0800000000000054
Cynoscion nebulosus,Leiostomus xanthurus,GloBI,eats;preysOn,,37.38,36.19,ComteOlden,ComteOlden,1.1900000000000048
Cynoscion nebulosus,Litopenaeus setiferus,GloBI,eats;preysOn,,37.38,37.2,ComteOlden,ThermoFresh,0.17999999999999972
Cynoscion nebulosus,Lucania parva,GloBI,eats;preysOn,,37.38,38.38,ComteOlden,ComteOlden,1.0
Cynoscion nebulosus,Menidia beryllina,GloBI,eats;preysOn,,37.38,33.2371428571429,ComteOlden,ThermoFresh,4.142857142857103
Cynoscion nebulosus,Mugil cephalus,GloBI,eats;preysOn,,37.38,39.74,ComteOlden,ThermoFresh,2.3599999999999994
Cynoscion nebulosus,Paralichthys lethostigma,GloBI,eats;preysOn,,37.38,38.33,ComteOlden,ComteOlden,0.9499999999999957
Cynoscion nebulosus,Scomber scombrus,GloBI,eats,,37.38,33.2066666666667,ComteOlden,ComteOlden,4.173333333333304
Cynoscion nebulosus,Strongylura marina,GloBI,eats,,37.38,38.36,ComteOlden,ComteOlden,0.9799999999999969
Cyprinella lutrensis,Xyrauchen texanus,GloBI,preysOn,,35.7918518518519,38.8,ThermoFresh,ThermoFresh,3.008148148148095
Cyprinella spiloptera,Electrona antarctica,GloBI,eats,,31.8,31.24,ThermoFresh,ComteOlden,0.5600000000000023
Cyprinus carpio,Agabus bipustulatus,GloBI,preysOn,,33.5484745762712,37.07,ThermoFresh,ThermoFresh,3.5215254237288036
Cyprinus carpio,Agapetus fuscipes,GloBI,preysOn,,33.5484745762712,25.8,ThermoFresh,ThermoFresh,7.748474576271196
Cyprinus carpio,Aphelocheirus aestivalis,GloBI,preysOn,,33.5484745762712,34.53,ThermoFresh,ThermoFresh,0.9815254237288045
Cyprinus carpio,Astacus leptodactylus,GloBI,preysOn,,33.5484745762712,37.8666666666667,ThermoFresh,ThermoFresh,4.318192090395506
Cyprinus carpio,Baetis rhodani,GloBI,preysOn,,33.5484745762712,25.1,ThermoFresh,ThermoFresh,8.448474576271195
Cyprinus carpio,Caenis luctuosa,GloBI,preysOn,,33.5484745762712,30.6,ThermoFresh,ThermoFresh,2.9484745762711952
Cyprinus carpio,Calopteryx virgo,GloBI,preysOn,,33.5484745762712,34.0225,ThermoFresh,ThermoFresh,0.4740254237288042
Cyprinus carpio,Coenagrion puella,GloBI,preysOn,,33.5484745762712,42.995,ThermoFresh,ThermoFresh,9.4465254237288
Cyprinus carpio,Culaea inconstans,GloBI,eats;preysOn,,33.5484745762712,31.35,ThermoFresh,ComteOlden,2.1984745762711952
Cyprinus carpio,Deronectes latus,GloBI,preysOn,,33.5484745762712,37.04,ThermoFresh,ThermoFresh,3.4915254237288025
Cyprinus carpio,Dikerogammarus villosus,GloBI,preysOn,,33.5484745762712,28.1328571428571,ThermoFresh,ThermoFresh,5.415617433414095
Cyprinus carpio,Dinocras cephalotes,GloBI,preysOn,,33.5484745762712,34.6083333333333,ThermoFresh,ThermoFresh,1.059858757062102
Cyprinus carpio,Drusus annulatus,GloBI,preysOn,,33.5484745762712,28.8,ThermoFresh,ThermoFresh,4.748474576271196
Cyprinus carpio,Ecdyonurus insignis,GloBI,preysOn,,33.5484745762712,32.34,ThermoFresh,ThermoFresh,1.2084745762711933
Cyprinus carpio,Echinogammarus berilloni,GloBI,preysOn,,33.5484745762712,30.3333333333333,ThermoFresh,ThermoFresh,3.2151412429378965
Cyprinus carpio,Echinogammarus ischnus,GloBI,preysOn,,33.5484745762712,31.5,ThermoFresh,ThermoFresh,2.0484745762711967
Cyprinus carpio,Electrona antarctica,GloBI,eats,,33.5484745762712,31.24,ThermoFresh,ComteOlden,2.3084745762711982
Cyprinus carpio,Ephemera danica,GloBI,preysOn,,33.5484745762712,36.7075,ThermoFresh,ThermoFresh,3.1590254237288065
Cyprinus carpio,Gammarus fossarum,GloBI,preysOn,,33.5484745762712,28.774,ThermoFresh,ThermoFresh,4.774474576271196
Cyprinus carpio,Gammarus pulex,GloBI,preysOn,,33.5484745762712,29.1161111111111,ThermoFresh,ThermoFresh,4.432363465160098
Cyprinus carpio,Gammarus roeselii,GloBI,preysOn,,33.5484745762712,30.184,ThermoFresh,ThermoFresh,3.3644745762711956
Cyprinus carpio,Gammarus tigrinus,GloBI,preysOn,,33.5484745762712,32.6985714285714,ThermoFresh,ThermoFresh,0.8499031476997985
Cyprinus carpio,Heptagenia sulphurea,GloBI,preysOn,,33.5484745762712,30.2,ThermoFresh,ThermoFresh,3.3484745762711974
Cyprinus carpio,Hydropsyche pellucidula,GloBI,preysOn,,33.5484745762712,25.5,ThermoFresh,ThermoFresh,8.048474576271197
Cyprinus carpio,Ischnura elegans,GloBI,preysOn,,33.5484745762712,43.7361538461539,ThermoFresh,ThermoFresh,10.1876792698827
Cyprinus carpio,Ischnura pumilio,GloBI,preysOn,,33.5484745762712,45.515,ThermoFresh,ThermoFresh,11.966525423728804
Cyprinus carpio,Leucaspius delineatus,GloBI,preysOn,,33.5484745762712,34.3566666666667,ThermoFresh,ThermoFresh,0.8081920903955009
Cyprinus carpio,Leuctra fusca,GloBI,preysOn,,33.5484745762712,30.1,ThermoFresh,ThermoFresh,3.4484745762711952
Cyprinus carpio,Nemurella pictetii,GloBI,preysOn,,33.5484745762712,30.1,ThermoFresh,ThermoFresh,3.4484745762711952
Cyprinus carpio,Procambarus clarkii,GloBI,eats,,33.5484745762712,38.5,ThermoFresh,ThermoFresh,4.951525423728803
Cyprinus carpio,Pseudorasbora parva,GloBI,preysOn,,33.5484745762712,38.515,ThermoFresh,ThermoFresh,4.966525423728804
Cyprinus carpio,Rhithrogena semicolorata,GloBI,preysOn,,33.5484745762712,25.33,ThermoFresh,ThermoFresh,8.218474576271198
Cyprinus carpio,Rhyacophila dorsalis,GloBI,preysOn,,33.5484745762712,22.0,ThermoFresh,ThermoFresh,11.548474576271197
Cyprinus carpio,Serratella ignita,GloBI,preysOn,,33.5484745762712,32.3,ThermoFresh,ThermoFresh,1.2484745762711995
Danio rerio,Daphnia magna,GloBI,eats,,40.6783333333333,40.07,ThermoFresh,ThermoFresh,0.6083333333332988
Dasyatis sabina,Litopenaeus setiferus,GloBI,eats,,39.34375,37.2,ThermoFresh,ThermoFresh,2.143749999999997
Dicentrarchus labrax,Atherina boyeri,GloBI,eats;preysOn,,34.0145454545455,36.43,ThermoFresh,ComteOlden,2.4154545454545016
Dicentrarchus labrax,Carcinus maenas,GloBI,eats;preysOn,,34.0145454545455,34.07,ThermoFresh,ThermoFresh,0.055454545454502124
Dicentrarchus labrax,Corophium volutator,GloBI,eats;preysOn,,34.0145454545455,33.1452777775,ThermoFresh,ThermoFresh,0.8692676770454995
Dicentrarchus labrax,Crangon crangon,GloBI,eats;preysOn,,34.0145454545455,34.1133333333333,ThermoFresh,ThermoFresh,0.09878787878780315
Dicentrarchus labrax,Electrona antarctica,GloBI,eats,,34.0145454545455,31.24,ThermoFresh,ComteOlden,2.7745454545454997
Dicentrarchus labrax,Palaemon varians,GloBI,eats;preysOn,,34.0145454545455,31.3637037037037,ThermoFresh,ThermoFresh,2.650841750841799
Dicentrarchus labrax,Syngnathus abaster,GloBI,eats;preysOn,,34.0145454545455,35.9,ThermoFresh,ComteOlden,1.8854545454545004
Dikerogammarus villosus,Agapetus fuscipes,GloBI,preysOn,,28.1328571428571,25.8,ThermoFresh,ThermoFresh,2.332857142857101
Dikerogammarus villosus,Ancylus fluviatilis,GloBI,preysOn,,28.1328571428571,34.9,ThermoFresh,ThermoFresh,6.767142857142897
Dikerogammarus villosus,Asellus aquaticus,GloBI,preysOn,,28.1328571428571,32.8678947368421,ThermoFresh,ThermoFresh,4.735037593985002
Dikerogammarus villosus,Astacus leptodactylus,GloBI,preysOn,,28.1328571428571,37.8666666666667,ThermoFresh,ThermoFresh,9.733809523809601
Dikerogammarus villosus,Baetis rhodani,GloBI,preysOn,,28.1328571428571,25.1,ThermoFresh,ThermoFresh,3.0328571428571003
Dikerogammarus villosus,Caenis luctuosa,GloBI,preysOn,,28.1328571428571,30.6,ThermoFresh,ThermoFresh,2.4671428571428997
Dikerogammarus villosus,Drusus annulatus,GloBI,preysOn,,28.1328571428571,28.8,ThermoFresh,ThermoFresh,0.667142857142899
Dikerogammarus villosus,Ecdyonurus insignis,GloBI,preysOn,,28.1328571428571,32.34,ThermoFresh,ThermoFresh,4.207142857142902
Dikerogammarus villosus,Echinogammarus berilloni,GloBI,preysOn,,28.1328571428571,30.3333333333333,ThermoFresh,ThermoFresh,2.2004761904761985
Dikerogammarus villosus,Echinogammarus ischnus,GloBI,preysOn,,28.1328571428571,31.5,ThermoFresh,ThermoFresh,3.3671428571428983
Dikerogammarus villosus,Ephemera danica,GloBI,preysOn,,28.1328571428571,36.7075,ThermoFresh,ThermoFresh,8.574642857142901
Dikerogammarus villosus,Gammarus fossarum,GloBI,preysOn,,28.1328571428571,28.774,ThermoFresh,ThermoFresh,0.6411428571428992
Dikerogammarus villosus,Gammarus pulex,GloBI,preysOn,,28.1328571428571,29.1161111111111,ThermoFresh,ThermoFresh,0.9832539682539974
Dikerogammarus villosus,Gammarus roeselii,GloBI,eats;preysOn,,28.1328571428571,30.184,ThermoFresh,ThermoFresh,2.0511428571428993
Dikerogammarus villosus,Gammarus tigrinus,GloBI,preysOn,,28.1328571428571,32.6985714285714,ThermoFresh,ThermoFresh,4.5657142857142965
Dikerogammarus villosus,Heptagenia sulphurea,GloBI,preysOn,,28.1328571428571,30.2,ThermoFresh,ThermoFresh,2.0671428571428976
Dikerogammarus villosus,Hydropsyche pellucidula,GloBI,preysOn,,28.1328571428571,25.5,ThermoFresh,ThermoFresh,2.6328571428571017
Dikerogammarus villosus,Leuctra fusca,GloBI,preysOn,,28.1328571428571,30.1,ThermoFresh,ThermoFresh,1.9671428571428997
Dikerogammarus villosus,Nemurella pictetii,GloBI,preysOn,,28.1328571428571,30.1,ThermoFresh,ThermoFresh,1.9671428571428997
Dikerogammarus villosus,Physa fontinalis,GloBI,preysOn,,28.1328571428571,37.2433333333333,ThermoFresh,ThermoFresh,9.110476190476195
Dikerogammarus villosus,Planorbarius corneus,GloBI,preysOn,,28.1328571428571,38.025,ThermoFresh,ThermoFresh,9.892142857142897
Dikerogammarus villosus,Planorbis carinatus,GloBI,preysOn,,28.1328571428571,40.3033333333333,ThermoFresh,ThermoFresh,12.170476190476197
Dikerogammarus villosus,Planorbis planorbis,GloBI,preysOn,,28.1328571428571,39.8433333333333,ThermoFresh,ThermoFresh,11.710476190476196
Dikerogammarus villosus,Potamopyrgus antipodarum,GloBI,preysOn,,28.1328571428571,27.9033333333333,ThermoFresh,ThermoFresh,0.22952380952380125
Dikerogammarus villosus,Rhithrogena semicolorata,GloBI,preysOn,,28.1328571428571,25.33,ThermoFresh,ThermoFresh,2.8028571428571034
Dikerogammarus villosus,Serratella ignita,GloBI,preysOn,,28.1328571428571,32.3,ThermoFresh,ThermoFresh,4.1671428571428955
Dinocras cephalotes,Agapetus fuscipes,GloBI,preysOn,,34.6083333333333,25.8,ThermoFresh,ThermoFresh,8.808333333333298
Dinocras cephalotes,Ancylus fluviatilis,GloBI,preysOn,,34.6083333333333,34.9,ThermoFresh,ThermoFresh,0.2916666666666998
Dinocras cephalotes,Astacus leptodactylus,GloBI,preysOn,,34.6083333333333,37.8666666666667,ThermoFresh,ThermoFresh,3.258333333333404
Dinocras cephalotes,Baetis rhodani,GloBI,eats;preysOn,,34.6083333333333,25.1,ThermoFresh,ThermoFresh,9.508333333333297
Dinocras cephalotes,Caenis luctuosa,GloBI,preysOn,,34.6083333333333,30.6,ThermoFresh,ThermoFresh,4.008333333333297
Dinocras cephalotes,Dikerogammarus villosus,GloBI,preysOn,,34.6083333333333,28.1328571428571,ThermoFresh,ThermoFresh,6.475476190476197
Dinocras cephalotes,Drusus annulatus,GloBI,preysOn,,34.6083333333333,28.8,ThermoFresh,ThermoFresh,5.808333333333298
Dinocras cephalotes,Ecdyonurus insignis,GloBI,preysOn,,34.6083333333333,32.34,ThermoFresh,ThermoFresh,2.2683333333332953
Dinocras cephalotes,Echinogammarus berilloni,GloBI,preysOn,,34.6083333333333,30.3333333333333,ThermoFresh,ThermoFresh,4.274999999999999
Dinocras cephalotes,Echinogammarus ischnus,GloBI,preysOn,,34.6083333333333,31.5,ThermoFresh,ThermoFresh,3.1083333333332988
Dinocras cephalotes,Ephemera danica,GloBI,preysOn,,34.6083333333333,36.7075,ThermoFresh,ThermoFresh,2.0991666666667044
Dinocras cephalotes,Gammarus fossarum,GloBI,preysOn,,34.6083333333333,28.774,ThermoFresh,ThermoFresh,5.834333333333298
Dinocras cephalotes,Gammarus pulex,GloBI,preysOn,,34.6083333333333,29.1161111111111,ThermoFresh,ThermoFresh,5.4922222222222
Dinocras cephalotes,Gammarus roeselii,GloBI,preysOn,,34.6083333333333,30.184,ThermoFresh,ThermoFresh,4.424333333333298
Dinocras cephalotes,Gammarus tigrinus,GloBI,preysOn,,34.6083333333333,32.6985714285714,ThermoFresh,ThermoFresh,1.9097619047619006
Dinocras cephalotes,Heptagenia sulphurea,GloBI,preysOn,,34.6083333333333,30.2,ThermoFresh,ThermoFresh,4.4083333333332995
Dinocras cephalotes,Hydropsyche pellucidula,GloBI,preysOn,,34.6083333333333,25.5,ThermoFresh,ThermoFresh,9.108333333333299
Dinocras cephalotes,Leuctra fusca,GloBI,eats;preysOn,,34.6083333333333,30.1,ThermoFresh,ThermoFresh,4.508333333333297
Dinocras cephalotes,Nemurella pictetii,GloBI,preysOn,,34.6083333333333,30.1,ThermoFresh,ThermoFresh,4.508333333333297
Dinocras cephalotes,Physa fontinalis,GloBI,preysOn,,34.6083333333333,37.2433333333333,ThermoFresh,ThermoFresh,2.634999999999998
Dinocras cephalotes,Planorbarius corneus,GloBI,preysOn,,34.6083333333333,38.025,ThermoFresh,ThermoFresh,3.4166666666667
Dinocras cephalotes,Planorbis carinatus,GloBI,preysOn,,34.6083333333333,40.3033333333333,ThermoFresh,ThermoFresh,5.695
Dinocras cephalotes,Planorbis planorbis,GloBI,preysOn,,34.6083333333333,39.8433333333333,ThermoFresh,ThermoFresh,5.234999999999999
Dinocras cephalotes,Potamopyrgus antipodarum,GloBI,preysOn,,34.6083333333333,27.9033333333333,ThermoFresh,ThermoFresh,6.704999999999998
Dinocras cephalotes,Rhithrogena semicolorata,GloBI,eats;preysOn,,34.6083333333333,25.33,ThermoFresh,ThermoFresh,9.2783333333333
Dinocras cephalotes,Rhyacophila dorsalis,GloBI,eats;preysOn,,34.6083333333333,22.0,ThermoFresh,ThermoFresh,12.608333333333299
Dinocras cephalotes,Serratella ignita,GloBI,preysOn,,34.6083333333333,32.3,ThermoFresh,ThermoFresh,2.3083333333333016
Diplectrum formosum,Gammarus tigrinus,GloBI,preysOn,,37.68,32.6985714285714,ComteOlden,ThermoFresh,4.9814285714286015
Diplectrum formosum,Hyalella azteca,GloBI,preysOn,,37.68,41.1175,ComteOlden,ThermoFresh,3.4375
Diplectrum formosum,Uma inornata,GloBI,preysOn,,37.68,45.0,ComteOlden,GlobTherm,7.32
Diplodus sargus,Crangon crangon,GloBI,eats;preysOn,,33.975,34.1133333333333,ThermoFresh,ThermoFresh,0.1383333333332999
Diplodus sargus,Palaemon elegans,GloBI,preysOn,,33.975,34.335,ThermoFresh,ThermoFresh,0.35999999999999943
Diplodus sargus,Palaemon longirostris,GloBI,preysOn,,33.975,34.4,ThermoFresh,ThermoFresh,0.42499999999999716
Diplodus vulgaris,Crangon crangon,GloBI,eats;preysOn,,33.18,34.1133333333333,ComteOlden,ThermoFresh,0.9333333333333016
Dorosoma cepedianum,Electrona antarctica,GloBI,eats,,35.3,31.24,ComteOlden,ComteOlden,4.059999999999999
Dorosoma cepedianum,Gammarus tigrinus,GloBI,preysOn,,35.3,32.6985714285714,ComteOlden,ThermoFresh,2.601428571428599
Dorosoma cepedianum,Hyalella azteca,GloBI,preysOn,,35.3,41.1175,ComteOlden,ThermoFresh,5.817500000000003
Dorosoma cepedianum,Uma inornata,GloBI,preysOn,,35.3,45.0,ComteOlden,GlobTherm,9.700000000000003
Eleotris acanthopomus,Redigobius bikolanus,GloBI,eats;preysOn,,39.35,39.83,ComteOlden,ComteOlden,0.4799999999999969
Eleotris fusca,Electrona antarctica,GloBI,eats,,38.67,31.24,ComteOlden,ComteOlden,7.430000000000003
Eleotris fusca,Eleotris acanthopomus,GloBI,eats;preysOn,,38.67,39.35,ComteOlden,ComteOlden,0.6799999999999997
Eleotris fusca,Redigobius bikolanus,GloBI,eats;preysOn,,38.67,39.83,ComteOlden,ComteOlden,1.1599999999999966
Eleutherodactylus coqui,Rutilus rutilus,GloBI,eats,,37.2,28.5058333333333,GlobTherm,ThermoFresh,8.694166666666703
Elgaria multicarinata,Armadillidium vulgare,GloBI,preysOn,,41.4,45.9,GlobTherm,GlobTherm,4.5
Elgaria multicarinata,Sceloporus occidentalis,GloBI,preysOn,,41.4,44.1,GlobTherm,GlobTherm,2.700000000000003
Elopichthys bambusa,Ctenopharyngodon idella,GloBI,preysOn,,35.77,39.5,ComteOlden,ThermoFresh,3.729999999999997
Elops hawaiensis,Chanos chanos,GloBI,eats;preysOn,,38.62,40.555,ComteOlden,ThermoFresh,1.9350000000000023
Elops hawaiensis,Oreochromis mossambicus,GloBI,preysOn,,38.62,42.638,ComteOlden,ThermoFresh,4.018000000000001
Elops machnata,Gilchristella aestuaria,GloBI,eats;preysOn,,36.92,32.26,ComteOlden,ComteOlden,4.660000000000004
Elops machnata,Oreochromis mossambicus,GloBI,preysOn,,36.92,42.638,ComteOlden,ThermoFresh,5.717999999999996
Elops machnata,Upogebia africana,GloBI,eats,,36.92,37.2725,ComteOlden,ThermoFresh,0.35249999999999915
Elops saurus,Anchoa mitchilli,GloBI,eats;preysOn,,39.01,36.68,ComteOlden,ComteOlden,2.3299999999999983
Elops saurus,Cyprinodon variegatus,GloBI,eats,,39.01,41.3626666666667,ComteOlden,ThermoFresh,2.3526666666666998
Elops saurus,Diapterus rhombeus,GloBI,eats;preysOn,,39.01,38.9,ComteOlden,ThermoFresh,0.10999999999999943
Elops saurus,Lagodon rhomboides,GloBI,eats;preysOn,,39.01,37.3,ComteOlden,ThermoFresh,1.7100000000000009
Elops saurus,Menidia beryllina,GloBI,eats;preysOn,,39.01,33.2371428571429,ComteOlden,ThermoFresh,5.772857142857099
Elops saurus,Mugil cephalus,GloBI,eats;preysOn,,39.01,39.74,ComteOlden,ThermoFresh,0.730000000000004
Elops saurus,Mugil curema,GloBI,eats;preysOn,,39.01,41.0,ComteOlden,ThermoFresh,1.990000000000002
Elops saurus,Poecilia latipinna,GloBI,eats;preysOn,,39.01,40.4425,ComteOlden,ThermoFresh,1.4325000000000045
Enneacanthus gloriosus,Electrona antarctica,GloBI,eats,,36.18,31.24,ComteOlden,ComteOlden,4.940000000000001
Epinephelus tauvina,Chanos chanos,GloBI,eats;preysOn,,38.14,40.555,ComteOlden,ThermoFresh,2.414999999999999
Erimyzon oblongus,Electrona antarctica,GloBI,eats,,34.69,31.24,ComteOlden,ComteOlden,3.4499999999999993
Erimyzon oblongus,Gammarus tigrinus,GloBI,preysOn,,34.69,32.6985714285714,ComteOlden,ThermoFresh,1.9914285714285995
Erimyzon oblongus,Hyalella azteca,GloBI,preysOn,,34.69,41.1175,ComteOlden,ThermoFresh,6.427500000000002
Erimyzon oblongus,Uma inornata,GloBI,preysOn,,34.69,45.0,ComteOlden,GlobTherm,10.310000000000002
Erythemis simplicicollis,Ischnura verticalis,GloBI,preysOn,,46.0,44.65,ThermoFresh,ThermoFresh,1.3500000000000014
Erythemis simplicicollis,Pachydiplax longipennis,GloBI,eats;preysOn,,46.0,42.255,ThermoFresh,ThermoFresh,3.7449999999999974
Erythemis simplicicollis,Tramea carolina,GloBI,preysOn,,46.0,46.8,ThermoFresh,GlobTherm,0.7999999999999972
Esox lucius,Abramis brama,GloBI,eats;preysOn,,28.98,30.32,ComteOlden,ComteOlden,1.3399999999999999
Esox lucius,Acipenser gueldenstaedtii,GloBI,eats,,28.98,33.69,ComteOlden,ComteOlden,4.709999999999997
Esox lucius,Acipenser naccarii,GloBI,preysOn,,28.98,33.83,ComteOlden,ComteOlden,4.849999999999998
Esox lucius,Acipenser stellatus,GloBI,eats;preysOn,,28.98,34.66,ComteOlden,ComteOlden,5.679999999999996
Esox lucius,Acipenser sturio,GloBI,preysOn,,28.98,32.52,ComteOlden,ComteOlden,3.5400000000000027
Esox lucius,Agabus bipustulatus,GloBI,preysOn,,28.98,37.07,ComteOlden,ThermoFresh,8.09
Esox lucius,Agapetus fuscipes,GloBI,preysOn,,28.98,25.8,ComteOlden,ThermoFresh,3.1799999999999997
Esox lucius,Alburnus alburnus,GloBI,eats;preysOn,,28.98,37.7,ComteOlden,ThermoFresh,8.720000000000002
Esox lucius,Alburnus arborella,GloBI,preysOn,,28.98,35.64,ComteOlden,ComteOlden,6.66
Esox lucius,Alosa fallax,GloBI,preysOn,,28.98,32.31,ComteOlden,ComteOlden,3.330000000000002
Esox lucius,Ambloplites rupestris,GloBI,preysOn,,28.98,33.86,ComteOlden,ComteOlden,4.879999999999999
Esox lucius,Ameiurus nebulosus,GloBI,preysOn,,28.98,38.1,ComteOlden,ThermoFresh,9.120000000000001
Esox lucius,Ancylus fluviatilis,GloBI,eats;preysOn,,28.98,34.9,ComteOlden,ThermoFresh,5.919999999999998
Esox lucius,Anguilla anguilla,GloBI,eats;preysOn,,28.98,35.12,ComteOlden,ComteOlden,6.139999999999997
Esox lucius,Aphelocheirus aestivalis,GloBI,preysOn,,28.98,34.53,ComteOlden,ThermoFresh,5.550000000000001
Esox lucius,Astacus leptodactylus,GloBI,preysOn,,28.98,37.8666666666667,ComteOlden,ThermoFresh,8.886666666666702
Esox lucius,Baetis rhodani,GloBI,eats;preysOn,,28.98,25.1,ComteOlden,ThermoFresh,3.879999999999999
Esox lucius,Barbatula barbatula,GloBI,eats;preysOn,,28.98,29.5285714285714,ComteOlden,ThermoFresh,0.5485714285713996
Esox lucius,Barbus barbus,GloBI,preysOn,,28.98,29.2,ComteOlden,ThermoFresh,0.21999999999999886
Esox lucius,Barbus caninus,GloBI,preysOn,,28.98,32.7,ComteOlden,ComteOlden,3.7200000000000024
Esox lucius,Barbus plebejus,GloBI,preysOn,,28.98,32.5,ComteOlden,ComteOlden,3.5199999999999996
Esox lucius,Blicca bjoerkna,GloBI,eats;preysOn,,28.98,30.86,ComteOlden,ComteOlden,1.879999999999999
Esox lucius,Caenis luctuosa,GloBI,preysOn,,28.98,30.6,ComteOlden,ThermoFresh,1.620000000000001
Esox lucius,Calopteryx virgo,GloBI,preysOn,,28.98,34.0225,ComteOlden,ThermoFresh,5.0425
Esox lucius,Carassius carassius,GloBI,eats;preysOn,,28.98,35.5365,ComteOlden,ThermoFresh,6.556499999999996
Esox lucius,Carassius gibelio,GloBI,preysOn,,28.98,36.1,ComteOlden,ThermoFresh,7.120000000000001
Esox lucius,Catostomus catostomus,GloBI,eats;preysOn,,28.98,27.27,ComteOlden,ComteOlden,1.7100000000000009
Esox lucius,Catostomus commersonii,GloBI,eats;preysOn,,28.98,33.17,ComteOlden,ThermoFresh,4.190000000000001
Esox lucius,Chondrostoma nasus,GloBI,preysOn,,28.98,34.03,ComteOlden,ComteOlden,5.050000000000001
Esox lucius,Chondrostoma soetta,GloBI,preysOn,,28.98,31.86,ComteOlden,ComteOlden,2.879999999999999
Esox lucius,Clupea harengus,GloBI,eats;preysOn,,28.98,25.43,ComteOlden,ComteOlden,3.5500000000000007
Esox lucius,Cobitis bilineata,GloBI,preysOn,,28.98,33.54,ComteOlden,ComteOlden,4.559999999999999
Esox lucius,Cobitis calderoni,GloBI,eats;preysOn,,28.98,35.39,ComteOlden,ComteOlden,6.41
Esox lucius,Cobitis taenia,GloBI,preysOn,,28.98,33.76,ComteOlden,ComteOlden,4.779999999999998
Esox lucius,Coenagrion puella,GloBI,preysOn,,28.98,42.995,ComteOlden,ThermoFresh,14.014999999999997
Esox lucius,Coregonus albula,GloBI,eats;preysOn,,28.98,28.68,ComteOlden,ComteOlden,0.3000000000000007
Esox lucius,Coregonus artedi,GloBI,preysOn,,28.98,24.9366666666667,ComteOlden,ThermoFresh,4.043333333333301
Esox lucius,Coregonus clupeaformis,GloBI,eats;preysOn,,28.98,25.9881818181818,ComteOlden,ThermoFresh,2.9918181818182
Esox lucius,Coregonus lavaretus,GloBI,eats;preysOn,,28.98,29.55,ComteOlden,ComteOlden,0.5700000000000003
Esox lucius,Coregonus peled,GloBI,preysOn,,28.98,27.24,ComteOlden,ComteOlden,1.740000000000002
Esox lucius,Coregonus sardinella,GloBI,preysOn,,28.98,24.7,ComteOlden,ThermoFresh,4.280000000000001
Esox lucius,Cottus bairdii,GloBI,preysOn,,28.98,31.334,ComteOlden,ThermoFresh,2.353999999999999
Esox lucius,Cottus cognatus,GloBI,preysOn,,28.98,25.6571428571429,ComteOlden,ThermoFresh,3.3228571428570994
Esox lucius,Cottus gobio,GloBI,eats;preysOn,,28.98,30.32,ComteOlden,ComteOlden,1.3399999999999999
Esox lucius,Couesius plumbeus,GloBI,preysOn,,28.98,30.21,ComteOlden,ThermoFresh,1.2300000000000004
Esox lucius,Ctenopharyngodon idella,GloBI,preysOn,,28.98,39.5,ComteOlden,ThermoFresh,10.52
Esox lucius,Cyprinella spiloptera,GloBI,eats;preysOn,,28.98,31.8,ComteOlden,ThermoFresh,2.8200000000000003
Esox lucius,Cyprinus carpio,GloBI,eats;preysOn,,28.98,33.5484745762712,ComteOlden,ThermoFresh,4.568474576271196
Esox lucius,Deronectes latus,GloBI,preysOn,,28.98,37.04,ComteOlden,ThermoFresh,8.059999999999999
Esox lucius,Dikerogammarus villosus,GloBI,preysOn,,28.98,28.1328571428571,ComteOlden,ThermoFresh,0.8471428571428987
Esox lucius,Dinocras cephalotes,GloBI,preysOn,,28.98,34.6083333333333,ComteOlden,ThermoFresh,5.628333333333298
Esox lucius,Dorosoma cepedianum,GloBI,eats;preysOn,,28.98,35.3,ComteOlden,ComteOlden,6.319999999999997
Esox lucius,Drusus annulatus,GloBI,preysOn,,28.98,28.8,ComteOlden,ThermoFresh,0.17999999999999972
Esox lucius,Ecdyonurus insignis,GloBI,preysOn,,28.98,32.34,ComteOlden,ThermoFresh,3.360000000000003
Esox lucius,Echinogammarus berilloni,GloBI,preysOn,,28.98,30.3333333333333,ComteOlden,ThermoFresh,1.3533333333332997
Esox lucius,Echinogammarus ischnus,GloBI,preysOn,,28.98,31.5,ComteOlden,ThermoFresh,2.5199999999999996
Esox lucius,Electrona antarctica,GloBI,preysOn,,28.98,31.24,ComteOlden,ComteOlden,2.259999999999998
Esox lucius,Elmis aenea,GloBI,eats;preysOn,,28.98,33.8,ComteOlden,ThermoFresh,4.819999999999997
Esox lucius,Ephemera danica,GloBI,preysOn,,28.98,36.7075,ComteOlden,ThermoFresh,7.727500000000003
Esox lucius,Faxonius rusticus,GloBI,preysOn,,28.98,34.0590909090909,ComteOlden,ThermoFresh,5.0790909090908976
Esox lucius,Gammarus fossarum,GloBI,preysOn,,28.98,28.774,ComteOlden,ThermoFresh,0.20599999999999952
Esox lucius,Gammarus pulex,GloBI,eats;preysOn,,28.98,29.1161111111111,ComteOlden,ThermoFresh,0.13611111111109864
Esox lucius,Gammarus roeselii,GloBI,preysOn,,28.98,30.184,ComteOlden,ThermoFresh,1.2040000000000006
Esox lucius,Gammarus tigrinus,GloBI,preysOn,,28.98,32.6985714285714,ComteOlden,ThermoFresh,3.7185714285713978
Esox lucius,Gasterosteus aculeatus,GloBI,eats;preysOn,,28.98,31.6655882352941,ComteOlden,ThermoFresh,2.685588235294098
Esox lucius,Gobio gobio,GloBI,eats;preysOn,,28.98,33.75,ComteOlden,ThermoFresh,4.77
Esox lucius,Gymnocephalus cernua,GloBI,eats;preysOn,,28.98,34.5,ComteOlden,ThermoFresh,5.52
Esox lucius,Heptagenia sulphurea,GloBI,preysOn,,28.98,30.2,ComteOlden,ThermoFresh,1.2199999999999989
Esox lucius,Hiodon alosoides,GloBI,preysOn,,28.98,32.78,ComteOlden,ComteOlden,3.8000000000000007
Esox lucius,Hydropsyche pellucidula,GloBI,eats;preysOn,,28.98,25.5,ComteOlden,ThermoFresh,3.4800000000000004
Esox lucius,Hypophthalmichthys molitrix,GloBI,preysOn,,28.98,36.27,ComteOlden,ComteOlden,7.290000000000003
Esox lucius,Hypophthalmichthys nobilis,GloBI,preysOn,,28.98,37.92,ComteOlden,ComteOlden,8.940000000000001
Esox lucius,Ischnura elegans,GloBI,preysOn,,28.98,43.7361538461539,ComteOlden,ThermoFresh,14.756153846153897
Esox lucius,Ischnura pumilio,GloBI,preysOn,,28.98,45.515,ComteOlden,ThermoFresh,16.535
Esox lucius,Labidesthes sicculus,GloBI,eats;preysOn,,28.98,36.0,ComteOlden,ThermoFresh,7.02
Esox lucius,Lepomis gibbosus,GloBI,eats;preysOn,,28.98,33.8035,ComteOlden,ThermoFresh,4.823499999999999
Esox lucius,Lepomis macrochirus,GloBI,eats;preysOn,,28.98,36.8636,ComteOlden,ThermoFresh,7.883599999999998
Esox lucius,Leucaspius delineatus,GloBI,preysOn,,28.98,34.3566666666667,ComteOlden,ThermoFresh,5.376666666666697
Esox lucius,Leuciscus aspius,GloBI,preysOn,,28.98,34.92,ComteOlden,ComteOlden,5.940000000000001
Esox lucius,Leuciscus idus,GloBI,eats;preysOn,,28.98,37.9,ComteOlden,ThermoFresh,8.919999999999998
Esox lucius,Leuciscus leuciscus,GloBI,eats;preysOn,,28.98,32.57,ComteOlden,ComteOlden,3.59
Esox lucius,Leuctra fusca,GloBI,eats;preysOn,,28.98,30.1,ComteOlden,ThermoFresh,1.120000000000001
Esox lucius,Limnius volckmari,GloBI,eats;preysOn,,28.98,33.7775,ComteOlden,ThermoFresh,4.797500000000003
Esox lucius,Lota lota,GloBI,eats;preysOn,,28.98,27.11875,ComteOlden,ThermoFresh,1.8612500000000018
Esox lucius,Micropterus salmoides,GloBI,eats;preysOn,,28.98,36.4,ComteOlden,ThermoFresh,7.419999999999998
Esox lucius,Nemurella pictetii,GloBI,eats;preysOn,,28.98,30.1,ComteOlden,ThermoFresh,1.120000000000001
Esox lucius,Neogobius melanostomus,GloBI,preysOn,,28.98,33.726,ComteOlden,ThermoFresh,4.745999999999999
Esox lucius,Notropis hudsonius,GloBI,eats;preysOn,,28.98,31.21,ComteOlden,ComteOlden,2.2300000000000004
Esox lucius,Oncorhynchus mykiss,GloBI,preysOn,,28.98,28.6755405405405,ComteOlden,ThermoFresh,0.30445945945950115
Esox lucius,Osmerus eperlanus,GloBI,eats;preysOn,,28.98,27.8,ComteOlden,ComteOlden,1.1799999999999997
Esox lucius,Padogobius bonelli,GloBI,preysOn,,28.98,31.74,ComteOlden,ComteOlden,2.759999999999998
Esox lucius,Parachondrostoma toxostoma,GloBI,preysOn,,28.98,34.17,ComteOlden,ComteOlden,5.190000000000001
Esox lucius,Perca flavescens,GloBI,eats;preysOn,,28.98,30.7,ComteOlden,ComteOlden,1.7199999999999989
Esox lucius,Perca fluviatilis,GloBI,eats;preysOn,,28.98,28.6920833333333,ComteOlden,ThermoFresh,0.2879166666666997
Esox lucius,Percina caprodes,GloBI,preysOn,,28.98,31.93,ComteOlden,ComteOlden,2.9499999999999993
Esox lucius,Petromyzon marinus,GloBI,eats;preysOn,,28.98,33.8833333333333,ComteOlden,ThermoFresh,4.903333333333297
Esox lucius,Phoxinus lumaireul,GloBI,eats;preysOn,,28.98,29.52,ComteOlden,ComteOlden,0.5399999999999991
Esox lucius,Pimephales notatus,GloBI,eats;preysOn,,28.98,33.4533333333333,ComteOlden,ThermoFresh,4.473333333333297
Esox lucius,Pimephales promelas,GloBI,preysOn,,28.98,35.996338028169,ComteOlden,ThermoFresh,7.016338028168999
Esox lucius,Platichthys flesus,GloBI,eats;preysOn,,28.98,32.75,ComteOlden,ComteOlden,3.7699999999999996
Esox lucius,Pomoxis annularis,GloBI,eats;preysOn,,28.98,31.91,ComteOlden,ComteOlden,2.9299999999999997
Esox lucius,Ponticola kessleri,GloBI,preysOn,,28.98,34.03,ComteOlden,ComteOlden,5.050000000000001
Esox lucius,Procambarus clarkii,GloBI,eats;preysOn,,28.98,38.5,ComteOlden,ThermoFresh,9.52
Esox lucius,Pseudorasbora parva,GloBI,preysOn,,28.98,38.515,ComteOlden,ThermoFresh,9.535
Esox lucius,Rhithrogena semicolorata,GloBI,eats;preysOn,,28.98,25.33,ComteOlden,ThermoFresh,3.650000000000002
Esox lucius,Rhodeus amarus,GloBI,preysOn,,28.98,34.1,ComteOlden,ComteOlden,5.120000000000001
Esox lucius,Rhyacophila dorsalis,GloBI,eats;preysOn,,28.98,22.0,ComteOlden,ThermoFresh,6.98
Esox lucius,Rutilus aula,GloBI,preysOn,,28.98,32.32,ComteOlden,ComteOlden,3.34
Esox lucius,Rutilus frisii,GloBI,preysOn,,28.98,32.71,ComteOlden,ComteOlden,3.7300000000000004
Esox lucius,Rutilus pigus,GloBI,preysOn,,28.98,33.59,ComteOlden,ComteOlden,4.610000000000003
Esox lucius,Rutilus rutilus,GloBI,eats;preysOn,,28.98,28.5058333333333,ComteOlden,ThermoFresh,0.4741666666667008
Esox lucius,Sabanejewia larvata,GloBI,preysOn,,28.98,32.71,ComteOlden,ComteOlden,3.7300000000000004
Esox lucius,Salariopsis fluviatilis,GloBI,eats;preysOn,,28.98,34.96,ComteOlden,ComteOlden,5.98
Esox lucius,Salmo labrax,GloBI,preysOn,,28.98,32.32,ComteOlden,ComteOlden,3.34
Esox lucius,Salmo marmoratus,GloBI,preysOn,,28.98,30.21,ComteOlden,ComteOlden,1.2300000000000004
Esox lucius,Salmo salar,GloBI,eats;preysOn,,28.98,30.3326495726496,ComteOlden,ThermoFresh,1.3526495726496002
Esox lucius,Salmo trutta,GloBI,eats;preysOn,,28.98,27.6830769230769,ComteOlden,ThermoFresh,1.2969230769231004
Esox lucius,Salvelinus alpinus,GloBI,eats;preysOn,,28.98,25.7485714285714,ComteOlden,ThermoFresh,3.2314285714286015
Esox lucius,Salvelinus fontinalis,GloBI,preysOn,,28.98,28.9883333333333,ComteOlden,ThermoFresh,0.008333333333300885
Esox lucius,Salvelinus namaycush,GloBI,preysOn,,28.98,27.385,ComteOlden,ThermoFresh,1.5949999999999989
Esox lucius,Sander lucioperca,GloBI,eats;preysOn,,28.98,35.4428571428571,ComteOlden,ThermoFresh,6.4628571428571
Esox lucius,Sander vitreus,GloBI,eats;preysOn,,28.98,35.375,ComteOlden,ThermoFresh,6.395
Esox lucius,Scardinius erythrophthalmus,GloBI,eats;preysOn,,28.98,34.94,ComteOlden,ComteOlden,5.959999999999997
Esox lucius,Serratella ignita,GloBI,eats;preysOn,,28.98,32.3,ComteOlden,ThermoFresh,3.3199999999999967
Esox lucius,Silurus glanis,GloBI,eats;preysOn,,28.98,36.15,ComteOlden,ComteOlden,7.169999999999998
Esox lucius,Squalius cephalus,GloBI,eats;preysOn,,28.98,36.48,ComteOlden,ThermoFresh,7.4999999999999964
Esox lucius,Stenodus leucichthys,GloBI,preysOn,,28.98,27.91,ComteOlden,ComteOlden,1.0700000000000003
Esox lucius,Telestes muticellus,GloBI,preysOn,,28.98,33.48,ComteOlden,ComteOlden,4.4999999999999964
Esox lucius,Telestes souffia,GloBI,preysOn,,28.98,33.18,ComteOlden,ComteOlden,4.199999999999999
Esox lucius,Thymallus thymallus,GloBI,eats;preysOn,,28.98,29.4333333333333,ComteOlden,ThermoFresh,0.45333333333330117
Esox lucius,Tinca tinca,GloBI,eats;preysOn,,28.98,35.6875,ComteOlden,ThermoFresh,6.7075
Esox lucius,Vimba vimba,GloBI,eats;preysOn,,28.98,33.43,ComteOlden,ComteOlden,4.449999999999999
Esox lucius,Zoarces viviparus,GloBI,preysOn,,28.98,27.725,ComteOlden,ThermoFresh,1.254999999999999
Esox masquinongy,Ameiurus nebulosus,GloBI,preysOn,,32.2814814814815,38.1,ThermoFresh,ThermoFresh,5.818518518518502
Esox masquinongy,Catostomus commersonii,GloBI,preysOn,,32.2814814814815,33.17,ThermoFresh,ThermoFresh,0.8885185185185023
Esox masquinongy,Coregonus artedi,GloBI,preysOn,,32.2814814814815,24.9366666666667,ThermoFresh,ThermoFresh,7.3448148148148
Esox masquinongy,Cyprinella spiloptera,GloBI,eats;preysOn,,32.2814814814815,31.8,ThermoFresh,ThermoFresh,0.4814814814814987
Esox masquinongy,Cyprinus carpio,GloBI,eats;preysOn,,32.2814814814815,33.5484745762712,ThermoFresh,ThermoFresh,1.2669930947896972
Esox masquinongy,Dorosoma cepedianum,GloBI,eats;preysOn,,32.2814814814815,35.3,ThermoFresh,ComteOlden,3.0185185185184977
Esox masquinongy,Labidesthes sicculus,GloBI,eats;preysOn,,32.2814814814815,36.0,ThermoFresh,ThermoFresh,3.7185185185185006
Esox masquinongy,Lepomis gibbosus,GloBI,preysOn,,32.2814814814815,33.8035,ThermoFresh,ThermoFresh,1.5220185185185002
Esox masquinongy,Lepomis macrochirus,GloBI,eats;preysOn,,32.2814814814815,36.8636,ThermoFresh,ThermoFresh,4.582118518518499
Esox masquinongy,Micropterus salmoides,GloBI,eats;preysOn,,32.2814814814815,36.4,ThermoFresh,ThermoFresh,4.118518518518499
Esox masquinongy,Perca flavescens,GloBI,preysOn,,32.2814814814815,30.7,ThermoFresh,ComteOlden,1.5814814814815001
Esox masquinongy,Percina caprodes,GloBI,preysOn,,32.2814814814815,31.93,ThermoFresh,ComteOlden,0.3514814814814997
Esox masquinongy,Pimephales notatus,GloBI,eats;preysOn,,32.2814814814815,33.4533333333333,ThermoFresh,ThermoFresh,1.1718518518517982
Esox masquinongy,Pimephales promelas,GloBI,eats,,32.2814814814815,35.996338028169,ThermoFresh,ThermoFresh,3.7148565466875
Esox masquinongy,Pomoxis annularis,GloBI,eats;preysOn,,32.2814814814815,31.91,ThermoFresh,ComteOlden,0.3714814814814993
Esox masquinongy,Pomoxis nigromaculatus,GloBI,preysOn,,32.2814814814815,35.21,ThermoFresh,ComteOlden,2.9285185185185014
Esox masquinongy,Sander vitreus,GloBI,eats;preysOn,,32.2814814814815,35.375,ThermoFresh,ThermoFresh,3.0935185185185006
Esox niger,Ameiurus nebulosus,GloBI,preysOn,,36.36,38.1,ComteOlden,ThermoFresh,1.740000000000002
Esox niger,Perca flavescens,GloBI,preysOn,,36.36,30.7,ComteOlden,ComteOlden,5.66
Etheostoma olmstedi,Electrona antarctica,GloBI,eats,,34.26,31.24,ComteOlden,ComteOlden,3.0199999999999996
Etheostoma olmstedi,Gammarus tigrinus,GloBI,preysOn,,34.26,32.6985714285714,ComteOlden,ThermoFresh,1.5614285714285998
Etheostoma olmstedi,Hyalella azteca,GloBI,preysOn,,34.26,41.1175,ComteOlden,ThermoFresh,6.857500000000002
Etheostoma olmstedi,Uma inornata,GloBI,preysOn,,34.26,45.0,ComteOlden,GlobTherm,10.740000000000002
Etroplus maculatus,Etroplus suratensis,GloBI,eats,,41.39,41.4166666666667,ComteOlden,ThermoFresh,0.026666666666699257
Euophrys frontalis,Oedothorax apicatus,GloBI,preysOn,,45.7,40.8,GlobTherm,GlobTherm,4.900000000000006
Euophrys frontalis,Phrurolithus festivus,GloBI,preysOn,,45.7,45.6,GlobTherm,GlobTherm,0.10000000000000142
Euophrys frontalis,Zora spinimana,GloBI,preysOn,,45.7,41.8,GlobTherm,GlobTherm,3.9000000000000057
Euthynnus affinis,Auxis rochei,GloBI,preysOn,,34.77,34.0,ComteOlden,ComteOlden,0.7700000000000031
Euthynnus affinis,Auxis thazard,GloBI,preysOn,,34.77,33.83,ComteOlden,ComteOlden,0.9400000000000048
Euthynnus affinis,Engraulis japonicus,GloBI,eats;preysOn,,34.77,34.1,ComteOlden,ComteOlden,0.6700000000000017
Euthynnus affinis,Rastrelliger brachysoma,GloBI,eats;preysOn,,34.77,36.63,ComteOlden,ComteOlden,1.8599999999999994
Euthynnus affinis,Scomber australasicus,GloBI,eats;preysOn,,34.77,32.53,ComteOlden,ComteOlden,2.240000000000002
Euthynnus alletteratus,Anchoa mitchilli,GloBI,eats;preysOn,,33.67,36.68,ComteOlden,ComteOlden,3.009999999999998
Euthynnus alletteratus,Auxis rochei,GloBI,preysOn,,33.67,34.0,ComteOlden,ComteOlden,0.3299999999999983
Euthynnus alletteratus,Auxis thazard,GloBI,preysOn,,33.67,33.83,ComteOlden,ComteOlden,0.1599999999999966
Euthynnus alletteratus,Lagodon rhomboides,GloBI,eats;preysOn,,33.67,37.3,ComteOlden,ThermoFresh,3.6299999999999955
Euthynnus alletteratus,Litopenaeus setiferus,GloBI,eats;preysOn,,33.67,37.2,ComteOlden,ThermoFresh,3.530000000000001
Euthynnus alletteratus,Strongylura marina,GloBI,eats;preysOn,,33.67,38.36,ComteOlden,ComteOlden,4.689999999999998
Faxonius rusticus,Baetis phoebus,GloBI,eats;preysOn,,34.0590909090909,34.1,ThermoFresh,ThermoFresh,0.04090909090910344
Formica sanguinea,Formica polyctena,GloBI,preysOn,,41.0,46.8,GlobTherm,GlobTherm,5.799999999999997
Formica subsericea,Reticulitermes flavipes,GloBI,preysOn,,46.0,44.3,GlobTherm,GlobTherm,1.7000000000000028
Fundulus diaphanus,Daphnia galeata,GloBI,preysOn,,37.87,38.89,ComteOlden,ThermoFresh,1.0200000000000031
Fundulus diaphanus,Gammarus tigrinus,GloBI,preysOn,,37.87,32.6985714285714,ComteOlden,ThermoFresh,5.171428571428599
Fundulus diaphanus,Hyalella azteca,GloBI,eats;preysOn,,37.87,41.1175,ComteOlden,ThermoFresh,3.2475000000000023
Fundulus diaphanus,Uma inornata,GloBI,preysOn,,37.87,45.0,ComteOlden,GlobTherm,7.130000000000003
Fundulus grandis,Electrona antarctica,GloBI,eats,,40.795,31.24,ThermoFresh,ComteOlden,9.555000000000003
Fundulus grandis,Gambusia affinis,GloBI,eats;preysOn,,40.795,38.9970689655172,ThermoFresh,ThermoFresh,1.7979310344828008
Fundulus grandis,Gammarus tigrinus,GloBI,eats,,40.795,32.6985714285714,ThermoFresh,ThermoFresh,8.096428571428604
Fundulus grandis,Menidia beryllina,GloBI,eats;preysOn,,40.795,33.2371428571429,ThermoFresh,ThermoFresh,7.557857142857102
Fundulus grandis,Poecilia latipinna,GloBI,eats;preysOn,,40.795,40.4425,ThermoFresh,ThermoFresh,0.35249999999999915
Gadus morhua,Alosa aestivalis,GloBI,eats;preysOn,,25.39,33.58,ComteOlden,ComteOlden,8.189999999999998
Gadus morhua,Alosa fallax,GloBI,preysOn,,25.39,32.31,ComteOlden,ComteOlden,6.920000000000002
Gadus morhua,Alosa pseudoharengus,GloBI,eats;preysOn,,25.39,30.4625,ComteOlden,ThermoFresh,5.072499999999998
Gadus morhua,Anguilla anguilla,GloBI,eats;preysOn,,25.39,35.12,ComteOlden,ComteOlden,9.729999999999997
Gadus morhua,Apeltes quadracus,GloBI,preysOn,,25.39,32.18,ComteOlden,ComteOlden,6.789999999999999
Gadus morhua,Blennius ocellaris,GloBI,eats;preysOn,,25.39,35.3,ComteOlden,ComteOlden,9.909999999999997
Gadus morhua,Carcinus maenas,GloBI,eats;preysOn,,25.39,34.07,ComteOlden,ThermoFresh,8.68
Gadus morhua,Clupea harengus,GloBI,eats;preysOn,,25.39,25.43,ComteOlden,ComteOlden,0.03999999999999915
Gadus morhua,Corophium volutator,GloBI,eats;preysOn,,25.39,33.1452777775,ComteOlden,ThermoFresh,7.755277777499998
Gadus morhua,Cottus gobio,GloBI,preysOn,,25.39,30.32,ComteOlden,ComteOlden,4.93
Gadus morhua,Crangon crangon,GloBI,eats;preysOn,,25.39,34.1133333333333,ComteOlden,ThermoFresh,8.7233333333333
Gadus morhua,Dicentrarchus labrax,GloBI,eats;preysOn,,25.39,34.0145454545455,ComteOlden,ThermoFresh,8.624545454545498
Gadus morhua,Electrona antarctica,GloBI,eats,,25.39,31.24,ComteOlden,ComteOlden,5.849999999999998
Gadus morhua,Eleginus gracilis,GloBI,preysOn,,25.39,24.55,ComteOlden,ThermoFresh,0.8399999999999999
Gadus morhua,Gasterosteus aculeatus,GloBI,eats;preysOn,,25.39,31.6655882352941,ComteOlden,ThermoFresh,6.275588235294098
Gadus morhua,Gobius niger,GloBI,eats;preysOn,,25.39,33.5,ComteOlden,ThermoFresh,8.11
Gadus morhua,Liocarcinus marmoreus,GloBI,eats;preysOn,,25.39,32.2,ComteOlden,GlobTherm,6.810000000000002
Gadus morhua,Lipophrys pholis,GloBI,eats;preysOn,,25.39,34.18,ComteOlden,ComteOlden,8.79
Gadus morhua,Osmerus eperlanus,GloBI,eats;preysOn,,25.39,27.8,ComteOlden,ComteOlden,2.41
Gadus morhua,Pagurus bernhardus,GloBI,eats;preysOn,,25.39,35.9,ComteOlden,ThermoFresh,10.509999999999998
Gadus morhua,Platichthys flesus,GloBI,eats;preysOn,,25.39,32.75,ComteOlden,ComteOlden,7.359999999999999
Gadus morhua,Pleuronectes platessa,GloBI,eats;preysOn,,25.39,30.64,ComteOlden,ComteOlden,5.25
Gadus morhua,Pomatoschistus minutus,GloBI,eats;preysOn,,25.39,28.4,ComteOlden,ThermoFresh,3.009999999999998
Gadus morhua,Pseudopleuronectes americanus,GloBI,eats;preysOn,,25.39,29.55,ComteOlden,ComteOlden,4.16
Gadus morhua,Redigobius bikolanus,GloBI,eats;preysOn,,25.39,39.83,ComteOlden,ComteOlden,14.439999999999998
Gadus morhua,Salmo salar,GloBI,eats;preysOn,,25.39,30.3326495726496,ComteOlden,ThermoFresh,4.9426495726496
Gadus morhua,Scomber scombrus,GloBI,eats;preysOn,,25.39,33.2066666666667,ComteOlden,ComteOlden,7.816666666666698
Gadus morhua,Solea solea,GloBI,eats;preysOn,,25.39,34.15,ComteOlden,ComteOlden,8.759999999999998
Gadus morhua,Tautogolabrus adspersus,GloBI,eats;preysOn,,25.39,29.28,ComteOlden,ComteOlden,3.8900000000000006
Gadus morhua,Uma inornata,GloBI,preysOn,,25.39,45.0,ComteOlden,GlobTherm,19.61
Gadus morhua,Zoarces viviparus,GloBI,eats;preysOn,,25.39,27.725,ComteOlden,ThermoFresh,2.335000000000001
Galaxias brevipinnis,Gobiomorphus cotidianus,GloBI,eats;preysOn,,29.51,33.35,ComteOlden,ThermoFresh,3.84
Galaxias brevipinnis,Oncorhynchus mykiss,GloBI,eats;preysOn,,29.51,28.6755405405405,ComteOlden,ThermoFresh,0.8344594594595023
Galaxias brevipinnis,Retropinna retropinna,GloBI,eats;preysOn,,29.51,31.15,ComteOlden,ThermoFresh,1.639999999999997
Galaxias fasciatus,Neochanna apoda,GloBI,preysOn,,31.02,31.35,ComteOlden,ComteOlden,0.33000000000000185
Galaxias vulgaris,Gobiomorphus breviceps,GloBI,eats;preysOn,,27.92,32.86,ComteOlden,ComteOlden,4.939999999999998
Gambusia affinis,Anaxyrus boreas,GloBI,preysOn,,38.9970689655172,36.5,ThermoFresh,GlobTherm,2.497068965517201
Gambusia affinis,Culex quinquefasciatus,GloBI,eats;preysOn,,38.9970689655172,39.9585714285714,ThermoFresh,ThermoFresh,0.9615024630542024
Gambusia affinis,Daphnia magna,GloBI,eats;preysOn,,38.9970689655172,40.07,ThermoFresh,ThermoFresh,1.0729310344827994
Gambusia affinis,Fundulus diaphanus,GloBI,preysOn,,38.9970689655172,37.87,ThermoFresh,ComteOlden,1.1270689655172035
Gambusia affinis,Fundulus dispar,GloBI,preysOn,,38.9970689655172,37.71,ThermoFresh,ComteOlden,1.2870689655172
Gambusia affinis,Fundulus julisia,GloBI,preysOn,,38.9970689655172,38.94,ThermoFresh,ComteOlden,0.057068965517203196
Gambusia affinis,Fundulus kansae,GloBI,preysOn,,38.9970689655172,38.55,ThermoFresh,ComteOlden,0.44706896551720376
Gambusia affinis,Iotichthys phlegethontis,GloBI,preysOn,,38.9970689655172,32.31,ThermoFresh,ComteOlden,6.687068965517199
Gambusia affinis,Neochanna diversus,GloBI,preysOn,,38.9970689655172,32.53,ThermoFresh,ComteOlden,6.4670689655172
Gambusia affinis,Poeciliopsis occidentalis,GloBI,eats;preysOn,,38.9970689655172,40.5820689655172,ThermoFresh,ThermoFresh,1.5850000000000009
Gambusia affinis,Pseudacris regilla,GloBI,preysOn,,38.9970689655172,36.6,ThermoFresh,GlobTherm,2.3970689655171995
Gammarus pulex,Asellus aquaticus,GloBI,preysOn,,29.1161111111111,32.8678947368421,ThermoFresh,ThermoFresh,3.7517836257310044
Gammarus pulex,Baetis rhodani,GloBI,eats;preysOn,,29.1161111111111,25.1,ThermoFresh,ThermoFresh,4.016111111111098
Gammarus pulex,Crangonyx pseudogracilis,GloBI,preysOn,,29.1161111111111,32.3233333333333,ThermoFresh,ThermoFresh,3.207222222222203
Gammarus pulex,Leuctra fusca,GloBI,preysOn,,29.1161111111111,30.1,ThermoFresh,ThermoFresh,0.9838888888889024
Gasterosteus aculeatus,Agabus bipustulatus,GloBI,preysOn,,31.6655882352941,37.07,ThermoFresh,ThermoFresh,5.404411764705902
Gasterosteus aculeatus,Agapetus fuscipes,GloBI,preysOn,,31.6655882352941,25.8,ThermoFresh,ThermoFresh,5.865588235294098
Gasterosteus aculeatus,Ampullaceana balthica,GloBI,preysOn,,31.6655882352941,36.525,ThermoFresh,ThermoFresh,4.8594117647059
Gasterosteus aculeatus,Aphelocheirus aestivalis,GloBI,preysOn,,31.6655882352941,34.53,ThermoFresh,ThermoFresh,2.8644117647059026
Gasterosteus aculeatus,Asellus aquaticus,GloBI,preysOn,,31.6655882352941,32.8678947368421,ThermoFresh,ThermoFresh,1.202306501548005
Gasterosteus aculeatus,Astacus leptodactylus,GloBI,preysOn,,31.6655882352941,37.8666666666667,ThermoFresh,ThermoFresh,6.201078431372604
Gasterosteus aculeatus,Baetis rhodani,GloBI,preysOn,,31.6655882352941,25.1,ThermoFresh,ThermoFresh,6.565588235294097
Gasterosteus aculeatus,Caenis luctuosa,GloBI,preysOn,,31.6655882352941,30.6,ThermoFresh,ThermoFresh,1.065588235294097
Gasterosteus aculeatus,Calopteryx virgo,GloBI,preysOn,,31.6655882352941,34.0225,ThermoFresh,ThermoFresh,2.3569117647059024
Gasterosteus aculeatus,Clupea harengus,GloBI,preysOn,,31.6655882352941,25.43,ThermoFresh,ComteOlden,6.235588235294099
Gasterosteus aculeatus,Clupea pallasii,GloBI,eats;preysOn,,31.6655882352941,27.25,ThermoFresh,ThermoFresh,4.4155882352940985
Gasterosteus aculeatus,Coenagrion puella,GloBI,preysOn,,31.6655882352941,42.995,ThermoFresh,ThermoFresh,11.329411764705899
Gasterosteus aculeatus,Corophium volutator,GloBI,preysOn,,31.6655882352941,33.1452777775,ThermoFresh,ThermoFresh,1.4796895422059002
Gasterosteus aculeatus,Crangon crangon,GloBI,preysOn,,31.6655882352941,34.1133333333333,ThermoFresh,ThermoFresh,2.447745098039203
Gasterosteus aculeatus,Deronectes latus,GloBI,preysOn,,31.6655882352941,37.04,ThermoFresh,ThermoFresh,5.374411764705901
Gasterosteus aculeatus,Dikerogammarus villosus,GloBI,preysOn,,31.6655882352941,28.1328571428571,ThermoFresh,ThermoFresh,3.532731092436997
Gasterosteus aculeatus,Dinocras cephalotes,GloBI,preysOn,,31.6655882352941,34.6083333333333,ThermoFresh,ThermoFresh,2.9427450980392003
Gasterosteus aculeatus,Drusus annulatus,GloBI,preysOn,,31.6655882352941,28.8,ThermoFresh,ThermoFresh,2.865588235294098
Gasterosteus aculeatus,Ecdyonurus insignis,GloBI,preysOn,,31.6655882352941,32.34,ThermoFresh,ThermoFresh,0.6744117647059049
Gasterosteus aculeatus,Echinogammarus berilloni,GloBI,preysOn,,31.6655882352941,30.3333333333333,ThermoFresh,ThermoFresh,1.3322549019607983
Gasterosteus aculeatus,Echinogammarus ischnus,GloBI,preysOn,,31.6655882352941,31.5,ThermoFresh,ThermoFresh,0.1655882352940985
Gasterosteus aculeatus,Ephemera danica,GloBI,preysOn,,31.6655882352941,36.7075,ThermoFresh,ThermoFresh,5.041911764705905
Gasterosteus aculeatus,Gammarus fossarum,GloBI,preysOn,,31.6655882352941,28.774,ThermoFresh,ThermoFresh,2.8915882352940976
Gasterosteus aculeatus,Gammarus pulex,GloBI,preysOn,,31.6655882352941,29.1161111111111,ThermoFresh,ThermoFresh,2.5494771241829994
Gasterosteus aculeatus,Gammarus roeselii,GloBI,preysOn,,31.6655882352941,30.184,ThermoFresh,ThermoFresh,1.4815882352940974
Gasterosteus aculeatus,Gammarus tigrinus,GloBI,preysOn,,31.6655882352941,32.6985714285714,ThermoFresh,ThermoFresh,1.0329831932772997
Gasterosteus aculeatus,Gobio gobio,GloBI,eats;preysOn,,31.6655882352941,33.75,ThermoFresh,ThermoFresh,2.0844117647059015
Gasterosteus aculeatus,Heptagenia sulphurea,GloBI,preysOn,,31.6655882352941,30.2,ThermoFresh,ThermoFresh,1.4655882352940992
Gasterosteus aculeatus,Hyalella azteca,GloBI,preysOn,,31.6655882352941,41.1175,ThermoFresh,ThermoFresh,9.451911764705901
Gasterosteus aculeatus,Hydropsyche pellucidula,GloBI,preysOn,,31.6655882352941,25.5,ThermoFresh,ThermoFresh,6.1655882352940985
Gasterosteus aculeatus,Ischnura elegans,GloBI,preysOn,,31.6655882352941,43.7361538461539,ThermoFresh,ThermoFresh,12.070565610859799
Gasterosteus aculeatus,Ischnura pumilio,GloBI,preysOn,,31.6655882352941,45.515,ThermoFresh,ThermoFresh,13.849411764705902
Gasterosteus aculeatus,Leuctra fusca,GloBI,preysOn,,31.6655882352941,30.1,ThermoFresh,ThermoFresh,1.565588235294097
Gasterosteus aculeatus,Nemurella pictetii,GloBI,preysOn,,31.6655882352941,30.1,ThermoFresh,ThermoFresh,1.565588235294097
Gasterosteus aculeatus,Physa fontinalis,GloBI,preysOn,,31.6655882352941,37.2433333333333,ThermoFresh,ThermoFresh,5.577745098039198
Gasterosteus aculeatus,Pleuronectes platessa,GloBI,eats;preysOn,,31.6655882352941,30.64,ThermoFresh,ComteOlden,1.025588235294098
Gasterosteus aculeatus,Potamopyrgus antipodarum,GloBI,eats;preysOn,,31.6655882352941,27.9033333333333,ThermoFresh,ThermoFresh,3.762254901960798
Gasterosteus aculeatus,Rhithrogena semicolorata,GloBI,preysOn,,31.6655882352941,25.33,ThermoFresh,ThermoFresh,6.3355882352941
Gasterosteus aculeatus,Rhyacophila dorsalis,GloBI,preysOn,,31.6655882352941,22.0,ThermoFresh,ThermoFresh,9.665588235294098
Gasterosteus aculeatus,Sander vitreus,GloBI,preysOn,,31.6655882352941,35.375,ThermoFresh,ThermoFresh,3.7094117647059015
Gasterosteus aculeatus,Scomber scombrus,GloBI,preysOn,,31.6655882352941,33.2066666666667,ThermoFresh,ComteOlden,1.5410784313726005
Gasterosteus aculeatus,Serratella ignita,GloBI,preysOn,,31.6655882352941,32.3,ThermoFresh,ThermoFresh,0.6344117647058987
Gasterosteus aculeatus,Uma inornata,GloBI,preysOn,,31.6655882352941,45.0,ThermoFresh,GlobTherm,13.334411764705902
Gillichthys mirabilis,Cymatogaster aggregata,GloBI,preysOn,,37.9833333333333,32.75,ThermoFresh,ComteOlden,5.233333333333299
Gillichthys mirabilis,Girella nigricans,GloBI,preysOn,,37.9833333333333,33.46,ThermoFresh,ComteOlden,4.523333333333298
Gobio gobio,Agabus bipustulatus,GloBI,preysOn,,33.75,37.07,ThermoFresh,ThermoFresh,3.3200000000000003
Gobio gobio,Agapetus fuscipes,GloBI,preysOn,,33.75,25.8,ThermoFresh,ThermoFresh,7.949999999999999
Gobio gobio,Ancylus fluviatilis,GloBI,preysOn,,33.75,34.9,ThermoFresh,ThermoFresh,1.1499999999999986
Gobio gobio,Aphelocheirus aestivalis,GloBI,preysOn,,33.75,34.53,ThermoFresh,ThermoFresh,0.7800000000000011
Gobio gobio,Asellus aquaticus,GloBI,preysOn,,33.75,32.8678947368421,ThermoFresh,ThermoFresh,0.8821052631578965
Gobio gobio,Astacus leptodactylus,GloBI,preysOn,,33.75,37.8666666666667,ThermoFresh,ThermoFresh,4.116666666666703
Gobio gobio,Baetis rhodani,GloBI,preysOn,,33.75,25.1,ThermoFresh,ThermoFresh,8.649999999999999
Gobio gobio,Caenis luctuosa,GloBI,preysOn,,33.75,30.6,ThermoFresh,ThermoFresh,3.1499999999999986
Gobio gobio,Calopteryx virgo,GloBI,preysOn,,33.75,34.0225,ThermoFresh,ThermoFresh,0.27250000000000085
Gobio gobio,Coenagrion puella,GloBI,preysOn,,33.75,42.995,ThermoFresh,ThermoFresh,9.244999999999997
Gobio gobio,Cottus gobio,GloBI,preysOn,,33.75,30.32,ThermoFresh,ComteOlden,3.4299999999999997
Gobio gobio,Deronectes latus,GloBI,preysOn,,33.75,37.04,ThermoFresh,ThermoFresh,3.289999999999999
Gobio gobio,Dikerogammarus villosus,GloBI,preysOn,,33.75,28.1328571428571,ThermoFresh,ThermoFresh,5.617142857142898
Gobio gobio,Dinocras cephalotes,GloBI,preysOn,,33.75,34.6083333333333,ThermoFresh,ThermoFresh,0.8583333333332988
Gobio gobio,Drusus annulatus,GloBI,preysOn,,33.75,28.8,ThermoFresh,ThermoFresh,4.949999999999999
Gobio gobio,Ecdyonurus insignis,GloBI,preysOn,,33.75,32.34,ThermoFresh,ThermoFresh,1.4099999999999966
Gobio gobio,Echinogammarus berilloni,GloBI,preysOn,,33.75,30.3333333333333,ThermoFresh,ThermoFresh,3.4166666666667
Gobio gobio,Echinogammarus ischnus,GloBI,preysOn,,33.75,31.5,ThermoFresh,ThermoFresh,2.25
Gobio gobio,Electrona antarctica,GloBI,eats,,33.75,31.24,ThermoFresh,ComteOlden,2.5100000000000016
Gobio gobio,Elmis aenea,GloBI,preysOn,,33.75,33.8,ThermoFresh,ThermoFresh,0.04999999999999716
Gobio gobio,Ephemera danica,GloBI,preysOn,,33.75,36.7075,ThermoFresh,ThermoFresh,2.957500000000003
Gobio gobio,Gammarus fossarum,GloBI,preysOn,,33.75,28.774,ThermoFresh,ThermoFresh,4.975999999999999
Gobio gobio,Gammarus pulex,GloBI,preysOn,,33.75,29.1161111111111,ThermoFresh,ThermoFresh,4.633888888888901
Gobio gobio,Gammarus roeselii,GloBI,preysOn,,33.75,30.184,ThermoFresh,ThermoFresh,3.565999999999999
Gobio gobio,Gammarus tigrinus,GloBI,preysOn,,33.75,32.6985714285714,ThermoFresh,ThermoFresh,1.0514285714286018
Gobio gobio,Heptagenia sulphurea,GloBI,preysOn,,33.75,30.2,ThermoFresh,ThermoFresh,3.5500000000000007
Gobio gobio,Hydropsyche pellucidula,GloBI,preysOn,,33.75,25.5,ThermoFresh,ThermoFresh,8.25
Gobio gobio,Ischnura elegans,GloBI,preysOn,,33.75,43.7361538461539,ThermoFresh,ThermoFresh,9.986153846153897
Gobio gobio,Ischnura pumilio,GloBI,preysOn,,33.75,45.515,ThermoFresh,ThermoFresh,11.765
Gobio gobio,Leuctra fusca,GloBI,preysOn,,33.75,30.1,ThermoFresh,ThermoFresh,3.6499999999999986
Gobio gobio,Limnius volckmari,GloBI,preysOn,,33.75,33.7775,ThermoFresh,ThermoFresh,0.02750000000000341
Gobio gobio,Nemurella pictetii,GloBI,preysOn,,33.75,30.1,ThermoFresh,ThermoFresh,3.6499999999999986
Gobio gobio,Phoxinus lumaireul,GloBI,preysOn,,33.75,29.52,ThermoFresh,ComteOlden,4.23
Gobio gobio,Rhithrogena semicolorata,GloBI,preysOn,,33.75,25.33,ThermoFresh,ThermoFresh,8.420000000000002
Gobio gobio,Rhyacophila dorsalis,GloBI,preysOn,,33.75,22.0,ThermoFresh,ThermoFresh,11.75
Gobio gobio,Salmo trutta,GloBI,preysOn,,33.75,27.6830769230769,ThermoFresh,ThermoFresh,6.0669230769231
Gobio gobio,Serratella ignita,GloBI,preysOn,,33.75,32.3,ThermoFresh,ThermoFresh,1.4500000000000028
Gobio gobio,Squalius cephalus,GloBI,preysOn,,33.75,36.48,ThermoFresh,ThermoFresh,2.729999999999997
Gobiocichla ethelwynnae,Electrona antarctica,GloBI,eats,,39.73,31.24,ComteOlden,ComteOlden,8.489999999999998
Gobiomorphus breviceps,Potamopyrgus antipodarum,GloBI,eats;preysOn,,32.86,27.9033333333333,ComteOlden,ThermoFresh,4.956666666666699
Gobiomorphus cotidianus,Potamopyrgus antipodarum,GloBI,eats;preysOn,,33.35,27.9033333333333,ThermoFresh,ThermoFresh,5.446666666666701
Gobius cobitis,Parablennius incognitus,GloBI,eats;preysOn,,33.8,36.02,ThermoFresh,ComteOlden,2.220000000000006
Gobius niger,Atherina boyeri,GloBI,preysOn,,33.5,36.43,ThermoFresh,ComteOlden,2.9299999999999997
Gobius niger,Carcinus maenas,GloBI,eats;preysOn,,33.5,34.07,ThermoFresh,ThermoFresh,0.5700000000000003
Gobius niger,Coryphoblennius galerita,GloBI,preysOn,,33.5,32.79,ThermoFresh,ComteOlden,0.7100000000000009
Gobius niger,Crangon crangon,GloBI,eats;preysOn,,33.5,34.1133333333333,ThermoFresh,ThermoFresh,0.6133333333333013
Gobius niger,Gobius paganellus,GloBI,preysOn,,33.5,34.3333333333333,ThermoFresh,ThermoFresh,0.8333333333333002
Gobius niger,Lipophrys pholis,GloBI,preysOn,,33.5,34.18,ThermoFresh,ComteOlden,0.6799999999999997
Gobius niger,Palaemon elegans,GloBI,preysOn,,33.5,34.335,ThermoFresh,ThermoFresh,0.8350000000000009
Gobius niger,Palaemon longirostris,GloBI,preysOn,,33.5,34.4,ThermoFresh,ThermoFresh,0.8999999999999986
Gobius niger,Pomatoschistus minutus,GloBI,eats;preysOn,,33.5,28.4,ThermoFresh,ThermoFresh,5.100000000000001
Gobius paganellus,Carcinus maenas,GloBI,eats;preysOn,,34.3333333333333,34.07,ThermoFresh,ThermoFresh,0.2633333333332999
Gobius paganellus,Coryphoblennius galerita,GloBI,preysOn,,34.3333333333333,32.79,ThermoFresh,ComteOlden,1.543333333333301
Gobius paganellus,Crangon crangon,GloBI,eats;preysOn,,34.3333333333333,34.1133333333333,ThermoFresh,ThermoFresh,0.21999999999999886
Gobius paganellus,Gobius niger,GloBI,preysOn,,34.3333333333333,33.5,ThermoFresh,ThermoFresh,0.8333333333333002
Gobius paganellus,Lipophrys pholis,GloBI,preysOn,,34.3333333333333,34.18,ThermoFresh,ComteOlden,0.15333333333330046
Gobius paganellus,Pagurus bernhardus,GloBI,preysOn,,34.3333333333333,35.9,ThermoFresh,ThermoFresh,1.5666666666666984
Gobius paganellus,Palaemon elegans,GloBI,preysOn,,34.3333333333333,34.335,ThermoFresh,ThermoFresh,0.001666666666700678
Gobius paganellus,Palaemon longirostris,GloBI,preysOn,,34.3333333333333,34.4,ThermoFresh,ThermoFresh,0.0666666666666984
Gobius paganellus,Symphodus melops,GloBI,preysOn,,34.3333333333333,33.95,ThermoFresh,ComteOlden,0.38333333333329733
Gymnarchus niloticus,Schilbe intermedius,GloBI,preysOn,,38.25,39.15,ComteOlden,ComteOlden,0.8999999999999986
Gymnocephalus cernua,Agabus bipustulatus,GloBI,preysOn,,34.5,37.07,ThermoFresh,ThermoFresh,2.5700000000000003
Gymnocephalus cernua,Agapetus fuscipes,GloBI,preysOn,,34.5,25.8,ThermoFresh,ThermoFresh,8.7
Gymnocephalus cernua,Aphelocheirus aestivalis,GloBI,preysOn,,34.5,34.53,ThermoFresh,ThermoFresh,0.030000000000001137
Gymnocephalus cernua,Asellus aquaticus,GloBI,eats;preysOn,,34.5,32.8678947368421,ThermoFresh,ThermoFresh,1.6321052631578965
Gymnocephalus cernua,Astacus leptodactylus,GloBI,preysOn,,34.5,37.8666666666667,ThermoFresh,ThermoFresh,3.3666666666667027
Gymnocephalus cernua,Baetis rhodani,GloBI,preysOn,,34.5,25.1,ThermoFresh,ThermoFresh,9.399999999999999
Gymnocephalus cernua,Caenis luctuosa,GloBI,preysOn,,34.5,30.6,ThermoFresh,ThermoFresh,3.8999999999999986
Gymnocephalus cernua,Calopteryx virgo,GloBI,preysOn,,34.5,34.0225,ThermoFresh,ThermoFresh,0.47749999999999915
Gymnocephalus cernua,Coenagrion puella,GloBI,preysOn,,34.5,42.995,ThermoFresh,ThermoFresh,8.494999999999997
Gymnocephalus cernua,Coregonus albula,GloBI,eats;preysOn,,34.5,28.68,ThermoFresh,ComteOlden,5.82
Gymnocephalus cernua,Corophium volutator,GloBI,preysOn,,34.5,33.1452777775,ThermoFresh,ThermoFresh,1.3547222225000013
Gymnocephalus cernua,Crangon crangon,GloBI,eats;preysOn,,34.5,34.1133333333333,ThermoFresh,ThermoFresh,0.3866666666666987
Gymnocephalus cernua,Deronectes latus,GloBI,preysOn,,34.5,37.04,ThermoFresh,ThermoFresh,2.539999999999999
Gymnocephalus cernua,Dikerogammarus villosus,GloBI,preysOn,,34.5,28.1328571428571,ThermoFresh,ThermoFresh,6.367142857142898
Gymnocephalus cernua,Dinocras cephalotes,GloBI,preysOn,,34.5,34.6083333333333,ThermoFresh,ThermoFresh,0.10833333333329875
Gymnocephalus cernua,Drusus annulatus,GloBI,preysOn,,34.5,28.8,ThermoFresh,ThermoFresh,5.699999999999999
Gymnocephalus cernua,Ecdyonurus insignis,GloBI,preysOn,,34.5,32.34,ThermoFresh,ThermoFresh,2.1599999999999966
Gymnocephalus cernua,Echinogammarus berilloni,GloBI,preysOn,,34.5,30.3333333333333,ThermoFresh,ThermoFresh,4.1666666666667
Gymnocephalus cernua,Echinogammarus ischnus,GloBI,preysOn,,34.5,31.5,ThermoFresh,ThermoFresh,3.0
Gymnocephalus cernua,Ephemera danica,GloBI,preysOn,,34.5,36.7075,ThermoFresh,ThermoFresh,2.207500000000003
Gymnocephalus cernua,Gammarus fossarum,GloBI,preysOn,,34.5,28.774,ThermoFresh,ThermoFresh,5.725999999999999
Gymnocephalus cernua,Gammarus pulex,GloBI,preysOn,,34.5,29.1161111111111,ThermoFresh,ThermoFresh,5.383888888888901
Gymnocephalus cernua,Gammarus roeselii,GloBI,preysOn,,34.5,30.184,ThermoFresh,ThermoFresh,4.315999999999999
Gymnocephalus cernua,Gammarus tigrinus,GloBI,preysOn,,34.5,32.6985714285714,ThermoFresh,ThermoFresh,1.8014285714286018
Gymnocephalus cernua,Heptagenia sulphurea,GloBI,preysOn,,34.5,30.2,ThermoFresh,ThermoFresh,4.300000000000001
Gymnocephalus cernua,Hydropsyche pellucidula,GloBI,preysOn,,34.5,25.5,ThermoFresh,ThermoFresh,9.0
Gymnocephalus cernua,Ischnura elegans,GloBI,preysOn,,34.5,43.7361538461539,ThermoFresh,ThermoFresh,9.236153846153897
Gymnocephalus cernua,Ischnura pumilio,GloBI,preysOn,,34.5,45.515,ThermoFresh,ThermoFresh,11.015
Gymnocephalus cernua,Leuctra fusca,GloBI,preysOn,,34.5,30.1,ThermoFresh,ThermoFresh,4.399999999999999
Gymnocephalus cernua,Lymnaea stagnalis,GloBI,preysOn,,34.5,39.50856164,ThermoFresh,ThermoFresh,5.0085616400000035
Gymnocephalus cernua,Nemurella pictetii,GloBI,preysOn,,34.5,30.1,ThermoFresh,ThermoFresh,4.399999999999999
Gymnocephalus cernua,Osmerus eperlanus,GloBI,eats;preysOn,,34.5,27.8,ThermoFresh,ComteOlden,6.699999999999999
Gymnocephalus cernua,Perca flavescens,GloBI,eats;preysOn,,34.5,30.7,ThermoFresh,ComteOlden,3.8000000000000007
Gymnocephalus cernua,Pomatoschistus microps,GloBI,eats;preysOn,,34.5,33.7272727272727,ThermoFresh,ThermoFresh,0.7727272727273018
Gymnocephalus cernua,Rhithrogena semicolorata,GloBI,preysOn,,34.5,25.33,ThermoFresh,ThermoFresh,9.170000000000002
Gymnocephalus cernua,Rhyacophila dorsalis,GloBI,preysOn,,34.5,22.0,ThermoFresh,ThermoFresh,12.5
Gymnocephalus cernua,Sander vitreus,GloBI,eats;preysOn,,34.5,35.375,ThermoFresh,ThermoFresh,0.875
Gymnocephalus cernua,Serratella ignita,GloBI,preysOn,,34.5,32.3,ThermoFresh,ThermoFresh,2.200000000000003
Haemulon flavolineatum,Acar domingensis,GloBI,eats;preysOn,,36.41,39.0,ComteOlden,GlobTherm,2.5900000000000034
Hagenius brevistylus,Aeshna canadensis,GloBI,eats;preysOn,,44.57,45.18,ThermoFresh,ThermoFresh,0.6099999999999994
Hagenius brevistylus,Erythemis simplicicollis,GloBI,preysOn,,44.57,46.0,ThermoFresh,ThermoFresh,1.4299999999999997
Hagenius brevistylus,Ladona julia,GloBI,preysOn,,44.57,46.41,ThermoFresh,ThermoFresh,1.8399999999999963
Hagenius brevistylus,Pachydiplax longipennis,GloBI,eats;preysOn,,44.57,42.255,ThermoFresh,ThermoFresh,2.3149999999999977
Halichoeres bivittatus,Acar domingensis,GloBI,eats;preysOn,,37.98,39.0,ComteOlden,GlobTherm,1.0200000000000031
Halichoeres bivittatus,Echinometra lucunter,GloBI,eats;preysOn,,37.98,37.1,ComteOlden,GlobTherm,0.8799999999999955
Halichoeres bivittatus,Eucidaris tribuloides,GloBI,eats;preysOn,,37.98,36.0,ComteOlden,GlobTherm,1.9799999999999969
Halichoeres garnoti,Acar domingensis,GloBI,eats;preysOn,,37.97,39.0,ComteOlden,GlobTherm,1.0300000000000011
Halichoeres garnoti,Eucidaris tribuloides,GloBI,eats;preysOn,,37.97,36.0,ComteOlden,GlobTherm,1.9699999999999989
Halichoeres maculipinna,Acar domingensis,GloBI,eats;preysOn,,38.12,39.0,ComteOlden,GlobTherm,0.8800000000000026
Halichoeres poeyi,Acar domingensis,GloBI,eats;preysOn,,37.99,39.0,ComteOlden,GlobTherm,1.009999999999998
Halichoeres poeyi,Echinometra lucunter,GloBI,eats;preysOn,,37.99,37.1,ComteOlden,GlobTherm,0.8900000000000006
Halichoeres poeyi,Eucidaris tribuloides,GloBI,eats;preysOn,,37.99,36.0,ComteOlden,GlobTherm,1.990000000000002
Halichoeres radiatus,Acar domingensis,GloBI,eats;preysOn,,37.91,39.0,ComteOlden,GlobTherm,1.0900000000000034
Halichoeres semicinctus,Electrona antarctica,GloBI,eats,,35.21,31.24,ComteOlden,ComteOlden,3.9700000000000024
Helobdella stagnalis,Asellus aquaticus,GloBI,preysOn,,31.6,32.8678947368421,ThermoFresh,ThermoFresh,1.267894736842102
Helobdella stagnalis,Bithynia tentaculata,GloBI,preysOn,,31.6,28.8166666666667,ThermoFresh,ThermoFresh,2.783333333333303
Helobdella stagnalis,Gammarus pulex,GloBI,preysOn,,31.6,29.1161111111111,ThermoFresh,ThermoFresh,2.4838888888889024
Helobdella stagnalis,Potamopyrgus antipodarum,GloBI,eats;preysOn,,31.6,27.9033333333333,ThermoFresh,ThermoFresh,3.696666666666701
Heloderma suspectum,Gopherus agassizii,GloBI,eats,,44.0,39.5,GlobTherm,GlobTherm,4.5
Hemachatus haemachatus,Trachylepis capensis,GloBI,preysOn,,43.1,48.0,GlobTherm,GlobTherm,4.899999999999999
Hemidactylus frenatus,Anolis sagrei,GloBI,eats,,42.4,40.5,GlobTherm,GlobTherm,1.8999999999999986
Hemidactylus frenatus,Lepidodactylus lugubris,GloBI,preysOn,,42.4,40.2,GlobTherm,GlobTherm,2.1999999999999957
Hemidactylus turcicus,Erythemis simplicicollis,GloBI,preysOn,,41.1,46.0,GlobTherm,ThermoFresh,4.899999999999999
Hepsetus odoe,Schilbe mystus,GloBI,preysOn,,37.21,39.74,ComteOlden,ComteOlden,2.530000000000001
Hepsetus odoe,Synodontis schall,GloBI,eats;preysOn,,37.21,40.24,ComteOlden,ComteOlden,3.030000000000001
Hiodon alosoides,Culaea inconstans,GloBI,eats;preysOn,,32.78,31.35,ComteOlden,ComteOlden,1.4299999999999997
Hiodon alosoides,Electrona antarctica,GloBI,eats;preysOn,,32.78,31.24,ComteOlden,ComteOlden,1.5400000000000027
Hiodon alosoides,Esox lucius,GloBI,eats;preysOn,,32.78,28.98,ComteOlden,ComteOlden,3.8000000000000007
Hiodon alosoides,Notropis hudsonius,GloBI,eats;preysOn,,32.78,31.21,ComteOlden,ComteOlden,1.5700000000000003
Hiodon alosoides,Perca flavescens,GloBI,eats;preysOn,,32.78,30.7,ComteOlden,ComteOlden,2.080000000000002
Hiodon alosoides,Percina caprodes,GloBI,eats;preysOn,,32.78,31.93,ComteOlden,ComteOlden,0.8500000000000014
Hiodon alosoides,Pungitius pungitius,GloBI,eats;preysOn,,32.78,29.85,ComteOlden,ThermoFresh,2.9299999999999997
Holacanthus passer,Abudefduf troschelii,GloBI,preysOn,,37.9,37.91,ComteOlden,ComteOlden,0.00999999999999801
Hucho hucho,Abramis brama,GloBI,preysOn,,29.58,30.32,ComteOlden,ComteOlden,0.740000000000002
Hucho hucho,Alburnus alburnus,GloBI,preysOn,,29.58,37.7,ComteOlden,ThermoFresh,8.120000000000005
Hucho hucho,Alburnus arborella,GloBI,preysOn,,29.58,35.64,ComteOlden,ComteOlden,6.060000000000002
Hucho hucho,Barbus barbus,GloBI,eats;preysOn,,29.58,29.2,ComteOlden,ThermoFresh,0.379999999999999
Hucho hucho,Barbus plebejus,GloBI,preysOn,,29.58,32.5,ComteOlden,ComteOlden,2.9200000000000017
Hucho hucho,Blicca bjoerkna,GloBI,preysOn,,29.58,30.86,ComteOlden,ComteOlden,1.2800000000000011
Hucho hucho,Carassius carassius,GloBI,preysOn,,29.58,35.5365,ComteOlden,ThermoFresh,5.956499999999998
Hucho hucho,Carassius gibelio,GloBI,preysOn,,29.58,36.1,ComteOlden,ThermoFresh,6.520000000000003
Hucho hucho,Chondrostoma nasus,GloBI,eats;preysOn,,29.58,34.03,ComteOlden,ComteOlden,4.450000000000003
Hucho hucho,Chondrostoma soetta,GloBI,preysOn,,29.58,31.86,ComteOlden,ComteOlden,2.280000000000001
Hucho hucho,Ctenopharyngodon idella,GloBI,preysOn,,29.58,39.5,ComteOlden,ThermoFresh,9.920000000000002
Hucho hucho,Cyprinus carpio,GloBI,preysOn,,29.58,33.5484745762712,ComteOlden,ThermoFresh,3.9684745762711984
Hucho hucho,Gobio gobio,GloBI,eats;preysOn,,29.58,33.75,ComteOlden,ThermoFresh,4.170000000000002
Hucho hucho,Hypophthalmichthys molitrix,GloBI,preysOn,,29.58,36.27,ComteOlden,ComteOlden,6.690000000000005
Hucho hucho,Hypophthalmichthys nobilis,GloBI,preysOn,,29.58,37.92,ComteOlden,ComteOlden,8.340000000000003
Hucho hucho,Leucaspius delineatus,GloBI,preysOn,,29.58,34.3566666666667,ComteOlden,ThermoFresh,4.776666666666699
Hucho hucho,Leuciscus aspius,GloBI,preysOn,,29.58,34.92,ComteOlden,ComteOlden,5.340000000000003
Hucho hucho,Leuciscus leuciscus,GloBI,preysOn,,29.58,32.57,ComteOlden,ComteOlden,2.990000000000002
Hucho hucho,Oncorhynchus mykiss,GloBI,eats,,29.58,28.6755405405405,ComteOlden,ThermoFresh,0.904459459459499
Hucho hucho,Parachondrostoma toxostoma,GloBI,preysOn,,29.58,34.17,ComteOlden,ComteOlden,4.590000000000003
Hucho hucho,Phoxinus lumaireul,GloBI,eats;preysOn,,29.58,29.52,ComteOlden,ComteOlden,0.05999999999999872
Hucho hucho,Pseudorasbora parva,GloBI,preysOn,,29.58,38.515,ComteOlden,ThermoFresh,8.935000000000002
Hucho hucho,Rhodeus amarus,GloBI,preysOn,,29.58,34.1,ComteOlden,ComteOlden,4.520000000000003
Hucho hucho,Romanogobio benacensis,GloBI,preysOn,,29.58,30.28,ComteOlden,ComteOlden,0.7000000000000028
Hucho hucho,Rutilus aula,GloBI,preysOn,,29.58,32.32,ComteOlden,ComteOlden,2.740000000000002
Hucho hucho,Rutilus pigus,GloBI,preysOn,,29.58,33.59,ComteOlden,ComteOlden,4.010000000000005
Hucho hucho,Rutilus rutilus,GloBI,preysOn,,29.58,28.5058333333333,ComteOlden,ThermoFresh,1.0741666666666987
Hucho hucho,Scardinius erythrophthalmus,GloBI,preysOn,,29.58,34.94,ComteOlden,ComteOlden,5.359999999999999
Hucho hucho,Squalius cephalus,GloBI,preysOn,,29.58,36.48,ComteOlden,ThermoFresh,6.899999999999999
Hucho hucho,Telestes muticellus,GloBI,preysOn,,29.58,33.48,ComteOlden,ComteOlden,3.8999999999999986
Hucho hucho,Telestes souffia,GloBI,preysOn,,29.58,33.18,ComteOlden,ComteOlden,3.6000000000000014
Hucho hucho,Thymallus thymallus,GloBI,eats;preysOn,,29.58,29.4333333333333,ComteOlden,ThermoFresh,0.1466666666666967
Hucho hucho,Tinca tinca,GloBI,preysOn,,29.58,35.6875,ComteOlden,ThermoFresh,6.107500000000002
Huso huso,Abramis brama,GloBI,eats;preysOn,,34.94,30.32,ComteOlden,ComteOlden,4.619999999999997
Huso huso,Acipenser ruthenus,GloBI,eats;preysOn,,34.94,32.16,ComteOlden,ComteOlden,2.780000000000001
Huso huso,Acipenser stellatus,GloBI,eats;preysOn,,34.94,34.66,ComteOlden,ComteOlden,0.28000000000000114
Huso huso,Alosa sapidissima,GloBI,eats;preysOn,,34.94,32.58,ComteOlden,ComteOlden,2.3599999999999994
Huso huso,Atherina boyeri,GloBI,eats;preysOn,,34.94,36.43,ComteOlden,ComteOlden,1.490000000000002
Huso huso,Carassius carassius,GloBI,eats;preysOn,,34.94,35.5365,ComteOlden,ThermoFresh,0.5964999999999989
Huso huso,Cyprinus carpio,GloBI,eats;preysOn,,34.94,33.5484745762712,ComteOlden,ThermoFresh,1.391525423728801
Huso huso,Gasterosteus aculeatus,GloBI,eats;preysOn,,34.94,31.6655882352941,ComteOlden,ThermoFresh,3.2744117647058992
Huso huso,Leuciscus aspius,GloBI,eats,,34.94,34.92,ComteOlden,ComteOlden,0.01999999999999602
Huso huso,Misgurnus fossilis,GloBI,eats;preysOn,,34.94,34.54,ComteOlden,ComteOlden,0.3999999999999986
Huso huso,Neogobius fluviatilis,GloBI,preysOn,,34.94,34.32,ComteOlden,ComteOlden,0.6199999999999974
Huso huso,Neogobius melanostomus,GloBI,preysOn,,34.94,33.726,ComteOlden,ThermoFresh,1.2139999999999986
Huso huso,Platichthys flesus,GloBI,eats;preysOn,,34.94,32.75,ComteOlden,ComteOlden,2.1899999999999977
Huso huso,Rutilus frisii,GloBI,eats;preysOn,,34.94,32.71,ComteOlden,ComteOlden,2.229999999999997
Huso huso,Rutilus rutilus,GloBI,eats;preysOn,,34.94,28.5058333333333,ComteOlden,ThermoFresh,6.434166666666698
Huso huso,Sander lucioperca,GloBI,eats;preysOn,,34.94,35.4428571428571,ComteOlden,ThermoFresh,0.5028571428571027
Huso huso,Sander volgensis,GloBI,eats;preysOn,,34.94,34.04,ComteOlden,ComteOlden,0.8999999999999986
Huso huso,Scardinius erythrophthalmus,GloBI,eats;preysOn,,34.94,34.94,ComteOlden,ComteOlden,0.0
Huso huso,Scomber scombrus,GloBI,eats;preysOn,,34.94,33.2066666666667,ComteOlden,ComteOlden,1.7333333333332988
Huso huso,Scorpaena porcus,GloBI,eats;preysOn,,34.94,35.57,ComteOlden,ComteOlden,0.6300000000000026
Huso huso,Vimba vimba,GloBI,eats;preysOn,,34.94,33.43,ComteOlden,ComteOlden,1.509999999999998
Hydrocynus brevis,Schilbe mystus,GloBI,preysOn,,37.76,39.74,ComteOlden,ComteOlden,1.980000000000004
Hydrocynus forskahlii,Brycinus longipinnis,GloBI,eats;preysOn,,37.71,37.57,ComteOlden,ComteOlden,0.14000000000000057
Hydrocynus forskahlii,Hepsetus odoe,GloBI,eats;preysOn,,37.71,37.21,ComteOlden,ComteOlden,0.5
Hydrocynus forskahlii,Limnothrissa miodon,GloBI,preysOn,,37.71,34.26,ComteOlden,ComteOlden,3.450000000000003
Hydrocynus forskahlii,Micralestes acutidens,GloBI,preysOn,,37.71,36.16,ComteOlden,ComteOlden,1.5500000000000043
Hydrocynus forskahlii,Schilbe mystus,GloBI,eats;preysOn,,37.71,39.74,ComteOlden,ComteOlden,2.030000000000001
Hydrocynus forskahlii,Sierrathrissa leonensis,GloBI,preysOn,,37.71,36.11,ComteOlden,ComteOlden,1.6000000000000014
Hydrocynus vittatus,Barbus paludinosus,GloBI,eats;preysOn,,37.02,38.63,ComteOlden,ComteOlden,1.6099999999999994
Hydrocynus vittatus,Brycinus imberi,GloBI,eats;preysOn,,37.02,36.69,ComteOlden,ComteOlden,0.3300000000000054
Hydrocynus vittatus,Brycinus lateralis,GloBI,eats;preysOn,,37.02,35.75,ComteOlden,ComteOlden,1.2700000000000031
Hydrocynus vittatus,Clarias gariepinus,GloBI,eats;preysOn,,37.02,37.71,ComteOlden,ComteOlden,0.6899999999999977
Hydrocynus vittatus,Electrona antarctica,GloBI,eats,,37.02,31.24,ComteOlden,ComteOlden,5.780000000000005
Hydrocynus vittatus,Limnothrissa miodon,GloBI,eats;preysOn,,37.02,34.26,ComteOlden,ComteOlden,2.760000000000005
Hydrocynus vittatus,Pharyngochromis acuticeps,GloBI,eats;preysOn,,37.02,38.02,ComteOlden,ComteOlden,1.0
Hydrocynus vittatus,Schilbe intermedius,GloBI,eats;preysOn,,37.02,39.15,ComteOlden,ComteOlden,2.1299999999999955
Hydrocynus vittatus,Tilapia rendalli,GloBI,eats;preysOn,,37.02,39.15,ComteOlden,ComteOlden,2.1299999999999955
Hydropsyche pellucidula,Baetis rhodani,GloBI,eats;preysOn,,25.5,25.1,ThermoFresh,ThermoFresh,0.3999999999999986
Hydropsyche pellucidula,Gammarus pulex,GloBI,eats;preysOn,,25.5,29.1161111111111,ThermoFresh,ThermoFresh,3.616111111111099
Hydropsyche pellucidula,Heptagenia sulphurea,GloBI,preysOn,,25.5,30.2,ThermoFresh,ThermoFresh,4.699999999999999
Hydropsyche pellucidula,Leuctra fusca,GloBI,preysOn,,25.5,30.1,ThermoFresh,ThermoFresh,4.600000000000001
Hydropsyche pellucidula,Limnius volckmari,GloBI,preysOn,,25.5,33.7775,ThermoFresh,ThermoFresh,8.277500000000003
Hypomesus olidus,Electrona antarctica,GloBI,eats,,25.81,31.24,ComteOlden,ComteOlden,5.43
Hypoplectrus aberrans,Parablennius marmoreus,GloBI,eats;preysOn,,37.36,39.07,ComteOlden,ComteOlden,1.7100000000000009
Hypoplectrus aberrans,Scartella cristata,GloBI,eats;preysOn,,37.36,36.16,ComteOlden,ComteOlden,1.2000000000000028
Hypoplectrus nigricans,Parablennius marmoreus,GloBI,eats;preysOn,,37.33,39.07,ComteOlden,ComteOlden,1.740000000000002
Hypoplectrus nigricans,Scartella cristata,GloBI,eats;preysOn,,37.33,36.16,ComteOlden,ComteOlden,1.1700000000000017
Hypsoblennius hentz,Gammarus tigrinus,GloBI,preysOn,,36.51,32.6985714285714,ComteOlden,ThermoFresh,3.8114285714286
Hypsoblennius hentz,Hyalella azteca,GloBI,preysOn,,36.51,41.1175,ComteOlden,ThermoFresh,4.607500000000002
Hypsoblennius hentz,Uma inornata,GloBI,preysOn,,36.51,45.0,ComteOlden,GlobTherm,8.490000000000002
Ictalurus furcatus,Acipenser oxyrinchus,GloBI,eats,,38.04,33.41,ComteOlden,ComteOlden,4.630000000000003
Ictalurus furcatus,Alosa aestivalis,GloBI,eats,,38.04,33.58,ComteOlden,ComteOlden,4.460000000000001
Ictalurus furcatus,Alosa pseudoharengus,GloBI,eats,,38.04,30.4625,ComteOlden,ThermoFresh,7.577500000000001
Ictalurus furcatus,Alosa sapidissima,GloBI,eats,,38.04,32.58,ComteOlden,ComteOlden,5.460000000000001
Ictalurus furcatus,Anchoa mitchilli,GloBI,eats;preysOn,,38.04,36.68,ComteOlden,ComteOlden,1.3599999999999994
Ictalurus furcatus,Anguilla rostrata,GloBI,eats,,38.04,36.6,ComteOlden,ComteOlden,1.4399999999999977
Ictalurus furcatus,Gammarus tigrinus,GloBI,eats,,38.04,32.6985714285714,ComteOlden,ThermoFresh,5.341428571428601
Ictalurus furcatus,Menidia beryllina,GloBI,eats;preysOn,,38.04,33.2371428571429,ComteOlden,ThermoFresh,4.8028571428571
Ictalurus punctatus,Anchoa mitchilli,GloBI,eats;preysOn,,37.6368421052632,36.68,ThermoFresh,ComteOlden,0.956842105263199
Ictalurus punctatus,Catostomus discobolus,GloBI,preysOn,,37.6368421052632,32.55,ThermoFresh,ThermoFresh,5.086842105263202
Ictalurus punctatus,Catostomus latipinnis,GloBI,preysOn,,37.6368421052632,34.1,ThermoFresh,ThermoFresh,3.5368421052631973
Ictalurus punctatus,Cyprinus carpio,GloBI,preysOn,,37.6368421052632,33.5484745762712,ThermoFresh,ThermoFresh,4.088367528992002
Ictalurus punctatus,Dorosoma cepedianum,GloBI,eats;preysOn,,37.6368421052632,35.3,ThermoFresh,ComteOlden,2.3368421052632016
Ictalurus punctatus,Gammarus tigrinus,GloBI,eats,,37.6368421052632,32.6985714285714,ThermoFresh,ThermoFresh,4.9382706766918005
Ictalurus punctatus,Gila cypha,GloBI,eats;preysOn,,37.6368421052632,34.76,ThermoFresh,ComteOlden,2.8768421052632007
Ictalurus punctatus,Heterandria formosa,GloBI,eats;preysOn,,37.6368421052632,37.95,ThermoFresh,ComteOlden,0.3131578947368041
Ictalurus punctatus,Hyalella azteca,GloBI,eats;preysOn,,37.6368421052632,41.1175,ThermoFresh,ThermoFresh,3.480657894736801
Ictalurus punctatus,Lepomis macrochirus,GloBI,preysOn,,37.6368421052632,36.8636,ThermoFresh,ThermoFresh,0.7732421052632006
Ictalurus punctatus,Morone chrysops,GloBI,eats;preysOn,,37.6368421052632,35.47,ThermoFresh,ComteOlden,2.1668421052632
Ictalurus punctatus,Oncorhynchus kisutch,GloBI,eats;preysOn,,37.6368421052632,27.6965,ThermoFresh,ThermoFresh,9.940342105263198
Ictalurus punctatus,Oncorhynchus mykiss,GloBI,eats;preysOn,,37.6368421052632,28.6755405405405,ThermoFresh,ThermoFresh,8.9613015647227
Ictalurus punctatus,Oncorhynchus nerka,GloBI,eats;preysOn,,37.6368421052632,27.2636363636364,ThermoFresh,ThermoFresh,10.373205741626798
Ictalurus punctatus,Oncorhynchus tshawytscha,GloBI,eats;preysOn,,37.6368421052632,28.7821875,ThermoFresh,ThermoFresh,8.8546546052632
Ictalurus punctatus,Pimephales promelas,GloBI,preysOn,,37.6368421052632,35.996338028169,ThermoFresh,ThermoFresh,1.6405040770941994
Ictalurus punctatus,Pomoxis annularis,GloBI,eats;preysOn,,37.6368421052632,31.91,ThermoFresh,ComteOlden,5.726842105263199
Ictalurus punctatus,Rhinichthys osculus,GloBI,preysOn,,37.6368421052632,35.0053333333333,ThermoFresh,ThermoFresh,2.6315087719299015
Ictalurus punctatus,Sander vitreus,GloBI,eats;preysOn,,37.6368421052632,35.375,ThermoFresh,ThermoFresh,2.2618421052631987
Ictalurus punctatus,Xyrauchen texanus,GloBI,preysOn,,37.6368421052632,38.8,ThermoFresh,ThermoFresh,1.1631578947367984
Ischnura elegans,Coenagrion puella,GloBI,preysOn,,43.7361538461539,42.995,ThermoFresh,ThermoFresh,0.7411538461538996
Ischnura elegans,Daphnia magna,GloBI,preysOn,,43.7361538461539,40.07,ThermoFresh,ThermoFresh,3.6661538461538967
Ischnura elegans,Drusus annulatus,GloBI,preysOn,,43.7361538461539,28.8,ThermoFresh,ThermoFresh,14.936153846153896
Istiompax indica,Auxis rochei,GloBI,preysOn,,37.21,34.0,ComteOlden,ComteOlden,3.210000000000001
Istiompax indica,Auxis thazard,GloBI,preysOn,,37.21,33.83,ComteOlden,ComteOlden,3.3800000000000026
Istiompax indica,Katsuwonus pelamis,GloBI,eats;preysOn,,37.21,34.28,ComteOlden,ComteOlden,2.9299999999999997
Istiompax indica,Thunnus albacares,GloBI,eats;preysOn,,37.21,34.96,ComteOlden,ComteOlden,2.25
Istiompax indica,Thunnus obesus,GloBI,eats;preysOn,,37.21,34.82,ComteOlden,ComteOlden,2.3900000000000006
Istiompax indica,Xiphias gladius,GloBI,preysOn,,37.21,34.29,ComteOlden,ComteOlden,2.9200000000000017
Istiophorus platypterus,Auxis rochei,GloBI,preysOn,,37.1,34.0,ComteOlden,ComteOlden,3.1000000000000014
Istiophorus platypterus,Auxis thazard,GloBI,preysOn,,37.1,33.83,ComteOlden,ComteOlden,3.270000000000003
Istiophorus platypterus,Euthynnus alletteratus,GloBI,eats;preysOn,,37.1,33.67,ComteOlden,ComteOlden,3.4299999999999997
Istiophorus platypterus,Lagodon rhomboides,GloBI,eats;preysOn,,37.1,37.3,ComteOlden,ThermoFresh,0.19999999999999574
Istiophorus platypterus,Xiphias gladius,GloBI,preysOn,,37.1,34.29,ComteOlden,ComteOlden,2.8100000000000023
Kajikia albida,Auxis rochei,GloBI,preysOn,,37.04,34.0,ComteOlden,ComteOlden,3.039999999999999
Kajikia albida,Auxis thazard,GloBI,preysOn,,37.04,33.83,ComteOlden,ComteOlden,3.210000000000001
Kajikia albida,Euthynnus alletteratus,GloBI,eats;preysOn,,37.04,33.67,ComteOlden,ComteOlden,3.3699999999999974
Kajikia albida,Scomber scombrus,GloBI,eats;preysOn,,37.04,33.2066666666667,ComteOlden,ComteOlden,3.8333333333333
Kajikia audax,Auxis rochei,GloBI,preysOn,,37.39,34.0,ComteOlden,ComteOlden,3.3900000000000006
Kajikia audax,Auxis thazard,GloBI,preysOn,,37.39,33.83,ComteOlden,ComteOlden,3.5600000000000023
Kajikia audax,Engraulis mordax,GloBI,eats;preysOn,,37.39,33.4,ComteOlden,ComteOlden,3.990000000000002
Kajikia audax,Pseudocaranx dentex,GloBI,eats;preysOn,,37.39,33.72,ComteOlden,ThermoFresh,3.6700000000000017
Kajikia audax,Sardinops sagax,GloBI,eats;preysOn,,37.39,31.24,ComteOlden,ComteOlden,6.150000000000002
Kajikia audax,Scomber scombrus,GloBI,eats;preysOn,,37.39,33.2066666666667,ComteOlden,ComteOlden,4.183333333333302
Kajikia audax,Xiphias gladius,GloBI,preysOn,,37.39,34.29,ComteOlden,ComteOlden,3.1000000000000014
Katsuwonus pelamis,Auxis rochei,GloBI,preysOn,,34.28,34.0,ComteOlden,ComteOlden,0.28000000000000114
Katsuwonus pelamis,Auxis thazard,GloBI,eats;preysOn,,34.28,33.83,ComteOlden,ComteOlden,0.45000000000000284
Konia eisentrauti,Electrona antarctica,GloBI,eats,,40.8,31.24,ComteOlden,ComteOlden,9.559999999999999
Kuhlia sandvicensis,Poecilia reticulata,GloBI,eats;preysOn,,38.68,39.7275,ThermoFresh,ThermoFresh,1.0474999999999994
Kuhlia sandvicensis,Xiphophorus hellerii,GloBI,eats;preysOn,,38.68,38.465,ThermoFresh,ThermoFresh,0.2149999999999963
Labroides dimidiatus,Ctenochaetus striatus,GloBI,eats,,38.03,38.45,ComteOlden,ComteOlden,0.4200000000000017
Labrus bergylta,Carcinus maenas,GloBI,preysOn,,30.71,34.07,ComteOlden,ThermoFresh,3.3599999999999994
Labrus bergylta,Xantho incisus,GloBI,eats;preysOn,,30.71,33.4,ComteOlden,GlobTherm,2.6899999999999977
Labrus mixtus,Carcinus maenas,GloBI,preysOn,,32.87,34.07,ComteOlden,ThermoFresh,1.2000000000000028
Labrus mixtus,Littorina saxatilis,GloBI,preysOn,,32.87,34.91,ComteOlden,ThermoFresh,2.039999999999999
Labrus mixtus,Pagurus bernhardus,GloBI,preysOn,,32.87,35.9,ComteOlden,ThermoFresh,3.030000000000001
Lacerta agilis,Acanthodactylus erythrurus,GloBI;TetraEU,eats,HERPref23;HERPref25;HERPref9,43.9,46.3,GlobTherm,GlobTherm,2.3999999999999986
Lacerta agilis,Armadillidium vulgare,GloBI,preysOn,,43.9,45.9,GlobTherm,GlobTherm,2.0
Lacerta agilis,Lacerta schreiberi,GloBI;TetraEU,eats,HERPref23;HERPref25;HERPref9,43.9,43.0,GlobTherm,GlobTherm,0.8999999999999986
Lacerta agilis,Pardosa nigriceps,GloBI,preysOn,,43.9,39.7,GlobTherm,GlobTherm,4.199999999999996
Lacerta agilis,Podarcis bocagei,GloBI;TetraEU,eats,HERPref23;HERPref25;HERPref9,43.9,45.4,GlobTherm,GlobTherm,1.5
Lacerta agilis,Podarcis hispanicus,GloBI;TetraEU,eats,HERPref23;HERPref25;HERPref9,43.9,44.45,GlobTherm,GlobTherm,0.5500000000000043
Lacerta agilis,Podarcis lilfordi,GloBI;TetraEU,eats,HERPref23;HERPref25;HERPref9,43.9,43.3,GlobTherm,GlobTherm,0.6000000000000014
Lacerta agilis,Podarcis muralis,GloBI;TetraEU,eats;eats;preysOn,HERPref23;HERPref25;HERPref9,43.9,44.2,GlobTherm,GlobTherm,0.30000000000000426
Lacerta agilis,Podarcis tiliguerta,GloBI;TetraEU,eats,HERPref23;HERPref25;HERPref9,43.9,42.7,GlobTherm,GlobTherm,1.1999999999999957
Lacerta agilis,Psammodromus algirus,GloBI,eats,,43.9,43.5,GlobTherm,GlobTherm,0.3999999999999986
Lacerta agilis,Psammodromus hispanicus,GloBI;TetraEU,eats,HERPref23;HERPref25;HERPref9,43.9,45.5,GlobTherm,GlobTherm,1.6000000000000014
Lacerta agilis,Zootoca vivipara,GloBI;TetraEU,eats;eats;preysOn,HERPref23;HERPref25;HERPref9,43.9,43.9,GlobTherm,GlobTherm,0.0
Lachnolaimus maximus,Acar domingensis,GloBI,eats;preysOn,,38.85,39.0,ComteOlden,GlobTherm,0.14999999999999858
Lachnolaimus maximus,Echinometra lucunter,GloBI,eats;preysOn,,38.85,37.1,ComteOlden,GlobTherm,1.75
Lachnolaimus maximus,Eucidaris tribuloides,GloBI,eats;preysOn,,38.85,36.0,ComteOlden,GlobTherm,2.8500000000000014
Lagodon rhomboides,Anchoa mitchilli,GloBI,eats;preysOn,,37.3,36.68,ThermoFresh,ComteOlden,0.6199999999999974
Lagodon rhomboides,Lucania parva,GloBI,eats;preysOn,,37.3,38.38,ThermoFresh,ComteOlden,1.0800000000000054
Lagodon rhomboides,Mugil cephalus,GloBI,preysOn,,37.3,39.74,ThermoFresh,ThermoFresh,2.440000000000005
Lampropeltis zonata,Elgaria multicarinata,GloBI,eats;preysOn,,42.5,41.4,GlobTherm,GlobTherm,1.1000000000000014
Lampropeltis zonata,Plestiodon gilberti,GloBI,preysOn,,42.5,42.3,GlobTherm,GlobTherm,0.20000000000000284
Lampropeltis zonata,Plestiodon skiltonianus,GloBI,preysOn,,42.5,41.3,GlobTherm,GlobTherm,1.2000000000000028
Lampropeltis zonata,Sceloporus graciosus,GloBI,preysOn,,42.5,43.0,GlobTherm,GlobTherm,0.5
Lampropeltis zonata,Sceloporus occidentalis,GloBI,preysOn,,42.5,44.1,GlobTherm,GlobTherm,1.6000000000000014
Lateolabrax japonicus,Acanthogobius flavimanus,GloBI,eats;preysOn,,36.3,35.59,ThermoFresh,ComteOlden,0.7099999999999937
Lates calcarifer,Chanos chanos,GloBI,eats;preysOn,,42.36,40.555,ThermoFresh,ThermoFresh,1.8049999999999997
Lates calcarifer,Craterocephalus stercusmuscarum,GloBI,preysOn,,42.36,37.91,ThermoFresh,ComteOlden,4.450000000000003
Lates calcarifer,Cyprinus carpio,GloBI,preysOn,,42.36,33.5484745762712,ThermoFresh,ThermoFresh,8.811525423728803
Lates calcarifer,Macrobrachium rosenbergii,GloBI,eats;preysOn,,42.36,39.8115384615385,ThermoFresh,ThermoFresh,2.5484615384615026
Lates calcarifer,Melanotaenia splendida,GloBI,preysOn,,42.36,37.2,ThermoFresh,ThermoFresh,5.159999999999997
Lates calcarifer,Scomberomorus commerson,GloBI,preysOn,,42.36,35.83,ThermoFresh,ComteOlden,6.530000000000001
Lates niloticus,Bagrus docmak,GloBI,eats;preysOn,,38.6252631578947,39.49,ThermoFresh,ComteOlden,0.8647368421053017
Lates niloticus,Barbus callipterus,GloBI,preysOn,,38.6252631578947,40.31,ThermoFresh,ComteOlden,1.684736842105302
Lates niloticus,Brycinus longipinnis,GloBI,preysOn,,38.6252631578947,37.57,ThermoFresh,ComteOlden,1.0552631578947
Lates niloticus,Brycinus macrolepidotus,GloBI,preysOn,,38.6252631578947,37.48,ThermoFresh,ComteOlden,1.1452631578947035
Lates niloticus,Brycinus nurse,GloBI,preysOn,,38.6252631578947,37.63,ThermoFresh,ComteOlden,0.9952631578946978
Lates niloticus,Clarias gariepinus,GloBI,eats;preysOn,,38.6252631578947,37.71,ThermoFresh,ComteOlden,0.9152631578946995
Lates niloticus,Labeo victorianus,GloBI,eats;preysOn,,38.6252631578947,40.03,ThermoFresh,ThermoFresh,1.4047368421053008
Lates niloticus,Limnothrissa miodon,GloBI,preysOn,,38.6252631578947,34.26,ThermoFresh,ComteOlden,4.365263157894702
Lates niloticus,Oreochromis niloticus,GloBI,eats;preysOn,,38.6252631578947,39.348,ThermoFresh,ThermoFresh,0.7227368421052986
Lates niloticus,Schilbe intermedius,GloBI,preysOn,,38.6252631578947,39.15,ThermoFresh,ComteOlden,0.5247368421052983
Lates niloticus,Schilbe mystus,GloBI,preysOn,,38.6252631578947,39.74,ThermoFresh,ComteOlden,1.1147368421053017
Lates niloticus,Sierrathrissa leonensis,GloBI,preysOn,,38.6252631578947,36.11,ThermoFresh,ComteOlden,2.515263157894701
Lates niloticus,Synodontis schall,GloBI,preysOn,,38.6252631578947,40.24,ThermoFresh,ComteOlden,1.6147368421053017
Leiostomus xanthurus,Alosa pseudoharengus,GloBI,preysOn,,36.19,30.4625,ComteOlden,ThermoFresh,5.727499999999999
Leiostomus xanthurus,Alosa sapidissima,GloBI,preysOn,,36.19,32.58,ComteOlden,ComteOlden,3.6099999999999994
Leiostomus xanthurus,Anchoa mitchilli,GloBI,preysOn,,36.19,36.68,ComteOlden,ComteOlden,0.490000000000002
Leiostomus xanthurus,Electrona antarctica,GloBI,eats,,36.19,31.24,ComteOlden,ComteOlden,4.949999999999999
Leiostomus xanthurus,Gammarus tigrinus,GloBI,eats;preysOn,,36.19,32.6985714285714,ComteOlden,ThermoFresh,3.4914285714285995
Leiostomus xanthurus,Hyalella azteca,GloBI,preysOn,,36.19,41.1175,ComteOlden,ThermoFresh,4.927500000000002
Leiostomus xanthurus,Morone americana,GloBI,preysOn,,36.19,34.95,ComteOlden,ComteOlden,1.2399999999999949
Leiostomus xanthurus,Trinectes maculatus,GloBI,preysOn,,36.19,37.31,ComteOlden,ComteOlden,1.1200000000000045
Leiostomus xanthurus,Uma inornata,GloBI,preysOn,,36.19,45.0,ComteOlden,GlobTherm,8.810000000000002
Lepidiolamprologus elongatus,Julidochromis marlieri,GloBI,preysOn,,37.87,37.83,ComteOlden,ComteOlden,0.03999999999999915
Lepidiolamprologus elongatus,Neolamprologus pulcher,GloBI,preysOn,,37.87,37.88,ComteOlden,ComteOlden,0.010000000000005116
Lepidiolamprologus profundicola,Julidochromis marlieri,GloBI,preysOn,,38.0,37.83,ComteOlden,ComteOlden,0.1700000000000017
Lepidonotothen squamifrons,Electrona antarctica,GloBI,eats;preysOn,,16.28,31.24,ComteOlden,ComteOlden,14.959999999999997
Lepidopsetta bilineata,Cheimarrichthys fosteri,GloBI,preysOn,,25.15,33.37,ComteOlden,ComteOlden,8.219999999999999
Lepisosteus osseus,Alosa pseudoharengus,GloBI,eats;preysOn,,35.98,30.4625,ComteOlden,ThermoFresh,5.517499999999998
Lepisosteus osseus,Anchoa mitchilli,GloBI,eats;preysOn,,35.98,36.68,ComteOlden,ComteOlden,0.7000000000000028
Lepisosteus osseus,Pylodictis olivaris,GloBI,preysOn,,35.98,37.59,ComteOlden,ComteOlden,1.6100000000000065
Lepisosteus osseus,Strongylura marina,GloBI,preysOn,,35.98,38.36,ComteOlden,ComteOlden,2.3800000000000026
Lepomis auritus,Hyalella azteca,GloBI,preysOn,,35.93,41.1175,ComteOlden,ThermoFresh,5.1875
Lepomis cyanellus,Gambusia affinis,GloBI,preysOn,,37.9452941176471,38.9970689655172,ThermoFresh,ThermoFresh,1.0517748478700994
Lepomis cyanellus,Hesperoleucus symmetricus,GloBI,preysOn,,37.9452941176471,33.78,ThermoFresh,ComteOlden,4.1652941176471
Lepomis cyanellus,Xyrauchen texanus,GloBI,preysOn,,37.9452941176471,38.8,ThermoFresh,ThermoFresh,0.8547058823528957
Lepomis gibbosus,Agabus bipustulatus,GloBI,preysOn,,33.8035,37.07,ThermoFresh,ThermoFresh,3.2665000000000006
Lepomis gibbosus,Agapetus fuscipes,GloBI,preysOn,,33.8035,25.8,ThermoFresh,ThermoFresh,8.003499999999999
Lepomis gibbosus,Aphelocheirus aestivalis,GloBI,preysOn,,33.8035,34.53,ThermoFresh,ThermoFresh,0.7265000000000015
Lepomis gibbosus,Asellus aquaticus,GloBI,eats;preysOn,,33.8035,32.8678947368421,ThermoFresh,ThermoFresh,0.9356052631578962
Lepomis gibbosus,Astacus leptodactylus,GloBI,preysOn,,33.8035,37.8666666666667,ThermoFresh,ThermoFresh,4.063166666666703
Lepomis gibbosus,Baetis rhodani,GloBI,preysOn,,33.8035,25.1,ThermoFresh,ThermoFresh,8.703499999999998
Lepomis gibbosus,Caenis luctuosa,GloBI,preysOn,,33.8035,30.6,ThermoFresh,ThermoFresh,3.2034999999999982
Lepomis gibbosus,Calopteryx virgo,GloBI,preysOn,,33.8035,34.0225,ThermoFresh,ThermoFresh,0.2190000000000012
Lepomis gibbosus,Coenagrion puella,GloBI,preysOn,,33.8035,42.995,ThermoFresh,ThermoFresh,9.191499999999998
Lepomis gibbosus,Daphnia galeata,GloBI,preysOn,,33.8035,38.89,ThermoFresh,ThermoFresh,5.086500000000001
Lepomis gibbosus,Deronectes latus,GloBI,preysOn,,33.8035,37.04,ThermoFresh,ThermoFresh,3.2364999999999995
Lepomis gibbosus,Dikerogammarus villosus,GloBI,preysOn,,33.8035,28.1328571428571,ThermoFresh,ThermoFresh,5.670642857142898
Lepomis gibbosus,Dinocras cephalotes,GloBI,preysOn,,33.8035,34.6083333333333,ThermoFresh,ThermoFresh,0.8048333333332991
Lepomis gibbosus,Drusus annulatus,GloBI,preysOn,,33.8035,28.8,ThermoFresh,ThermoFresh,5.003499999999999
Lepomis gibbosus,Ecdyonurus insignis,GloBI,preysOn,,33.8035,32.34,ThermoFresh,ThermoFresh,1.4634999999999962
Lepomis gibbosus,Echinogammarus berilloni,GloBI,preysOn,,33.8035,30.3333333333333,ThermoFresh,ThermoFresh,3.4701666666666995
Lepomis gibbosus,Echinogammarus ischnus,GloBI,preysOn,,33.8035,31.5,ThermoFresh,ThermoFresh,2.3034999999999997
Lepomis gibbosus,Electrona antarctica,GloBI,eats,,33.8035,31.24,ThermoFresh,ComteOlden,2.5635000000000012
Lepomis gibbosus,Ephemera danica,GloBI,preysOn,,33.8035,36.7075,ThermoFresh,ThermoFresh,2.9040000000000035
Lepomis gibbosus,Gammarus fossarum,GloBI,preysOn,,33.8035,28.774,ThermoFresh,ThermoFresh,5.029499999999999
Lepomis gibbosus,Gammarus pulex,GloBI,preysOn,,33.8035,29.1161111111111,ThermoFresh,ThermoFresh,4.687388888888901
Lepomis gibbosus,Gammarus roeselii,GloBI,preysOn,,33.8035,30.184,ThermoFresh,ThermoFresh,3.6194999999999986
Lepomis gibbosus,Gammarus tigrinus,GloBI,preysOn,,33.8035,32.6985714285714,ThermoFresh,ThermoFresh,1.1049285714286015
Lepomis gibbosus,Heptagenia sulphurea,GloBI,preysOn,,33.8035,30.2,ThermoFresh,ThermoFresh,3.6035000000000004
Lepomis gibbosus,Hyalella azteca,GloBI,eats;preysOn,,33.8035,41.1175,ThermoFresh,ThermoFresh,7.314
Lepomis gibbosus,Hydropsyche pellucidula,GloBI,preysOn,,33.8035,25.5,ThermoFresh,ThermoFresh,8.3035
Lepomis gibbosus,Ischnura elegans,GloBI,preysOn,,33.8035,43.7361538461539,ThermoFresh,ThermoFresh,9.932653846153897
Lepomis gibbosus,Ischnura pumilio,GloBI,preysOn,,33.8035,45.515,ThermoFresh,ThermoFresh,11.711500000000001
Lepomis gibbosus,Leuctra fusca,GloBI,preysOn,,33.8035,30.1,ThermoFresh,ThermoFresh,3.7034999999999982
Lepomis gibbosus,Nemurella pictetii,GloBI,preysOn,,33.8035,30.1,ThermoFresh,ThermoFresh,3.7034999999999982
Lepomis gibbosus,Pseudacris regilla,GloBI,preysOn,,33.8035,36.6,ThermoFresh,GlobTherm,2.7965000000000018
Lepomis gibbosus,Rhithrogena semicolorata,GloBI,preysOn,,33.8035,25.33,ThermoFresh,ThermoFresh,8.473500000000001
Lepomis gibbosus,Rhyacophila dorsalis,GloBI,preysOn,,33.8035,22.0,ThermoFresh,ThermoFresh,11.8035
Lepomis gibbosus,Serratella ignita,GloBI,preysOn,,33.8035,32.3,ThermoFresh,ThermoFresh,1.5035000000000025
Lepomis gulosus,Electrona antarctica,GloBI,eats,,37.29,31.24,ComteOlden,ComteOlden,6.050000000000001
Lepomis macrochirus,Carassius carassius,GloBI,eats,,36.8636,35.5365,ThermoFresh,ThermoFresh,1.3271000000000015
Lepomis macrochirus,Cyprinus carpio,GloBI,preysOn,,36.8636,33.5484745762712,ThermoFresh,ThermoFresh,3.3151254237288015
Lepomis macrochirus,Faxonius rusticus,GloBI,eats,,36.8636,34.0590909090909,ThermoFresh,ThermoFresh,2.8045090909091
Lepomis macrochirus,Gammarus tigrinus,GloBI,preysOn,,36.8636,32.6985714285714,ThermoFresh,ThermoFresh,4.1650285714286
Lepomis macrochirus,Hyalella azteca,GloBI,eats;preysOn,,36.8636,41.1175,ThermoFresh,ThermoFresh,4.253900000000002
Lepomis macrochirus,Morone americana,GloBI,preysOn,,36.8636,34.95,ThermoFresh,ComteOlden,1.9135999999999953
Lepomis macrochirus,Uma inornata,GloBI,preysOn,,36.8636,45.0,ThermoFresh,GlobTherm,8.136400000000002
Leptocottus armatus,Atherinops affinis,GloBI,eats;preysOn,,29.16,34.06,ComteOlden,ComteOlden,4.900000000000002
Leptocottus armatus,Cymatogaster aggregata,GloBI,preysOn,,29.16,32.75,ComteOlden,ComteOlden,3.59
Leptocottus armatus,Gasterosteus aculeatus,GloBI,eats;preysOn,,29.16,31.6655882352941,ComteOlden,ThermoFresh,2.5055882352940984
Leptocottus armatus,Parophrys vetulus,GloBI,eats;preysOn,,29.16,28.54,ComteOlden,ComteOlden,0.620000000000001
Leptocottus armatus,Potamopyrgus antipodarum,GloBI,eats;preysOn,,29.16,27.9033333333333,ComteOlden,ThermoFresh,1.2566666666666997
Lethocerus americanus,Anax junius,GloBI,eats,,45.9,45.6,ThermoFresh,GlobTherm,0.29999999999999716
Lethocerus americanus,Anaxyrus boreas,GloBI,eats,,45.9,36.5,ThermoFresh,GlobTherm,9.399999999999999
Lethocerus americanus,Notophthalmus viridescens,GloBI,preysOn,,45.9,37.3,ThermoFresh,GlobTherm,8.600000000000001
Lethocerus americanus,Pseudacris regilla,GloBI,eats,,45.9,36.6,ThermoFresh,GlobTherm,9.299999999999997
Leucaspius delineatus,Agapetus fuscipes,GloBI,preysOn,,34.3566666666667,25.8,ThermoFresh,ThermoFresh,8.556666666666697
Leucaspius delineatus,Baetis rhodani,GloBI,preysOn,,34.3566666666667,25.1,ThermoFresh,ThermoFresh,9.256666666666696
Leucaspius delineatus,Caenis luctuosa,GloBI,preysOn,,34.3566666666667,30.6,ThermoFresh,ThermoFresh,3.756666666666696
Leucaspius delineatus,Capoeta capoeta,GloBI,eats;preysOn,,34.3566666666667,34.88,ThermoFresh,ComteOlden,0.523333333333305
Leucaspius delineatus,Dinocras cephalotes,GloBI,preysOn,,34.3566666666667,34.6083333333333,ThermoFresh,ThermoFresh,0.2516666666666012
Leucaspius delineatus,Drusus annulatus,GloBI,preysOn,,34.3566666666667,28.8,ThermoFresh,ThermoFresh,5.556666666666697
Leucaspius delineatus,Ecdyonurus insignis,GloBI,preysOn,,34.3566666666667,32.34,ThermoFresh,ThermoFresh,2.016666666666694
Leucaspius delineatus,Ephemera danica,GloBI,preysOn,,34.3566666666667,36.7075,ThermoFresh,ThermoFresh,2.3508333333333056
Leucaspius delineatus,Heptagenia sulphurea,GloBI,preysOn,,34.3566666666667,30.2,ThermoFresh,ThermoFresh,4.156666666666698
Leucaspius delineatus,Hydropsyche pellucidula,GloBI,preysOn,,34.3566666666667,25.5,ThermoFresh,ThermoFresh,8.856666666666698
Leucaspius delineatus,Leuctra fusca,GloBI,preysOn,,34.3566666666667,30.1,ThermoFresh,ThermoFresh,4.256666666666696
Leucaspius delineatus,Nemurella pictetii,GloBI,preysOn,,34.3566666666667,30.1,ThermoFresh,ThermoFresh,4.256666666666696
Leucaspius delineatus,Rhithrogena semicolorata,GloBI,preysOn,,34.3566666666667,25.33,ThermoFresh,ThermoFresh,9.0266666666667
Leucaspius delineatus,Rhyacophila dorsalis,GloBI,preysOn,,34.3566666666667,22.0,ThermoFresh,ThermoFresh,12.356666666666698
Leucaspius delineatus,Serratella ignita,GloBI,preysOn,,34.3566666666667,32.3,ThermoFresh,ThermoFresh,2.0566666666667004
Leuciscus aspius,Abramis brama,GloBI,preysOn,,34.92,30.32,ComteOlden,ComteOlden,4.600000000000001
Leuciscus aspius,Acipenser naccarii,GloBI,preysOn,,34.92,33.83,ComteOlden,ComteOlden,1.0900000000000034
Leuciscus aspius,Acipenser sturio,GloBI,preysOn,,34.92,32.52,ComteOlden,ComteOlden,2.3999999999999986
Leuciscus aspius,Alburnus alburnus,GloBI,eats;preysOn,,34.92,37.7,ComteOlden,ThermoFresh,2.780000000000001
Leuciscus aspius,Alburnus arborella,GloBI,preysOn,,34.92,35.64,ComteOlden,ComteOlden,0.7199999999999989
Leuciscus aspius,Alosa fallax,GloBI,preysOn,,34.92,32.31,ComteOlden,ComteOlden,2.6099999999999994
Leuciscus aspius,Anguilla anguilla,GloBI,preysOn,,34.92,35.12,ComteOlden,ComteOlden,0.19999999999999574
Leuciscus aspius,Barbatula barbatula,GloBI,preysOn,,34.92,29.5285714285714,ComteOlden,ThermoFresh,5.391428571428602
Leuciscus aspius,Barbus barbus,GloBI,preysOn,,34.92,29.2,ComteOlden,ThermoFresh,5.720000000000002
Leuciscus aspius,Barbus caninus,GloBI,preysOn,,34.92,32.7,ComteOlden,ComteOlden,2.219999999999999
Leuciscus aspius,Barbus plebejus,GloBI,preysOn,,34.92,32.5,ComteOlden,ComteOlden,2.4200000000000017
Leuciscus aspius,Blicca bjoerkna,GloBI,preysOn,,34.92,30.86,ComteOlden,ComteOlden,4.060000000000002
Leuciscus aspius,Carassius carassius,GloBI,eats;preysOn,,34.92,35.5365,ComteOlden,ThermoFresh,0.6164999999999949
Leuciscus aspius,Carassius gibelio,GloBI,preysOn,,34.92,36.1,ComteOlden,ThermoFresh,1.1799999999999997
Leuciscus aspius,Chondrostoma nasus,GloBI,preysOn,,34.92,34.03,ComteOlden,ComteOlden,0.8900000000000006
Leuciscus aspius,Chondrostoma soetta,GloBI,preysOn,,34.92,31.86,ComteOlden,ComteOlden,3.0600000000000023
Leuciscus aspius,Cobitis bilineata,GloBI,preysOn,,34.92,33.54,ComteOlden,ComteOlden,1.3800000000000026
Leuciscus aspius,Cobitis taenia,GloBI,preysOn,,34.92,33.76,ComteOlden,ComteOlden,1.1600000000000037
Leuciscus aspius,Cottus gobio,GloBI,preysOn,,34.92,30.32,ComteOlden,ComteOlden,4.600000000000001
Leuciscus aspius,Ctenopharyngodon idella,GloBI,preysOn,,34.92,39.5,ComteOlden,ThermoFresh,4.579999999999998
Leuciscus aspius,Cyprinus carpio,GloBI,preysOn,,34.92,33.5484745762712,ComteOlden,ThermoFresh,1.371525423728805
Leuciscus aspius,Esox lucius,GloBI,preysOn,,34.92,28.98,ComteOlden,ComteOlden,5.940000000000001
Leuciscus aspius,Gasterosteus aculeatus,GloBI,preysOn,,34.92,31.6655882352941,ComteOlden,ThermoFresh,3.254411764705903
Leuciscus aspius,Gobio gobio,GloBI,preysOn,,34.92,33.75,ComteOlden,ThermoFresh,1.1700000000000017
Leuciscus aspius,Gymnocephalus cernua,GloBI,preysOn,,34.92,34.5,ComteOlden,ThermoFresh,0.4200000000000017
Leuciscus aspius,Hypophthalmichthys molitrix,GloBI,preysOn,,34.92,36.27,ComteOlden,ComteOlden,1.3500000000000014
Leuciscus aspius,Hypophthalmichthys nobilis,GloBI,preysOn,,34.92,37.92,ComteOlden,ComteOlden,3.0
Leuciscus aspius,Lepomis gibbosus,GloBI,preysOn,,34.92,33.8035,ComteOlden,ThermoFresh,1.116500000000002
Leuciscus aspius,Leucaspius delineatus,GloBI,preysOn,,34.92,34.3566666666667,ComteOlden,ThermoFresh,0.5633333333333042
Leuciscus aspius,Leuciscus leuciscus,GloBI,eats;preysOn,,34.92,32.57,ComteOlden,ComteOlden,2.3500000000000014
Leuciscus aspius,Lota lota,GloBI,preysOn,,34.92,27.11875,ComteOlden,ThermoFresh,7.801250000000003
Leuciscus aspius,Micropterus salmoides,GloBI,preysOn,,34.92,36.4,ComteOlden,ThermoFresh,1.4799999999999969
Leuciscus aspius,Neogobius fluviatilis,GloBI,preysOn,,34.92,34.32,ComteOlden,ComteOlden,0.6000000000000014
Leuciscus aspius,Neogobius melanostomus,GloBI,preysOn,,34.92,33.726,ComteOlden,ThermoFresh,1.1940000000000026
Leuciscus aspius,Oncorhynchus mykiss,GloBI,preysOn,,34.92,28.6755405405405,ComteOlden,ThermoFresh,6.244459459459502
Leuciscus aspius,Osmerus eperlanus,GloBI,eats;preysOn,,34.92,27.8,ComteOlden,ComteOlden,7.120000000000001
Leuciscus aspius,Padogobius bonelli,GloBI,preysOn,,34.92,31.74,ComteOlden,ComteOlden,3.1800000000000033
Leuciscus aspius,Parachondrostoma toxostoma,GloBI,preysOn,,34.92,34.17,ComteOlden,ComteOlden,0.75
Leuciscus aspius,Perca fluviatilis,GloBI,preysOn,,34.92,28.6920833333333,ComteOlden,ThermoFresh,6.227916666666701
Leuciscus aspius,Phoxinus lumaireul,GloBI,preysOn,,34.92,29.52,ComteOlden,ComteOlden,5.400000000000002
Leuciscus aspius,Ponticola kessleri,GloBI,preysOn,,34.92,34.03,ComteOlden,ComteOlden,0.8900000000000006
Leuciscus aspius,Pseudorasbora parva,GloBI,preysOn,,34.92,38.515,ComteOlden,ThermoFresh,3.594999999999999
Leuciscus aspius,Rhodeus amarus,GloBI,preysOn,,34.92,34.1,ComteOlden,ComteOlden,0.8200000000000003
Leuciscus aspius,Rutilus aula,GloBI,preysOn,,34.92,32.32,ComteOlden,ComteOlden,2.6000000000000014
Leuciscus aspius,Rutilus pigus,GloBI,preysOn,,34.92,33.59,ComteOlden,ComteOlden,1.3299999999999983
Leuciscus aspius,Rutilus rutilus,GloBI,eats;preysOn,,34.92,28.5058333333333,ComteOlden,ThermoFresh,6.414166666666702
Leuciscus aspius,Sabanejewia larvata,GloBI,preysOn,,34.92,32.71,ComteOlden,ComteOlden,2.210000000000001
Leuciscus aspius,Salariopsis fluviatilis,GloBI,preysOn,,34.92,34.96,ComteOlden,ComteOlden,0.03999999999999915
Leuciscus aspius,Salmo labrax,GloBI,preysOn,,34.92,32.32,ComteOlden,ComteOlden,2.6000000000000014
Leuciscus aspius,Salmo marmoratus,GloBI,preysOn,,34.92,30.21,ComteOlden,ComteOlden,4.710000000000001
Leuciscus aspius,Salmo salar,GloBI,preysOn,,34.92,30.3326495726496,ComteOlden,ThermoFresh,4.587350427350401
Leuciscus aspius,Salmo trutta,GloBI,preysOn,,34.92,27.6830769230769,ComteOlden,ThermoFresh,7.236923076923102
Leuciscus aspius,Salvelinus fontinalis,GloBI,preysOn,,34.92,28.9883333333333,ComteOlden,ThermoFresh,5.9316666666667
Leuciscus aspius,Salvelinus namaycush,GloBI,preysOn,,34.92,27.385,ComteOlden,ThermoFresh,7.535
Leuciscus aspius,Sander lucioperca,GloBI,preysOn,,34.92,35.4428571428571,ComteOlden,ThermoFresh,0.5228571428570987
Leuciscus aspius,Scardinius erythrophthalmus,GloBI,preysOn,,34.92,34.94,ComteOlden,ComteOlden,0.01999999999999602
Leuciscus aspius,Silurus glanis,GloBI,preysOn,,34.92,36.15,ComteOlden,ComteOlden,1.2299999999999969
Leuciscus aspius,Squalius cephalus,GloBI,preysOn,,34.92,36.48,ComteOlden,ThermoFresh,1.5599999999999952
Leuciscus aspius,Telestes muticellus,GloBI,preysOn,,34.92,33.48,ComteOlden,ComteOlden,1.4400000000000048
Leuciscus aspius,Telestes souffia,GloBI,preysOn,,34.92,33.18,ComteOlden,ComteOlden,1.740000000000002
Leuciscus aspius,Thymallus thymallus,GloBI,preysOn,,34.92,29.4333333333333,ComteOlden,ThermoFresh,5.4866666666667
Leuciscus aspius,Tinca tinca,GloBI,preysOn,,34.92,35.6875,ComteOlden,ThermoFresh,0.7674999999999983
Leuciscus idus,Alburnus alburnus,GloBI,eats;preysOn,,37.9,37.7,ThermoFresh,ThermoFresh,0.19999999999999574
Leuciscus idus,Daphnia pulicaria,GloBI,preysOn,,37.9,39.475,ThermoFresh,ThermoFresh,1.5750000000000028
Leuciscus idus,Rutilus rutilus,GloBI,eats;preysOn,,37.9,28.5058333333333,ThermoFresh,ThermoFresh,9.394166666666699
Leuciscus leuciscus,Agabus bipustulatus,GloBI,preysOn,,32.57,37.07,ComteOlden,ThermoFresh,4.5
Leuciscus leuciscus,Agapetus fuscipes,GloBI,preysOn,,32.57,25.8,ComteOlden,ThermoFresh,6.77
Leuciscus leuciscus,Ancylus fluviatilis,GloBI,preysOn,,32.57,34.9,ComteOlden,ThermoFresh,2.3299999999999983
Leuciscus leuciscus,Aphelocheirus aestivalis,GloBI,preysOn,,32.57,34.53,ComteOlden,ThermoFresh,1.9600000000000009
Leuciscus leuciscus,Asellus aquaticus,GloBI,preysOn,,32.57,32.8678947368421,ComteOlden,ThermoFresh,0.2978947368421032
Leuciscus leuciscus,Astacus leptodactylus,GloBI,preysOn,,32.57,37.8666666666667,ComteOlden,ThermoFresh,5.296666666666702
Leuciscus leuciscus,Baetis rhodani,GloBI,preysOn,,32.57,25.1,ComteOlden,ThermoFresh,7.469999999999999
Leuciscus leuciscus,Caenis luctuosa,GloBI,preysOn,,32.57,30.6,ComteOlden,ThermoFresh,1.9699999999999989
Leuciscus leuciscus,Calopteryx virgo,GloBI,preysOn,,32.57,34.0225,ComteOlden,ThermoFresh,1.4525000000000006
Leuciscus leuciscus,Coenagrion puella,GloBI,preysOn,,32.57,42.995,ComteOlden,ThermoFresh,10.424999999999997
Leuciscus leuciscus,Deronectes latus,GloBI,preysOn,,32.57,37.04,ComteOlden,ThermoFresh,4.469999999999999
Leuciscus leuciscus,Dikerogammarus villosus,GloBI,preysOn,,32.57,28.1328571428571,ComteOlden,ThermoFresh,4.437142857142899
Leuciscus leuciscus,Dinocras cephalotes,GloBI,preysOn,,32.57,34.6083333333333,ComteOlden,ThermoFresh,2.0383333333332985
Leuciscus leuciscus,Drusus annulatus,GloBI,preysOn,,32.57,28.8,ComteOlden,ThermoFresh,3.7699999999999996
Leuciscus leuciscus,Ecdyonurus insignis,GloBI,preysOn,,32.57,32.34,ComteOlden,ThermoFresh,0.22999999999999687
Leuciscus leuciscus,Echinogammarus berilloni,GloBI,preysOn,,32.57,30.3333333333333,ComteOlden,ThermoFresh,2.2366666666667
Leuciscus leuciscus,Echinogammarus ischnus,GloBI,preysOn,,32.57,31.5,ComteOlden,ThermoFresh,1.0700000000000003
Leuciscus leuciscus,Elmis aenea,GloBI,preysOn,,32.57,33.8,ComteOlden,ThermoFresh,1.2299999999999969
Leuciscus leuciscus,Ephemera danica,GloBI,preysOn,,32.57,36.7075,ComteOlden,ThermoFresh,4.137500000000003
Leuciscus leuciscus,Gammarus fossarum,GloBI,preysOn,,32.57,28.774,ComteOlden,ThermoFresh,3.7959999999999994
Leuciscus leuciscus,Gammarus pulex,GloBI,eats;preysOn,,32.57,29.1161111111111,ComteOlden,ThermoFresh,3.453888888888901
Leuciscus leuciscus,Gammarus roeselii,GloBI,preysOn,,32.57,30.184,ComteOlden,ThermoFresh,2.3859999999999992
Leuciscus leuciscus,Gammarus tigrinus,GloBI,preysOn,,32.57,32.6985714285714,ComteOlden,ThermoFresh,0.12857142857139792
Leuciscus leuciscus,Heptagenia sulphurea,GloBI,preysOn,,32.57,30.2,ComteOlden,ThermoFresh,2.370000000000001
Leuciscus leuciscus,Hydropsyche pellucidula,GloBI,preysOn,,32.57,25.5,ComteOlden,ThermoFresh,7.07
Leuciscus leuciscus,Ischnura elegans,GloBI,preysOn,,32.57,43.7361538461539,ComteOlden,ThermoFresh,11.166153846153897
Leuciscus leuciscus,Ischnura pumilio,GloBI,preysOn,,32.57,45.515,ComteOlden,ThermoFresh,12.945
Leuciscus leuciscus,Leuctra fusca,GloBI,preysOn,,32.57,30.1,ComteOlden,ThermoFresh,2.469999999999999
Leuciscus leuciscus,Limnius volckmari,GloBI,preysOn,,32.57,33.7775,ComteOlden,ThermoFresh,1.2075000000000031
Leuciscus leuciscus,Nemurella pictetii,GloBI,preysOn,,32.57,30.1,ComteOlden,ThermoFresh,2.469999999999999
Leuciscus leuciscus,Rhithrogena semicolorata,GloBI,preysOn,,32.57,25.33,ComteOlden,ThermoFresh,7.240000000000002
Leuciscus leuciscus,Rhyacophila dorsalis,GloBI,preysOn,,32.57,22.0,ComteOlden,ThermoFresh,10.57
Leuciscus leuciscus,Serratella ignita,GloBI,preysOn,,32.57,32.3,ComteOlden,ThermoFresh,0.2700000000000031
Limnothrissa miodon,Stolothrissa tanganicae,GloBI,eats,,34.26,34.24,ComteOlden,ComteOlden,0.01999999999999602
Linepithema humile,Cyprinus carpio,GloBI,eats,,37.7,33.5484745762712,GlobTherm,ThermoFresh,4.151525423728806
Linepithema humile,Procambarus clarkii,GloBI,eats,,37.7,38.5,GlobTherm,ThermoFresh,0.7999999999999972
Linepithema humile,Sceloporus occidentalis,GloBI,eats,,37.7,44.1,GlobTherm,GlobTherm,6.399999999999999
Liopsetta glacialis,Crangon crangon,GloBI,eats;preysOn,,29.7,34.1133333333333,ThermoFresh,ThermoFresh,4.413333333333302
Lipophrys pholis,Carcinus maenas,GloBI,preysOn,,34.18,34.07,ComteOlden,ThermoFresh,0.10999999999999943
Lipophrys pholis,Coryphoblennius galerita,GloBI,preysOn,,34.18,32.79,ComteOlden,ComteOlden,1.3900000000000006
Lipophrys pholis,Crangon crangon,GloBI,preysOn,,34.18,34.1133333333333,ComteOlden,ThermoFresh,0.0666666666666984
Lipophrys pholis,Gobius niger,GloBI,preysOn,,34.18,33.5,ComteOlden,ThermoFresh,0.6799999999999997
Lipophrys pholis,Gobius paganellus,GloBI,preysOn,,34.18,34.3333333333333,ComteOlden,ThermoFresh,0.15333333333330046
Lipophrys pholis,Palaemon elegans,GloBI,preysOn,,34.18,34.335,ComteOlden,ThermoFresh,0.15500000000000114
Lipophrys trigloides,Carcinus maenas,GloBI,preysOn,,35.18,34.07,ComteOlden,ThermoFresh,1.1099999999999994
Lipophrys trigloides,Coryphoblennius galerita,GloBI,preysOn,,35.18,32.79,ComteOlden,ComteOlden,2.3900000000000006
Lipophrys trigloides,Gobius niger,GloBI,preysOn,,35.18,33.5,ComteOlden,ThermoFresh,1.6799999999999997
Lipophrys trigloides,Gobius paganellus,GloBI,preysOn,,35.18,34.3333333333333,ComteOlden,ThermoFresh,0.8466666666666995
Lipophrys trigloides,Lipophrys pholis,GloBI,preysOn,,35.18,34.18,ComteOlden,ComteOlden,1.0
Lota lota,Abramis brama,GloBI,preysOn,,27.11875,30.32,ThermoFresh,ComteOlden,3.2012500000000017
Lota lota,Acipenser naccarii,GloBI,preysOn,,27.11875,33.83,ThermoFresh,ComteOlden,6.71125
Lota lota,Acipenser sturio,GloBI,preysOn,,27.11875,32.52,ThermoFresh,ComteOlden,5.4012500000000045
Lota lota,Agabus bipustulatus,GloBI,preysOn,,27.11875,37.07,ThermoFresh,ThermoFresh,9.951250000000002
Lota lota,Agapetus fuscipes,GloBI,preysOn,,27.11875,25.8,ThermoFresh,ThermoFresh,1.3187499999999979
Lota lota,Alburnus alburnus,GloBI,preysOn,,27.11875,37.7,ThermoFresh,ThermoFresh,10.581250000000004
Lota lota,Alburnus arborella,GloBI,preysOn,,27.11875,35.64,ThermoFresh,ComteOlden,8.521250000000002
Lota lota,Alosa fallax,GloBI,preysOn,,27.11875,32.31,ThermoFresh,ComteOlden,5.191250000000004
Lota lota,Alosa pseudoharengus,GloBI,eats;preysOn,,27.11875,30.4625,ThermoFresh,ThermoFresh,3.34375
Lota lota,Ambloplites rupestris,GloBI,preysOn,,27.11875,33.86,ThermoFresh,ComteOlden,6.741250000000001
Lota lota,Anguilla anguilla,GloBI,preysOn,,27.11875,35.12,ThermoFresh,ComteOlden,8.001249999999999
Lota lota,Aphelocheirus aestivalis,GloBI,preysOn,,27.11875,34.53,ThermoFresh,ThermoFresh,7.411250000000003
Lota lota,Aplodinotus grunniens,GloBI,eats;preysOn,,27.11875,33.84,ThermoFresh,ComteOlden,6.721250000000005
Lota lota,Astacus leptodactylus,GloBI,preysOn,,27.11875,37.8666666666667,ThermoFresh,ThermoFresh,10.747916666666704
Lota lota,Australoheros facetus,GloBI,preysOn,,27.11875,37.06,ThermoFresh,ThermoFresh,9.941250000000004
Lota lota,Baetis rhodani,GloBI,preysOn,,27.11875,25.1,ThermoFresh,ThermoFresh,2.018749999999997
Lota lota,Barbatula barbatula,GloBI,preysOn,,27.11875,29.5285714285714,ThermoFresh,ThermoFresh,2.4098214285714015
Lota lota,Barbus barbus,GloBI,preysOn,,27.11875,29.2,ThermoFresh,ThermoFresh,2.0812500000000007
Lota lota,Barbus caninus,GloBI,preysOn,,27.11875,32.7,ThermoFresh,ComteOlden,5.581250000000004
Lota lota,Barbus plebejus,GloBI,preysOn,,27.11875,32.5,ThermoFresh,ComteOlden,5.381250000000001
Lota lota,Blicca bjoerkna,GloBI,preysOn,,27.11875,30.86,ThermoFresh,ComteOlden,3.741250000000001
Lota lota,Caenis luctuosa,GloBI,preysOn,,27.11875,30.6,ThermoFresh,ThermoFresh,3.481250000000003
Lota lota,Calopteryx virgo,GloBI,preysOn,,27.11875,34.0225,ThermoFresh,ThermoFresh,6.903750000000002
Lota lota,Carassius carassius,GloBI,preysOn,,27.11875,35.5365,ThermoFresh,ThermoFresh,8.417749999999998
Lota lota,Carassius gibelio,GloBI,preysOn,,27.11875,36.1,ThermoFresh,ThermoFresh,8.981250000000003
Lota lota,Catostomus commersonii,GloBI,preysOn,,27.11875,33.17,ThermoFresh,ThermoFresh,6.051250000000003
Lota lota,Chondrostoma nasus,GloBI,preysOn,,27.11875,34.03,ThermoFresh,ComteOlden,6.911250000000003
Lota lota,Chondrostoma soetta,GloBI,preysOn,,27.11875,31.86,ThermoFresh,ComteOlden,4.741250000000001
Lota lota,Cobitis bilineata,GloBI,preysOn,,27.11875,33.54,ThermoFresh,ComteOlden,6.421250000000001
Lota lota,Cobitis taenia,GloBI,preysOn,,27.11875,33.76,ThermoFresh,ComteOlden,6.641249999999999
Lota lota,Coenagrion puella,GloBI,preysOn,,27.11875,42.995,ThermoFresh,ThermoFresh,15.876249999999999
Lota lota,Coregonus albula,GloBI,eats;preysOn,,27.11875,28.68,ThermoFresh,ComteOlden,1.5612500000000011
Lota lota,Coregonus clupeaformis,GloBI,preysOn,,27.11875,25.9881818181818,ThermoFresh,ThermoFresh,1.130568181818198
Lota lota,Coregonus lavaretus,GloBI,eats,,27.11875,29.55,ThermoFresh,ComteOlden,2.431250000000002
Lota lota,Coregonus peled,GloBI,preysOn,,27.11875,27.24,ThermoFresh,ComteOlden,0.12124999999999986
Lota lota,Coregonus sardinella,GloBI,preysOn,,27.11875,24.7,ThermoFresh,ThermoFresh,2.4187499999999993
Lota lota,Cottus cognatus,GloBI,eats;preysOn,,27.11875,25.6571428571429,ThermoFresh,ThermoFresh,1.4616071428570976
Lota lota,Cottus gobio,GloBI,preysOn,,27.11875,30.32,ThermoFresh,ComteOlden,3.2012500000000017
Lota lota,Cottus ricei,GloBI,preysOn,,27.11875,29.59,ThermoFresh,ComteOlden,2.4712500000000013
Lota lota,Couesius plumbeus,GloBI,preysOn,,27.11875,30.21,ThermoFresh,ThermoFresh,3.0912500000000023
Lota lota,Ctenopharyngodon idella,GloBI,preysOn,,27.11875,39.5,ThermoFresh,ThermoFresh,12.381250000000001
Lota lota,Cyprinus carpio,GloBI,preysOn,,27.11875,33.5484745762712,ThermoFresh,ThermoFresh,6.429724576271198
Lota lota,Deronectes latus,GloBI,preysOn,,27.11875,37.04,ThermoFresh,ThermoFresh,9.92125
Lota lota,Dikerogammarus villosus,GloBI,preysOn,,27.11875,28.1328571428571,ThermoFresh,ThermoFresh,1.0141071428571031
Lota lota,Dinocras cephalotes,GloBI,preysOn,,27.11875,34.6083333333333,ThermoFresh,ThermoFresh,7.4895833333333
Lota lota,Drusus annulatus,GloBI,preysOn,,27.11875,28.8,ThermoFresh,ThermoFresh,1.6812500000000021
Lota lota,Ecdyonurus insignis,GloBI,preysOn,,27.11875,32.34,ThermoFresh,ThermoFresh,5.221250000000005
Lota lota,Echinogammarus berilloni,GloBI,preysOn,,27.11875,30.3333333333333,ThermoFresh,ThermoFresh,3.2145833333333016
Lota lota,Echinogammarus ischnus,GloBI,preysOn,,27.11875,31.5,ThermoFresh,ThermoFresh,4.381250000000001
Lota lota,Electrona antarctica,GloBI,eats;preysOn,,27.11875,31.24,ThermoFresh,ComteOlden,4.12125
Lota lota,Ephemera danica,GloBI,preysOn,,27.11875,36.7075,ThermoFresh,ThermoFresh,9.588750000000005
Lota lota,Esox lucius,GloBI,preysOn,,27.11875,28.98,ThermoFresh,ComteOlden,1.8612500000000018
Lota lota,Etheostoma caeruleum,GloBI,eats;preysOn,,27.11875,33.3009677419355,ThermoFresh,ThermoFresh,6.182217741935503
Lota lota,Gammarus fossarum,GloBI,preysOn,,27.11875,28.774,ThermoFresh,ThermoFresh,1.6552500000000023
Lota lota,Gammarus pulex,GloBI,preysOn,,27.11875,29.1161111111111,ThermoFresh,ThermoFresh,1.9973611111111005
Lota lota,Gammarus roeselii,GloBI,preysOn,,27.11875,30.184,ThermoFresh,ThermoFresh,3.0652500000000025
Lota lota,Gammarus tigrinus,GloBI,preysOn,,27.11875,32.6985714285714,ThermoFresh,ThermoFresh,5.5798214285714
Lota lota,Gasterosteus aculeatus,GloBI,preysOn,,27.11875,31.6655882352941,ThermoFresh,ThermoFresh,4.5468382352941
Lota lota,Gobio gobio,GloBI,eats;preysOn,,27.11875,33.75,ThermoFresh,ThermoFresh,6.631250000000001
Lota lota,Gymnocephalus cernua,GloBI,eats;preysOn,,27.11875,34.5,ThermoFresh,ThermoFresh,7.381250000000001
Lota lota,Heptagenia sulphurea,GloBI,preysOn,,27.11875,30.2,ThermoFresh,ThermoFresh,3.0812500000000007
Lota lota,Hydropsyche pellucidula,GloBI,preysOn,,27.11875,25.5,ThermoFresh,ThermoFresh,1.6187499999999986
Lota lota,Hypophthalmichthys molitrix,GloBI,preysOn,,27.11875,36.27,ThermoFresh,ComteOlden,9.151250000000005
Lota lota,Hypophthalmichthys nobilis,GloBI,preysOn,,27.11875,37.92,ThermoFresh,ComteOlden,10.801250000000003
Lota lota,Ischnura elegans,GloBI,preysOn,,27.11875,43.7361538461539,ThermoFresh,ThermoFresh,16.6174038461539
Lota lota,Ischnura pumilio,GloBI,preysOn,,27.11875,45.515,ThermoFresh,ThermoFresh,18.396250000000002
Lota lota,Lepomis gibbosus,GloBI,preysOn,,27.11875,33.8035,ThermoFresh,ThermoFresh,6.684750000000001
Lota lota,Leucaspius delineatus,GloBI,preysOn,,27.11875,34.3566666666667,ThermoFresh,ThermoFresh,7.237916666666699
Lota lota,Leuciscus aspius,GloBI,preysOn,,27.11875,34.92,ThermoFresh,ComteOlden,7.801250000000003
Lota lota,Leuciscus leuciscus,GloBI,preysOn,,27.11875,32.57,ThermoFresh,ComteOlden,5.451250000000002
Lota lota,Leuctra fusca,GloBI,preysOn,,27.11875,30.1,ThermoFresh,ThermoFresh,2.981250000000003
Lota lota,Micropterus dolomieu,GloBI,preysOn,,27.11875,33.3333333333333,ThermoFresh,ThermoFresh,6.214583333333302
Lota lota,Micropterus salmoides,GloBI,preysOn,,27.11875,36.4,ThermoFresh,ThermoFresh,9.28125
Lota lota,Morone chrysops,GloBI,eats;preysOn,,27.11875,35.47,ThermoFresh,ComteOlden,8.35125
Lota lota,Myoxocephalus thompsonii,GloBI,eats;preysOn,,27.11875,29.62,ThermoFresh,ComteOlden,2.5012500000000024
Lota lota,Nemurella pictetii,GloBI,preysOn,,27.11875,30.1,ThermoFresh,ThermoFresh,2.981250000000003
Lota lota,Neogobius melanostomus,GloBI,preysOn,,27.11875,33.726,ThermoFresh,ThermoFresh,6.6072500000000005
Lota lota,Notropis atherinoides,GloBI,preysOn,,27.11875,33.95,ThermoFresh,ThermoFresh,6.831250000000004
Lota lota,Oncorhynchus keta,GloBI,eats;preysOn,,27.11875,28.5,ThermoFresh,ThermoFresh,1.3812500000000014
Lota lota,Oncorhynchus mykiss,GloBI,preysOn,,27.11875,28.6755405405405,ThermoFresh,ThermoFresh,1.5567905405405007
Lota lota,Oncorhynchus nerka,GloBI,eats;preysOn,,27.11875,27.2636363636364,ThermoFresh,ThermoFresh,0.1448863636364024
Lota lota,Oncorhynchus tshawytscha,GloBI,eats;preysOn,,27.11875,28.7821875,ThermoFresh,ThermoFresh,1.6634375000000006
Lota lota,Osmerus eperlanus,GloBI,eats;preysOn,,27.11875,27.8,ThermoFresh,ComteOlden,0.6812500000000021
Lota lota,Osmerus mordax,GloBI,eats;preysOn,,27.11875,25.9,ThermoFresh,ThermoFresh,1.21875
Lota lota,Padogobius bonelli,GloBI,preysOn,,27.11875,31.74,ThermoFresh,ComteOlden,4.62125
Lota lota,Parachondrostoma toxostoma,GloBI,preysOn,,27.11875,34.17,ThermoFresh,ComteOlden,7.051250000000003
Lota lota,Perca flavescens,GloBI,eats;preysOn,,27.11875,30.7,ThermoFresh,ComteOlden,3.5812500000000007
Lota lota,Perca fluviatilis,GloBI,preysOn,,27.11875,28.6920833333333,ThermoFresh,ThermoFresh,1.5733333333333022
Lota lota,Percina caprodes,GloBI,eats;preysOn,,27.11875,31.93,ThermoFresh,ComteOlden,4.811250000000001
Lota lota,Phoxinus lumaireul,GloBI,preysOn,,27.11875,29.52,ThermoFresh,ComteOlden,2.401250000000001
Lota lota,Ponticola kessleri,GloBI,preysOn,,27.11875,34.03,ThermoFresh,ComteOlden,6.911250000000003
Lota lota,Pseudorasbora parva,GloBI,preysOn,,27.11875,38.515,ThermoFresh,ThermoFresh,11.396250000000002
Lota lota,Pungitius pungitius,GloBI,preysOn,,27.11875,29.85,ThermoFresh,ThermoFresh,2.731250000000003
Lota lota,Rhithrogena semicolorata,GloBI,preysOn,,27.11875,25.33,ThermoFresh,ThermoFresh,1.7887500000000003
Lota lota,Rhodeus amarus,GloBI,preysOn,,27.11875,34.1,ThermoFresh,ComteOlden,6.981250000000003
Lota lota,Rhyacophila dorsalis,GloBI,preysOn,,27.11875,22.0,ThermoFresh,ThermoFresh,5.118749999999999
Lota lota,Rutilus aula,GloBI,preysOn,,27.11875,32.32,ThermoFresh,ComteOlden,5.201250000000002
Lota lota,Rutilus pigus,GloBI,preysOn,,27.11875,33.59,ThermoFresh,ComteOlden,6.471250000000005
Lota lota,Rutilus rutilus,GloBI,preysOn,,27.11875,28.5058333333333,ThermoFresh,ThermoFresh,1.387083333333301
Lota lota,Sabanejewia larvata,GloBI,preysOn,,27.11875,32.71,ThermoFresh,ComteOlden,5.591250000000002
Lota lota,Salariopsis fluviatilis,GloBI,preysOn,,27.11875,34.96,ThermoFresh,ComteOlden,7.841250000000002
Lota lota,Salmo labrax,GloBI,preysOn,,27.11875,32.32,ThermoFresh,ComteOlden,5.201250000000002
Lota lota,Salmo marmoratus,GloBI,preysOn,,27.11875,30.21,ThermoFresh,ComteOlden,3.0912500000000023
Lota lota,Salmo salar,GloBI,preysOn,,27.11875,30.3326495726496,ThermoFresh,ThermoFresh,3.213899572649602
Lota lota,Salmo trutta,GloBI,preysOn,,27.11875,27.6830769230769,ThermoFresh,ThermoFresh,0.5643269230769015
Lota lota,Salvelinus fontinalis,GloBI,preysOn,,27.11875,28.9883333333333,ThermoFresh,ThermoFresh,1.8695833333333027
Lota lota,Salvelinus namaycush,GloBI,preysOn,,27.11875,27.385,ThermoFresh,ThermoFresh,0.266250000000003
Lota lota,Sander lucioperca,GloBI,preysOn,,27.11875,35.4428571428571,ThermoFresh,ThermoFresh,8.324107142857102
Lota lota,Sander vitreus,GloBI,eats;preysOn,,27.11875,35.375,ThermoFresh,ThermoFresh,8.256250000000001
Lota lota,Scardinius erythrophthalmus,GloBI,preysOn,,27.11875,34.94,ThermoFresh,ComteOlden,7.821249999999999
Lota lota,Serratella ignita,GloBI,preysOn,,27.11875,32.3,ThermoFresh,ThermoFresh,5.181249999999999
Lota lota,Silurus glanis,GloBI,preysOn,,27.11875,36.15,ThermoFresh,ComteOlden,9.03125
Lota lota,Squalius cephalus,GloBI,preysOn,,27.11875,36.48,ThermoFresh,ThermoFresh,9.361249999999998
Lota lota,Stenodus leucichthys,GloBI,preysOn,,27.11875,27.91,ThermoFresh,ComteOlden,0.7912500000000016
Lota lota,Telestes muticellus,GloBI,preysOn,,27.11875,33.48,ThermoFresh,ComteOlden,6.361249999999998
Lota lota,Telestes souffia,GloBI,preysOn,,27.11875,33.18,ThermoFresh,ComteOlden,6.061250000000001
Lota lota,Thymallus arcticus,GloBI,preysOn,,27.11875,28.0666666666667,ThermoFresh,ThermoFresh,0.9479166666666998
Lota lota,Thymallus thymallus,GloBI,preysOn,,27.11875,29.4333333333333,ThermoFresh,ThermoFresh,2.314583333333303
Lota lota,Tinca tinca,GloBI,preysOn,,27.11875,35.6875,ThermoFresh,ThermoFresh,8.568750000000001
Lota lota,Zoarces viviparus,GloBI,preysOn,,27.11875,27.725,ThermoFresh,ThermoFresh,0.6062500000000028
Lucania parva,Gammarus tigrinus,GloBI,eats,,38.38,32.6985714285714,ComteOlden,ThermoFresh,5.681428571428604
Luciobarbus guiraonis,Electrona antarctica,GloBI,eats,,36.5,31.24,ComteOlden,ComteOlden,5.260000000000002
Lutjanus apodus,Azurina cyanea,GloBI,eats;preysOn,,39.9,39.15,ThermoFresh,ComteOlden,0.75
Lutjanus apodus,Bodianus parrae,GloBI,eats;preysOn,,39.9,38.66,ThermoFresh,ComteOlden,1.240000000000002
Lutjanus apodus,Bodianus rufus,GloBI,eats;preysOn,,39.9,38.69,ThermoFresh,ComteOlden,1.2100000000000009
Lutjanus apodus,Haemulon flavolineatum,GloBI,eats;preysOn,,39.9,36.41,ThermoFresh,ComteOlden,3.490000000000002
Lutjanus apodus,Hypoplectrus aberrans,GloBI,eats;preysOn,,39.9,37.36,ThermoFresh,ComteOlden,2.539999999999999
Lutjanus apodus,Hypoplectrus nigricans,GloBI,eats;preysOn,,39.9,37.33,ThermoFresh,ComteOlden,2.5700000000000003
Lutjanus apodus,Scarus coelestinus,GloBI,eats;preysOn,,39.9,38.65,ThermoFresh,ComteOlden,1.25
Lutjanus apodus,Scarus iseri,GloBI,eats;preysOn,,39.9,38.44,ThermoFresh,ComteOlden,1.4600000000000009
Lutjanus apodus,Scarus taeniopterus,GloBI,eats;preysOn,,39.9,38.22,ThermoFresh,ComteOlden,1.6799999999999997
Lutjanus apodus,Sparisoma chrysopterum,GloBI,eats;preysOn,,39.9,38.44,ThermoFresh,ComteOlden,1.4600000000000009
Lutjanus apodus,Sparisoma radians,GloBI,eats;preysOn,,39.9,38.38,ThermoFresh,ComteOlden,1.519999999999996
Lutjanus apodus,Sparisoma rubripinne,GloBI,eats;preysOn,,39.9,38.31,ThermoFresh,ComteOlden,1.5899999999999963
Lutjanus apodus,Sparisoma viride,GloBI,eats;preysOn,,39.9,38.49,ThermoFresh,ComteOlden,1.4099999999999966
Lutjanus guttatus,Eucinostomus gracilis,GloBI,eats;preysOn,,37.4,37.9,GlobTherm,ThermoFresh,0.5
Luxilus cornutus,Daphnia galeata,GloBI,preysOn,,32.42,38.89,ThermoFresh,ThermoFresh,6.469999999999999
Luxilus cornutus,Electrona antarctica,GloBI,eats,,32.42,31.24,ThermoFresh,ComteOlden,1.1800000000000033
Luxilus cornutus,Gammarus tigrinus,GloBI,preysOn,,32.42,32.6985714285714,ThermoFresh,ThermoFresh,0.2785714285713965
Luxilus cornutus,Hyalella azteca,GloBI,preysOn,,32.42,41.1175,ThermoFresh,ThermoFresh,8.697499999999998
Luxilus cornutus,Uma inornata,GloBI,preysOn,,32.42,45.0,ThermoFresh,GlobTherm,12.579999999999998
Maccullochella peelii,Carassius carassius,GloBI,eats;preysOn,,35.6375,35.5365,ThermoFresh,ThermoFresh,0.1010000000000062
Maccullochella peelii,Cyprinus carpio,GloBI,eats;preysOn,,35.6375,33.5484745762712,ThermoFresh,ThermoFresh,2.089025423728806
Maccullochella peelii,Hypseleotris klunzingeri,GloBI,eats;preysOn,,35.6375,34.25,ThermoFresh,ThermoFresh,1.3875000000000028
Maccullochella peelii,Perca fluviatilis,GloBI,eats;preysOn,,35.6375,28.6920833333333,ThermoFresh,ThermoFresh,6.945416666666702
Makaira nigricans,Auxis rochei,GloBI,eats;preysOn,,37.6,34.0,ComteOlden,ComteOlden,3.6000000000000014
Makaira nigricans,Auxis thazard,GloBI,eats;preysOn,,37.6,33.83,ComteOlden,ComteOlden,3.770000000000003
Makaira nigricans,Euthynnus alletteratus,GloBI,eats;preysOn,,37.6,33.67,ComteOlden,ComteOlden,3.9299999999999997
Makaira nigricans,Katsuwonus pelamis,GloBI,eats;preysOn,,37.6,34.28,ComteOlden,ComteOlden,3.3200000000000003
Makaira nigricans,Lagocephalus lagocephalus,GloBI,eats;preysOn,,37.6,39.22,ComteOlden,ComteOlden,1.6199999999999974
Makaira nigricans,Prognathodes falcifer,GloBI,eats;preysOn,,37.6,35.81,ComteOlden,ComteOlden,1.7899999999999991
Makaira nigricans,Scomber scombrus,GloBI,eats;preysOn,,37.6,33.2066666666667,ComteOlden,ComteOlden,4.3933333333333024
Makaira nigricans,Thunnus albacares,GloBI,eats;preysOn,,37.6,34.96,ComteOlden,ComteOlden,2.6400000000000006
Makaira nigricans,Thunnus atlanticus,GloBI,preysOn,,37.6,35.77,ComteOlden,ComteOlden,1.8299999999999983
Makaira nigricans,Thunnus obesus,GloBI,eats;preysOn,,37.6,34.82,ComteOlden,ComteOlden,2.780000000000001
Makaira nigricans,Thunnus thynnus,GloBI,eats;preysOn,,37.6,35.86,ComteOlden,ComteOlden,1.740000000000002
Makaira nigricans,Xiphias gladius,GloBI,eats;preysOn,,37.6,34.29,ComteOlden,ComteOlden,3.3100000000000023
Masticophis lateralis,Crotalus scutulatus,GloBI,eats,,44.0,42.0,GlobTherm,GlobTherm,2.0
Masticophis lateralis,Elgaria multicarinata,GloBI,eats;preysOn,,44.0,41.4,GlobTherm,GlobTherm,2.6000000000000014
Masticophis lateralis,Pituophis catenifer,GloBI,eats,,44.0,40.5,GlobTherm,GlobTherm,3.5
Masticophis lateralis,Plestiodon skiltonianus,GloBI,eats;preysOn,,44.0,41.3,GlobTherm,GlobTherm,2.700000000000003
Masticophis lateralis,Pseudacris cadaverina,GloBI,preysOn,,44.0,36.8,GlobTherm,GlobTherm,7.200000000000003
Masticophis lateralis,Pseudacris regilla,GloBI,eats,,44.0,36.6,GlobTherm,GlobTherm,7.399999999999999
Masticophis lateralis,Sceloporus graciosus,GloBI,eats,,44.0,43.0,GlobTherm,GlobTherm,1.0
Masticophis lateralis,Sceloporus magister,GloBI,eats,,44.0,43.0,GlobTherm,GlobTherm,1.0
Masticophis lateralis,Sceloporus occidentalis,GloBI,eats;preysOn,,44.0,44.1,GlobTherm,GlobTherm,0.10000000000000142
Masticophis lateralis,Uta stansburiana,GloBI,eats;preysOn,,44.0,43.7,GlobTherm,GlobTherm,0.29999999999999716
Megalops cyprinoides,Chanos chanos,GloBI,eats;preysOn,,38.1,40.555,ComteOlden,ThermoFresh,2.4549999999999983
Megalops cyprinoides,Oreochromis mossambicus,GloBI,preysOn,,38.1,42.638,ComteOlden,ThermoFresh,4.537999999999997
Melanotaenia splendida,Electrona antarctica,GloBI,eats,,37.2,31.24,ThermoFresh,ComteOlden,5.960000000000004
Menidia beryllina,Anchoa mitchilli,GloBI,eats;preysOn,,33.2371428571429,36.68,ThermoFresh,ComteOlden,3.4428571428571004
Menidia beryllina,Gammarus tigrinus,GloBI,eats;preysOn,,33.2371428571429,32.6985714285714,ThermoFresh,ThermoFresh,0.5385714285715011
Menidia beryllina,Hyalella azteca,GloBI,preysOn,,33.2371428571429,41.1175,ThermoFresh,ThermoFresh,7.8803571428571
Menidia beryllina,Hypomesus transpacificus,GloBI,preysOn,,33.2371428571429,27.8652941176471,ThermoFresh,ThermoFresh,5.3718487394958
Menidia beryllina,Syngnathus scovelli,GloBI,eats;preysOn,,33.2371428571429,38.21,ThermoFresh,ComteOlden,4.972857142857102
Menidia beryllina,Uma inornata,GloBI,preysOn,,33.2371428571429,45.0,ThermoFresh,GlobTherm,11.7628571428571
Menippe nodifrons,Bathygobius soporator,GloBI,preysOn,,39.0,39.7636363636364,GlobTherm,ThermoFresh,0.763636363636401
Micropterus coosae,Cyprinella trichroistia,GloBI,preysOn,,37.82,37.69,ComteOlden,ComteOlden,0.13000000000000256
Micropterus dolomieu,Ameiurus nebulosus,GloBI,preysOn,,33.3333333333333,38.1,ThermoFresh,ThermoFresh,4.766666666666701
Micropterus dolomieu,Catostomus commersonii,GloBI,preysOn,,33.3333333333333,33.17,ThermoFresh,ThermoFresh,0.16333333333329847
Micropterus dolomieu,Coregonus artedi,GloBI,eats;preysOn,,33.3333333333333,24.9366666666667,ThermoFresh,ThermoFresh,8.3966666666666
Micropterus dolomieu,Coregonus clupeaformis,GloBI,preysOn,,33.3333333333333,25.9881818181818,ThermoFresh,ThermoFresh,7.3451515151515
Micropterus dolomieu,Cottus bairdii,GloBI,eats;preysOn,,33.3333333333333,31.334,ThermoFresh,ThermoFresh,1.9993333333333005
Micropterus dolomieu,Etheostoma caeruleum,GloBI,eats;preysOn,,33.3333333333333,33.3009677419355,ThermoFresh,ThermoFresh,0.03236559139779871
Micropterus dolomieu,Etheostoma nigrum,GloBI,eats;preysOn,,33.3333333333333,33.65,ThermoFresh,ThermoFresh,0.3166666666666984
Micropterus dolomieu,Faxonius rusticus,GloBI,eats,,33.3333333333333,34.0590909090909,ThermoFresh,ThermoFresh,0.7257575757575978
Micropterus dolomieu,Fundulus diaphanus,GloBI,eats;preysOn,,33.3333333333333,37.87,ThermoFresh,ComteOlden,4.536666666666697
Micropterus dolomieu,Gambusia affinis,GloBI,eats;preysOn,,33.3333333333333,38.9970689655172,ThermoFresh,ThermoFresh,5.663735632183901
Micropterus dolomieu,Gymnocephalus cernua,GloBI,preysOn,,33.3333333333333,34.5,ThermoFresh,ThermoFresh,1.1666666666666998
Micropterus dolomieu,Hybognathus hankinsoni,GloBI,preysOn,,33.3333333333333,34.15,ThermoFresh,ComteOlden,0.8166666666666984
Micropterus dolomieu,Lepomis gibbosus,GloBI,preysOn,,33.3333333333333,33.8035,ThermoFresh,ThermoFresh,0.4701666666666995
Micropterus dolomieu,Lepomis megalotis,GloBI,eats;preysOn,,33.3333333333333,34.8014285714286,ThermoFresh,ThermoFresh,1.4680952380953016
Micropterus dolomieu,Micropterus salmoides,GloBI,preysOn,,33.3333333333333,36.4,ThermoFresh,ThermoFresh,3.0666666666666984
Micropterus dolomieu,Notemigonus crysoleucas,GloBI,preysOn,,33.3333333333333,33.0966666666667,ThermoFresh,ThermoFresh,0.23666666666660063
Micropterus dolomieu,Oncorhynchus kisutch,GloBI,eats;preysOn,,33.3333333333333,27.6965,ThermoFresh,ThermoFresh,5.6368333333333
Micropterus dolomieu,Oncorhynchus mykiss,GloBI,eats;preysOn,,33.3333333333333,28.6755405405405,ThermoFresh,ThermoFresh,4.657792792792801
Micropterus dolomieu,Oncorhynchus nerka,GloBI,eats;preysOn,,33.3333333333333,27.2636363636364,ThermoFresh,ThermoFresh,6.069696969696899
Micropterus dolomieu,Oncorhynchus tshawytscha,GloBI,eats;preysOn,,33.3333333333333,28.7821875,ThermoFresh,ThermoFresh,4.551145833333301
Micropterus dolomieu,Orconectes virilis,GloBI,eats;preysOn,,33.3333333333333,37.2257142857143,ThermoFresh,ThermoFresh,3.8923809523809965
Micropterus dolomieu,Osmerus mordax,GloBI,preysOn,,33.3333333333333,25.9,ThermoFresh,ThermoFresh,7.433333333333302
Micropterus dolomieu,Perca flavescens,GloBI,eats;preysOn,,33.3333333333333,30.7,ThermoFresh,ComteOlden,2.633333333333301
Micropterus dolomieu,Percina caprodes,GloBI,preysOn,,33.3333333333333,31.93,ThermoFresh,ComteOlden,1.4033333333333005
Micropterus dolomieu,Percopsis transmontana,GloBI,eats;preysOn,,33.3333333333333,33.79,ThermoFresh,ComteOlden,0.456666666666699
Micropterus dolomieu,Pseudacris regilla,GloBI,preysOn,,33.3333333333333,36.6,ThermoFresh,GlobTherm,3.2666666666667012
Micropterus dolomieu,Pseudobarbus phlegethon,GloBI,preysOn,,33.3333333333333,31.435,ThermoFresh,ThermoFresh,1.8983333333333015
Micropterus dolomieu,Salvelinus namaycush,GloBI,preysOn,,33.3333333333333,27.385,ThermoFresh,ThermoFresh,5.948333333333299
Micropterus floridanus,Neogobius melanostomus,GloBI,preysOn,,36.6666666666667,33.726,ThermoFresh,ThermoFresh,2.9406666666667007
Micropterus punctulatus,Etheostoma nigrum,GloBI,preysOn,,32.49,33.65,ThermoFresh,ThermoFresh,1.1599999999999966
Micropterus salmoides,Abramis brama,GloBI,preysOn,,36.4,30.32,ThermoFresh,ComteOlden,6.079999999999998
Micropterus salmoides,Acipenser naccarii,GloBI,preysOn,,36.4,33.83,ThermoFresh,ComteOlden,2.5700000000000003
Micropterus salmoides,Acipenser sturio,GloBI,preysOn,,36.4,32.52,ThermoFresh,ComteOlden,3.8799999999999955
Micropterus salmoides,Acrocheilus alutaceus,GloBI,eats;preysOn,,36.4,32.24,ThermoFresh,ComteOlden,4.159999999999997
Micropterus salmoides,Alburnus alburnus,GloBI,preysOn,,36.4,37.7,ThermoFresh,ThermoFresh,1.3000000000000043
Micropterus salmoides,Alburnus arborella,GloBI,preysOn,,36.4,35.64,ThermoFresh,ComteOlden,0.759999999999998
Micropterus salmoides,Alosa fallax,GloBI,preysOn,,36.4,32.31,ThermoFresh,ComteOlden,4.089999999999996
Micropterus salmoides,Ambloplites rupestris,GloBI,preysOn,,36.4,33.86,ThermoFresh,ComteOlden,2.539999999999999
Micropterus salmoides,Ameiurus nebulosus,GloBI,preysOn,,36.4,38.1,ThermoFresh,ThermoFresh,1.7000000000000028
Micropterus salmoides,Anguilla anguilla,GloBI,preysOn,,36.4,35.12,ThermoFresh,ComteOlden,1.2800000000000011
Micropterus salmoides,Barbatula barbatula,GloBI,preysOn,,36.4,29.5285714285714,ThermoFresh,ThermoFresh,6.8714285714285985
Micropterus salmoides,Barbus barbus,GloBI,preysOn,,36.4,29.2,ThermoFresh,ThermoFresh,7.199999999999999
Micropterus salmoides,Barbus caninus,GloBI,preysOn,,36.4,32.7,ThermoFresh,ComteOlden,3.6999999999999957
Micropterus salmoides,Barbus paludinosus,GloBI,eats;preysOn,,36.4,38.63,ThermoFresh,ComteOlden,2.230000000000004
Micropterus salmoides,Barbus plebejus,GloBI,preysOn,,36.4,32.5,ThermoFresh,ComteOlden,3.8999999999999986
Micropterus salmoides,Blicca bjoerkna,GloBI,preysOn,,36.4,30.86,ThermoFresh,ComteOlden,5.539999999999999
Micropterus salmoides,Caenis luctuosa,GloBI,preysOn,,36.4,30.6,ThermoFresh,ThermoFresh,5.799999999999997
Micropterus salmoides,Carassius carassius,GloBI,eats;preysOn,,36.4,35.5365,ThermoFresh,ThermoFresh,0.8635000000000019
Micropterus salmoides,Carassius gibelio,GloBI,eats;preysOn,,36.4,36.1,ThermoFresh,ThermoFresh,0.29999999999999716
Micropterus salmoides,Catostomus commersonii,GloBI,preysOn,,36.4,33.17,ThermoFresh,ThermoFresh,3.229999999999997
Micropterus salmoides,Centrarchus macropterus,GloBI,eats;preysOn,,36.4,36.68,ThermoFresh,ComteOlden,0.28000000000000114
Micropterus salmoides,Chondrostoma nasus,GloBI,preysOn,,36.4,34.03,ThermoFresh,ComteOlden,2.3699999999999974
Micropterus salmoides,Chondrostoma soetta,GloBI,preysOn,,36.4,31.86,ThermoFresh,ComteOlden,4.539999999999999
Micropterus salmoides,Cobitis bilineata,GloBI,preysOn,,36.4,33.54,ThermoFresh,ComteOlden,2.8599999999999994
Micropterus salmoides,Cobitis taenia,GloBI,preysOn,,36.4,33.76,ThermoFresh,ComteOlden,2.6400000000000006
Micropterus salmoides,Coregonus artedi,GloBI,preysOn,,36.4,24.9366666666667,ThermoFresh,ThermoFresh,11.4633333333333
Micropterus salmoides,Coregonus clupeaformis,GloBI,preysOn,,36.4,25.9881818181818,ThermoFresh,ThermoFresh,10.411818181818198
Micropterus salmoides,Cottus gobio,GloBI,preysOn,,36.4,30.32,ThermoFresh,ComteOlden,6.079999999999998
Micropterus salmoides,Ctenopharyngodon idella,GloBI,preysOn,,36.4,39.5,ThermoFresh,ThermoFresh,3.1000000000000014
Micropterus salmoides,Cyprinella lutrensis,GloBI,preysOn,,36.4,35.7918518518519,ThermoFresh,ThermoFresh,0.6081481481480964
Micropterus salmoides,Cyprinus carpio,GloBI,eats;preysOn,,36.4,33.5484745762712,ThermoFresh,ThermoFresh,2.851525423728802
Micropterus salmoides,Daphnia galeata,GloBI,preysOn,,36.4,38.89,ThermoFresh,ThermoFresh,2.490000000000002
Micropterus salmoides,Dorosoma cepedianum,GloBI,eats;preysOn,,36.4,35.3,ThermoFresh,ComteOlden,1.1000000000000014
Micropterus salmoides,Dorosoma petenense,GloBI,eats;preysOn,,36.4,29.35,ThermoFresh,ThermoFresh,7.049999999999997
Micropterus salmoides,Electrona antarctica,GloBI,eats,,36.4,31.24,ThermoFresh,ComteOlden,5.16
Micropterus salmoides,Esox lucius,GloBI,preysOn,,36.4,28.98,ThermoFresh,ComteOlden,7.419999999999998
Micropterus salmoides,Gambusia affinis,GloBI,eats;preysOn,,36.4,38.9970689655172,ThermoFresh,ThermoFresh,2.5970689655172023
Micropterus salmoides,Gambusia holbrooki,GloBI,eats;preysOn,,36.4,40.225,ThermoFresh,ThermoFresh,3.825000000000003
Micropterus salmoides,Gammarus fossarum,GloBI,preysOn,,36.4,28.774,ThermoFresh,ThermoFresh,7.625999999999998
Micropterus salmoides,Gammarus pulex,GloBI,preysOn,,36.4,29.1161111111111,ThermoFresh,ThermoFresh,7.2838888888888995
Micropterus salmoides,Gammarus roeselii,GloBI,preysOn,,36.4,30.184,ThermoFresh,ThermoFresh,6.2159999999999975
Micropterus salmoides,Gammarus tigrinus,GloBI,eats;preysOn,,36.4,32.6985714285714,ThermoFresh,ThermoFresh,3.7014285714286004
Micropterus salmoides,Gasterosteus aculeatus,GloBI,preysOn,,36.4,31.6655882352941,ThermoFresh,ThermoFresh,4.7344117647059
Micropterus salmoides,Gobio gobio,GloBI,preysOn,,36.4,33.75,ThermoFresh,ThermoFresh,2.6499999999999986
Micropterus salmoides,Gymnocephalus cernua,GloBI,preysOn,,36.4,34.5,ThermoFresh,ThermoFresh,1.8999999999999986
Micropterus salmoides,Hyalella azteca,GloBI,eats;preysOn,,36.4,41.1175,ThermoFresh,ThermoFresh,4.717500000000001
Micropterus salmoides,Hypomesus nipponensis,GloBI,preysOn,,36.4,29.1,ThermoFresh,ThermoFresh,7.299999999999997
Micropterus salmoides,Hypomesus transpacificus,GloBI,preysOn,,36.4,27.8652941176471,ThermoFresh,ThermoFresh,8.534705882352899
Micropterus salmoides,Hypophthalmichthys molitrix,GloBI,preysOn,,36.4,36.27,ThermoFresh,ComteOlden,0.12999999999999545
Micropterus salmoides,Hypophthalmichthys nobilis,GloBI,preysOn,,36.4,37.92,ThermoFresh,ComteOlden,1.5200000000000031
Micropterus salmoides,Labidesthes sicculus,GloBI,eats;preysOn,,36.4,36.0,ThermoFresh,ThermoFresh,0.3999999999999986
Micropterus salmoides,Lepomis cyanellus,GloBI,eats;preysOn,,36.4,37.9452941176471,ThermoFresh,ThermoFresh,1.545294117647103
Micropterus salmoides,Lepomis gibbosus,GloBI,eats;preysOn,,36.4,33.8035,ThermoFresh,ThermoFresh,2.596499999999999
Micropterus salmoides,Lepomis macrochirus,GloBI,eats;preysOn,,36.4,36.8636,ThermoFresh,ThermoFresh,0.46359999999999957
Micropterus salmoides,Lepomis miniatus,GloBI,eats,,36.4,38.49,ThermoFresh,ComteOlden,2.0900000000000034
Micropterus salmoides,Leucaspius delineatus,GloBI,preysOn,,36.4,34.3566666666667,ThermoFresh,ThermoFresh,2.043333333333301
Micropterus salmoides,Leuciscus aspius,GloBI,preysOn,,36.4,34.92,ThermoFresh,ComteOlden,1.4799999999999969
Micropterus salmoides,Leuciscus leuciscus,GloBI,preysOn,,36.4,32.57,ThermoFresh,ComteOlden,3.8299999999999983
Micropterus salmoides,Lota lota,GloBI,preysOn,,36.4,27.11875,ThermoFresh,ThermoFresh,9.28125
Micropterus salmoides,Menidia beryllina,GloBI,eats;preysOn,,36.4,33.2371428571429,ThermoFresh,ThermoFresh,3.1628571428570993
Micropterus salmoides,Micropterus dolomieu,GloBI,eats;preysOn,,36.4,33.3333333333333,ThermoFresh,ThermoFresh,3.0666666666666984
Micropterus salmoides,Mugil cephalus,GloBI,eats;preysOn,,36.4,39.74,ThermoFresh,ThermoFresh,3.3400000000000034
Micropterus salmoides,Mylocheilus caurinus,GloBI,eats;preysOn,,36.4,26.78,ThermoFresh,ComteOlden,9.619999999999997
Micropterus salmoides,Neogobius melanostomus,GloBI,preysOn,,36.4,33.726,ThermoFresh,ThermoFresh,2.6739999999999995
Micropterus salmoides,Notemigonus crysoleucas,GloBI,eats;preysOn,,36.4,33.0966666666667,ThermoFresh,ThermoFresh,3.303333333333299
Micropterus salmoides,Oncorhynchus mykiss,GloBI,eats;preysOn,,36.4,28.6755405405405,ThermoFresh,ThermoFresh,7.724459459459499
Micropterus salmoides,Oncorhynchus tshawytscha,GloBI,eats;preysOn,,36.4,28.7821875,ThermoFresh,ThermoFresh,7.617812499999999
Micropterus salmoides,Oreochromis mossambicus,GloBI,preysOn,,36.4,42.638,ThermoFresh,ThermoFresh,6.2379999999999995
Micropterus salmoides,Osmerus mordax,GloBI,preysOn,,36.4,25.9,ThermoFresh,ThermoFresh,10.5
Micropterus salmoides,Padogobius bonelli,GloBI,preysOn,,36.4,31.74,ThermoFresh,ComteOlden,4.66
Micropterus salmoides,Parachondrostoma toxostoma,GloBI,preysOn,,36.4,34.17,ThermoFresh,ComteOlden,2.229999999999997
Micropterus salmoides,Perca flavescens,GloBI,preysOn,,36.4,30.7,ThermoFresh,ComteOlden,5.699999999999999
Micropterus salmoides,Perca fluviatilis,GloBI,preysOn,,36.4,28.6920833333333,ThermoFresh,ThermoFresh,7.707916666666698
Micropterus salmoides,Phoxinus lumaireul,GloBI,eats;preysOn,,36.4,29.52,ThermoFresh,ComteOlden,6.879999999999999
Micropterus salmoides,Pimephales notatus,GloBI,eats;preysOn,,36.4,33.4533333333333,ThermoFresh,ThermoFresh,2.946666666666701
Micropterus salmoides,Pimephales promelas,GloBI,eats,,36.4,35.996338028169,ThermoFresh,ThermoFresh,0.4036619718309993
Micropterus salmoides,Poecilia reticulata,GloBI,eats;preysOn,,36.4,39.7275,ThermoFresh,ThermoFresh,3.3275000000000006
Micropterus salmoides,Pomoxis nigromaculatus,GloBI,eats;preysOn,,36.4,35.21,ThermoFresh,ComteOlden,1.1899999999999977
Micropterus salmoides,Ponticola kessleri,GloBI,preysOn,,36.4,34.03,ThermoFresh,ComteOlden,2.3699999999999974
Micropterus salmoides,Procambarus clarkii,GloBI,eats;preysOn,,36.4,38.5,ThermoFresh,ThermoFresh,2.1000000000000014
Micropterus salmoides,Pseudobarbus phlegethon,GloBI,preysOn,,36.4,31.435,ThermoFresh,ThermoFresh,4.965
Micropterus salmoides,Pseudorasbora parva,GloBI,eats;preysOn,,36.4,38.515,ThermoFresh,ThermoFresh,2.115000000000002
Micropterus salmoides,Ptychocheilus oregonensis,GloBI,eats;preysOn,,36.4,30.36,ThermoFresh,ComteOlden,6.039999999999999
Micropterus salmoides,Rana catesbeiana,GloBI,eats;preysOn,,36.4,33.6,ThermoFresh,GlobTherm,2.799999999999997
Micropterus salmoides,Rhinogobius giurinus,GloBI,eats;preysOn,,36.4,37.83,ThermoFresh,ComteOlden,1.4299999999999997
Micropterus salmoides,Rhodeus amarus,GloBI,preysOn,,36.4,34.1,ThermoFresh,ComteOlden,2.299999999999997
Micropterus salmoides,Richardsonius balteatus,GloBI,eats;preysOn,,36.4,28.63,ThermoFresh,ComteOlden,7.77
Micropterus salmoides,Rutilus aula,GloBI,preysOn,,36.4,32.32,ThermoFresh,ComteOlden,4.079999999999998
Micropterus salmoides,Rutilus pigus,GloBI,preysOn,,36.4,33.59,ThermoFresh,ComteOlden,2.809999999999995
Micropterus salmoides,Rutilus rutilus,GloBI,eats;preysOn,,36.4,28.5058333333333,ThermoFresh,ThermoFresh,7.894166666666699
Micropterus salmoides,Sabanejewia larvata,GloBI,preysOn,,36.4,32.71,ThermoFresh,ComteOlden,3.6899999999999977
Micropterus salmoides,Salariopsis fluviatilis,GloBI,eats;preysOn,,36.4,34.96,ThermoFresh,ComteOlden,1.4399999999999977
Micropterus salmoides,Salmo labrax,GloBI,preysOn,,36.4,32.32,ThermoFresh,ComteOlden,4.079999999999998
Micropterus salmoides,Salmo marmoratus,GloBI,preysOn,,36.4,30.21,ThermoFresh,ComteOlden,6.189999999999998
Micropterus salmoides,Salmo salar,GloBI,preysOn,,36.4,30.3326495726496,ThermoFresh,ThermoFresh,6.067350427350398
Micropterus salmoides,Salmo trutta,GloBI,preysOn,,36.4,27.6830769230769,ThermoFresh,ThermoFresh,8.716923076923099
Micropterus salmoides,Salvelinus fontinalis,GloBI,preysOn,,36.4,28.9883333333333,ThermoFresh,ThermoFresh,7.411666666666697
Micropterus salmoides,Salvelinus namaycush,GloBI,preysOn,,36.4,27.385,ThermoFresh,ThermoFresh,9.014999999999997
Micropterus salmoides,Sander lucioperca,GloBI,preysOn,,36.4,35.4428571428571,ThermoFresh,ThermoFresh,0.9571428571428982
Micropterus salmoides,Sander vitreus,GloBI,eats;preysOn,,36.4,35.375,ThermoFresh,ThermoFresh,1.0249999999999986
Micropterus salmoides,Scardinius erythrophthalmus,GloBI,preysOn,,36.4,34.94,ThermoFresh,ComteOlden,1.4600000000000009
Micropterus salmoides,Sialis lutaria,GloBI,preysOn,,36.4,31.4,ThermoFresh,ThermoFresh,5.0
Micropterus salmoides,Silurus glanis,GloBI,preysOn,,36.4,36.15,ThermoFresh,ComteOlden,0.25
Micropterus salmoides,Squalius cephalus,GloBI,preysOn,,36.4,36.48,ThermoFresh,ThermoFresh,0.0799999999999983
Micropterus salmoides,Syngnathus scovelli,GloBI,eats;preysOn,,36.4,38.21,ThermoFresh,ComteOlden,1.8100000000000023
Micropterus salmoides,Telestes muticellus,GloBI,preysOn,,36.4,33.48,ThermoFresh,ComteOlden,2.9200000000000017
Micropterus salmoides,Telestes souffia,GloBI,preysOn,,36.4,33.18,ThermoFresh,ComteOlden,3.219999999999999
Micropterus salmoides,Thymallus thymallus,GloBI,preysOn,,36.4,29.4333333333333,ThermoFresh,ThermoFresh,6.966666666666697
Micropterus salmoides,Tinca tinca,GloBI,preysOn,,36.4,35.6875,ThermoFresh,ThermoFresh,0.7124999999999986
Microthrissa congica,Electrona antarctica,GloBI,eats,,35.14,31.24,ComteOlden,ComteOlden,3.900000000000002
Monopterus albus,Poecilia reticulata,GloBI,eats,,36.99,39.7275,ComteOlden,ThermoFresh,2.737499999999997
Morone americana,Alosa pseudoharengus,GloBI,preysOn,,34.95,30.4625,ComteOlden,ThermoFresh,4.487500000000004
Morone americana,Alosa sapidissima,GloBI,preysOn,,34.95,32.58,ComteOlden,ComteOlden,2.3700000000000045
Morone americana,Anchoa mitchilli,GloBI,preysOn,,34.95,36.68,ComteOlden,ComteOlden,1.7299999999999969
Morone americana,Gammarus tigrinus,GloBI,preysOn,,34.95,32.6985714285714,ComteOlden,ThermoFresh,2.2514285714286046
Morone americana,Hyalella azteca,GloBI,preysOn,,34.95,41.1175,ComteOlden,ThermoFresh,6.167499999999997
Morone americana,Leiostomus xanthurus,GloBI,preysOn,,34.95,36.19,ComteOlden,ComteOlden,1.2399999999999949
Morone americana,Lepomis gibbosus,GloBI,preysOn,,34.95,33.8035,ComteOlden,ThermoFresh,1.1465000000000032
Morone americana,Morone chrysops,GloBI,eats;preysOn,,34.95,35.47,ComteOlden,ComteOlden,0.519999999999996
Morone americana,Osmerus mordax,GloBI,eats;preysOn,,34.95,25.9,ComteOlden,ThermoFresh,9.050000000000004
Morone americana,Sander vitreus,GloBI,eats;preysOn,,34.95,35.375,ComteOlden,ThermoFresh,0.42499999999999716
Morone americana,Trinectes maculatus,GloBI,preysOn,,34.95,37.31,ComteOlden,ComteOlden,2.3599999999999994
Morone americana,Uma inornata,GloBI,preysOn,,34.95,45.0,ComteOlden,GlobTherm,10.049999999999997
Morone chrysops,Cyprinus carpio,GloBI,eats;preysOn,,35.47,33.5484745762712,ComteOlden,ThermoFresh,1.9215254237288022
Morone chrysops,Dorosoma cepedianum,GloBI,eats;preysOn,,35.47,35.3,ComteOlden,ComteOlden,0.1700000000000017
Morone chrysops,Gambusia affinis,GloBI,preysOn,,35.47,38.9970689655172,ComteOlden,ThermoFresh,3.527068965517202
Morone chrysops,Lepomis macrochirus,GloBI,eats;preysOn,,35.47,36.8636,ComteOlden,ThermoFresh,1.3935999999999993
Morone chrysops,Perca flavescens,GloBI,eats;preysOn,,35.47,30.7,ComteOlden,ComteOlden,4.77
Morone chrysops,Pomoxis nigromaculatus,GloBI,eats;preysOn,,35.47,35.21,ComteOlden,ComteOlden,0.259999999999998
Morone chrysops,Sander vitreus,GloBI,eats;preysOn,,35.47,35.375,ComteOlden,ThermoFresh,0.09499999999999886
Morone mississippiensis,Cyprinodon variegatus,GloBI,eats,,37.05,41.3626666666667,ComteOlden,ThermoFresh,4.312666666666701
Morone mississippiensis,Poecilia latipinna,GloBI,eats;preysOn,,37.05,40.4425,ComteOlden,ThermoFresh,3.3925000000000054
Morone saxatilis,Acipenser oxyrinchus,GloBI,eats,,33.3948,33.41,ThermoFresh,ComteOlden,0.015200000000000102
Morone saxatilis,Alosa aestivalis,GloBI,eats;preysOn,,33.3948,33.58,ThermoFresh,ComteOlden,0.1852000000000018
Morone saxatilis,Alosa mediocris,GloBI,preysOn,,33.3948,34.7,ThermoFresh,ComteOlden,1.3052000000000064
Morone saxatilis,Alosa pseudoharengus,GloBI,eats;preysOn,,33.3948,30.4625,ThermoFresh,ThermoFresh,2.932299999999998
Morone saxatilis,Alosa sapidissima,GloBI,eats;preysOn,,33.3948,32.58,ThermoFresh,ComteOlden,0.8147999999999982
Morone saxatilis,Ameiurus catus,GloBI,eats;preysOn,,33.3948,35.83,ThermoFresh,ComteOlden,2.435200000000002
Morone saxatilis,Anchoa mitchilli,GloBI,eats;preysOn,,33.3948,36.68,ThermoFresh,ComteOlden,3.2852000000000032
Morone saxatilis,Anguilla rostrata,GloBI,eats;preysOn,,33.3948,36.6,ThermoFresh,ComteOlden,3.205200000000005
Morone saxatilis,Apeltes quadracus,GloBI,preysOn,,33.3948,32.18,ThermoFresh,ComteOlden,1.2147999999999968
Morone saxatilis,Centropristis striata,GloBI,preysOn,,33.3948,34.65,ThermoFresh,ComteOlden,1.255200000000002
Morone saxatilis,Clupea pallasii,GloBI,preysOn,,33.3948,27.25,ThermoFresh,ThermoFresh,6.1447999999999965
Morone saxatilis,Cymatogaster aggregata,GloBI,eats;preysOn,,33.3948,32.75,ThermoFresh,ComteOlden,0.6447999999999965
Morone saxatilis,Cyprinodon variegatus,GloBI,preysOn,,33.3948,41.3626666666667,ThermoFresh,ThermoFresh,7.967866666666701
Morone saxatilis,Cyprinus carpio,GloBI,eats;preysOn,,33.3948,33.5484745762712,ThermoFresh,ThermoFresh,0.15367457627120018
Morone saxatilis,Dorosoma cepedianum,GloBI,eats;preysOn,,33.3948,35.3,ThermoFresh,ComteOlden,1.9052000000000007
Morone saxatilis,Dorosoma petenense,GloBI,eats;preysOn,,33.3948,29.35,ThermoFresh,ThermoFresh,4.044799999999995
Morone saxatilis,Esox americanus,GloBI,preysOn,,33.3948,36.2,ThermoFresh,ComteOlden,2.8052000000000064
Morone saxatilis,Etheostoma olmstedi,GloBI,preysOn,,33.3948,34.26,ThermoFresh,ComteOlden,0.8652000000000015
Morone saxatilis,Eucinostomus argenteus,GloBI,eats;preysOn,,33.3948,40.37,ThermoFresh,ComteOlden,6.975200000000001
Morone saxatilis,Fundulus heteroclitus,GloBI,eats;preysOn,,33.3948,38.4415517241379,ThermoFresh,ThermoFresh,5.046751724137906
Morone saxatilis,Fundulus seminolis,GloBI,eats;preysOn,,33.3948,40.52,ThermoFresh,ComteOlden,7.125200000000007
Morone saxatilis,Gambusia affinis,GloBI,eats;preysOn,,33.3948,38.9970689655172,ThermoFresh,ThermoFresh,5.602268965517204
Morone saxatilis,Gammarus tigrinus,GloBI,preysOn,,33.3948,32.6985714285714,ThermoFresh,ThermoFresh,0.6962285714285983
Morone saxatilis,Hyalella azteca,GloBI,preysOn,,33.3948,41.1175,ThermoFresh,ThermoFresh,7.722700000000003
Morone saxatilis,Hypomesus transpacificus,GloBI,eats;preysOn,,33.3948,27.8652941176471,ThermoFresh,ThermoFresh,5.529505882352897
Morone saxatilis,Hypsoblennius hentz,GloBI,eats;preysOn,,33.3948,36.51,ThermoFresh,ComteOlden,3.1152000000000015
Morone saxatilis,Labidesthes sicculus,GloBI,eats;preysOn,,33.3948,36.0,ThermoFresh,ThermoFresh,2.6052000000000035
Morone saxatilis,Leiostomus xanthurus,GloBI,eats;preysOn,,33.3948,36.19,ThermoFresh,ComteOlden,2.7952000000000012
Morone saxatilis,Lepomis macrochirus,GloBI,eats;preysOn,,33.3948,36.8636,ThermoFresh,ThermoFresh,3.4688000000000017
Morone saxatilis,Litopenaeus setiferus,GloBI,eats;preysOn,,33.3948,37.2,ThermoFresh,ThermoFresh,3.8052000000000064
Morone saxatilis,Lucania parva,GloBI,preysOn,,33.3948,38.38,ThermoFresh,ComteOlden,4.985200000000006
Morone saxatilis,Microgadus tomcod,GloBI,eats;preysOn,,33.3948,30.0,ThermoFresh,ComteOlden,3.3947999999999965
Morone saxatilis,Morone americana,GloBI,eats;preysOn,,33.3948,34.95,ThermoFresh,ComteOlden,1.5552000000000064
Morone saxatilis,Mugil cephalus,GloBI,eats,,33.3948,39.74,ThermoFresh,ThermoFresh,6.3452000000000055
Morone saxatilis,Mugil curema,GloBI,eats;preysOn,,33.3948,41.0,ThermoFresh,ThermoFresh,7.6052000000000035
Morone saxatilis,Notemigonus crysoleucas,GloBI,preysOn,,33.3948,33.0966666666667,ThermoFresh,ThermoFresh,0.29813333333329695
Morone saxatilis,Notropis hudsonius,GloBI,preysOn,,33.3948,31.21,ThermoFresh,ComteOlden,2.1847999999999956
Morone saxatilis,Oncorhynchus tshawytscha,GloBI,eats;preysOn,,33.3948,28.7821875,ThermoFresh,ThermoFresh,4.612612499999997
Morone saxatilis,Osmerus mordax,GloBI,eats;preysOn,,33.3948,25.9,ThermoFresh,ThermoFresh,7.494799999999998
Morone saxatilis,Procambarus clarkii,GloBI,eats,,33.3948,38.5,ThermoFresh,ThermoFresh,5.1052000000000035
Morone saxatilis,Scomber scombrus,GloBI,eats;preysOn,,33.3948,33.2066666666667,ThermoFresh,ComteOlden,0.18813333333329751
Morone saxatilis,Sphoeroides maculatus,GloBI,eats;preysOn,,33.3948,36.41,ThermoFresh,ComteOlden,3.0152
Morone saxatilis,Stenotomus chrysops,GloBI,eats;preysOn,,33.3948,34.38,ThermoFresh,ComteOlden,0.9852000000000061
Morone saxatilis,Strongylura marina,GloBI,eats;preysOn,,33.3948,38.36,ThermoFresh,ComteOlden,4.965200000000003
Morone saxatilis,Tautoga onitis,GloBI,eats;preysOn,,33.3948,33.83,ThermoFresh,ComteOlden,0.4352000000000018
Morone saxatilis,Trinectes maculatus,GloBI,eats;preysOn,,33.3948,37.31,ThermoFresh,ComteOlden,3.915200000000006
Morone saxatilis,Uma inornata,GloBI,preysOn,,33.3948,45.0,ThermoFresh,GlobTherm,11.605200000000004
Morone saxatilis,Xyrauchen texanus,GloBI,preysOn,,33.3948,38.8,ThermoFresh,ThermoFresh,5.405200000000001
Mullus surmuletus,Carcinus maenas,GloBI,preysOn,,33.31,34.07,ComteOlden,ThermoFresh,0.759999999999998
Mullus surmuletus,Crangon crangon,GloBI,preysOn,,33.31,34.1133333333333,ComteOlden,ThermoFresh,0.803333333333299
Mullus surmuletus,Littorina saxatilis,GloBI,preysOn,,33.31,34.91,ComteOlden,ThermoFresh,1.5999999999999943
Mullus surmuletus,Pagurus bernhardus,GloBI,preysOn,,33.31,35.9,ComteOlden,ThermoFresh,2.5899999999999963
Mullus surmuletus,Xantho incisus,GloBI,preysOn,,33.31,33.4,ComteOlden,GlobTherm,0.0899999999999963
Myoxocephalus quadricornis,Clupea harengus,GloBI,preysOn,,27.1,25.43,ThermoFresh,ComteOlden,1.6700000000000017
Myoxocephalus quadricornis,Corophium volutator,GloBI,preysOn,,27.1,33.1452777775,ThermoFresh,ThermoFresh,6.045277777499997
Myoxocephalus quadricornis,Gasterosteus aculeatus,GloBI,preysOn,,27.1,31.6655882352941,ThermoFresh,ThermoFresh,4.565588235294097
Myoxocephalus quadricornis,Gymnocephalus cernua,GloBI,preysOn,,27.1,34.5,ThermoFresh,ThermoFresh,7.399999999999999
Myoxocephalus quadricornis,Osmerus eperlanus,GloBI,preysOn,,27.1,27.8,ThermoFresh,ComteOlden,0.6999999999999993
Myoxocephalus quadricornis,Zoarces viviparus,GloBI,preysOn,,27.1,27.725,ThermoFresh,ThermoFresh,0.625
Nandus nandus,Danio rerio,GloBI,preysOn,,39.17,40.6783333333333,ComteOlden,ThermoFresh,1.5083333333332973
Neogobius melanostomus,Abramis brama,GloBI,preysOn,,33.726,30.32,ThermoFresh,ComteOlden,3.405999999999999
Neogobius melanostomus,Acipenser naccarii,GloBI,preysOn,,33.726,33.83,ThermoFresh,ComteOlden,0.1039999999999992
Neogobius melanostomus,Acipenser sturio,GloBI,preysOn,,33.726,32.52,ThermoFresh,ComteOlden,1.205999999999996
Neogobius melanostomus,Agabus bipustulatus,GloBI,preysOn,,33.726,37.07,ThermoFresh,ThermoFresh,3.344000000000001
Neogobius melanostomus,Agapetus fuscipes,GloBI,preysOn,,33.726,25.8,ThermoFresh,ThermoFresh,7.925999999999998
Neogobius melanostomus,Alburnus alburnus,GloBI,preysOn,,33.726,37.7,ThermoFresh,ThermoFresh,3.9740000000000038
Neogobius melanostomus,Alburnus arborella,GloBI,preysOn,,33.726,35.64,ThermoFresh,ComteOlden,1.9140000000000015
Neogobius melanostomus,Alosa fallax,GloBI,preysOn,,33.726,32.31,ThermoFresh,ComteOlden,1.4159999999999968
Neogobius melanostomus,Ampullaceana balthica,GloBI,preysOn,,33.726,36.525,ThermoFresh,ThermoFresh,2.7989999999999995
Neogobius melanostomus,Ancylus fluviatilis,GloBI,preysOn,,33.726,34.9,ThermoFresh,ThermoFresh,1.1739999999999995
Neogobius melanostomus,Anguilla anguilla,GloBI,preysOn,,33.726,35.12,ThermoFresh,ComteOlden,1.3939999999999984
Neogobius melanostomus,Aphelocheirus aestivalis,GloBI,preysOn,,33.726,34.53,ThermoFresh,ThermoFresh,0.804000000000002
Neogobius melanostomus,Asellus aquaticus,GloBI,eats;preysOn,,33.726,32.8678947368421,ThermoFresh,ThermoFresh,0.8581052631578956
Neogobius melanostomus,Astacus leptodactylus,GloBI,preysOn,,33.726,37.8666666666667,ThermoFresh,ThermoFresh,4.140666666666704
Neogobius melanostomus,Baetis rhodani,GloBI,preysOn,,33.726,25.1,ThermoFresh,ThermoFresh,8.625999999999998
Neogobius melanostomus,Barbatula barbatula,GloBI,preysOn,,33.726,29.5285714285714,ThermoFresh,ThermoFresh,4.197428571428599
Neogobius melanostomus,Barbus barbus,GloBI,preysOn,,33.726,29.2,ThermoFresh,ThermoFresh,4.526
Neogobius melanostomus,Barbus caninus,GloBI,preysOn,,33.726,32.7,ThermoFresh,ComteOlden,1.0259999999999962
Neogobius melanostomus,Barbus plebejus,GloBI,preysOn,,33.726,32.5,ThermoFresh,ComteOlden,1.225999999999999
Neogobius melanostomus,Bithynia tentaculata,GloBI,eats;preysOn,,33.726,28.8166666666667,ThermoFresh,ThermoFresh,4.909333333333301
Neogobius melanostomus,Blicca bjoerkna,GloBI,preysOn,,33.726,30.86,ThermoFresh,ComteOlden,2.8659999999999997
Neogobius melanostomus,Caenis luctuosa,GloBI,preysOn,,33.726,30.6,ThermoFresh,ThermoFresh,3.1259999999999977
Neogobius melanostomus,Calopteryx virgo,GloBI,preysOn,,33.726,34.0225,ThermoFresh,ThermoFresh,0.29650000000000176
Neogobius melanostomus,Carassius carassius,GloBI,preysOn,,33.726,35.5365,ThermoFresh,ThermoFresh,1.8104999999999976
Neogobius melanostomus,Carassius gibelio,GloBI,preysOn,,33.726,36.1,ThermoFresh,ThermoFresh,2.3740000000000023
Neogobius melanostomus,Chondrostoma nasus,GloBI,preysOn,,33.726,34.03,ThermoFresh,ComteOlden,0.30400000000000205
Neogobius melanostomus,Chondrostoma soetta,GloBI,preysOn,,33.726,31.86,ThermoFresh,ComteOlden,1.8659999999999997
Neogobius melanostomus,Cobitis bilineata,GloBI,preysOn,,33.726,33.54,ThermoFresh,ComteOlden,0.18599999999999994
Neogobius melanostomus,Cobitis taenia,GloBI,preysOn,,33.726,33.76,ThermoFresh,ComteOlden,0.03399999999999892
Neogobius melanostomus,Coenagrion puella,GloBI,preysOn,,33.726,42.995,ThermoFresh,ThermoFresh,9.268999999999998
Neogobius melanostomus,Cottus gobio,GloBI,preysOn,,33.726,30.32,ThermoFresh,ComteOlden,3.405999999999999
Neogobius melanostomus,Ctenopharyngodon idella,GloBI,preysOn,,33.726,39.5,ThermoFresh,ThermoFresh,5.774000000000001
Neogobius melanostomus,Cyprinus carpio,GloBI,preysOn,,33.726,33.5484745762712,ThermoFresh,ThermoFresh,0.17752542372880242
Neogobius melanostomus,Deronectes latus,GloBI,preysOn,,33.726,37.04,ThermoFresh,ThermoFresh,3.314
Neogobius melanostomus,Dikerogammarus villosus,GloBI,eats;preysOn,,33.726,28.1328571428571,ThermoFresh,ThermoFresh,5.593142857142897
Neogobius melanostomus,Dinocras cephalotes,GloBI,preysOn,,33.726,34.6083333333333,ThermoFresh,ThermoFresh,0.8823333333332997
Neogobius melanostomus,Drusus annulatus,GloBI,preysOn,,33.726,28.8,ThermoFresh,ThermoFresh,4.925999999999998
Neogobius melanostomus,Ecdyonurus insignis,GloBI,preysOn,,33.726,32.34,ThermoFresh,ThermoFresh,1.3859999999999957
Neogobius melanostomus,Echinogammarus berilloni,GloBI,eats;preysOn,,33.726,30.3333333333333,ThermoFresh,ThermoFresh,3.392666666666699
Neogobius melanostomus,Echinogammarus ischnus,GloBI,eats;preysOn,,33.726,31.5,ThermoFresh,ThermoFresh,2.225999999999999
Neogobius melanostomus,Ephemera danica,GloBI,preysOn,,33.726,36.7075,ThermoFresh,ThermoFresh,2.981500000000004
Neogobius melanostomus,Esox lucius,GloBI,preysOn,,33.726,28.98,ThermoFresh,ComteOlden,4.745999999999999
Neogobius melanostomus,Galba truncatula,GloBI,preysOn,,33.726,39.7125,ThermoFresh,ThermoFresh,5.9864999999999995
Neogobius melanostomus,Gammarus fossarum,GloBI,eats;preysOn,,33.726,28.774,ThermoFresh,ThermoFresh,4.951999999999998
Neogobius melanostomus,Gammarus pulex,GloBI,eats;preysOn,,33.726,29.1161111111111,ThermoFresh,ThermoFresh,4.6098888888889
Neogobius melanostomus,Gammarus roeselii,GloBI,preysOn,,33.726,30.184,ThermoFresh,ThermoFresh,3.541999999999998
Neogobius melanostomus,Gammarus tigrinus,GloBI,preysOn,,33.726,32.6985714285714,ThermoFresh,ThermoFresh,1.027428571428601
Neogobius melanostomus,Gasterosteus aculeatus,GloBI,preysOn,,33.726,31.6655882352941,ThermoFresh,ThermoFresh,2.0604117647059006
Neogobius melanostomus,Gobio gobio,GloBI,preysOn,,33.726,33.75,ThermoFresh,ThermoFresh,0.02400000000000091
Neogobius melanostomus,Gymnocephalus cernua,GloBI,preysOn,,33.726,34.5,ThermoFresh,ThermoFresh,0.7740000000000009
Neogobius melanostomus,Heptagenia sulphurea,GloBI,preysOn,,33.726,30.2,ThermoFresh,ThermoFresh,3.526
Neogobius melanostomus,Hydropsyche pellucidula,GloBI,preysOn,,33.726,25.5,ThermoFresh,ThermoFresh,8.225999999999999
Neogobius melanostomus,Hypophthalmichthys molitrix,GloBI,preysOn,,33.726,36.27,ThermoFresh,ComteOlden,2.544000000000004
Neogobius melanostomus,Hypophthalmichthys nobilis,GloBI,preysOn,,33.726,37.92,ThermoFresh,ComteOlden,4.194000000000003
Neogobius melanostomus,Ischnura elegans,GloBI,preysOn,,33.726,43.7361538461539,ThermoFresh,ThermoFresh,10.010153846153898
Neogobius melanostomus,Ischnura pumilio,GloBI,preysOn,,33.726,45.515,ThermoFresh,ThermoFresh,11.789000000000001
Neogobius melanostomus,Lepomis gibbosus,GloBI,preysOn,,33.726,33.8035,ThermoFresh,ThermoFresh,0.07750000000000057
Neogobius melanostomus,Leucaspius delineatus,GloBI,preysOn,,33.726,34.3566666666667,ThermoFresh,ThermoFresh,0.6306666666666985
Neogobius melanostomus,Leuciscus aspius,GloBI,preysOn,,33.726,34.92,ThermoFresh,ComteOlden,1.1940000000000026
Neogobius melanostomus,Leuciscus leuciscus,GloBI,preysOn,,33.726,32.57,ThermoFresh,ComteOlden,1.1559999999999988
Neogobius melanostomus,Leuctra fusca,GloBI,preysOn,,33.726,30.1,ThermoFresh,ThermoFresh,3.6259999999999977
Neogobius melanostomus,Lota lota,GloBI,preysOn,,33.726,27.11875,ThermoFresh,ThermoFresh,6.6072500000000005
Neogobius melanostomus,Micropterus salmoides,GloBI,preysOn,,33.726,36.4,ThermoFresh,ThermoFresh,2.6739999999999995
Neogobius melanostomus,Nemurella pictetii,GloBI,preysOn,,33.726,30.1,ThermoFresh,ThermoFresh,3.6259999999999977
Neogobius melanostomus,Oncorhynchus mykiss,GloBI,preysOn,,33.726,28.6755405405405,ThermoFresh,ThermoFresh,5.0504594594595
Neogobius melanostomus,Padogobius bonelli,GloBI,preysOn,,33.726,31.74,ThermoFresh,ComteOlden,1.9860000000000007
Neogobius melanostomus,Parachondrostoma toxostoma,GloBI,preysOn,,33.726,34.17,ThermoFresh,ComteOlden,0.4440000000000026
Neogobius melanostomus,Perca fluviatilis,GloBI,preysOn,,33.726,28.6920833333333,ThermoFresh,ThermoFresh,5.033916666666698
Neogobius melanostomus,Phoxinus lumaireul,GloBI,preysOn,,33.726,29.52,ThermoFresh,ComteOlden,4.2059999999999995
Neogobius melanostomus,Physa fontinalis,GloBI,preysOn,,33.726,37.2433333333333,ThermoFresh,ThermoFresh,3.5173333333332977
Neogobius melanostomus,Planorbarius corneus,GloBI,preysOn,,33.726,38.025,ThermoFresh,ThermoFresh,4.2989999999999995
Neogobius melanostomus,Planorbis carinatus,GloBI,preysOn,,33.726,40.3033333333333,ThermoFresh,ThermoFresh,6.5773333333333
Neogobius melanostomus,Planorbis planorbis,GloBI,preysOn,,33.726,39.8433333333333,ThermoFresh,ThermoFresh,6.117333333333299
Neogobius melanostomus,Ponticola kessleri,GloBI,preysOn,,33.726,34.03,ThermoFresh,ComteOlden,0.30400000000000205
Neogobius melanostomus,Potamopyrgus antipodarum,GloBI,eats;preysOn,,33.726,27.9033333333333,ThermoFresh,ThermoFresh,5.822666666666699
Neogobius melanostomus,Pseudorasbora parva,GloBI,preysOn,,33.726,38.515,ThermoFresh,ThermoFresh,4.7890000000000015
Neogobius melanostomus,Rhithrogena semicolorata,GloBI,preysOn,,33.726,25.33,ThermoFresh,ThermoFresh,8.396
Neogobius melanostomus,Rhodeus amarus,GloBI,preysOn,,33.726,34.1,ThermoFresh,ComteOlden,0.37400000000000233
Neogobius melanostomus,Rhyacophila dorsalis,GloBI,preysOn,,33.726,22.0,ThermoFresh,ThermoFresh,11.725999999999999
Neogobius melanostomus,Rutilus aula,GloBI,preysOn,,33.726,32.32,ThermoFresh,ComteOlden,1.4059999999999988
Neogobius melanostomus,Rutilus pigus,GloBI,preysOn,,33.726,33.59,ThermoFresh,ComteOlden,0.13599999999999568
Neogobius melanostomus,Rutilus rutilus,GloBI,preysOn,,33.726,28.5058333333333,ThermoFresh,ThermoFresh,5.2201666666666995
Neogobius melanostomus,Sabanejewia larvata,GloBI,preysOn,,33.726,32.71,ThermoFresh,ComteOlden,1.0159999999999982
Neogobius melanostomus,Salariopsis fluviatilis,GloBI,preysOn,,33.726,34.96,ThermoFresh,ComteOlden,1.2340000000000018
Neogobius melanostomus,Salmo labrax,GloBI,preysOn,,33.726,32.32,ThermoFresh,ComteOlden,1.4059999999999988
Neogobius melanostomus,Salmo marmoratus,GloBI,preysOn,,33.726,30.21,ThermoFresh,ComteOlden,3.5159999999999982
Neogobius melanostomus,Salmo salar,GloBI,preysOn,,33.726,30.3326495726496,ThermoFresh,ThermoFresh,3.3933504273503985
Neogobius melanostomus,Salmo trutta,GloBI,preysOn,,33.726,27.6830769230769,ThermoFresh,ThermoFresh,6.042923076923099
Neogobius melanostomus,Salvelinus fontinalis,GloBI,preysOn,,33.726,28.9883333333333,ThermoFresh,ThermoFresh,4.737666666666698
Neogobius melanostomus,Salvelinus namaycush,GloBI,preysOn,,33.726,27.385,ThermoFresh,ThermoFresh,6.3409999999999975
Neogobius melanostomus,Sander lucioperca,GloBI,preysOn,,33.726,35.4428571428571,ThermoFresh,ThermoFresh,1.7168571428571013
Neogobius melanostomus,Scardinius erythrophthalmus,GloBI,preysOn,,33.726,34.94,ThermoFresh,ComteOlden,1.2139999999999986
Neogobius melanostomus,Serratella ignita,GloBI,preysOn,,33.726,32.3,ThermoFresh,ThermoFresh,1.426000000000002
Neogobius melanostomus,Silurus glanis,GloBI,preysOn,,33.726,36.15,ThermoFresh,ComteOlden,2.4239999999999995
Neogobius melanostomus,Squalius cephalus,GloBI,preysOn,,33.726,36.48,ThermoFresh,ThermoFresh,2.753999999999998
Neogobius melanostomus,Telestes muticellus,GloBI,preysOn,,33.726,33.48,ThermoFresh,ComteOlden,0.24600000000000222
Neogobius melanostomus,Telestes souffia,GloBI,preysOn,,33.726,33.18,ThermoFresh,ComteOlden,0.5459999999999994
Neogobius melanostomus,Thymallus thymallus,GloBI,preysOn,,33.726,29.4333333333333,ThermoFresh,ThermoFresh,4.2926666666666975
Neogobius melanostomus,Tinca tinca,GloBI,preysOn,,33.726,35.6875,ThermoFresh,ThermoFresh,1.961500000000001
Neogobius melanostomus,Unio pictorum,GloBI,parasiteOf,,33.726,33.3142857142857,ThermoFresh,ThermoFresh,0.4117142857142966
Neolamprologus meeli,Variabilichromis moorii,GloBI,parasiteOf,,37.93,37.93,ComteOlden,ComteOlden,0.0
Neolamprologus pulcher,Julidochromis ornatus,GloBI,parasiteOf,,37.88,37.94,ComteOlden,ComteOlden,0.05999999999999517
Neolamprologus pulcher,Lamprologus callipterus,GloBI,parasiteOf,,37.88,37.87,ComteOlden,ComteOlden,0.010000000000005116
Neolamprologus pulcher,Telmatochromis temporalis,GloBI,parasiteOf,,37.88,38.06,ComteOlden,ComteOlden,0.17999999999999972
Neolamprologus savoryi,Julidochromis marlieri,GloBI,preysOn,,37.86,37.83,ComteOlden,ComteOlden,0.030000000000001137
Notechis scutatus,Crinia signifera,GloBI,preysOn,,38.0,35.7,GlobTherm,GlobTherm,2.299999999999997
Notechis scutatus,Limnodynastes dorsalis,GloBI,eats,,38.0,36.5,GlobTherm,GlobTherm,1.5
Notechis scutatus,Limnodynastes fletcheri,GloBI,preysOn,,38.0,28.3,GlobTherm,GlobTherm,9.7
Notechis scutatus,Limnodynastes tasmaniensis,GloBI,preysOn,,38.0,34.9,GlobTherm,GlobTherm,3.1000000000000014
Notechis scutatus,Salmo trutta,GloBI,eats;preysOn,,38.0,27.6830769230769,GlobTherm,ThermoFresh,10.3169230769231
Notemigonus crysoleucas,Daphnia galeata,GloBI,preysOn,,33.0966666666667,38.89,ThermoFresh,ThermoFresh,5.793333333333301
Notothenia coriiceps,Electrona antarctica,GloBI,eats;preysOn,,18.9,31.24,ComteOlden,ComteOlden,12.34
Notothenia coriiceps,Laternula elliptica,GloBI,preysOn,,18.9,5.0,ComteOlden,GlobTherm,13.899999999999999
Notothenia coriiceps,Nacella concinna,GloBI,preysOn,,18.9,5.0,ComteOlden,GlobTherm,13.899999999999999
Notothenia coriiceps,Notothenia rossii,GloBI,preysOn,,18.9,17.61,ComteOlden,ComteOlden,1.2899999999999991
Notothenia coriiceps,Pachycara brachycephalum,GloBI,preysOn,,18.9,10.0,ComteOlden,GlobTherm,8.899999999999999
Notothenia coriiceps,Trematomus bernacchii,GloBI,preysOn,,18.9,13.99,ComteOlden,ComteOlden,4.909999999999998
Notothenia coriiceps,Trematomus hansoni,GloBI,preysOn,,18.9,13.66,ComteOlden,ComteOlden,5.239999999999998
Notothenia coriiceps,Trematomus pennellii,GloBI,preysOn,,18.9,12.34,ComteOlden,ComteOlden,6.559999999999999
Notothenia rossii,Electrona antarctica,GloBI,eats;preysOn,,17.61,31.24,ComteOlden,ComteOlden,13.629999999999999
Notothenia rossii,Gobionotothen gibberifrons,GloBI,eats;preysOn,,17.61,17.46,ComteOlden,ComteOlden,0.14999999999999858
Notothenia rossii,Trematomus hansoni,GloBI,preysOn,,17.61,13.66,ComteOlden,ComteOlden,3.9499999999999993
Noturus flavus,Etheostoma caeruleum,GloBI,eats;preysOn,,36.79,33.3009677419355,ComteOlden,ThermoFresh,3.4890322580644977
Noturus stigmosus,Notropis volucellus,GloBI,eats;preysOn,,36.69,37.0,ComteOlden,ComteOlden,0.3100000000000023
Ocyurus chrysurus,Acar domingensis,GloBI,eats;preysOn,,36.39,39.0,ComteOlden,GlobTherm,2.6099999999999994
Ocyurus chrysurus,Bodianus parrae,GloBI,eats;preysOn,,36.39,38.66,ComteOlden,ComteOlden,2.269999999999996
Odontaster validus,Adamussium colbecki,GloBI,preysOn,,11.0,2.0,GlobTherm,GlobTherm,9.0
Odontaster validus,Laternula elliptica,GloBI,eats;preysOn,,11.0,5.0,GlobTherm,GlobTherm,6.0
Odontaster validus,Limatula hodgsoni,GloBI,eats;preysOn,,11.0,12.7,GlobTherm,GlobTherm,1.6999999999999993
Odontaster validus,Nacella concinna,GloBI,eats;preysOn,,11.0,5.0,GlobTherm,GlobTherm,6.0
Odontaster validus,Sterechinus neumayeri,GloBI,eats;preysOn,,11.0,19.3,GlobTherm,GlobTherm,8.3
Oedothorax apicatus,Armadillidium vulgare,GloBI,preysOn,,40.8,45.9,GlobTherm,GlobTherm,5.100000000000001
Oncorhynchus clarkii,Clupea pallasii,GloBI,preysOn,,28.75775,27.25,ThermoFresh,ThermoFresh,1.5077500000000015
Oncorhynchus clarkii,Cottus aleuticus,GloBI,preysOn,,28.75775,29.52,ThermoFresh,ComteOlden,0.7622499999999981
Oncorhynchus clarkii,Engraulis mordax,GloBI,preysOn,,28.75775,33.4,ThermoFresh,ComteOlden,4.642249999999997
Oncorhynchus clarkii,Oncorhynchus gorbuscha,GloBI,preysOn,,28.75775,26.95,ThermoFresh,ComteOlden,1.8077500000000022
Oncorhynchus clarkii,Oncorhynchus keta,GloBI,preysOn,,28.75775,28.5,ThermoFresh,ThermoFresh,0.2577500000000015
Oncorhynchus clarkii,Oncorhynchus kisutch,GloBI,eats;preysOn,,28.75775,27.6965,ThermoFresh,ThermoFresh,1.0612500000000011
Oncorhynchus clarkii,Oncorhynchus nerka,GloBI,eats;preysOn,,28.75775,27.2636363636364,ThermoFresh,ThermoFresh,1.4941136363636005
Oncorhynchus clarkii,Oncorhynchus tshawytscha,GloBI,preysOn,,28.75775,28.7821875,ThermoFresh,ThermoFresh,0.02443749999999767
Oncorhynchus clarkii,Richardsonius balteatus,GloBI,preysOn,,28.75775,28.63,ThermoFresh,ComteOlden,0.12775000000000247
Oncorhynchus clarkii,Salvelinus alpinus,GloBI,eats;preysOn,,28.75775,25.7485714285714,ThermoFresh,ThermoFresh,3.0091785714286026
Oncorhynchus gorbuscha,Clupea pallasii,GloBI,preysOn,,26.95,27.25,ComteOlden,ThermoFresh,0.3000000000000007
Oncorhynchus gorbuscha,Thaleichthys pacificus,GloBI,eats,,26.95,27.43,ComteOlden,ComteOlden,0.4800000000000004
Oncorhynchus keta,Clupea pallasii,GloBI,preysOn,,28.5,27.25,ThermoFresh,ThermoFresh,1.25
Oncorhynchus kisutch,Alosa pseudoharengus,GloBI,eats;preysOn,,27.6965,30.4625,ThermoFresh,ThermoFresh,2.7659999999999982
Oncorhynchus kisutch,Alosa sapidissima,GloBI,preysOn,,27.6965,32.58,ThermoFresh,ComteOlden,4.883499999999998
Oncorhynchus kisutch,Carcinus maenas,GloBI,eats,,27.6965,34.07,ThermoFresh,ThermoFresh,6.3735
Oncorhynchus kisutch,Clupea harengus,GloBI,eats,,27.6965,25.43,ThermoFresh,ComteOlden,2.2665000000000006
Oncorhynchus kisutch,Clupea pallasii,GloBI,eats;preysOn,,27.6965,27.25,ThermoFresh,ThermoFresh,0.44650000000000034
Oncorhynchus kisutch,Cottus aleuticus,GloBI,preysOn,,27.6965,29.52,ThermoFresh,ComteOlden,1.8234999999999992
Oncorhynchus kisutch,Cymatogaster aggregata,GloBI,preysOn,,27.6965,32.75,ThermoFresh,ComteOlden,5.0535
Oncorhynchus kisutch,Dorosoma cepedianum,GloBI,eats;preysOn,,27.6965,35.3,ThermoFresh,ComteOlden,7.603499999999997
Oncorhynchus kisutch,Engraulis mordax,GloBI,preysOn,,27.6965,33.4,ThermoFresh,ComteOlden,5.703499999999998
Oncorhynchus kisutch,Gasterosteus aculeatus,GloBI,eats;preysOn,,27.6965,31.6655882352941,ThermoFresh,ThermoFresh,3.969088235294098
Oncorhynchus kisutch,Lepidopsetta bilineata,GloBI,eats;preysOn,,27.6965,25.15,ThermoFresh,ComteOlden,2.5465000000000018
Oncorhynchus kisutch,Notropis atherinoides,GloBI,eats;preysOn,,27.6965,33.95,ThermoFresh,ThermoFresh,6.2535000000000025
Oncorhynchus kisutch,Notropis hudsonius,GloBI,preysOn,,27.6965,31.21,ThermoFresh,ComteOlden,3.5135000000000005
Oncorhynchus kisutch,Oncorhynchus clarkii,GloBI,preysOn,,27.6965,28.75775,ThermoFresh,ThermoFresh,1.0612500000000011
Oncorhynchus kisutch,Oncorhynchus gorbuscha,GloBI,eats;preysOn,,27.6965,26.95,ThermoFresh,ComteOlden,0.746500000000001
Oncorhynchus kisutch,Oncorhynchus keta,GloBI,eats;preysOn,,27.6965,28.5,ThermoFresh,ThermoFresh,0.8034999999999997
Oncorhynchus kisutch,Oncorhynchus nerka,GloBI,eats;preysOn,,27.6965,27.2636363636364,ThermoFresh,ThermoFresh,0.43286363636359937
Oncorhynchus kisutch,Oncorhynchus tshawytscha,GloBI,preysOn,,27.6965,28.7821875,ThermoFresh,ThermoFresh,1.0856874999999988
Oncorhynchus kisutch,Osmerus mordax,GloBI,preysOn,,27.6965,25.9,ThermoFresh,ThermoFresh,1.7965000000000018
Oncorhynchus kisutch,Parophrys vetulus,GloBI,eats;preysOn,,27.6965,28.54,ThermoFresh,ComteOlden,0.8434999999999988
Oncorhynchus kisutch,Perca flavescens,GloBI,preysOn,,27.6965,30.7,ThermoFresh,ComteOlden,3.003499999999999
Oncorhynchus kisutch,Sardinops sagax,GloBI,preysOn,,27.6965,31.24,ThermoFresh,ComteOlden,3.543499999999998
Oncorhynchus mykiss,Abramis brama,GloBI,preysOn,,28.6755405405405,30.32,ThermoFresh,ComteOlden,1.644459459459501
Oncorhynchus mykiss,Acipenser naccarii,GloBI,preysOn,,28.6755405405405,33.83,ThermoFresh,ComteOlden,5.154459459459499
Oncorhynchus mykiss,Acipenser sturio,GloBI,preysOn,,28.6755405405405,32.52,ThermoFresh,ComteOlden,3.844459459459504
Oncorhynchus mykiss,Agabus bipustulatus,GloBI,preysOn,,28.6755405405405,37.07,ThermoFresh,ThermoFresh,8.394459459459501
Oncorhynchus mykiss,Agapetus fuscipes,GloBI,preysOn,,28.6755405405405,25.8,ThermoFresh,ThermoFresh,2.8755405405404986
Oncorhynchus mykiss,Alburnus alburnus,GloBI,preysOn,,28.6755405405405,37.7,ThermoFresh,ThermoFresh,9.024459459459504
Oncorhynchus mykiss,Alburnus arborella,GloBI,preysOn,,28.6755405405405,35.64,ThermoFresh,ComteOlden,6.964459459459501
Oncorhynchus mykiss,Alosa fallax,GloBI,preysOn,,28.6755405405405,32.31,ThermoFresh,ComteOlden,3.634459459459503
Oncorhynchus mykiss,Alosa pseudoharengus,GloBI,preysOn,,28.6755405405405,30.4625,ThermoFresh,ThermoFresh,1.7869594594594993
Oncorhynchus mykiss,Anguilla anguilla,GloBI,preysOn,,28.6755405405405,35.12,ThermoFresh,ComteOlden,6.444459459459498
Oncorhynchus mykiss,Aphelocheirus aestivalis,GloBI,preysOn,,28.6755405405405,34.53,ThermoFresh,ThermoFresh,5.854459459459502
Oncorhynchus mykiss,Astacus leptodactylus,GloBI,preysOn,,28.6755405405405,37.8666666666667,ThermoFresh,ThermoFresh,9.191126126126203
Oncorhynchus mykiss,Baetis rhodani,GloBI,preysOn,,28.6755405405405,25.1,ThermoFresh,ThermoFresh,3.575540540540498
Oncorhynchus mykiss,Barbatula barbatula,GloBI,preysOn,,28.6755405405405,29.5285714285714,ThermoFresh,ThermoFresh,0.8530308880309008
Oncorhynchus mykiss,Barbus barbus,GloBI,preysOn,,28.6755405405405,29.2,ThermoFresh,ThermoFresh,0.5244594594595
Oncorhynchus mykiss,Barbus caninus,GloBI,preysOn,,28.6755405405405,32.7,ThermoFresh,ComteOlden,4.024459459459504
Oncorhynchus mykiss,Barbus plebejus,GloBI,preysOn,,28.6755405405405,32.5,ThermoFresh,ComteOlden,3.8244594594595007
Oncorhynchus mykiss,Blicca bjoerkna,GloBI,preysOn,,28.6755405405405,30.86,ThermoFresh,ComteOlden,2.1844594594595
Oncorhynchus mykiss,Caenis luctuosa,GloBI,preysOn,,28.6755405405405,30.6,ThermoFresh,ThermoFresh,1.9244594594595021
Oncorhynchus mykiss,Calopteryx virgo,GloBI,preysOn,,28.6755405405405,34.0225,ThermoFresh,ThermoFresh,5.346959459459502
Oncorhynchus mykiss,Carassius carassius,GloBI,preysOn,,28.6755405405405,35.5365,ThermoFresh,ThermoFresh,6.860959459459497
Oncorhynchus mykiss,Carassius gibelio,GloBI,preysOn,,28.6755405405405,36.1,ThermoFresh,ThermoFresh,7.424459459459502
Oncorhynchus mykiss,Catostomus commersonii,GloBI,preysOn,,28.6755405405405,33.17,ThermoFresh,ThermoFresh,4.494459459459502
Oncorhynchus mykiss,Catostomus discobolus,GloBI,preysOn,,28.6755405405405,32.55,ThermoFresh,ThermoFresh,3.874459459459498
Oncorhynchus mykiss,Catostomus latipinnis,GloBI,preysOn,,28.6755405405405,34.1,ThermoFresh,ThermoFresh,5.424459459459502
Oncorhynchus mykiss,Chondrostoma nasus,GloBI,preysOn,,28.6755405405405,34.03,ThermoFresh,ComteOlden,5.354459459459502
Oncorhynchus mykiss,Chondrostoma soetta,GloBI,preysOn,,28.6755405405405,31.86,ThermoFresh,ComteOlden,3.1844594594595
Oncorhynchus mykiss,Cobitis bilineata,GloBI,preysOn,,28.6755405405405,33.54,ThermoFresh,ComteOlden,4.8644594594595
Oncorhynchus mykiss,Cobitis taenia,GloBI,preysOn,,28.6755405405405,33.76,ThermoFresh,ComteOlden,5.084459459459499
Oncorhynchus mykiss,Coenagrion puella,GloBI,preysOn,,28.6755405405405,42.995,ThermoFresh,ThermoFresh,14.319459459459498
Oncorhynchus mykiss,Cottus gobio,GloBI,preysOn,,28.6755405405405,30.32,ThermoFresh,ComteOlden,1.644459459459501
Oncorhynchus mykiss,Ctenopharyngodon idella,GloBI,preysOn,,28.6755405405405,39.5,ThermoFresh,ThermoFresh,10.8244594594595
Oncorhynchus mykiss,Cyprinus carpio,GloBI,preysOn,,28.6755405405405,33.5484745762712,ThermoFresh,ThermoFresh,4.872934035730697
Oncorhynchus mykiss,Deronectes latus,GloBI,preysOn,,28.6755405405405,37.04,ThermoFresh,ThermoFresh,8.3644594594595
Oncorhynchus mykiss,Dikerogammarus villosus,GloBI,preysOn,,28.6755405405405,28.1328571428571,ThermoFresh,ThermoFresh,0.5426833976833976
Oncorhynchus mykiss,Dinocras cephalotes,GloBI,preysOn,,28.6755405405405,34.6083333333333,ThermoFresh,ThermoFresh,5.9327927927927995
Oncorhynchus mykiss,Drusus annulatus,GloBI,preysOn,,28.6755405405405,28.8,ThermoFresh,ThermoFresh,0.12445945945950143
Oncorhynchus mykiss,Ecdyonurus insignis,GloBI,preysOn,,28.6755405405405,32.34,ThermoFresh,ThermoFresh,3.664459459459504
Oncorhynchus mykiss,Echinogammarus berilloni,GloBI,preysOn,,28.6755405405405,30.3333333333333,ThermoFresh,ThermoFresh,1.657792792792801
Oncorhynchus mykiss,Echinogammarus ischnus,GloBI,preysOn,,28.6755405405405,31.5,ThermoFresh,ThermoFresh,2.8244594594595007
Oncorhynchus mykiss,Electrona antarctica,GloBI,eats,,28.6755405405405,31.24,ThermoFresh,ComteOlden,2.564459459459499
Oncorhynchus mykiss,Ephemera danica,GloBI,preysOn,,28.6755405405405,36.7075,ThermoFresh,ThermoFresh,8.031959459459504
Oncorhynchus mykiss,Esox lucius,GloBI,preysOn,,28.6755405405405,28.98,ThermoFresh,ComteOlden,0.30445945945950115
Oncorhynchus mykiss,Galaxias brevipinnis,GloBI,eats;preysOn,,28.6755405405405,29.51,ThermoFresh,ComteOlden,0.8344594594595023
Oncorhynchus mykiss,Galaxias maculatus,GloBI,eats;preysOn,,28.6755405405405,29.9257142857143,ThermoFresh,ThermoFresh,1.2501737451738002
Oncorhynchus mykiss,Galaxias zebratus,GloBI,eats;preysOn,,28.6755405405405,31.8,ThermoFresh,ThermoFresh,3.1244594594595014
Oncorhynchus mykiss,Gammarus fossarum,GloBI,preysOn,,28.6755405405405,28.774,ThermoFresh,ThermoFresh,0.09845945945950163
Oncorhynchus mykiss,Gammarus pulex,GloBI,preysOn,,28.6755405405405,29.1161111111111,ThermoFresh,ThermoFresh,0.4405705705705998
Oncorhynchus mykiss,Gammarus roeselii,GloBI,preysOn,,28.6755405405405,30.184,ThermoFresh,ThermoFresh,1.5084594594595018
Oncorhynchus mykiss,Gammarus tigrinus,GloBI,preysOn,,28.6755405405405,32.6985714285714,ThermoFresh,ThermoFresh,4.023030888030899
Oncorhynchus mykiss,Gasterosteus aculeatus,GloBI,preysOn,,28.6755405405405,31.6655882352941,ThermoFresh,ThermoFresh,2.990047694753599
Oncorhynchus mykiss,Gila cypha,GloBI,preysOn,,28.6755405405405,34.76,ThermoFresh,ComteOlden,6.084459459459499
Oncorhynchus mykiss,Gobio gobio,GloBI,preysOn,,28.6755405405405,33.75,ThermoFresh,ThermoFresh,5.074459459459501
Oncorhynchus mykiss,Gobiomorphus cotidianus,GloBI,preysOn,,28.6755405405405,33.35,ThermoFresh,ThermoFresh,4.674459459459502
Oncorhynchus mykiss,Gymnocephalus cernua,GloBI,preysOn,,28.6755405405405,34.5,ThermoFresh,ThermoFresh,5.824459459459501
Oncorhynchus mykiss,Heptagenia sulphurea,GloBI,preysOn,,28.6755405405405,30.2,ThermoFresh,ThermoFresh,1.5244594594595
Oncorhynchus mykiss,Hydropsyche pellucidula,GloBI,preysOn,,28.6755405405405,25.5,ThermoFresh,ThermoFresh,3.1755405405404993
Oncorhynchus mykiss,Hypophthalmichthys molitrix,GloBI,preysOn,,28.6755405405405,36.27,ThermoFresh,ComteOlden,7.594459459459504
Oncorhynchus mykiss,Hypophthalmichthys nobilis,GloBI,preysOn,,28.6755405405405,37.92,ThermoFresh,ComteOlden,9.244459459459502
Oncorhynchus mykiss,Ischnura elegans,GloBI,preysOn,,28.6755405405405,43.7361538461539,ThermoFresh,ThermoFresh,15.060613305613398
Oncorhynchus mykiss,Ischnura pumilio,GloBI,preysOn,,28.6755405405405,45.515,ThermoFresh,ThermoFresh,16.8394594594595
Oncorhynchus mykiss,Lepomis gibbosus,GloBI,preysOn,,28.6755405405405,33.8035,ThermoFresh,ThermoFresh,5.1279594594595
Oncorhynchus mykiss,Leucaspius delineatus,GloBI,preysOn,,28.6755405405405,34.3566666666667,ThermoFresh,ThermoFresh,5.681126126126198
Oncorhynchus mykiss,Leuciscus aspius,GloBI,preysOn,,28.6755405405405,34.92,ThermoFresh,ComteOlden,6.244459459459502
Oncorhynchus mykiss,Leuciscus leuciscus,GloBI,preysOn,,28.6755405405405,32.57,ThermoFresh,ComteOlden,3.894459459459501
Oncorhynchus mykiss,Leuctra fusca,GloBI,preysOn,,28.6755405405405,30.1,ThermoFresh,ThermoFresh,1.4244594594595021
Oncorhynchus mykiss,Lota lota,GloBI,preysOn,,28.6755405405405,27.11875,ThermoFresh,ThermoFresh,1.5567905405405007
Oncorhynchus mykiss,Luxilus cornutus,GloBI,preysOn,,28.6755405405405,32.42,ThermoFresh,ThermoFresh,3.7444594594595024
Oncorhynchus mykiss,Micropterus salmoides,GloBI,preysOn,,28.6755405405405,36.4,ThermoFresh,ThermoFresh,7.724459459459499
Oncorhynchus mykiss,Nemurella pictetii,GloBI,preysOn,,28.6755405405405,30.1,ThermoFresh,ThermoFresh,1.4244594594595021
Oncorhynchus mykiss,Neogobius melanostomus,GloBI,preysOn,,28.6755405405405,33.726,ThermoFresh,ThermoFresh,5.0504594594595
Oncorhynchus mykiss,Notropis hudsonius,GloBI,preysOn,,28.6755405405405,31.21,ThermoFresh,ComteOlden,2.5344594594595016
Oncorhynchus mykiss,Oncorhynchus clarkii,GloBI,preysOn,,28.6755405405405,28.75775,ThermoFresh,ThermoFresh,0.0822094594595022
Oncorhynchus mykiss,Oncorhynchus gorbuscha,GloBI,preysOn,,28.6755405405405,26.95,ThermoFresh,ComteOlden,1.7255405405405
Oncorhynchus mykiss,Oncorhynchus keta,GloBI,preysOn,,28.6755405405405,28.5,ThermoFresh,ThermoFresh,0.17554054054049928
Oncorhynchus mykiss,Oncorhynchus kisutch,GloBI,preysOn,,28.6755405405405,27.6965,ThermoFresh,ThermoFresh,0.9790405405404989
Oncorhynchus mykiss,Oncorhynchus nerka,GloBI,eats;preysOn,,28.6755405405405,27.2636363636364,ThermoFresh,ThermoFresh,1.4119041769040983
Oncorhynchus mykiss,Oncorhynchus tshawytscha,GloBI,preysOn,,28.6755405405405,28.7821875,ThermoFresh,ThermoFresh,0.10664695945949987
Oncorhynchus mykiss,Osmerus mordax,GloBI,preysOn,,28.6755405405405,25.9,ThermoFresh,ThermoFresh,2.7755405405405007
Oncorhynchus mykiss,Padogobius bonelli,GloBI,preysOn,,28.6755405405405,31.74,ThermoFresh,ComteOlden,3.064459459459499
Oncorhynchus mykiss,Parachondrostoma toxostoma,GloBI,preysOn,,28.6755405405405,34.17,ThermoFresh,ComteOlden,5.494459459459502
Oncorhynchus mykiss,Perca flavescens,GloBI,preysOn,,28.6755405405405,30.7,ThermoFresh,ComteOlden,2.0244594594595
Oncorhynchus mykiss,Perca fluviatilis,GloBI,preysOn,,28.6755405405405,28.6920833333333,ThermoFresh,ThermoFresh,0.016542792792801464
Oncorhynchus mykiss,Phoxinus lumaireul,GloBI,eats;preysOn,,28.6755405405405,29.52,ThermoFresh,ComteOlden,0.8444594594595003
Oncorhynchus mykiss,Pimephales promelas,GloBI,eats;preysOn,,28.6755405405405,35.996338028169,ThermoFresh,ThermoFresh,7.3207974876285
Oncorhynchus mykiss,Ponticola kessleri,GloBI,preysOn,,28.6755405405405,34.03,ThermoFresh,ComteOlden,5.354459459459502
Oncorhynchus mykiss,Pseudorasbora parva,GloBI,preysOn,,28.6755405405405,38.515,ThermoFresh,ThermoFresh,9.839459459459501
Oncorhynchus mykiss,Pteronarcys californica,GloBI,preysOn,,28.6755405405405,23.7111111111111,ThermoFresh,ThermoFresh,4.964429429429398
Oncorhynchus mykiss,Retropinna retropinna,GloBI,eats;preysOn,,28.6755405405405,31.15,ThermoFresh,ThermoFresh,2.4744594594594993
Oncorhynchus mykiss,Rhinichthys atratulus,GloBI,preysOn,,28.6755405405405,34.043,ThermoFresh,ThermoFresh,5.3674594594595
Oncorhynchus mykiss,Rhinichthys osculus,GloBI,preysOn,,28.6755405405405,35.0053333333333,ThermoFresh,ThermoFresh,6.329792792792798
Oncorhynchus mykiss,Rhithrogena semicolorata,GloBI,preysOn,,28.6755405405405,25.33,ThermoFresh,ThermoFresh,3.345540540540501
Oncorhynchus mykiss,Rhodeus amarus,GloBI,preysOn,,28.6755405405405,34.1,ThermoFresh,ComteOlden,5.424459459459502
Oncorhynchus mykiss,Rhyacophila dorsalis,GloBI,preysOn,,28.6755405405405,22.0,ThermoFresh,ThermoFresh,6.675540540540499
Oncorhynchus mykiss,Richardsonius balteatus,GloBI,preysOn,,28.6755405405405,28.63,ThermoFresh,ComteOlden,0.045540540540500274
Oncorhynchus mykiss,Rutilus aula,GloBI,preysOn,,28.6755405405405,32.32,ThermoFresh,ComteOlden,3.644459459459501
Oncorhynchus mykiss,Rutilus pigus,GloBI,preysOn,,28.6755405405405,33.59,ThermoFresh,ComteOlden,4.914459459459504
Oncorhynchus mykiss,Rutilus rutilus,GloBI,preysOn,,28.6755405405405,28.5058333333333,ThermoFresh,ThermoFresh,0.16970720720719967
Oncorhynchus mykiss,Sabanejewia larvata,GloBI,preysOn,,28.6755405405405,32.71,ThermoFresh,ComteOlden,4.034459459459502
Oncorhynchus mykiss,Salariopsis fluviatilis,GloBI,preysOn,,28.6755405405405,34.96,ThermoFresh,ComteOlden,6.284459459459502
Oncorhynchus mykiss,Salmo labrax,GloBI,preysOn,,28.6755405405405,32.32,ThermoFresh,ComteOlden,3.644459459459501
Oncorhynchus mykiss,Salmo marmoratus,GloBI,preysOn,,28.6755405405405,30.21,ThermoFresh,ComteOlden,1.5344594594595016
Oncorhynchus mykiss,Salmo salar,GloBI,preysOn,,28.6755405405405,30.3326495726496,ThermoFresh,ThermoFresh,1.6571090321091013
Oncorhynchus mykiss,Salmo trutta,GloBI,eats;preysOn,,28.6755405405405,27.6830769230769,ThermoFresh,ThermoFresh,0.9924636174635992
Oncorhynchus mykiss,Salvelinus alpinus,GloBI,eats;preysOn,,28.6755405405405,25.7485714285714,ThermoFresh,ThermoFresh,2.9269691119691004
Oncorhynchus mykiss,Salvelinus fontinalis,GloBI,eats;preysOn,,28.6755405405405,28.9883333333333,ThermoFresh,ThermoFresh,0.31279279279280203
Oncorhynchus mykiss,Salvelinus namaycush,GloBI,preysOn,,28.6755405405405,27.385,ThermoFresh,ThermoFresh,1.2905405405404977
Oncorhynchus mykiss,Sander lucioperca,GloBI,preysOn,,28.6755405405405,35.4428571428571,ThermoFresh,ThermoFresh,6.767316602316601
Oncorhynchus mykiss,Scardinius erythrophthalmus,GloBI,preysOn,,28.6755405405405,34.94,ThermoFresh,ComteOlden,6.2644594594594984
Oncorhynchus mykiss,Semotilus atromaculatus,GloBI,preysOn,,28.6755405405405,34.875,ThermoFresh,ThermoFresh,6.199459459459501
Oncorhynchus mykiss,Serratella ignita,GloBI,preysOn,,28.6755405405405,32.3,ThermoFresh,ThermoFresh,3.624459459459498
Oncorhynchus mykiss,Sialis lutaria,GloBI,preysOn,,28.6755405405405,31.4,ThermoFresh,ThermoFresh,2.7244594594594993
Oncorhynchus mykiss,Silurus glanis,GloBI,preysOn,,28.6755405405405,36.15,ThermoFresh,ComteOlden,7.474459459459499
Oncorhynchus mykiss,Squalius cephalus,GloBI,preysOn,,28.6755405405405,36.48,ThermoFresh,ThermoFresh,7.804459459459498
Oncorhynchus mykiss,Telestes muticellus,GloBI,preysOn,,28.6755405405405,33.48,ThermoFresh,ComteOlden,4.804459459459498
Oncorhynchus mykiss,Telestes souffia,GloBI,preysOn,,28.6755405405405,33.18,ThermoFresh,ComteOlden,4.5044594594595
Oncorhynchus mykiss,Thymallus thymallus,GloBI,preysOn,,28.6755405405405,29.4333333333333,ThermoFresh,ThermoFresh,0.7577927927928023
Oncorhynchus mykiss,Tinca tinca,GloBI,preysOn,,28.6755405405405,35.6875,ThermoFresh,ThermoFresh,7.011959459459501
Oncorhynchus nerka,Clupea pallasii,GloBI,eats,,27.2636363636364,27.25,ThermoFresh,ThermoFresh,0.013636363636400972
Oncorhynchus nerka,Electrona antarctica,GloBI,eats,,27.2636363636364,31.24,ThermoFresh,ComteOlden,3.9763636363635975
Oncorhynchus tshawytscha,Alosa pseudoharengus,GloBI,eats;preysOn,,28.7821875,30.4625,ThermoFresh,ThermoFresh,1.6803124999999994
Oncorhynchus tshawytscha,Clupea harengus,GloBI,eats,,28.7821875,25.43,ThermoFresh,ComteOlden,3.3521874999999994
Oncorhynchus tshawytscha,Clupea pallasii,GloBI,eats;preysOn,,28.7821875,27.25,ThermoFresh,ThermoFresh,1.5321874999999991
Oncorhynchus tshawytscha,Cymatogaster aggregata,GloBI,eats;preysOn,,28.7821875,32.75,ThermoFresh,ComteOlden,3.967812500000001
Oncorhynchus tshawytscha,Electrona antarctica,GloBI,preysOn,,28.7821875,31.24,ThermoFresh,ComteOlden,2.4578124999999993
Oncorhynchus tshawytscha,Engraulis mordax,GloBI,preysOn,,28.7821875,33.4,ThermoFresh,ComteOlden,4.617812499999999
Oncorhynchus tshawytscha,Gasterosteus aculeatus,GloBI,eats;preysOn,,28.7821875,31.6655882352941,ThermoFresh,ThermoFresh,2.8834007352940993
Oncorhynchus tshawytscha,Lepidopsetta bilineata,GloBI,eats;preysOn,,28.7821875,25.15,ThermoFresh,ComteOlden,3.6321875000000006
Oncorhynchus tshawytscha,Leptocottus armatus,GloBI,eats;preysOn,,28.7821875,29.16,ThermoFresh,ComteOlden,0.377812500000001
Oncorhynchus tshawytscha,Notropis hudsonius,GloBI,preysOn,,28.7821875,31.21,ThermoFresh,ComteOlden,2.4278125000000017
Oncorhynchus tshawytscha,Oncorhynchus keta,GloBI,preysOn,,28.7821875,28.5,ThermoFresh,ThermoFresh,0.28218749999999915
Oncorhynchus tshawytscha,Oncorhynchus kisutch,GloBI,preysOn,,28.7821875,27.6965,ThermoFresh,ThermoFresh,1.0856874999999988
Oncorhynchus tshawytscha,Oncorhynchus mykiss,GloBI,preysOn,,28.7821875,28.6755405405405,ThermoFresh,ThermoFresh,0.10664695945949987
Oncorhynchus tshawytscha,Osmerus mordax,GloBI,eats;preysOn,,28.7821875,25.9,ThermoFresh,ThermoFresh,2.8821875000000006
Oncorhynchus tshawytscha,Parophrys vetulus,GloBI,eats;preysOn,,28.7821875,28.54,ThermoFresh,ComteOlden,0.2421875
Oncorhynchus tshawytscha,Perca flavescens,GloBI,preysOn,,28.7821875,30.7,ThermoFresh,ComteOlden,1.9178125000000001
Oncorhynchus tshawytscha,Potamopyrgus antipodarum,GloBI,eats,,28.7821875,27.9033333333333,ThermoFresh,ThermoFresh,0.8788541666666987
Oncorhynchus tshawytscha,Sardinops sagax,GloBI,preysOn,,28.7821875,31.24,ThermoFresh,ComteOlden,2.4578124999999993
Oncorhynchus tshawytscha,Thaleichthys pacificus,GloBI,eats;preysOn,,28.7821875,27.43,ThermoFresh,ComteOlden,1.3521874999999994
Oreochromis andersonii,Electrona antarctica,GloBI,eats,,36.89,31.24,ComteOlden,ComteOlden,5.650000000000002
Oreochromis esculentus,Electrona antarctica,GloBI,eats,,41.965,31.24,ThermoFresh,ComteOlden,10.725000000000005
Oreochromis mossambicus,Electrona antarctica,GloBI,eats,,42.638,31.24,ThermoFresh,ComteOlden,11.398
Oreochromis niloticus,Electrona antarctica,GloBI,eats,,39.348,31.24,ThermoFresh,ComteOlden,8.108
Oreochromis niloticus,Gambusia affinis,GloBI,eats,,39.348,38.9970689655172,ThermoFresh,ThermoFresh,0.35093103448279805
Osmerus dentex,Oncorhynchus gorbuscha,GloBI,preysOn,,25.49,26.95,ComteOlden,ComteOlden,1.4600000000000009
Osmerus eperlanus,Clupea harengus,GloBI,preysOn,,27.8,25.43,ComteOlden,ComteOlden,2.370000000000001
Osmerus eperlanus,Corophium volutator,GloBI,preysOn,,27.8,33.1452777775,ComteOlden,ThermoFresh,5.345277777499998
Osmerus eperlanus,Electrona antarctica,GloBI,eats,,27.8,31.24,ComteOlden,ComteOlden,3.4399999999999977
Osmerus mordax,Alosa pseudoharengus,GloBI,eats;preysOn,,25.9,30.4625,ThermoFresh,ThermoFresh,4.5625
Osmerus mordax,Coregonus artedi,GloBI,preysOn,,25.9,24.9366666666667,ThermoFresh,ThermoFresh,0.9633333333332992
Osmerus mordax,Daphnia galeata,GloBI,preysOn,,25.9,38.89,ThermoFresh,ThermoFresh,12.990000000000002
Osmerus mordax,Electrona antarctica,GloBI,eats,,25.9,31.24,ThermoFresh,ComteOlden,5.34
Osmerus mordax,Oncorhynchus gorbuscha,GloBI,preysOn,,25.9,26.95,ThermoFresh,ComteOlden,1.0500000000000007
Pachycara brachycephalum,Crangon crangon,GloBI,eats,,10.0,34.1133333333333,GlobTherm,ThermoFresh,24.1133333333333
Pachygrapsus marmoratus,Coryphoblennius galerita,GloBI,preysOn,,36.438,32.79,ThermoFresh,ComteOlden,3.6480000000000032
Pachygrapsus marmoratus,Lipophrys pholis,GloBI,preysOn,,36.438,34.18,ThermoFresh,ComteOlden,2.2580000000000027
Pachygrapsus marmoratus,Littorina saxatilis,GloBI,preysOn,,36.438,34.91,ThermoFresh,ThermoFresh,1.5280000000000058
Padogobius bonelli,Abramis brama,GloBI,preysOn,,31.74,30.32,ComteOlden,ComteOlden,1.4199999999999982
Padogobius bonelli,Acipenser naccarii,GloBI,preysOn,,31.74,33.83,ComteOlden,ComteOlden,2.09
Padogobius bonelli,Acipenser sturio,GloBI,preysOn,,31.74,32.52,ComteOlden,ComteOlden,0.7800000000000047
Padogobius bonelli,Agabus bipustulatus,GloBI,preysOn,,31.74,37.07,ComteOlden,ThermoFresh,5.330000000000002
Padogobius bonelli,Agapetus fuscipes,GloBI,preysOn,,31.74,25.8,ComteOlden,ThermoFresh,5.939999999999998
Padogobius bonelli,Alburnus alburnus,GloBI,preysOn,,31.74,37.7,ComteOlden,ThermoFresh,5.960000000000004
Padogobius bonelli,Alburnus arborella,GloBI,preysOn,,31.74,35.64,ComteOlden,ComteOlden,3.900000000000002
Padogobius bonelli,Alosa fallax,GloBI,preysOn,,31.74,32.31,ComteOlden,ComteOlden,0.5700000000000038
Padogobius bonelli,Anguilla anguilla,GloBI,preysOn,,31.74,35.12,ComteOlden,ComteOlden,3.379999999999999
Padogobius bonelli,Aphelocheirus aestivalis,GloBI,preysOn,,31.74,34.53,ComteOlden,ThermoFresh,2.7900000000000027
Padogobius bonelli,Astacus leptodactylus,GloBI,preysOn,,31.74,37.8666666666667,ComteOlden,ThermoFresh,6.126666666666704
Padogobius bonelli,Baetis rhodani,GloBI,preysOn,,31.74,25.1,ComteOlden,ThermoFresh,6.639999999999997
Padogobius bonelli,Barbatula barbatula,GloBI,preysOn,,31.74,29.5285714285714,ComteOlden,ThermoFresh,2.2114285714285984
Padogobius bonelli,Barbus barbus,GloBI,preysOn,,31.74,29.2,ComteOlden,ThermoFresh,2.539999999999999
Padogobius bonelli,Barbus caninus,GloBI,preysOn,,31.74,32.7,ComteOlden,ComteOlden,0.9600000000000044
Padogobius bonelli,Barbus plebejus,GloBI,preysOn,,31.74,32.5,ComteOlden,ComteOlden,0.7600000000000016
Padogobius bonelli,Blicca bjoerkna,GloBI,preysOn,,31.74,30.86,ComteOlden,ComteOlden,0.879999999999999
Padogobius bonelli,Caenis luctuosa,GloBI,preysOn,,31.74,30.6,ComteOlden,ThermoFresh,1.139999999999997
Padogobius bonelli,Calopteryx virgo,GloBI,preysOn,,31.74,34.0225,ComteOlden,ThermoFresh,2.2825000000000024
Padogobius bonelli,Carassius carassius,GloBI,preysOn,,31.74,35.5365,ComteOlden,ThermoFresh,3.796499999999998
Padogobius bonelli,Carassius gibelio,GloBI,preysOn,,31.74,36.1,ComteOlden,ThermoFresh,4.360000000000003
Padogobius bonelli,Chondrostoma nasus,GloBI,preysOn,,31.74,34.03,ComteOlden,ComteOlden,2.2900000000000027
Padogobius bonelli,Chondrostoma soetta,GloBI,preysOn,,31.74,31.86,ComteOlden,ComteOlden,0.120000000000001
Padogobius bonelli,Cobitis bilineata,GloBI,preysOn,,31.74,33.54,ComteOlden,ComteOlden,1.8000000000000007
Padogobius bonelli,Cobitis taenia,GloBI,preysOn,,31.74,33.76,ComteOlden,ComteOlden,2.0199999999999996
Padogobius bonelli,Coenagrion puella,GloBI,preysOn,,31.74,42.995,ComteOlden,ThermoFresh,11.254999999999999
Padogobius bonelli,Cottus gobio,GloBI,preysOn,,31.74,30.32,ComteOlden,ComteOlden,1.4199999999999982
Padogobius bonelli,Ctenopharyngodon idella,GloBI,preysOn,,31.74,39.5,ComteOlden,ThermoFresh,7.760000000000002
Padogobius bonelli,Cyprinus carpio,GloBI,preysOn,,31.74,33.5484745762712,ComteOlden,ThermoFresh,1.8084745762711982
Padogobius bonelli,Deronectes latus,GloBI,preysOn,,31.74,37.04,ComteOlden,ThermoFresh,5.300000000000001
Padogobius bonelli,Dikerogammarus villosus,GloBI,preysOn,,31.74,28.1328571428571,ComteOlden,ThermoFresh,3.6071428571428967
Padogobius bonelli,Dinocras cephalotes,GloBI,preysOn,,31.74,34.6083333333333,ComteOlden,ThermoFresh,2.8683333333333003
Padogobius bonelli,Drusus annulatus,GloBI,preysOn,,31.74,28.8,ComteOlden,ThermoFresh,2.9399999999999977
Padogobius bonelli,Ecdyonurus insignis,GloBI,preysOn,,31.74,32.34,ComteOlden,ThermoFresh,0.600000000000005
Padogobius bonelli,Echinogammarus berilloni,GloBI,preysOn,,31.74,30.3333333333333,ComteOlden,ThermoFresh,1.4066666666666983
Padogobius bonelli,Echinogammarus ischnus,GloBI,preysOn,,31.74,31.5,ComteOlden,ThermoFresh,0.23999999999999844
Padogobius bonelli,Ephemera danica,GloBI,preysOn,,31.74,36.7075,ComteOlden,ThermoFresh,4.967500000000005
Padogobius bonelli,Esox lucius,GloBI,preysOn,,31.74,28.98,ComteOlden,ComteOlden,2.759999999999998
Padogobius bonelli,Gammarus fossarum,GloBI,preysOn,,31.74,28.774,ComteOlden,ThermoFresh,2.9659999999999975
Padogobius bonelli,Gammarus pulex,GloBI,preysOn,,31.74,29.1161111111111,ComteOlden,ThermoFresh,2.6238888888888994
Padogobius bonelli,Gammarus roeselii,GloBI,preysOn,,31.74,30.184,ComteOlden,ThermoFresh,1.5559999999999974
Padogobius bonelli,Gammarus tigrinus,GloBI,preysOn,,31.74,32.6985714285714,ComteOlden,ThermoFresh,0.9585714285713998
Padogobius bonelli,Gasterosteus aculeatus,GloBI,preysOn,,31.74,31.6655882352941,ComteOlden,ThermoFresh,0.07441176470589994
Padogobius bonelli,Gobio gobio,GloBI,preysOn,,31.74,33.75,ComteOlden,ThermoFresh,2.0100000000000016
Padogobius bonelli,Gymnocephalus cernua,GloBI,preysOn,,31.74,34.5,ComteOlden,ThermoFresh,2.7600000000000016
Padogobius bonelli,Heptagenia sulphurea,GloBI,preysOn,,31.74,30.2,ComteOlden,ThermoFresh,1.5399999999999991
Padogobius bonelli,Hydropsyche pellucidula,GloBI,preysOn,,31.74,25.5,ComteOlden,ThermoFresh,6.239999999999998
Padogobius bonelli,Hypophthalmichthys molitrix,GloBI,preysOn,,31.74,36.27,ComteOlden,ComteOlden,4.530000000000005
Padogobius bonelli,Hypophthalmichthys nobilis,GloBI,preysOn,,31.74,37.92,ComteOlden,ComteOlden,6.180000000000003
Padogobius bonelli,Ischnura elegans,GloBI,preysOn,,31.74,43.7361538461539,ComteOlden,ThermoFresh,11.996153846153899
Padogobius bonelli,Ischnura pumilio,GloBI,preysOn,,31.74,45.515,ComteOlden,ThermoFresh,13.775000000000002
Padogobius bonelli,Lepomis gibbosus,GloBI,preysOn,,31.74,33.8035,ComteOlden,ThermoFresh,2.0635000000000012
Padogobius bonelli,Leucaspius delineatus,GloBI,preysOn,,31.74,34.3566666666667,ComteOlden,ThermoFresh,2.616666666666699
Padogobius bonelli,Leuciscus aspius,GloBI,preysOn,,31.74,34.92,ComteOlden,ComteOlden,3.1800000000000033
Padogobius bonelli,Leuciscus leuciscus,GloBI,preysOn,,31.74,32.57,ComteOlden,ComteOlden,0.8300000000000018
Padogobius bonelli,Leuctra fusca,GloBI,preysOn,,31.74,30.1,ComteOlden,ThermoFresh,1.639999999999997
Padogobius bonelli,Lota lota,GloBI,preysOn,,31.74,27.11875,ComteOlden,ThermoFresh,4.62125
Padogobius bonelli,Micropterus salmoides,GloBI,preysOn,,31.74,36.4,ComteOlden,ThermoFresh,4.66
Padogobius bonelli,Nemurella pictetii,GloBI,preysOn,,31.74,30.1,ComteOlden,ThermoFresh,1.639999999999997
Padogobius bonelli,Neogobius melanostomus,GloBI,preysOn,,31.74,33.726,ComteOlden,ThermoFresh,1.9860000000000007
Padogobius bonelli,Oncorhynchus mykiss,GloBI,preysOn,,31.74,28.6755405405405,ComteOlden,ThermoFresh,3.064459459459499
Padogobius bonelli,Parachondrostoma toxostoma,GloBI,preysOn,,31.74,34.17,ComteOlden,ComteOlden,2.4300000000000033
Padogobius bonelli,Perca fluviatilis,GloBI,preysOn,,31.74,28.6920833333333,ComteOlden,ThermoFresh,3.0479166666666977
Padogobius bonelli,Phoxinus lumaireul,GloBI,preysOn,,31.74,29.52,ComteOlden,ComteOlden,2.219999999999999
Padogobius bonelli,Ponticola kessleri,GloBI,preysOn,,31.74,34.03,ComteOlden,ComteOlden,2.2900000000000027
Padogobius bonelli,Pseudorasbora parva,GloBI,preysOn,,31.74,38.515,ComteOlden,ThermoFresh,6.775000000000002
Padogobius bonelli,Rhithrogena semicolorata,GloBI,preysOn,,31.74,25.33,ComteOlden,ThermoFresh,6.41
Padogobius bonelli,Rhodeus amarus,GloBI,preysOn,,31.74,34.1,ComteOlden,ComteOlden,2.360000000000003
Padogobius bonelli,Rhyacophila dorsalis,GloBI,preysOn,,31.74,22.0,ComteOlden,ThermoFresh,9.739999999999998
Padogobius bonelli,Rutilus aula,GloBI,preysOn,,31.74,32.32,ComteOlden,ComteOlden,0.5800000000000018
Padogobius bonelli,Rutilus pigus,GloBI,preysOn,,31.74,33.59,ComteOlden,ComteOlden,1.850000000000005
Padogobius bonelli,Rutilus rutilus,GloBI,preysOn,,31.74,28.5058333333333,ComteOlden,ThermoFresh,3.234166666666699
Padogobius bonelli,Sabanejewia larvata,GloBI,preysOn,,31.74,32.71,ComteOlden,ComteOlden,0.9700000000000024
Padogobius bonelli,Salariopsis fluviatilis,GloBI,preysOn,,31.74,34.96,ComteOlden,ComteOlden,3.2200000000000024
Padogobius bonelli,Salmo labrax,GloBI,preysOn,,31.74,32.32,ComteOlden,ComteOlden,0.5800000000000018
Padogobius bonelli,Salmo marmoratus,GloBI,preysOn,,31.74,30.21,ComteOlden,ComteOlden,1.5299999999999976
Padogobius bonelli,Salmo salar,GloBI,preysOn,,31.74,30.3326495726496,ComteOlden,ThermoFresh,1.4073504273503978
Padogobius bonelli,Salmo trutta,GloBI,preysOn,,31.74,27.6830769230769,ComteOlden,ThermoFresh,4.056923076923098
Padogobius bonelli,Salvelinus fontinalis,GloBI,preysOn,,31.74,28.9883333333333,ComteOlden,ThermoFresh,2.751666666666697
Padogobius bonelli,Salvelinus namaycush,GloBI,preysOn,,31.74,27.385,ComteOlden,ThermoFresh,4.354999999999997
Padogobius bonelli,Sander lucioperca,GloBI,preysOn,,31.74,35.4428571428571,ComteOlden,ThermoFresh,3.702857142857102
Padogobius bonelli,Scardinius erythrophthalmus,GloBI,preysOn,,31.74,34.94,ComteOlden,ComteOlden,3.1999999999999993
Padogobius bonelli,Serratella ignita,GloBI,preysOn,,31.74,32.3,ComteOlden,ThermoFresh,0.5599999999999987
Padogobius bonelli,Silurus glanis,GloBI,preysOn,,31.74,36.15,ComteOlden,ComteOlden,4.41
Padogobius bonelli,Squalius cephalus,GloBI,preysOn,,31.74,36.48,ComteOlden,ThermoFresh,4.739999999999998
Padogobius bonelli,Telestes muticellus,GloBI,preysOn,,31.74,33.48,ComteOlden,ComteOlden,1.7399999999999984
Padogobius bonelli,Telestes souffia,GloBI,preysOn,,31.74,33.18,ComteOlden,ComteOlden,1.4400000000000013
Padogobius bonelli,Thymallus thymallus,GloBI,preysOn,,31.74,29.4333333333333,ComteOlden,ThermoFresh,2.306666666666697
Padogobius bonelli,Tinca tinca,GloBI,preysOn,,31.74,35.6875,ComteOlden,ThermoFresh,3.9475000000000016
Pagellus bogaraveo,Crangon crangon,GloBI,preysOn,,32.33,34.1133333333333,ComteOlden,ThermoFresh,1.783333333333303
Pagellus bogaraveo,Gobius niger,GloBI,preysOn,,32.33,33.5,ComteOlden,ThermoFresh,1.1700000000000017
Pagellus bogaraveo,Gobius paganellus,GloBI,preysOn,,32.33,34.3333333333333,ComteOlden,ThermoFresh,2.003333333333302
Pagrus auratus,Cookia sulcata,GloBI,eats;preysOn,,32.79,32.7,ComteOlden,GlobTherm,0.0899999999999963
Pagrus major,Engraulis japonicus,GloBI,eats;preysOn,,35.06,34.1,ComteOlden,ComteOlden,0.9600000000000009
Pagrus major,Scomber scombrus,GloBI,eats;preysOn,,35.06,33.2066666666667,ComteOlden,ComteOlden,1.8533333333333033
Pagrus major,Syngnathus acus,GloBI,eats;preysOn,,35.06,31.7,ComteOlden,ThermoFresh,3.360000000000003
Pagurus bernhardus,Littorina saxatilis,GloBI,preysOn,,35.9,34.91,ThermoFresh,ThermoFresh,0.990000000000002
Palaemon elegans,Atherina boyeri,GloBI,preysOn,,34.335,36.43,ThermoFresh,ComteOlden,2.094999999999999
Palaemon elegans,Chelon ramada,GloBI,preysOn,,34.335,38.0,ThermoFresh,ThermoFresh,3.664999999999999
Palaemon elegans,Diplodus sargus,GloBI,preysOn,,34.335,33.975,ThermoFresh,ThermoFresh,0.35999999999999943
Palaemon elegans,Neogobius melanostomus,GloBI,eats,,34.335,33.726,ThermoFresh,ThermoFresh,0.6090000000000018
Palaemon elegans,Palaemon longirostris,GloBI,preysOn,,34.335,34.4,ThermoFresh,ThermoFresh,0.06499999999999773
Palaemon longirostris,Diplodus sargus,GloBI,preysOn,,34.4,33.975,ThermoFresh,ThermoFresh,0.42499999999999716
Palaemon longirostris,Palaemon elegans,GloBI,preysOn,,34.4,34.335,ThermoFresh,ThermoFresh,0.06499999999999773
Palaemon macrodactylus,Engraulis mordax,GloBI,eats,,34.7083333333333,33.4,ThermoFresh,ComteOlden,1.3083333333333016
Pangasius pangasius,Parachela oxygastroides,GloBI,eats;preysOn,,43.4666666666667,38.89,ThermoFresh,ComteOlden,4.576666666666696
Parachondrostoma toxostoma,Agabus bipustulatus,GloBI,preysOn,,34.17,37.07,ComteOlden,ThermoFresh,2.8999999999999986
Parachondrostoma toxostoma,Agapetus fuscipes,GloBI,preysOn,,34.17,25.8,ComteOlden,ThermoFresh,8.370000000000001
Parachondrostoma toxostoma,Aphelocheirus aestivalis,GloBI,preysOn,,34.17,34.53,ComteOlden,ThermoFresh,0.35999999999999943
Parachondrostoma toxostoma,Astacus leptodactylus,GloBI,preysOn,,34.17,37.8666666666667,ComteOlden,ThermoFresh,3.696666666666701
Parachondrostoma toxostoma,Baetis rhodani,GloBI,preysOn,,34.17,25.1,ComteOlden,ThermoFresh,9.07
Parachondrostoma toxostoma,Caenis luctuosa,GloBI,preysOn,,34.17,30.6,ComteOlden,ThermoFresh,3.5700000000000003
Parachondrostoma toxostoma,Calopteryx virgo,GloBI,preysOn,,34.17,34.0225,ComteOlden,ThermoFresh,0.14750000000000085
Parachondrostoma toxostoma,Coenagrion puella,GloBI,preysOn,,34.17,42.995,ComteOlden,ThermoFresh,8.824999999999996
Parachondrostoma toxostoma,Deronectes latus,GloBI,preysOn,,34.17,37.04,ComteOlden,ThermoFresh,2.8699999999999974
Parachondrostoma toxostoma,Dikerogammarus villosus,GloBI,preysOn,,34.17,28.1328571428571,ComteOlden,ThermoFresh,6.0371428571429
Parachondrostoma toxostoma,Dinocras cephalotes,GloBI,preysOn,,34.17,34.6083333333333,ComteOlden,ThermoFresh,0.43833333333329705
Parachondrostoma toxostoma,Drusus annulatus,GloBI,preysOn,,34.17,28.8,ComteOlden,ThermoFresh,5.370000000000001
Parachondrostoma toxostoma,Ecdyonurus insignis,GloBI,preysOn,,34.17,32.34,ComteOlden,ThermoFresh,1.8299999999999983
Parachondrostoma toxostoma,Echinogammarus berilloni,GloBI,preysOn,,34.17,30.3333333333333,ComteOlden,ThermoFresh,3.8366666666667015
Parachondrostoma toxostoma,Echinogammarus ischnus,GloBI,preysOn,,34.17,31.5,ComteOlden,ThermoFresh,2.6700000000000017
Parachondrostoma toxostoma,Ephemera danica,GloBI,preysOn,,34.17,36.7075,ComteOlden,ThermoFresh,2.5375000000000014
Parachondrostoma toxostoma,Gammarus fossarum,GloBI,preysOn,,34.17,28.774,ComteOlden,ThermoFresh,5.396000000000001
Parachondrostoma toxostoma,Gammarus pulex,GloBI,preysOn,,34.17,29.1161111111111,ComteOlden,ThermoFresh,5.053888888888903
Parachondrostoma toxostoma,Gammarus roeselii,GloBI,preysOn,,34.17,30.184,ComteOlden,ThermoFresh,3.9860000000000007
Parachondrostoma toxostoma,Gammarus tigrinus,GloBI,preysOn,,34.17,32.6985714285714,ComteOlden,ThermoFresh,1.4714285714286035
Parachondrostoma toxostoma,Heptagenia sulphurea,GloBI,preysOn,,34.17,30.2,ComteOlden,ThermoFresh,3.9700000000000024
Parachondrostoma toxostoma,Hydropsyche pellucidula,GloBI,preysOn,,34.17,25.5,ComteOlden,ThermoFresh,8.670000000000002
Parachondrostoma toxostoma,Ischnura elegans,GloBI,preysOn,,34.17,43.7361538461539,ComteOlden,ThermoFresh,9.566153846153895
Parachondrostoma toxostoma,Ischnura pumilio,GloBI,preysOn,,34.17,45.515,ComteOlden,ThermoFresh,11.344999999999999
Parachondrostoma toxostoma,Leuctra fusca,GloBI,preysOn,,34.17,30.1,ComteOlden,ThermoFresh,4.07
Parachondrostoma toxostoma,Nemurella pictetii,GloBI,preysOn,,34.17,30.1,ComteOlden,ThermoFresh,4.07
Parachondrostoma toxostoma,Rhithrogena semicolorata,GloBI,preysOn,,34.17,25.33,ComteOlden,ThermoFresh,8.840000000000003
Parachondrostoma toxostoma,Rhyacophila dorsalis,GloBI,preysOn,,34.17,22.0,ComteOlden,ThermoFresh,12.170000000000002
Parachondrostoma toxostoma,Serratella ignita,GloBI,preysOn,,34.17,32.3,ComteOlden,ThermoFresh,1.8700000000000045
Paragnetina media,Baetis tricaudatus,GloBI,eats;preysOn,,36.5833333333333,29.775,ThermoFresh,ThermoFresh,6.808333333333302
Paralabrax clathratus,Chromis punctipinnis,GloBI,eats;preysOn,,33.45,32.43,ComteOlden,ComteOlden,1.0200000000000031
Paralabrax clathratus,Cymatogaster aggregata,GloBI,eats;preysOn,,33.45,32.75,ComteOlden,ComteOlden,0.7000000000000028
Paralabrax clathratus,Halichoeres californicus,GloBI,eats;preysOn,,33.45,34.35,ComteOlden,ComteOlden,0.8999999999999986
Paralabrax clathratus,Halichoeres semicinctus,GloBI,eats;preysOn,,33.45,35.21,ComteOlden,ComteOlden,1.759999999999998
Paralabrax clathratus,Paralabrax nebulifer,GloBI,eats;preysOn,,33.45,33.72,ComteOlden,ComteOlden,0.269999999999996
Paralichthys californicus,Acanthogobius flavimanus,GloBI,preysOn,,34.05,35.59,ThermoFresh,ComteOlden,1.5400000000000063
Paralichthys californicus,Atherinops affinis,GloBI,preysOn,,34.05,34.06,ThermoFresh,ComteOlden,0.010000000000005116
Paralichthys californicus,Chromis punctipinnis,GloBI,eats;preysOn,,34.05,32.43,ThermoFresh,ComteOlden,1.6199999999999974
Paralichthys californicus,Cymatogaster aggregata,GloBI,eats;preysOn,,34.05,32.75,ThermoFresh,ComteOlden,1.2999999999999972
Paralichthys californicus,Engraulis mordax,GloBI,preysOn,,34.05,33.4,ThermoFresh,ComteOlden,0.6499999999999986
Paralichthys californicus,Gillichthys mirabilis,GloBI,preysOn,,34.05,37.9833333333333,ThermoFresh,ThermoFresh,3.9333333333333016
Paralichthys californicus,Girella nigricans,GloBI,eats;preysOn,,34.05,33.46,ThermoFresh,ComteOlden,0.5899999999999963
Paralichthys californicus,Halichoeres californicus,GloBI,eats;preysOn,,34.05,34.35,ThermoFresh,ComteOlden,0.30000000000000426
Paralichthys californicus,Halichoeres semicinctus,GloBI,eats;preysOn,,34.05,35.21,ThermoFresh,ComteOlden,1.1600000000000037
Paralichthys californicus,Hypsurus caryi,GloBI,eats;preysOn,,34.05,31.11,ThermoFresh,ComteOlden,2.9399999999999977
Paralichthys californicus,Hypsypops rubicundus,GloBI,eats;preysOn,,34.05,34.22,ThermoFresh,ComteOlden,0.1700000000000017
Paralichthys californicus,Paralabrax clathratus,GloBI,eats;preysOn,,34.05,33.45,ThermoFresh,ComteOlden,0.5999999999999943
Paralichthys californicus,Paralabrax nebulifer,GloBI,eats;preysOn,,34.05,33.72,ThermoFresh,ComteOlden,0.3299999999999983
Paralichthys californicus,Parophrys vetulus,GloBI,preysOn,,34.05,28.54,ThermoFresh,ComteOlden,5.509999999999998
Paralichthys californicus,Sardinops sagax,GloBI,preysOn,,34.05,31.24,ThermoFresh,ComteOlden,2.8099999999999987
Paralichthys californicus,Scomber scombrus,GloBI,preysOn,,34.05,33.2066666666667,ThermoFresh,ComteOlden,0.8433333333332982
Paralichthys lethostigma,Anchoa mitchilli,GloBI,eats;preysOn,,38.33,36.68,ComteOlden,ComteOlden,1.6499999999999986
Paralichthys lethostigma,Archosargus probatocephalus,GloBI,eats;preysOn,,38.33,34.84,ComteOlden,ComteOlden,3.489999999999995
Paralichthys lethostigma,Lagodon rhomboides,GloBI,eats;preysOn,,38.33,37.3,ComteOlden,ThermoFresh,1.0300000000000011
Paralichthys lethostigma,Leiostomus xanthurus,GloBI,eats;preysOn,,38.33,36.19,ComteOlden,ComteOlden,2.1400000000000006
Paralichthys lethostigma,Litopenaeus setiferus,GloBI,eats;preysOn,,38.33,37.2,ComteOlden,ThermoFresh,1.1299999999999955
Paralichthys lethostigma,Menidia beryllina,GloBI,eats;preysOn,,38.33,33.2371428571429,ComteOlden,ThermoFresh,5.092857142857099
Paralichthys lethostigma,Mugil cephalus,GloBI,eats;preysOn,,38.33,39.74,ComteOlden,ThermoFresh,1.4100000000000037
Paralichthys olivaceus,Engraulis japonicus,GloBI,preysOn,,35.23,34.1,ComteOlden,ComteOlden,1.1299999999999955
Paralichthys olivaceus,Scomberomorus niphonius,GloBI,preysOn,,35.23,34.76,ComteOlden,ComteOlden,0.46999999999999886
Paralichthys olivaceus,Sillago sihama,GloBI,preysOn,,35.23,37.86,ComteOlden,ComteOlden,2.6300000000000026
Parasuta flagellum,Hemiergis decresiensis,GloBI,preysOn,,40.0,39.3,GlobTherm,GlobTherm,0.7000000000000028
Parasuta flagellum,Lampropholis delicata,GloBI,preysOn,,40.0,40.8,GlobTherm,GlobTherm,0.7999999999999972
Parasuta flagellum,Lampropholis guichenoti,GloBI,preysOn,,40.0,41.3,GlobTherm,GlobTherm,1.2999999999999972
Parasuta flagellum,Pseudemoia entrecasteauxii,GloBI,preysOn,,40.0,42.1,GlobTherm,GlobTherm,2.1000000000000014
Parophrys vetulus,Potamopyrgus antipodarum,GloBI,eats,,28.54,27.9033333333333,ComteOlden,ThermoFresh,0.6366666666666987
Pegusa lascaris,Crangon crangon,GloBI,eats;preysOn,,33.0,34.1133333333333,ThermoFresh,ThermoFresh,1.1133333333333013
Pelecus cultratus,Clupea harengus,GloBI,eats;preysOn,,34.54,25.43,ComteOlden,ComteOlden,9.11
Pelecus cultratus,Osmerus eperlanus,GloBI,eats;preysOn,,34.54,27.8,ComteOlden,ComteOlden,6.739999999999998
Pelecus cultratus,Sander lucioperca,GloBI,eats;preysOn,,34.54,35.4428571428571,ComteOlden,ThermoFresh,0.9028571428571013
Perca flavescens,Ambloplites rupestris,GloBI,preysOn,,30.7,33.86,ComteOlden,ComteOlden,3.16
Perca flavescens,Catostomus commersonii,GloBI,eats,,30.7,33.17,ComteOlden,ThermoFresh,2.4700000000000024
Perca flavescens,Cottus cognatus,GloBI,preysOn,,30.7,25.6571428571429,ComteOlden,ThermoFresh,5.042857142857098
Perca flavescens,Daphnia galeata,GloBI,preysOn,,30.7,38.89,ComteOlden,ThermoFresh,8.190000000000001
Perca flavescens,Electrona antarctica,GloBI,preysOn,,30.7,31.24,ComteOlden,ComteOlden,0.5399999999999991
Perca flavescens,Esox lucius,GloBI,preysOn,,30.7,28.98,ComteOlden,ComteOlden,1.7199999999999989
Perca flavescens,Etheostoma nigrum,GloBI,preysOn,,30.7,33.65,ComteOlden,ThermoFresh,2.9499999999999993
Perca flavescens,Gammarus pulex,GloBI,eats;preysOn,,30.7,29.1161111111111,ComteOlden,ThermoFresh,1.5838888888889002
Perca flavescens,Gymnocephalus cernua,GloBI,preysOn,,30.7,34.5,ComteOlden,ThermoFresh,3.8000000000000007
Perca flavescens,Lepomis gibbosus,GloBI,preysOn,,30.7,33.8035,ComteOlden,ThermoFresh,3.1035000000000004
Perca flavescens,Lota lota,GloBI,preysOn,,30.7,27.11875,ComteOlden,ThermoFresh,3.5812500000000007
Perca flavescens,Micropterus dolomieu,GloBI,preysOn,,30.7,33.3333333333333,ComteOlden,ThermoFresh,2.633333333333301
Perca flavescens,Micropterus salmoides,GloBI,preysOn,,30.7,36.4,ComteOlden,ThermoFresh,5.699999999999999
Perca flavescens,Neogobius melanostomus,GloBI,eats;preysOn,,30.7,33.726,ComteOlden,ThermoFresh,3.026
Perca flavescens,Notropis atherinoides,GloBI,eats,,30.7,33.95,ComteOlden,ThermoFresh,3.2500000000000036
Perca flavescens,Notropis hudsonius,GloBI,eats;preysOn,,30.7,31.21,ComteOlden,ComteOlden,0.5100000000000016
Perca flavescens,Notropis stramineus,GloBI,eats,,30.7,33.54,ComteOlden,ThermoFresh,2.84
Perca flavescens,Osmerus mordax,GloBI,preysOn,,30.7,25.9,ComteOlden,ThermoFresh,4.800000000000001
Perca flavescens,Pimephales promelas,GloBI,eats;preysOn,,30.7,35.996338028169,ComteOlden,ThermoFresh,5.296338028169
Perca flavescens,Pomoxis nigromaculatus,GloBI,preysOn,,30.7,35.21,ComteOlden,ComteOlden,4.510000000000002
Perca flavescens,Pungitius pungitius,GloBI,preysOn,,30.7,29.85,ComteOlden,ThermoFresh,0.8499999999999979
Perca fluviatilis,Abramis brama,GloBI,preysOn,,28.6920833333333,30.32,ThermoFresh,ComteOlden,1.6279166666666995
Perca fluviatilis,Acipenser naccarii,GloBI,preysOn,,28.6920833333333,33.83,ThermoFresh,ComteOlden,5.1379166666666976
Perca fluviatilis,Acipenser sturio,GloBI,preysOn,,28.6920833333333,32.52,ThermoFresh,ComteOlden,3.8279166666667024
Perca fluviatilis,Agabus bipustulatus,GloBI,preysOn,,28.6920833333333,37.07,ThermoFresh,ThermoFresh,8.3779166666667
Perca fluviatilis,Agapetus fuscipes,GloBI,preysOn,,28.6920833333333,25.8,ThermoFresh,ThermoFresh,2.8920833333333
Perca fluviatilis,Alburnus alburnus,GloBI,preysOn,,28.6920833333333,37.7,ThermoFresh,ThermoFresh,9.007916666666702
Perca fluviatilis,Alburnus arborella,GloBI,preysOn,,28.6920833333333,35.64,ThermoFresh,ComteOlden,6.9479166666667
Perca fluviatilis,Alosa fallax,GloBI,preysOn,,28.6920833333333,32.31,ThermoFresh,ComteOlden,3.6179166666667015
Perca fluviatilis,Anguilla anguilla,GloBI,eats;preysOn,,28.6920833333333,35.12,ThermoFresh,ComteOlden,6.427916666666697
Perca fluviatilis,Aphelocheirus aestivalis,GloBI,preysOn,,28.6920833333333,34.53,ThermoFresh,ThermoFresh,5.8379166666667
Perca fluviatilis,Asellus aquaticus,GloBI,eats;preysOn,,28.6920833333333,32.8678947368421,ThermoFresh,ThermoFresh,4.175811403508803
Perca fluviatilis,Astacus leptodactylus,GloBI,preysOn,,28.6920833333333,37.8666666666667,ThermoFresh,ThermoFresh,9.174583333333402
Perca fluviatilis,Baetis rhodani,GloBI,preysOn,,28.6920833333333,25.1,ThermoFresh,ThermoFresh,3.5920833333332993
Perca fluviatilis,Barbatula barbatula,GloBI,preysOn,,28.6920833333333,29.5285714285714,ThermoFresh,ThermoFresh,0.8364880952380993
Perca fluviatilis,Barbus barbus,GloBI,preysOn,,28.6920833333333,29.2,ThermoFresh,ThermoFresh,0.5079166666666985
Perca fluviatilis,Barbus caninus,GloBI,preysOn,,28.6920833333333,32.7,ThermoFresh,ComteOlden,4.007916666666702
Perca fluviatilis,Barbus plebejus,GloBI,preysOn,,28.6920833333333,32.5,ThermoFresh,ComteOlden,3.8079166666666993
Perca fluviatilis,Blicca bjoerkna,GloBI,preysOn,,28.6920833333333,30.86,ThermoFresh,ComteOlden,2.1679166666666987
Perca fluviatilis,Caenis luctuosa,GloBI,preysOn,,28.6920833333333,30.6,ThermoFresh,ThermoFresh,1.9079166666667007
Perca fluviatilis,Calopteryx virgo,GloBI,preysOn,,28.6920833333333,34.0225,ThermoFresh,ThermoFresh,5.3304166666667
Perca fluviatilis,Carassius carassius,GloBI,preysOn,,28.6920833333333,35.5365,ThermoFresh,ThermoFresh,6.844416666666696
Perca fluviatilis,Carassius gibelio,GloBI,preysOn,,28.6920833333333,36.1,ThermoFresh,ThermoFresh,7.407916666666701
Perca fluviatilis,Chondrostoma nasus,GloBI,preysOn,,28.6920833333333,34.03,ThermoFresh,ComteOlden,5.3379166666667
Perca fluviatilis,Chondrostoma soetta,GloBI,preysOn,,28.6920833333333,31.86,ThermoFresh,ComteOlden,3.1679166666666987
Perca fluviatilis,Clupea harengus,GloBI,eats;preysOn,,28.6920833333333,25.43,ThermoFresh,ComteOlden,3.262083333333301
Perca fluviatilis,Cobitis bilineata,GloBI,preysOn,,28.6920833333333,33.54,ThermoFresh,ComteOlden,4.847916666666698
Perca fluviatilis,Cobitis taenia,GloBI,preysOn,,28.6920833333333,33.76,ThermoFresh,ComteOlden,5.067916666666697
Perca fluviatilis,Coenagrion puella,GloBI,preysOn,,28.6920833333333,42.995,ThermoFresh,ThermoFresh,14.302916666666697
Perca fluviatilis,Coregonus albula,GloBI,eats;preysOn,,28.6920833333333,28.68,ThermoFresh,ComteOlden,0.012083333333301027
Perca fluviatilis,Coregonus peled,GloBI,preysOn,,28.6920833333333,27.24,ThermoFresh,ComteOlden,1.4520833333333023
Perca fluviatilis,Corophium volutator,GloBI,preysOn,,28.6920833333333,33.1452777775,ThermoFresh,ThermoFresh,4.453194444166698
Perca fluviatilis,Cottus gobio,GloBI,preysOn,,28.6920833333333,30.32,ThermoFresh,ComteOlden,1.6279166666666995
Perca fluviatilis,Crangonyx pseudogracilis,GloBI,eats;preysOn,,28.6920833333333,32.3233333333333,ThermoFresh,ThermoFresh,3.6312500000000014
Perca fluviatilis,Ctenopharyngodon idella,GloBI,preysOn,,28.6920833333333,39.5,ThermoFresh,ThermoFresh,10.8079166666667
Perca fluviatilis,Cyprinus carpio,GloBI,preysOn,,28.6920833333333,33.5484745762712,ThermoFresh,ThermoFresh,4.856391242937896
Perca fluviatilis,Deronectes latus,GloBI,preysOn,,28.6920833333333,37.04,ThermoFresh,ThermoFresh,8.347916666666698
Perca fluviatilis,Dikerogammarus villosus,GloBI,eats;preysOn,,28.6920833333333,28.1328571428571,ThermoFresh,ThermoFresh,0.559226190476199
Perca fluviatilis,Dinocras cephalotes,GloBI,preysOn,,28.6920833333333,34.6083333333333,ThermoFresh,ThermoFresh,5.916249999999998
Perca fluviatilis,Drusus annulatus,GloBI,preysOn,,28.6920833333333,28.8,ThermoFresh,ThermoFresh,0.10791666666669997
Perca fluviatilis,Ecdyonurus insignis,GloBI,preysOn,,28.6920833333333,32.34,ThermoFresh,ThermoFresh,3.6479166666667027
Perca fluviatilis,Echinogammarus berilloni,GloBI,preysOn,,28.6920833333333,30.3333333333333,ThermoFresh,ThermoFresh,1.6412499999999994
Perca fluviatilis,Echinogammarus ischnus,GloBI,preysOn,,28.6920833333333,31.5,ThermoFresh,ThermoFresh,2.8079166666666993
Perca fluviatilis,Ephemera danica,GloBI,preysOn,,28.6920833333333,36.7075,ThermoFresh,ThermoFresh,8.015416666666702
Perca fluviatilis,Esox lucius,GloBI,eats;preysOn,,28.6920833333333,28.98,ThermoFresh,ComteOlden,0.2879166666666997
Perca fluviatilis,Gammarus fossarum,GloBI,preysOn,,28.6920833333333,28.774,ThermoFresh,ThermoFresh,0.08191666666670017
Perca fluviatilis,Gammarus pulex,GloBI,eats;preysOn,,28.6920833333333,29.1161111111111,ThermoFresh,ThermoFresh,0.4240277777777983
Perca fluviatilis,Gammarus roeselii,GloBI,preysOn,,28.6920833333333,30.184,ThermoFresh,ThermoFresh,1.4919166666667003
Perca fluviatilis,Gammarus tigrinus,GloBI,preysOn,,28.6920833333333,32.6985714285714,ThermoFresh,ThermoFresh,4.0064880952380975
Perca fluviatilis,Gasterosteus aculeatus,GloBI,eats;preysOn,,28.6920833333333,31.6655882352941,ThermoFresh,ThermoFresh,2.9735049019607978
Perca fluviatilis,Gobio gobio,GloBI,preysOn,,28.6920833333333,33.75,ThermoFresh,ThermoFresh,5.057916666666699
Perca fluviatilis,Gymnocephalus cernua,GloBI,eats;preysOn,,28.6920833333333,34.5,ThermoFresh,ThermoFresh,5.807916666666699
Perca fluviatilis,Heptagenia sulphurea,GloBI,preysOn,,28.6920833333333,30.2,ThermoFresh,ThermoFresh,1.5079166666666985
Perca fluviatilis,Hydropsyche pellucidula,GloBI,preysOn,,28.6920833333333,25.5,ThermoFresh,ThermoFresh,3.1920833333333007
Perca fluviatilis,Hypophthalmichthys molitrix,GloBI,preysOn,,28.6920833333333,36.27,ThermoFresh,ComteOlden,7.577916666666702
Perca fluviatilis,Hypophthalmichthys nobilis,GloBI,preysOn,,28.6920833333333,37.92,ThermoFresh,ComteOlden,9.227916666666701
Perca fluviatilis,Ischnura elegans,GloBI,preysOn,,28.6920833333333,43.7361538461539,ThermoFresh,ThermoFresh,15.044070512820596
Perca fluviatilis,Ischnura pumilio,GloBI,preysOn,,28.6920833333333,45.515,ThermoFresh,ThermoFresh,16.8229166666667
Perca fluviatilis,Lepomis gibbosus,GloBI,eats;preysOn,,28.6920833333333,33.8035,ThermoFresh,ThermoFresh,5.111416666666699
Perca fluviatilis,Leucaspius delineatus,GloBI,preysOn,,28.6920833333333,34.3566666666667,ThermoFresh,ThermoFresh,5.664583333333397
Perca fluviatilis,Leuciscus aspius,GloBI,preysOn,,28.6920833333333,34.92,ThermoFresh,ComteOlden,6.227916666666701
Perca fluviatilis,Leuciscus leuciscus,GloBI,preysOn,,28.6920833333333,32.57,ThermoFresh,ComteOlden,3.8779166666666995
Perca fluviatilis,Leuctra fusca,GloBI,preysOn,,28.6920833333333,30.1,ThermoFresh,ThermoFresh,1.4079166666667007
Perca fluviatilis,Lota lota,GloBI,preysOn,,28.6920833333333,27.11875,ThermoFresh,ThermoFresh,1.5733333333333022
Perca fluviatilis,Maccullochella peelii,GloBI,preysOn,,28.6920833333333,35.6375,ThermoFresh,ThermoFresh,6.945416666666702
Perca fluviatilis,Micropterus salmoides,GloBI,preysOn,,28.6920833333333,36.4,ThermoFresh,ThermoFresh,7.707916666666698
Perca fluviatilis,Myoxocephalus quadricornis,GloBI,preysOn,,28.6920833333333,27.1,ThermoFresh,ThermoFresh,1.5920833333332993
Perca fluviatilis,Nemurella pictetii,GloBI,preysOn,,28.6920833333333,30.1,ThermoFresh,ThermoFresh,1.4079166666667007
Perca fluviatilis,Neogobius fluviatilis,GloBI,preysOn,,28.6920833333333,34.32,ThermoFresh,ComteOlden,5.6279166666666995
Perca fluviatilis,Neogobius melanostomus,GloBI,preysOn,,28.6920833333333,33.726,ThermoFresh,ThermoFresh,5.033916666666698
Perca fluviatilis,Oncorhynchus mykiss,GloBI,preysOn,,28.6920833333333,28.6755405405405,ThermoFresh,ThermoFresh,0.016542792792801464
Perca fluviatilis,Osmerus eperlanus,GloBI,eats;preysOn,,28.6920833333333,27.8,ThermoFresh,ComteOlden,0.8920833333333
Perca fluviatilis,Padogobius bonelli,GloBI,preysOn,,28.6920833333333,31.74,ThermoFresh,ComteOlden,3.0479166666666977
Perca fluviatilis,Parachondrostoma toxostoma,GloBI,preysOn,,28.6920833333333,34.17,ThermoFresh,ComteOlden,5.477916666666701
Perca fluviatilis,Phoxinus lumaireul,GloBI,eats;preysOn,,28.6920833333333,29.52,ThermoFresh,ComteOlden,0.8279166666666988
Perca fluviatilis,Platichthys flesus,GloBI,eats;preysOn,,28.6920833333333,32.75,ThermoFresh,ComteOlden,4.057916666666699
Perca fluviatilis,Pomatoschistus minutus,GloBI,eats;preysOn,,28.6920833333333,28.4,ThermoFresh,ThermoFresh,0.29208333333330216
Perca fluviatilis,Ponticola kessleri,GloBI,preysOn,,28.6920833333333,34.03,ThermoFresh,ComteOlden,5.3379166666667
Perca fluviatilis,Potamopyrgus antipodarum,GloBI,preysOn,,28.6920833333333,27.9033333333333,ThermoFresh,ThermoFresh,0.7887500000000003
Perca fluviatilis,Procambarus clarkii,GloBI,preysOn,,28.6920833333333,38.5,ThermoFresh,ThermoFresh,9.8079166666667
Perca fluviatilis,Pseudorasbora parva,GloBI,preysOn,,28.6920833333333,38.515,ThermoFresh,ThermoFresh,9.8229166666667
Perca fluviatilis,Rhithrogena semicolorata,GloBI,preysOn,,28.6920833333333,25.33,ThermoFresh,ThermoFresh,3.3620833333333024
Perca fluviatilis,Rhodeus amarus,GloBI,preysOn,,28.6920833333333,34.1,ThermoFresh,ComteOlden,5.407916666666701
Perca fluviatilis,Rhyacophila dorsalis,GloBI,preysOn,,28.6920833333333,22.0,ThermoFresh,ThermoFresh,6.692083333333301
Perca fluviatilis,Rutilus aula,GloBI,preysOn,,28.6920833333333,32.32,ThermoFresh,ComteOlden,3.6279166666666995
Perca fluviatilis,Rutilus pigus,GloBI,preysOn,,28.6920833333333,33.59,ThermoFresh,ComteOlden,4.897916666666703
Perca fluviatilis,Rutilus rutilus,GloBI,eats;preysOn,,28.6920833333333,28.5058333333333,ThermoFresh,ThermoFresh,0.18625000000000114
Perca fluviatilis,Sabanejewia larvata,GloBI,preysOn,,28.6920833333333,32.71,ThermoFresh,ComteOlden,4.0179166666667
Perca fluviatilis,Salariopsis fluviatilis,GloBI,preysOn,,28.6920833333333,34.96,ThermoFresh,ComteOlden,6.2679166666667
Perca fluviatilis,Salmo labrax,GloBI,preysOn,,28.6920833333333,32.32,ThermoFresh,ComteOlden,3.6279166666666995
Perca fluviatilis,Salmo marmoratus,GloBI,preysOn,,28.6920833333333,30.21,ThermoFresh,ComteOlden,1.5179166666667
Perca fluviatilis,Salmo salar,GloBI,preysOn,,28.6920833333333,30.3326495726496,ThermoFresh,ThermoFresh,1.6405662393162999
Perca fluviatilis,Salmo trutta,GloBI,preysOn,,28.6920833333333,27.6830769230769,ThermoFresh,ThermoFresh,1.0090064102564007
Perca fluviatilis,Salvelinus fontinalis,GloBI,preysOn,,28.6920833333333,28.9883333333333,ThermoFresh,ThermoFresh,0.29625000000000057
Perca fluviatilis,Salvelinus namaycush,GloBI,preysOn,,28.6920833333333,27.385,ThermoFresh,ThermoFresh,1.3070833333332992
Perca fluviatilis,Sander lucioperca,GloBI,eats;preysOn,,28.6920833333333,35.4428571428571,ThermoFresh,ThermoFresh,6.7507738095238
Perca fluviatilis,Scardinius erythrophthalmus,GloBI,preysOn,,28.6920833333333,34.94,ThermoFresh,ComteOlden,6.247916666666697
Perca fluviatilis,Serratella ignita,GloBI,preysOn,,28.6920833333333,32.3,ThermoFresh,ThermoFresh,3.6079166666666964
Perca fluviatilis,Sialis lutaria,GloBI,preysOn,,28.6920833333333,31.4,ThermoFresh,ThermoFresh,2.707916666666698
Perca fluviatilis,Silurus glanis,GloBI,preysOn,,28.6920833333333,36.15,ThermoFresh,ComteOlden,7.457916666666698
Perca fluviatilis,Squalius cephalus,GloBI,preysOn,,28.6920833333333,36.48,ThermoFresh,ThermoFresh,7.787916666666696
Perca fluviatilis,Telestes muticellus,GloBI,preysOn,,28.6920833333333,33.48,ThermoFresh,ComteOlden,4.787916666666696
Perca fluviatilis,Telestes souffia,GloBI,preysOn,,28.6920833333333,33.18,ThermoFresh,ComteOlden,4.487916666666699
Perca fluviatilis,Thymallus thymallus,GloBI,preysOn,,28.6920833333333,29.4333333333333,ThermoFresh,ThermoFresh,0.7412500000000009
Perca fluviatilis,Tinca tinca,GloBI,preysOn,,28.6920833333333,35.6875,ThermoFresh,ThermoFresh,6.995416666666699
Perca fluviatilis,Zoarces viviparus,GloBI,preysOn,,28.6920833333333,27.725,ThermoFresh,ThermoFresh,0.9670833333332993
Perccottus glenii,Dikerogammarus villosus,GloBI,preysOn,,37.41,28.1328571428571,ComteOlden,ThermoFresh,9.277142857142895
Perissodus microlepis,Altolamprologus compressiceps,GloBI,eats;preysOn,,37.82,37.99,ComteOlden,ComteOlden,0.1700000000000017
Perissodus microlepis,Cyathopharynx furcifer,GloBI,eats;preysOn,,37.82,37.98,ComteOlden,ComteOlden,0.1599999999999966
Perissodus microlepis,Eretmodus cyanostictus,GloBI,eats;preysOn,,37.82,37.95,ComteOlden,ComteOlden,0.13000000000000256
Perissodus microlepis,Gnathochromis pfefferi,GloBI,eats;preysOn,,37.82,37.47,ComteOlden,ComteOlden,0.3500000000000014
Perissodus microlepis,Haplotaxodon microlepis,GloBI,eats;preysOn,,37.82,37.84,ComteOlden,ComteOlden,0.020000000000003126
Perissodus microlepis,Lamprologus callipterus,GloBI,eats;preysOn,,37.82,37.87,ComteOlden,ComteOlden,0.04999999999999716
Perissodus microlepis,Lepidiolamprologus attenuatus,GloBI,eats;preysOn,,37.82,37.95,ComteOlden,ComteOlden,0.13000000000000256
Perissodus microlepis,Lepidiolamprologus elongatus,GloBI,eats;preysOn,,37.82,37.87,ComteOlden,ComteOlden,0.04999999999999716
Perissodus microlepis,Limnotilapia dardennii,GloBI,eats;preysOn,,37.82,37.87,ComteOlden,ComteOlden,0.04999999999999716
Perissodus microlepis,Lobochilotes labiatus,GloBI,eats;preysOn,,37.82,37.91,ComteOlden,ComteOlden,0.0899999999999963
Perissodus microlepis,Neolamprologus brichardi,GloBI,eats;preysOn,,37.82,37.8,ComteOlden,ComteOlden,0.020000000000003126
Perissodus microlepis,Neolamprologus leleupi,GloBI,eats;preysOn,,37.82,37.88,ComteOlden,ComteOlden,0.060000000000002274
Perissodus microlepis,Neolamprologus modestus,GloBI,eats;preysOn,,37.82,37.84,ComteOlden,ComteOlden,0.020000000000003126
Perissodus microlepis,Neolamprologus toae,GloBI,eats;preysOn,,37.82,37.95,ComteOlden,ComteOlden,0.13000000000000256
Perissodus microlepis,Telmatochromis temporalis,GloBI,eats;preysOn,,37.82,38.06,ComteOlden,ComteOlden,0.240000000000002
Perissodus microlepis,Tropheus moorii,GloBI,eats;preysOn,,37.82,37.97,ComteOlden,ComteOlden,0.14999999999999858
Perissodus microlepis,Xenotilapia leptura,GloBI,eats;preysOn,,37.82,37.9,ComteOlden,ComteOlden,0.0799999999999983
Petromyzon marinus,Acipenser fulvescens,GloBI,eats;parasiteOf;preysOn,,33.8833333333333,33.5328571428571,ThermoFresh,ThermoFresh,0.3504761904762006
Petromyzon marinus,Alosa pseudoharengus,GloBI,eats;preysOn,,33.8833333333333,30.4625,ThermoFresh,ThermoFresh,3.4208333333332988
Petromyzon marinus,Alosa sapidissima,GloBI,eats;preysOn,,33.8833333333333,32.58,ThermoFresh,ComteOlden,1.303333333333299
Petromyzon marinus,Ameiurus nebulosus,GloBI,eats;preysOn,,33.8833333333333,38.1,ThermoFresh,ThermoFresh,4.216666666666704
Petromyzon marinus,Catostomus commersonii,GloBI,eats;preysOn,,33.8833333333333,33.17,ThermoFresh,ThermoFresh,0.7133333333332956
Petromyzon marinus,Clupea harengus,GloBI,eats;preysOn,,33.8833333333333,25.43,ThermoFresh,ComteOlden,8.453333333333298
Petromyzon marinus,Coregonus clupeaformis,GloBI,eats;preysOn,,33.8833333333333,25.9881818181818,ThermoFresh,ThermoFresh,7.895151515151497
Petromyzon marinus,Cyprinus carpio,GloBI,eats;preysOn,,33.8833333333333,33.5484745762712,ThermoFresh,ThermoFresh,0.33485875706210066
Petromyzon marinus,Esox lucius,GloBI,eats;preysOn,,33.8833333333333,28.98,ThermoFresh,ComteOlden,4.903333333333297
Petromyzon marinus,Esox niger,GloBI,eats;preysOn,,33.8833333333333,36.36,ThermoFresh,ComteOlden,2.476666666666702
Petromyzon marinus,Gadus morhua,GloBI,eats;preysOn,,33.8833333333333,25.39,ThermoFresh,ComteOlden,8.493333333333297
Petromyzon marinus,Lepisosteus osseus,GloBI,eats;preysOn,,33.8833333333333,35.98,ThermoFresh,ComteOlden,2.0966666666666995
Petromyzon marinus,Lota lota,GloBI,eats;preysOn,,33.8833333333333,27.11875,ThermoFresh,ThermoFresh,6.764583333333299
Petromyzon marinus,Morone saxatilis,GloBI,eats;preysOn,,33.8833333333333,33.3948,ThermoFresh,ThermoFresh,0.48853333333330085
Petromyzon marinus,Oncorhynchus kisutch,GloBI,parasiteOf,,33.8833333333333,27.6965,ThermoFresh,ThermoFresh,6.186833333333297
Petromyzon marinus,Oncorhynchus mykiss,GloBI,eats;preysOn,,33.8833333333333,28.6755405405405,ThermoFresh,ThermoFresh,5.207792792792798
Petromyzon marinus,Oncorhynchus tshawytscha,GloBI,parasiteOf,,33.8833333333333,28.7821875,ThermoFresh,ThermoFresh,5.101145833333298
Petromyzon marinus,Salmo salar,GloBI,eats;preysOn,,33.8833333333333,30.3326495726496,ThermoFresh,ThermoFresh,3.5506837606836967
Petromyzon marinus,Salmo trutta,GloBI,eats;preysOn,,33.8833333333333,27.6830769230769,ThermoFresh,ThermoFresh,6.200256410256397
Petromyzon marinus,Salvelinus namaycush,GloBI,eats;parasiteOf;preysOn,,33.8833333333333,27.385,ThermoFresh,ThermoFresh,6.498333333333296
Petromyzon marinus,Sander vitreus,GloBI,eats;preysOn,,33.8833333333333,35.375,ThermoFresh,ThermoFresh,1.4916666666667027
Petromyzon marinus,Scomber scombrus,GloBI,eats;preysOn,,33.8833333333333,33.2066666666667,ThermoFresh,ComteOlden,0.6766666666665984
Petromyzon marinus,Xiphias gladius,GloBI,eats;preysOn,,33.8833333333333,34.29,ThermoFresh,ComteOlden,0.4066666666667018
Petrus rupestris,Leucaspius delineatus,GloBI,preysOn,,33.89,34.3566666666667,ComteOlden,ThermoFresh,0.466666666666697
Phoxinus lumaireul,Agabus bipustulatus,GloBI,preysOn,,29.52,37.07,ComteOlden,ThermoFresh,7.550000000000001
Phoxinus lumaireul,Agapetus fuscipes,GloBI,preysOn,,29.52,25.8,ComteOlden,ThermoFresh,3.719999999999999
Phoxinus lumaireul,Ancylus fluviatilis,GloBI,eats;preysOn,,29.52,34.9,ComteOlden,ThermoFresh,5.379999999999999
Phoxinus lumaireul,Anguilla anguilla,GloBI,preysOn,,29.52,35.12,ComteOlden,ComteOlden,5.599999999999998
Phoxinus lumaireul,Aphelocheirus aestivalis,GloBI,preysOn,,29.52,34.53,ComteOlden,ThermoFresh,5.010000000000002
Phoxinus lumaireul,Asellus aquaticus,GloBI,eats;preysOn,,29.52,32.8678947368421,ComteOlden,ThermoFresh,3.347894736842104
Phoxinus lumaireul,Astacus leptodactylus,GloBI,preysOn,,29.52,37.8666666666667,ComteOlden,ThermoFresh,8.346666666666703
Phoxinus lumaireul,Baetis rhodani,GloBI,eats;preysOn,,29.52,25.1,ComteOlden,ThermoFresh,4.419999999999998
Phoxinus lumaireul,Caenis luctuosa,GloBI,preysOn,,29.52,30.6,ComteOlden,ThermoFresh,1.0800000000000018
Phoxinus lumaireul,Calopteryx virgo,GloBI,preysOn,,29.52,34.0225,ComteOlden,ThermoFresh,4.502500000000001
Phoxinus lumaireul,Coenagrion puella,GloBI,preysOn,,29.52,42.995,ComteOlden,ThermoFresh,13.474999999999998
Phoxinus lumaireul,Coregonus albula,GloBI,eats;preysOn,,29.52,28.68,ComteOlden,ComteOlden,0.8399999999999999
Phoxinus lumaireul,Cottus gobio,GloBI,preysOn,,29.52,30.32,ComteOlden,ComteOlden,0.8000000000000007
Phoxinus lumaireul,Deronectes latus,GloBI,preysOn,,29.52,37.04,ComteOlden,ThermoFresh,7.52
Phoxinus lumaireul,Dikerogammarus villosus,GloBI,preysOn,,29.52,28.1328571428571,ComteOlden,ThermoFresh,1.3871428571428979
Phoxinus lumaireul,Dinocras cephalotes,GloBI,preysOn,,29.52,34.6083333333333,ComteOlden,ThermoFresh,5.088333333333299
Phoxinus lumaireul,Drusus annulatus,GloBI,preysOn,,29.52,28.8,ComteOlden,ThermoFresh,0.7199999999999989
Phoxinus lumaireul,Ecdyonurus insignis,GloBI,preysOn,,29.52,32.34,ComteOlden,ThermoFresh,2.820000000000004
Phoxinus lumaireul,Echinogammarus berilloni,GloBI,preysOn,,29.52,30.3333333333333,ComteOlden,ThermoFresh,0.8133333333333006
Phoxinus lumaireul,Echinogammarus ischnus,GloBI,preysOn,,29.52,31.5,ComteOlden,ThermoFresh,1.9800000000000004
Phoxinus lumaireul,Elmis aenea,GloBI,eats;preysOn,,29.52,33.8,ComteOlden,ThermoFresh,4.279999999999998
Phoxinus lumaireul,Ephemera danica,GloBI,preysOn,,29.52,36.7075,ComteOlden,ThermoFresh,7.1875000000000036
Phoxinus lumaireul,Gammarus fossarum,GloBI,preysOn,,29.52,28.774,ComteOlden,ThermoFresh,0.7459999999999987
Phoxinus lumaireul,Gammarus pulex,GloBI,preysOn,,29.52,29.1161111111111,ComteOlden,ThermoFresh,0.4038888888889005
Phoxinus lumaireul,Gammarus roeselii,GloBI,preysOn,,29.52,30.184,ComteOlden,ThermoFresh,0.6640000000000015
Phoxinus lumaireul,Gammarus tigrinus,GloBI,preysOn,,29.52,32.6985714285714,ComteOlden,ThermoFresh,3.1785714285713986
Phoxinus lumaireul,Gobio gobio,GloBI,preysOn,,29.52,33.75,ComteOlden,ThermoFresh,4.23
Phoxinus lumaireul,Heptagenia sulphurea,GloBI,preysOn,,29.52,30.2,ComteOlden,ThermoFresh,0.6799999999999997
Phoxinus lumaireul,Hydropsyche pellucidula,GloBI,preysOn,,29.52,25.5,ComteOlden,ThermoFresh,4.02
Phoxinus lumaireul,Ischnura elegans,GloBI,preysOn,,29.52,43.7361538461539,ComteOlden,ThermoFresh,14.216153846153897
Phoxinus lumaireul,Ischnura pumilio,GloBI,preysOn,,29.52,45.515,ComteOlden,ThermoFresh,15.995000000000001
Phoxinus lumaireul,Leuctra fusca,GloBI,eats;preysOn,,29.52,30.1,ComteOlden,ThermoFresh,0.5800000000000018
Phoxinus lumaireul,Limnius volckmari,GloBI,eats;preysOn,,29.52,33.7775,ComteOlden,ThermoFresh,4.257500000000004
Phoxinus lumaireul,Nemurella pictetii,GloBI,eats;preysOn,,29.52,30.1,ComteOlden,ThermoFresh,0.5800000000000018
Phoxinus lumaireul,Rhithrogena semicolorata,GloBI,eats;preysOn,,29.52,25.33,ComteOlden,ThermoFresh,4.190000000000001
Phoxinus lumaireul,Rhyacophila dorsalis,GloBI,eats;preysOn,,29.52,22.0,ComteOlden,ThermoFresh,7.52
Phoxinus lumaireul,Salmo salar,GloBI,preysOn,,29.52,30.3326495726496,ComteOlden,ThermoFresh,0.812649572649601
Phoxinus lumaireul,Salmo trutta,GloBI,preysOn,,29.52,27.6830769230769,ComteOlden,ThermoFresh,1.8369230769230995
Phoxinus lumaireul,Serratella ignita,GloBI,eats;preysOn,,29.52,32.3,ComteOlden,ThermoFresh,2.7799999999999976
Phoxinus lumaireul,Squalius cephalus,GloBI,preysOn,,29.52,36.48,ComteOlden,ThermoFresh,6.959999999999997
Phoxinus lumaireul,Thymallus thymallus,GloBI,preysOn,,29.52,29.4333333333333,ComteOlden,ThermoFresh,0.08666666666669798
Phyllorhynchus decurtatus,Coleonyx variegatus,GloBI,eats;preysOn,,39.3,43.0,GlobTherm,GlobTherm,3.700000000000003
Pimephales notatus,Etheostoma crossopterum,GloBI,preysOn,,33.4533333333333,36.36,ThermoFresh,ComteOlden,2.906666666666702
Pimephales promelas,Xyrauchen texanus,GloBI,preysOn,,35.996338028169,38.8,ThermoFresh,ThermoFresh,2.803661971830998
Pituophis catenifer,Phrynosoma cornutum,GloBI,preysOn,,40.5,47.9,GlobTherm,GlobTherm,7.399999999999999
Pituophis catenifer,Sceloporus graciosus,GloBI,eats,,40.5,43.0,GlobTherm,GlobTherm,2.5
Pituophis catenifer,Sceloporus magister,GloBI,eats,,40.5,43.0,GlobTherm,GlobTherm,2.5
Pituophis catenifer,Sceloporus occidentalis,GloBI,eats;preysOn,,40.5,44.1,GlobTherm,GlobTherm,3.6000000000000014
Pituophis catenifer,Thamnophis elegans,GloBI,preysOn,,40.5,43.1,GlobTherm,GlobTherm,2.6000000000000014
Pituophis catenifer,Uta stansburiana,GloBI,eats;preysOn,,40.5,43.7,GlobTherm,GlobTherm,3.200000000000003
Platichthys flesus,Alosa fallax,GloBI,preysOn,,32.75,32.31,ComteOlden,ComteOlden,0.4399999999999977
Platichthys flesus,Ampullaceana balthica,GloBI,preysOn,,32.75,36.525,ComteOlden,ThermoFresh,3.7749999999999986
Platichthys flesus,Ancylus fluviatilis,GloBI,eats;preysOn,,32.75,34.9,ComteOlden,ThermoFresh,2.1499999999999986
Platichthys flesus,Anguilla anguilla,GloBI,preysOn,,32.75,35.12,ComteOlden,ComteOlden,2.3699999999999974
Platichthys flesus,Aphelocheirus aestivalis,GloBI,eats;preysOn,,32.75,34.53,ComteOlden,ThermoFresh,1.7800000000000011
Platichthys flesus,Carcinus maenas,GloBI,eats;preysOn,,32.75,34.07,ComteOlden,ThermoFresh,1.3200000000000003
Platichthys flesus,Clupea harengus,GloBI,eats;preysOn,,32.75,25.43,ComteOlden,ComteOlden,7.32
Platichthys flesus,Corophium volutator,GloBI,eats;preysOn,,32.75,33.1452777775,ComteOlden,ThermoFresh,0.3952777774999987
Platichthys flesus,Crangon crangon,GloBI,eats;preysOn,,32.75,34.1133333333333,ComteOlden,ThermoFresh,1.3633333333333013
Platichthys flesus,Gammarus pulex,GloBI,eats;preysOn,,32.75,29.1161111111111,ComteOlden,ThermoFresh,3.633888888888901
Platichthys flesus,Hydropsyche pellucidula,GloBI,preysOn,,32.75,25.5,ComteOlden,ThermoFresh,7.25
Platichthys flesus,Littorina saxatilis,GloBI,preysOn,,32.75,34.91,ComteOlden,ThermoFresh,2.1599999999999966
Platichthys flesus,Pleuronectes platessa,GloBI,preysOn,,32.75,30.64,ComteOlden,ComteOlden,2.1099999999999994
Platichthys flesus,Pomatoschistus microps,GloBI,preysOn,,32.75,33.7272727272727,ComteOlden,ThermoFresh,0.9772727272726982
Platichthys flesus,Pomatoschistus minutus,GloBI,eats;preysOn,,32.75,28.4,ComteOlden,ThermoFresh,4.350000000000001
Platichthys flesus,Potamopyrgus antipodarum,GloBI,preysOn,,32.75,27.9033333333333,ComteOlden,ThermoFresh,4.8466666666666995
Platichthys flesus,Rutilus rutilus,GloBI,eats;preysOn,,32.75,28.5058333333333,ComteOlden,ThermoFresh,4.2441666666667
Platichthys flesus,Solea solea,GloBI,preysOn,,32.75,34.15,ComteOlden,ComteOlden,1.3999999999999986
Plecodus straeleni,Altolamprologus compressiceps,GloBI,preysOn,,37.74,37.99,ComteOlden,ComteOlden,0.25
Plecodus straeleni,Ctenochromis horei,GloBI,preysOn,,37.74,37.53,ComteOlden,ComteOlden,0.21000000000000085
Plecodus straeleni,Cyathopharynx furcifer,GloBI,preysOn,,37.74,37.98,ComteOlden,ComteOlden,0.23999999999999488
Plecodus straeleni,Cyphotilapia frontosa,GloBI,preysOn,,37.74,37.93,ComteOlden,ComteOlden,0.18999999999999773
Plecodus straeleni,Cyprichromis microlepidotus,GloBI,preysOn,,37.74,37.95,ComteOlden,ComteOlden,0.21000000000000085
Plecodus straeleni,Gnathochromis pfefferi,GloBI,preysOn,,37.74,37.47,ComteOlden,ComteOlden,0.2700000000000031
Plecodus straeleni,Haplotaxodon microlepis,GloBI,preysOn,,37.74,37.84,ComteOlden,ComteOlden,0.10000000000000142
Plecodus straeleni,Julidochromis marlieri,GloBI,preysOn,,37.74,37.83,ComteOlden,ComteOlden,0.0899999999999963
Plecodus straeleni,Lamprologus callipterus,GloBI,preysOn,,37.74,37.87,ComteOlden,ComteOlden,0.12999999999999545
Plecodus straeleni,Lamprologus lemairii,GloBI,preysOn,,37.74,37.98,ComteOlden,ComteOlden,0.23999999999999488
Plecodus straeleni,Lepidiolamprologus attenuatus,GloBI,preysOn,,37.74,37.95,ComteOlden,ComteOlden,0.21000000000000085
Plecodus straeleni,Lepidiolamprologus elongatus,GloBI,preysOn,,37.74,37.87,ComteOlden,ComteOlden,0.12999999999999545
Plecodus straeleni,Lepidiolamprologus profundicola,GloBI,preysOn,,37.74,38.0,ComteOlden,ComteOlden,0.259999999999998
Plecodus straeleni,Limnotilapia dardennii,GloBI,preysOn,,37.74,37.87,ComteOlden,ComteOlden,0.12999999999999545
Plecodus straeleni,Lobochilotes labiatus,GloBI,preysOn,,37.74,37.91,ComteOlden,ComteOlden,0.1699999999999946
Plecodus straeleni,Malapterurus electricus,GloBI,preysOn,,37.74,39.6,ComteOlden,ComteOlden,1.8599999999999994
Plecodus straeleni,Mastacembelus moorii,GloBI,preysOn,,37.74,37.62,ComteOlden,ComteOlden,0.12000000000000455
Plecodus straeleni,Neolamprologus brichardi,GloBI,preysOn,,37.74,37.8,ComteOlden,ComteOlden,0.05999999999999517
Plecodus straeleni,Neolamprologus furcifer,GloBI,preysOn,,37.74,37.94,ComteOlden,ComteOlden,0.19999999999999574
Plecodus straeleni,Neolamprologus mondabu,GloBI,preysOn,,37.74,37.85,ComteOlden,ComteOlden,0.10999999999999943
Plecodus straeleni,Neolamprologus savoryi,GloBI,preysOn,,37.74,37.86,ComteOlden,ComteOlden,0.11999999999999744
Plecodus straeleni,Neolamprologus toae,GloBI,preysOn,,37.74,37.95,ComteOlden,ComteOlden,0.21000000000000085
Plecodus straeleni,Neolamprologus tretocephalus,GloBI,preysOn,,37.74,38.06,ComteOlden,ComteOlden,0.3200000000000003
Plecodus straeleni,Ophthalmotilapia nasuta,GloBI,preysOn,,37.74,37.83,ComteOlden,ComteOlden,0.0899999999999963
Plecodus straeleni,Ophthalmotilapia ventralis,GloBI,preysOn,,37.74,37.9,ComteOlden,ComteOlden,0.1599999999999966
Plecodus straeleni,Perissodus microlepis,GloBI,preysOn,,37.74,37.82,ComteOlden,ComteOlden,0.0799999999999983
Plecodus straeleni,Petrochromis famula,GloBI,preysOn,,37.74,37.9,ComteOlden,ComteOlden,0.1599999999999966
Plecodus straeleni,Petrochromis orthognathus,GloBI,preysOn,,37.74,37.87,ComteOlden,ComteOlden,0.12999999999999545
Plecodus straeleni,Petrochromis polyodon,GloBI,preysOn,,37.74,37.91,ComteOlden,ComteOlden,0.1699999999999946
Plecodus straeleni,Petrochromis trewavasae,GloBI,preysOn,,37.74,37.98,ComteOlden,ComteOlden,0.23999999999999488
Plecodus straeleni,Pseudosimochromis curvifrons,GloBI,preysOn,,37.74,37.98,ComteOlden,ComteOlden,0.23999999999999488
Plecodus straeleni,Simochromis diagramma,GloBI,preysOn,,37.74,37.89,ComteOlden,ComteOlden,0.14999999999999858
Plecodus straeleni,Synodontis multipunctatus,GloBI,preysOn,,37.74,38.09,ComteOlden,ComteOlden,0.3500000000000014
Plecodus straeleni,Tanganicodus irsacae,GloBI,preysOn,,37.74,37.89,ComteOlden,ComteOlden,0.14999999999999858
Plecodus straeleni,Telmatochromis bifrenatus,GloBI,preysOn,,37.74,38.02,ComteOlden,ComteOlden,0.28000000000000114
Plecodus straeleni,Telmatochromis temporalis,GloBI,preysOn,,37.74,38.06,ComteOlden,ComteOlden,0.3200000000000003
Plecodus straeleni,Tropheus duboisi,GloBI,preysOn,,37.74,37.99,ComteOlden,ComteOlden,0.25
Plecodus straeleni,Tropheus moorii,GloBI,preysOn,,37.74,37.97,ComteOlden,ComteOlden,0.22999999999999687
Plecodus straeleni,Xenotilapia flavipinnis,GloBI,preysOn,,37.74,37.81,ComteOlden,ComteOlden,0.07000000000000028
Pleuronectes platessa,Anguilla anguilla,GloBI,eats,,30.64,35.12,ComteOlden,ComteOlden,4.479999999999997
Pleuronectes platessa,Blennius ocellaris,GloBI,eats;preysOn,,30.64,35.3,ComteOlden,ComteOlden,4.659999999999997
Pleuronectes platessa,Carcinus maenas,GloBI,eats;preysOn,,30.64,34.07,ComteOlden,ThermoFresh,3.4299999999999997
Pleuronectes platessa,Clupea harengus,GloBI,eats;preysOn,,30.64,25.43,ComteOlden,ComteOlden,5.210000000000001
Pleuronectes platessa,Corophium volutator,GloBI,eats;preysOn,,30.64,33.1452777775,ComteOlden,ThermoFresh,2.505277777499998
Pleuronectes platessa,Crangon crangon,GloBI,eats;preysOn,,30.64,34.1133333333333,ComteOlden,ThermoFresh,3.4733333333333007
Pleuronectes platessa,Gadus morhua,GloBI,eats,,30.64,25.39,ComteOlden,ComteOlden,5.25
Pleuronectes platessa,Lindbergichthys nudifrons,GloBI,preysOn,,30.64,14.75,ComteOlden,ComteOlden,15.89
Pleuronectes platessa,Littorina saxatilis,GloBI,preysOn,,30.64,34.91,ComteOlden,ThermoFresh,4.269999999999996
Pleuronectes platessa,Marinogammarus marinus,GloBI,preysOn,,30.64,32.7002467833333,ComteOlden,ThermoFresh,2.060246783333298
Pleuronectes platessa,Pagurus bernhardus,GloBI,eats;preysOn,,30.64,35.9,ComteOlden,ThermoFresh,5.259999999999998
Pleuronectes platessa,Pomatoschistus minutus,GloBI,eats;preysOn,,30.64,28.4,ComteOlden,ThermoFresh,2.240000000000002
Pleuronectes platessa,Solea solea,GloBI,preysOn,,30.64,34.15,ComteOlden,ComteOlden,3.509999999999998
Pogonomyrmex rugosus,Uta stansburiana,GloBI,eats,,51.59,43.7,GlobTherm,GlobTherm,7.890000000000001
Pomatoschistus microps,Carcinus maenas,GloBI,preysOn,,33.7272727272727,34.07,ThermoFresh,ThermoFresh,0.3427272727273021
Pomatoschistus microps,Corophium volutator,GloBI,eats;preysOn,,33.7272727272727,33.1452777775,ThermoFresh,ThermoFresh,0.5819949497726995
Pomatoschistus microps,Crangon crangon,GloBI,preysOn,,33.7272727272727,34.1133333333333,ThermoFresh,ThermoFresh,0.3860606060606031
Pomatoschistus microps,Marinogammarus marinus,GloBI,preysOn,,33.7272727272727,32.7002467833333,ThermoFresh,ThermoFresh,1.0270259439393996
Pomatoschistus microps,Pomatoschistus minutus,GloBI,eats;preysOn,,33.7272727272727,28.4,ThermoFresh,ThermoFresh,5.3272727272727
Pomatoschistus minutus,Carcinus maenas,GloBI,eats;preysOn,,28.4,34.07,ThermoFresh,ThermoFresh,5.670000000000002
Pomatoschistus minutus,Corophium volutator,GloBI,eats;preysOn,,28.4,33.1452777775,ThermoFresh,ThermoFresh,4.7452777775
Pomatoschistus minutus,Crangon crangon,GloBI,eats;preysOn,,28.4,34.1133333333333,ThermoFresh,ThermoFresh,5.713333333333303
Pomatoschistus minutus,Marinogammarus marinus,GloBI,preysOn,,28.4,32.7002467833333,ThermoFresh,ThermoFresh,4.3002467833333
Pomatoschistus minutus,Pleuronectes platessa,GloBI,preysOn,,28.4,30.64,ThermoFresh,ComteOlden,2.240000000000002
Pomoxis annularis,Aplodinotus grunniens,GloBI,eats;preysOn,,31.91,33.84,ComteOlden,ComteOlden,1.9300000000000033
Pomoxis annularis,Dorosoma cepedianum,GloBI,eats;preysOn,,31.91,35.3,ComteOlden,ComteOlden,3.389999999999997
Pomoxis annularis,Lepomis macrochirus,GloBI,eats;preysOn,,31.91,36.8636,ComteOlden,ThermoFresh,4.953599999999998
Pomoxis annularis,Menidia beryllina,GloBI,eats;preysOn,,31.91,33.2371428571429,ComteOlden,ThermoFresh,1.3271428571428991
Pomoxis nigromaculatus,Alosa sapidissima,GloBI,eats;preysOn,,35.21,32.58,ComteOlden,ComteOlden,2.6300000000000026
Pomoxis nigromaculatus,Ambloplites rupestris,GloBI,preysOn,,35.21,33.86,ComteOlden,ComteOlden,1.3500000000000014
Pomoxis nigromaculatus,Daphnia galeata,GloBI,preysOn,,35.21,38.89,ComteOlden,ThermoFresh,3.6799999999999997
Pomoxis nigromaculatus,Dorosoma cepedianum,GloBI,eats;preysOn,,35.21,35.3,ComteOlden,ComteOlden,0.0899999999999963
Pomoxis nigromaculatus,Dorosoma petenense,GloBI,eats;preysOn,,35.21,29.35,ComteOlden,ThermoFresh,5.859999999999999
Pomoxis nigromaculatus,Gymnocephalus cernua,GloBI,preysOn,,35.21,34.5,ComteOlden,ThermoFresh,0.7100000000000009
Pomoxis nigromaculatus,Micropterus salmoides,GloBI,preysOn,,35.21,36.4,ComteOlden,ThermoFresh,1.1899999999999977
Pomoxis nigromaculatus,Morone saxatilis,GloBI,eats;preysOn,,35.21,33.3948,ComteOlden,ThermoFresh,1.8152000000000044
Pomoxis nigromaculatus,Perca flavescens,GloBI,preysOn,,35.21,30.7,ComteOlden,ComteOlden,4.510000000000002
Ponticola kessleri,Abramis brama,GloBI,preysOn,,34.03,30.32,ComteOlden,ComteOlden,3.710000000000001
Ponticola kessleri,Acipenser naccarii,GloBI,preysOn,,34.03,33.83,ComteOlden,ComteOlden,0.20000000000000284
Ponticola kessleri,Acipenser sturio,GloBI,preysOn,,34.03,32.52,ComteOlden,ComteOlden,1.509999999999998
Ponticola kessleri,Agabus bipustulatus,GloBI,preysOn,,34.03,37.07,ComteOlden,ThermoFresh,3.039999999999999
Ponticola kessleri,Agapetus fuscipes,GloBI,preysOn,,34.03,25.8,ComteOlden,ThermoFresh,8.23
Ponticola kessleri,Alburnus alburnus,GloBI,preysOn,,34.03,37.7,ComteOlden,ThermoFresh,3.6700000000000017
Ponticola kessleri,Alburnus arborella,GloBI,preysOn,,34.03,35.64,ComteOlden,ComteOlden,1.6099999999999994
Ponticola kessleri,Alosa fallax,GloBI,preysOn,,34.03,32.31,ComteOlden,ComteOlden,1.7199999999999989
Ponticola kessleri,Anguilla anguilla,GloBI,preysOn,,34.03,35.12,ComteOlden,ComteOlden,1.0899999999999963
Ponticola kessleri,Aphelocheirus aestivalis,GloBI,preysOn,,34.03,34.53,ComteOlden,ThermoFresh,0.5
Ponticola kessleri,Astacus leptodactylus,GloBI,preysOn,,34.03,37.8666666666667,ComteOlden,ThermoFresh,3.8366666666667015
Ponticola kessleri,Baetis rhodani,GloBI,preysOn,,34.03,25.1,ComteOlden,ThermoFresh,8.93
Ponticola kessleri,Barbatula barbatula,GloBI,preysOn,,34.03,29.5285714285714,ComteOlden,ThermoFresh,4.501428571428601
Ponticola kessleri,Barbus barbus,GloBI,preysOn,,34.03,29.2,ComteOlden,ThermoFresh,4.830000000000002
Ponticola kessleri,Barbus caninus,GloBI,preysOn,,34.03,32.7,ComteOlden,ComteOlden,1.3299999999999983
Ponticola kessleri,Barbus plebejus,GloBI,preysOn,,34.03,32.5,ComteOlden,ComteOlden,1.5300000000000011
Ponticola kessleri,Blicca bjoerkna,GloBI,preysOn,,34.03,30.86,ComteOlden,ComteOlden,3.1700000000000017
Ponticola kessleri,Caenis luctuosa,GloBI,preysOn,,34.03,30.6,ComteOlden,ThermoFresh,3.4299999999999997
Ponticola kessleri,Calopteryx virgo,GloBI,preysOn,,34.03,34.0225,ComteOlden,ThermoFresh,0.007500000000000284
Ponticola kessleri,Carassius carassius,GloBI,preysOn,,34.03,35.5365,ComteOlden,ThermoFresh,1.5064999999999955
Ponticola kessleri,Carassius gibelio,GloBI,preysOn,,34.03,36.1,ComteOlden,ThermoFresh,2.0700000000000003
Ponticola kessleri,Chondrostoma nasus,GloBI,preysOn,,34.03,34.03,ComteOlden,ComteOlden,0.0
Ponticola kessleri,Chondrostoma soetta,GloBI,preysOn,,34.03,31.86,ComteOlden,ComteOlden,2.1700000000000017
Ponticola kessleri,Cobitis bilineata,GloBI,preysOn,,34.03,33.54,ComteOlden,ComteOlden,0.490000000000002
Ponticola kessleri,Cobitis taenia,GloBI,preysOn,,34.03,33.76,ComteOlden,ComteOlden,0.2700000000000031
Ponticola kessleri,Coenagrion puella,GloBI,preysOn,,34.03,42.995,ComteOlden,ThermoFresh,8.964999999999996
Ponticola kessleri,Cottus gobio,GloBI,preysOn,,34.03,30.32,ComteOlden,ComteOlden,3.710000000000001
Ponticola kessleri,Ctenopharyngodon idella,GloBI,preysOn,,34.03,39.5,ComteOlden,ThermoFresh,5.469999999999999
Ponticola kessleri,Cyprinus carpio,GloBI,preysOn,,34.03,33.5484745762712,ComteOlden,ThermoFresh,0.48152542372880447
Ponticola kessleri,Deronectes latus,GloBI,preysOn,,34.03,37.04,ComteOlden,ThermoFresh,3.009999999999998
Ponticola kessleri,Dikerogammarus villosus,GloBI,preysOn,,34.03,28.1328571428571,ComteOlden,ThermoFresh,5.897142857142899
Ponticola kessleri,Dinocras cephalotes,GloBI,preysOn,,34.03,34.6083333333333,ComteOlden,ThermoFresh,0.5783333333332976
Ponticola kessleri,Drusus annulatus,GloBI,preysOn,,34.03,28.8,ComteOlden,ThermoFresh,5.23
Ponticola kessleri,Ecdyonurus insignis,GloBI,preysOn,,34.03,32.34,ComteOlden,ThermoFresh,1.6899999999999977
Ponticola kessleri,Echinogammarus berilloni,GloBI,preysOn,,34.03,30.3333333333333,ComteOlden,ThermoFresh,3.696666666666701
Ponticola kessleri,Echinogammarus ischnus,GloBI,preysOn,,34.03,31.5,ComteOlden,ThermoFresh,2.530000000000001
Ponticola kessleri,Ephemera danica,GloBI,preysOn,,34.03,36.7075,ComteOlden,ThermoFresh,2.677500000000002
Ponticola kessleri,Esox lucius,GloBI,preysOn,,34.03,28.98,ComteOlden,ComteOlden,5.050000000000001
Ponticola kessleri,Gammarus fossarum,GloBI,preysOn,,34.03,28.774,ComteOlden,ThermoFresh,5.256
Ponticola kessleri,Gammarus pulex,GloBI,preysOn,,34.03,29.1161111111111,ComteOlden,ThermoFresh,4.913888888888902
Ponticola kessleri,Gammarus roeselii,GloBI,preysOn,,34.03,30.184,ComteOlden,ThermoFresh,3.846
Ponticola kessleri,Gammarus tigrinus,GloBI,preysOn,,34.03,32.6985714285714,ComteOlden,ThermoFresh,1.331428571428603
Ponticola kessleri,Gasterosteus aculeatus,GloBI,preysOn,,34.03,31.6655882352941,ComteOlden,ThermoFresh,2.3644117647059026
Ponticola kessleri,Gobio gobio,GloBI,preysOn,,34.03,33.75,ComteOlden,ThermoFresh,0.28000000000000114
Ponticola kessleri,Gymnocephalus cernua,GloBI,preysOn,,34.03,34.5,ComteOlden,ThermoFresh,0.46999999999999886
Ponticola kessleri,Heptagenia sulphurea,GloBI,preysOn,,34.03,30.2,ComteOlden,ThermoFresh,3.830000000000002
Ponticola kessleri,Hydropsyche pellucidula,GloBI,preysOn,,34.03,25.5,ComteOlden,ThermoFresh,8.530000000000001
Ponticola kessleri,Hypophthalmichthys molitrix,GloBI,preysOn,,34.03,36.27,ComteOlden,ComteOlden,2.240000000000002
Ponticola kessleri,Hypophthalmichthys nobilis,GloBI,preysOn,,34.03,37.92,ComteOlden,ComteOlden,3.8900000000000006
Ponticola kessleri,Ischnura elegans,GloBI,preysOn,,34.03,43.7361538461539,ComteOlden,ThermoFresh,9.706153846153896
Ponticola kessleri,Ischnura pumilio,GloBI,preysOn,,34.03,45.515,ComteOlden,ThermoFresh,11.485
Ponticola kessleri,Lepomis gibbosus,GloBI,preysOn,,34.03,33.8035,ComteOlden,ThermoFresh,0.22650000000000148
Ponticola kessleri,Leucaspius delineatus,GloBI,preysOn,,34.03,34.3566666666667,ComteOlden,ThermoFresh,0.3266666666666964
Ponticola kessleri,Leuciscus aspius,GloBI,preysOn,,34.03,34.92,ComteOlden,ComteOlden,0.8900000000000006
Ponticola kessleri,Leuciscus leuciscus,GloBI,preysOn,,34.03,32.57,ComteOlden,ComteOlden,1.4600000000000009
Ponticola kessleri,Leuctra fusca,GloBI,preysOn,,34.03,30.1,ComteOlden,ThermoFresh,3.9299999999999997
Ponticola kessleri,Lota lota,GloBI,preysOn,,34.03,27.11875,ComteOlden,ThermoFresh,6.911250000000003
Ponticola kessleri,Micropterus salmoides,GloBI,preysOn,,34.03,36.4,ComteOlden,ThermoFresh,2.3699999999999974
Ponticola kessleri,Nemurella pictetii,GloBI,preysOn,,34.03,30.1,ComteOlden,ThermoFresh,3.9299999999999997
Ponticola kessleri,Neogobius melanostomus,GloBI,eats;preysOn,,34.03,33.726,ComteOlden,ThermoFresh,0.30400000000000205
Ponticola kessleri,Oncorhynchus mykiss,GloBI,preysOn,,34.03,28.6755405405405,ComteOlden,ThermoFresh,5.354459459459502
Ponticola kessleri,Padogobius bonelli,GloBI,preysOn,,34.03,31.74,ComteOlden,ComteOlden,2.2900000000000027
Ponticola kessleri,Parachondrostoma toxostoma,GloBI,preysOn,,34.03,34.17,ComteOlden,ComteOlden,0.14000000000000057
Ponticola kessleri,Perca fluviatilis,GloBI,preysOn,,34.03,28.6920833333333,ComteOlden,ThermoFresh,5.3379166666667
Ponticola kessleri,Phoxinus lumaireul,GloBI,preysOn,,34.03,29.52,ComteOlden,ComteOlden,4.510000000000002
Ponticola kessleri,Pseudorasbora parva,GloBI,preysOn,,34.03,38.515,ComteOlden,ThermoFresh,4.484999999999999
Ponticola kessleri,Rhithrogena semicolorata,GloBI,preysOn,,34.03,25.33,ComteOlden,ThermoFresh,8.700000000000003
Ponticola kessleri,Rhodeus amarus,GloBI,preysOn,,34.03,34.1,ComteOlden,ComteOlden,0.07000000000000028
Ponticola kessleri,Rhyacophila dorsalis,GloBI,preysOn,,34.03,22.0,ComteOlden,ThermoFresh,12.030000000000001
Ponticola kessleri,Rutilus aula,GloBI,preysOn,,34.03,32.32,ComteOlden,ComteOlden,1.7100000000000009
Ponticola kessleri,Rutilus pigus,GloBI,preysOn,,34.03,33.59,ComteOlden,ComteOlden,0.4399999999999977
Ponticola kessleri,Rutilus rutilus,GloBI,preysOn,,34.03,28.5058333333333,ComteOlden,ThermoFresh,5.5241666666667015
Ponticola kessleri,Sabanejewia larvata,GloBI,preysOn,,34.03,32.71,ComteOlden,ComteOlden,1.3200000000000003
Ponticola kessleri,Salariopsis fluviatilis,GloBI,preysOn,,34.03,34.96,ComteOlden,ComteOlden,0.9299999999999997
Ponticola kessleri,Salmo labrax,GloBI,preysOn,,34.03,32.32,ComteOlden,ComteOlden,1.7100000000000009
Ponticola kessleri,Salmo marmoratus,GloBI,preysOn,,34.03,30.21,ComteOlden,ComteOlden,3.8200000000000003
Ponticola kessleri,Salmo salar,GloBI,preysOn,,34.03,30.3326495726496,ComteOlden,ThermoFresh,3.6973504273504005
Ponticola kessleri,Salmo trutta,GloBI,preysOn,,34.03,27.6830769230769,ComteOlden,ThermoFresh,6.346923076923101
Ponticola kessleri,Salvelinus fontinalis,GloBI,preysOn,,34.03,28.9883333333333,ComteOlden,ThermoFresh,5.0416666666667
Ponticola kessleri,Salvelinus namaycush,GloBI,preysOn,,34.03,27.385,ComteOlden,ThermoFresh,6.645
Ponticola kessleri,Sander lucioperca,GloBI,preysOn,,34.03,35.4428571428571,ComteOlden,ThermoFresh,1.4128571428570993
Ponticola kessleri,Scardinius erythrophthalmus,GloBI,preysOn,,34.03,34.94,ComteOlden,ComteOlden,0.9099999999999966
Ponticola kessleri,Serratella ignita,GloBI,preysOn,,34.03,32.3,ComteOlden,ThermoFresh,1.730000000000004
Ponticola kessleri,Silurus glanis,GloBI,preysOn,,34.03,36.15,ComteOlden,ComteOlden,2.1199999999999974
Ponticola kessleri,Squalius cephalus,GloBI,preysOn,,34.03,36.48,ComteOlden,ThermoFresh,2.4499999999999957
Ponticola kessleri,Telestes muticellus,GloBI,preysOn,,34.03,33.48,ComteOlden,ComteOlden,0.5500000000000043
Ponticola kessleri,Telestes souffia,GloBI,preysOn,,34.03,33.18,ComteOlden,ComteOlden,0.8500000000000014
Ponticola kessleri,Thymallus thymallus,GloBI,preysOn,,34.03,29.4333333333333,ComteOlden,ThermoFresh,4.5966666666666995
Ponticola kessleri,Tinca tinca,GloBI,preysOn,,34.03,35.6875,ComteOlden,ThermoFresh,1.6574999999999989
Potamopyrgus antipodarum,Electrona antarctica,GloBI,eats,,27.9033333333333,31.24,ThermoFresh,ComteOlden,3.336666666666698
Prenolepis imparis,Elgaria multicarinata,GloBI,eats,,39.6,41.4,GlobTherm,GlobTherm,1.7999999999999972
Pristolepis fasciata,Electrona antarctica,GloBI,eats,,39.93,31.24,ComteOlden,ComteOlden,8.690000000000001
Probarbus jullieni,Electrona antarctica,GloBI,eats,,40.28,31.24,ComteOlden,ComteOlden,9.040000000000003
Prognathodes aculeatus,Echinometra lucunter,GloBI,preysOn,,38.59,37.1,ComteOlden,GlobTherm,1.490000000000002
Prognathodes aculeatus,Eucidaris tribuloides,GloBI,preysOn,,38.59,36.0,ComteOlden,GlobTherm,2.5900000000000034
Prosopium williamsoni,Oncorhynchus kisutch,GloBI,preysOn,,26.7,27.6965,ThermoFresh,ThermoFresh,0.996500000000001
Pseudacris regilla,Anax junius,GloBI,eats,,36.6,45.6,GlobTherm,GlobTherm,9.0
Pseudacris regilla,Lethocerus americanus,GloBI,eats,,36.6,45.9,GlobTherm,ThermoFresh,9.299999999999997
Pseudonaja textilis,Amphibolurus muricatus,GloBI,preysOn,,42.4,42.3,GlobTherm,GlobTherm,0.10000000000000142
Pseudonaja textilis,Carlia munda,GloBI,preysOn,,42.4,42.4,GlobTherm,GlobTherm,0.0
Pseudonaja textilis,Carlia pectoralis,GloBI,preysOn,,42.4,41.3,GlobTherm,GlobTherm,1.1000000000000014
Pseudonaja textilis,Cryptoblepharus plagiocephalus,GloBI,preysOn,,42.4,43.1,GlobTherm,GlobTherm,0.7000000000000028
Pseudonaja textilis,Cryptoblepharus virgatus,GloBI,preysOn,,42.4,41.1,GlobTherm,GlobTherm,1.2999999999999972
Pseudonaja textilis,Ctenophorus nuchalis,GloBI,preysOn,,42.4,48.5,GlobTherm,GlobTherm,6.100000000000001
Pseudonaja textilis,Ctenotus taeniolatus,GloBI,preysOn,,42.4,44.7,GlobTherm,GlobTherm,2.3000000000000043
Pseudonaja textilis,Eulamprus quoyii,GloBI,preysOn,,42.4,39.8,GlobTherm,GlobTherm,2.6000000000000014
Pseudonaja textilis,Gehyra variegata,GloBI,preysOn,,42.4,43.8,GlobTherm,GlobTherm,1.3999999999999986
Pseudonaja textilis,Hemiergis decresiensis,GloBI,preysOn,,42.4,39.3,GlobTherm,GlobTherm,3.1000000000000014
Pseudonaja textilis,Lampropholis delicata,GloBI,preysOn,,42.4,40.8,GlobTherm,GlobTherm,1.6000000000000014
Pseudonaja textilis,Lampropholis guichenoti,GloBI,preysOn,,42.4,41.3,GlobTherm,GlobTherm,1.1000000000000014
Pseudonaja textilis,Limnodynastes fletcheri,GloBI,preysOn,,42.4,28.3,GlobTherm,GlobTherm,14.099999999999998
Pseudonaja textilis,Limnodynastes tasmaniensis,GloBI,preysOn,,42.4,34.9,GlobTherm,GlobTherm,7.5
Pseudonaja textilis,Morethia obscura,GloBI,preysOn,,42.4,42.3,GlobTherm,GlobTherm,0.10000000000000142
Pseudonaja textilis,Morethia taeniopleura,GloBI,preysOn,,42.4,42.0,GlobTherm,GlobTherm,0.3999999999999986
Pseudonaja textilis,Notechis scutatus,GloBI,eats;preysOn,,42.4,38.0,GlobTherm,GlobTherm,4.399999999999999
Pseudonaja textilis,Tiliqua nigrolutea,GloBI,preysOn,,42.4,42.5,GlobTherm,GlobTherm,0.10000000000000142
Pseudonaja textilis,Tiliqua rugosa,GloBI,eats;preysOn,,42.4,43.0,GlobTherm,GlobTherm,0.6000000000000014
Pseudonaja textilis,Tiliqua scincoides,GloBI,eats;preysOn,,42.4,43.9,GlobTherm,GlobTherm,1.5
Pseudopleuronectes americanus,Gammarus tigrinus,GloBI,preysOn,,29.55,32.6985714285714,ComteOlden,ThermoFresh,3.1485714285713975
Pseudopleuronectes americanus,Hyalella azteca,GloBI,preysOn,,29.55,41.1175,ComteOlden,ThermoFresh,11.567499999999999
Pseudopleuronectes americanus,Uma inornata,GloBI,eats;preysOn,,29.55,45.0,ComteOlden,GlobTherm,15.45
Pseudorasbora parva,Agabus bipustulatus,GloBI,preysOn,,38.515,37.07,ThermoFresh,ThermoFresh,1.4450000000000003
Pseudorasbora parva,Agapetus fuscipes,GloBI,preysOn,,38.515,25.8,ThermoFresh,ThermoFresh,12.715
Pseudorasbora parva,Aphelocheirus aestivalis,GloBI,preysOn,,38.515,34.53,ThermoFresh,ThermoFresh,3.9849999999999994
Pseudorasbora parva,Astacus leptodactylus,GloBI,preysOn,,38.515,37.8666666666667,ThermoFresh,ThermoFresh,0.6483333333332979
Pseudorasbora parva,Baetis rhodani,GloBI,preysOn,,38.515,25.1,ThermoFresh,ThermoFresh,13.415
Pseudorasbora parva,Caenis luctuosa,GloBI,preysOn,,38.515,30.6,ThermoFresh,ThermoFresh,7.914999999999999
Pseudorasbora parva,Calopteryx virgo,GloBI,preysOn,,38.515,34.0225,ThermoFresh,ThermoFresh,4.4925
Pseudorasbora parva,Coenagrion puella,GloBI,preysOn,,38.515,42.995,ThermoFresh,ThermoFresh,4.479999999999997
Pseudorasbora parva,Deronectes latus,GloBI,preysOn,,38.515,37.04,ThermoFresh,ThermoFresh,1.4750000000000014
Pseudorasbora parva,Dikerogammarus villosus,GloBI,preysOn,,38.515,28.1328571428571,ThermoFresh,ThermoFresh,10.382142857142899
Pseudorasbora parva,Dinocras cephalotes,GloBI,preysOn,,38.515,34.6083333333333,ThermoFresh,ThermoFresh,3.906666666666702
Pseudorasbora parva,Drusus annulatus,GloBI,preysOn,,38.515,28.8,ThermoFresh,ThermoFresh,9.715
Pseudorasbora parva,Ecdyonurus insignis,GloBI,preysOn,,38.515,32.34,ThermoFresh,ThermoFresh,6.174999999999997
Pseudorasbora parva,Echinogammarus berilloni,GloBI,preysOn,,38.515,30.3333333333333,ThermoFresh,ThermoFresh,8.1816666666667
Pseudorasbora parva,Echinogammarus ischnus,GloBI,preysOn,,38.515,31.5,ThermoFresh,ThermoFresh,7.015000000000001
Pseudorasbora parva,Ephemera danica,GloBI,preysOn,,38.515,36.7075,ThermoFresh,ThermoFresh,1.8074999999999974
Pseudorasbora parva,Gammarus fossarum,GloBI,preysOn,,38.515,28.774,ThermoFresh,ThermoFresh,9.741
Pseudorasbora parva,Gammarus pulex,GloBI,preysOn,,38.515,29.1161111111111,ThermoFresh,ThermoFresh,9.398888888888902
Pseudorasbora parva,Gammarus roeselii,GloBI,preysOn,,38.515,30.184,ThermoFresh,ThermoFresh,8.331
Pseudorasbora parva,Gammarus tigrinus,GloBI,preysOn,,38.515,32.6985714285714,ThermoFresh,ThermoFresh,5.816428571428602
Pseudorasbora parva,Heptagenia sulphurea,GloBI,preysOn,,38.515,30.2,ThermoFresh,ThermoFresh,8.315000000000001
Pseudorasbora parva,Hydropsyche pellucidula,GloBI,preysOn,,38.515,25.5,ThermoFresh,ThermoFresh,13.015
Pseudorasbora parva,Ischnura elegans,GloBI,preysOn,,38.515,43.7361538461539,ThermoFresh,ThermoFresh,5.221153846153896
Pseudorasbora parva,Ischnura pumilio,GloBI,preysOn,,38.515,45.515,ThermoFresh,ThermoFresh,7.0
Pseudorasbora parva,Leuctra fusca,GloBI,preysOn,,38.515,30.1,ThermoFresh,ThermoFresh,8.415
Pseudorasbora parva,Nemurella pictetii,GloBI,preysOn,,38.515,30.1,ThermoFresh,ThermoFresh,8.415
Pseudorasbora parva,Rhithrogena semicolorata,GloBI,preysOn,,38.515,25.33,ThermoFresh,ThermoFresh,13.185000000000002
Pseudorasbora parva,Rhyacophila dorsalis,GloBI,preysOn,,38.515,22.0,ThermoFresh,ThermoFresh,16.515
Pseudorasbora parva,Serratella ignita,GloBI,preysOn,,38.515,32.3,ThermoFresh,ThermoFresh,6.215000000000003
Pterogymnus laniarius,Sardinops sagax,GloBI,preysOn,,33.84,31.24,ComteOlden,ComteOlden,2.600000000000005
Pterois volitans,Acanthurus chirurgus,GloBI,eats,,36.92,39.1025,ComteOlden,ComteOlden,2.1824999999999974
Pterois volitans,Bodianus parrae,GloBI,eats;preysOn,,36.92,38.66,ComteOlden,ComteOlden,1.7399999999999949
Pterois volitans,Bodianus rufus,GloBI,eats,,36.92,38.69,ComteOlden,ComteOlden,1.769999999999996
Pterois volitans,Gambusia holbrooki,GloBI,eats,,36.92,40.225,ComteOlden,ThermoFresh,3.3049999999999997
Pterois volitans,Halichoeres bivittatus,GloBI,eats;preysOn,,36.92,37.98,ComteOlden,ComteOlden,1.0599999999999952
Pterois volitans,Halichoeres garnoti,GloBI,eats;preysOn,,36.92,37.97,ComteOlden,ComteOlden,1.0499999999999972
Pterois volitans,Stegastes variabilis,GloBI,eats;preysOn,,36.92,37.38,ComteOlden,ComteOlden,0.46000000000000085
Pterois volitans,Thalassoma bifasciatum,GloBI,eats;preysOn,,36.92,38.1,ComteOlden,ComteOlden,1.1799999999999997
Ptychocheilus grandis,Hesperoleucus symmetricus,GloBI,preysOn,,34.37,33.78,ComteOlden,ComteOlden,0.5899999999999963
Ptychocheilus grandis,Oncorhynchus mykiss,GloBI,preysOn,,34.37,28.6755405405405,ComteOlden,ThermoFresh,5.694459459459498
Ptychocheilus grandis,Rhinichthys osculus,GloBI,preysOn,,34.37,35.0053333333333,ComteOlden,ThermoFresh,0.6353333333332998
Ptychocheilus oregonensis,Acipenser transmontanus,GloBI,preysOn,,30.36,30.3895238095238,ComteOlden,ThermoFresh,0.029523809523801958
Ptychocheilus oregonensis,Acrocheilus alutaceus,GloBI,eats;preysOn,,30.36,32.24,ComteOlden,ComteOlden,1.8800000000000026
Ptychocheilus oregonensis,Cottus asper,GloBI,eats;preysOn,,30.36,29.8,ComteOlden,ComteOlden,0.5599999999999987
Ptychocheilus oregonensis,Cyprinus carpio,GloBI,preysOn,,30.36,33.5484745762712,ComteOlden,ThermoFresh,3.1884745762711972
Ptychocheilus oregonensis,Lepomis gibbosus,GloBI,eats;preysOn,,30.36,33.8035,ComteOlden,ThermoFresh,3.4435000000000002
Ptychocheilus oregonensis,Micropterus dolomieu,GloBI,eats;preysOn,,30.36,33.3333333333333,ComteOlden,ThermoFresh,2.9733333333333007
Ptychocheilus oregonensis,Micropterus salmoides,GloBI,preysOn,,30.36,36.4,ComteOlden,ThermoFresh,6.039999999999999
Ptychocheilus oregonensis,Mylocheilus caurinus,GloBI,eats;preysOn,,30.36,26.78,ComteOlden,ComteOlden,3.5799999999999983
Ptychocheilus oregonensis,Oncorhynchus kisutch,GloBI,eats;preysOn,,30.36,27.6965,ComteOlden,ThermoFresh,2.663499999999999
Ptychocheilus oregonensis,Oncorhynchus mykiss,GloBI,eats;preysOn,,30.36,28.6755405405405,ComteOlden,ThermoFresh,1.6844594594595002
Ptychocheilus oregonensis,Oncorhynchus nerka,GloBI,eats;preysOn,,30.36,27.2636363636364,ComteOlden,ThermoFresh,3.0963636363635985
Ptychocheilus oregonensis,Oncorhynchus tshawytscha,GloBI,eats;preysOn,,30.36,28.7821875,ComteOlden,ThermoFresh,1.5778125000000003
Ptychocheilus oregonensis,Richardsonius balteatus,GloBI,eats;preysOn,,30.36,28.63,ComteOlden,ComteOlden,1.7300000000000004
Pygocentrus nattereri,Astyanax bimaculatus,GloBI,eats;preysOn,,33.61,39.3,ComteOlden,ComteOlden,5.689999999999998
Pygocentrus nattereri,Dikerogammarus villosus,GloBI,preysOn,,33.61,28.1328571428571,ComteOlden,ThermoFresh,5.477142857142898
Pylodictis olivaris,Aplodinotus grunniens,GloBI,preysOn,,37.59,33.84,ComteOlden,ComteOlden,3.75
Pylodictis olivaris,Carpiodes carpio,GloBI,preysOn,,37.59,36.43,ComteOlden,ComteOlden,1.1600000000000037
Pylodictis olivaris,Cyprinella lutrensis,GloBI,preysOn,,37.59,35.7918518518519,ComteOlden,ThermoFresh,1.7981481481481012
Pylodictis olivaris,Ictalurus punctatus,GloBI,preysOn,,37.59,37.6368421052632,ComteOlden,ThermoFresh,0.04684210526319532
Pylodictis olivaris,Lepomis megalotis,GloBI,preysOn,,37.59,34.8014285714286,ComteOlden,ThermoFresh,2.7885714285714016
Pylodictis olivaris,Notropis buchanani,GloBI,preysOn,,37.59,38.11,ComteOlden,ComteOlden,0.519999999999996
Pylodictis olivaris,Notropis stramineus,GloBI,preysOn,,37.59,33.54,ComteOlden,ThermoFresh,4.050000000000004
Pylodictis olivaris,Noturus flavus,GloBI,preysOn,,37.59,36.79,ComteOlden,ComteOlden,0.8000000000000043
Pylodictis olivaris,Noturus nocturnus,GloBI,preysOn,,37.59,39.41,ComteOlden,ComteOlden,1.8199999999999932
Pylodictis olivaris,Percina phoxocephala,GloBI,preysOn,,37.59,35.54,ComteOlden,ComteOlden,2.0500000000000043
Pylodictis olivaris,Semotilus atromaculatus,GloBI,preysOn,,37.59,34.875,ComteOlden,ThermoFresh,2.7150000000000034
Pylodictis olivaris,Xyrauchen texanus,GloBI,preysOn,,37.59,38.8,ComteOlden,ThermoFresh,1.2099999999999937
Regina alleni,Erythemis simplicicollis,GloBI,preysOn,,41.6,46.0,GlobTherm,ThermoFresh,4.399999999999999
Regina alleni,Miathyria marcella,GloBI,preysOn,,41.6,47.0,GlobTherm,GlobTherm,5.399999999999999
Regina alleni,Pachydiplax longipennis,GloBI,preysOn,,41.6,42.255,GlobTherm,ThermoFresh,0.6550000000000011
Rhinichthys atratulus,Faxonius rusticus,GloBI,eats;preysOn,,34.043,34.0590909090909,ThermoFresh,ThermoFresh,0.01609090909089872
Rhinocheilus lecontei,Aspidoscelis sexlineatus,GloBI,eats;preysOn,,41.5,51.0,GlobTherm,GlobTherm,9.5
Rhinocheilus lecontei,Coleonyx variegatus,GloBI,preysOn,,41.5,43.0,GlobTherm,GlobTherm,1.5
Rhinocheilus lecontei,Dipsosaurus dorsalis,GloBI,preysOn,,41.5,47.5,GlobTherm,GlobTherm,6.0
Rhinocheilus lecontei,Holbrookia maculata,GloBI,preysOn,,41.5,46.5,GlobTherm,GlobTherm,5.0
Rhinocheilus lecontei,Plestiodon gilberti,GloBI,preysOn,,41.5,42.3,GlobTherm,GlobTherm,0.7999999999999972
Rhinocheilus lecontei,Plestiodon obsoletus,GloBI,eats,,41.5,42.0,GlobTherm,GlobTherm,0.5
Rhinocheilus lecontei,Sceloporus graciosus,GloBI,eats,,41.5,43.0,GlobTherm,GlobTherm,1.5
Rhinocheilus lecontei,Sceloporus magister,GloBI,eats,,41.5,43.0,GlobTherm,GlobTherm,1.5
Rhinocheilus lecontei,Sceloporus occidentalis,GloBI,eats;preysOn,,41.5,44.1,GlobTherm,GlobTherm,2.6000000000000014
Rhinocheilus lecontei,Sceloporus undulatus,GloBI,preysOn,,41.5,40.4,GlobTherm,GlobTherm,1.1000000000000014
Rhinocheilus lecontei,Uta stansburiana,GloBI,preysOn,,41.5,43.7,GlobTherm,GlobTherm,2.200000000000003
Rhodeus amarus,Daphnia magna,GloBI,preysOn,,34.1,40.07,ComteOlden,ThermoFresh,5.969999999999999
Rhyacophila dorsalis,Baetis rhodani,GloBI,preysOn,,22.0,25.1,ThermoFresh,ThermoFresh,3.1000000000000014
Rhyacophila dorsalis,Dinocras cephalotes,GloBI,eats;preysOn,,22.0,34.6083333333333,ThermoFresh,ThermoFresh,12.608333333333299
Rhyacophila dorsalis,Ecdyonurus insignis,GloBI,preysOn,,22.0,32.34,ThermoFresh,ThermoFresh,10.340000000000003
Rhyacophila dorsalis,Elmis aenea,GloBI,eats;preysOn,,22.0,33.8,ThermoFresh,ThermoFresh,11.799999999999997
Rhyacophila dorsalis,Heptagenia sulphurea,GloBI,preysOn,,22.0,30.2,ThermoFresh,ThermoFresh,8.2
Rhyacophila dorsalis,Hydropsyche pellucidula,GloBI,preysOn,,22.0,25.5,ThermoFresh,ThermoFresh,3.5
Rhyacophila dorsalis,Leuctra fusca,GloBI,preysOn,,22.0,30.1,ThermoFresh,ThermoFresh,8.100000000000001
Richardsonius balteatus,Xyrauchen texanus,GloBI,preysOn,,28.63,38.8,ComteOlden,ThermoFresh,10.169999999999998
Rutilus aula,Agabus bipustulatus,GloBI,preysOn,,32.32,37.07,ComteOlden,ThermoFresh,4.75
Rutilus aula,Agapetus fuscipes,GloBI,preysOn,,32.32,25.8,ComteOlden,ThermoFresh,6.52
Rutilus aula,Aphelocheirus aestivalis,GloBI,preysOn,,32.32,34.53,ComteOlden,ThermoFresh,2.210000000000001
Rutilus aula,Astacus leptodactylus,GloBI,preysOn,,32.32,37.8666666666667,ComteOlden,ThermoFresh,5.546666666666702
Rutilus aula,Baetis rhodani,GloBI,preysOn,,32.32,25.1,ComteOlden,ThermoFresh,7.219999999999999
Rutilus aula,Caenis luctuosa,GloBI,preysOn,,32.32,30.6,ComteOlden,ThermoFresh,1.7199999999999989
Rutilus aula,Calopteryx virgo,GloBI,preysOn,,32.32,34.0225,ComteOlden,ThermoFresh,1.7025000000000006
Rutilus aula,Coenagrion puella,GloBI,preysOn,,32.32,42.995,ComteOlden,ThermoFresh,10.674999999999997
Rutilus aula,Deronectes latus,GloBI,preysOn,,32.32,37.04,ComteOlden,ThermoFresh,4.719999999999999
Rutilus aula,Dikerogammarus villosus,GloBI,preysOn,,32.32,28.1328571428571,ComteOlden,ThermoFresh,4.187142857142899
Rutilus aula,Dinocras cephalotes,GloBI,preysOn,,32.32,34.6083333333333,ComteOlden,ThermoFresh,2.2883333333332985
Rutilus aula,Drusus annulatus,GloBI,preysOn,,32.32,28.8,ComteOlden,ThermoFresh,3.5199999999999996
Rutilus aula,Ecdyonurus insignis,GloBI,preysOn,,32.32,32.34,ComteOlden,ThermoFresh,0.020000000000003126
Rutilus aula,Echinogammarus berilloni,GloBI,preysOn,,32.32,30.3333333333333,ComteOlden,ThermoFresh,1.9866666666667
Rutilus aula,Echinogammarus ischnus,GloBI,preysOn,,32.32,31.5,ComteOlden,ThermoFresh,0.8200000000000003
Rutilus aula,Ephemera danica,GloBI,preysOn,,32.32,36.7075,ComteOlden,ThermoFresh,4.387500000000003
Rutilus aula,Gammarus fossarum,GloBI,preysOn,,32.32,28.774,ComteOlden,ThermoFresh,3.5459999999999994
Rutilus aula,Gammarus pulex,GloBI,preysOn,,32.32,29.1161111111111,ComteOlden,ThermoFresh,3.203888888888901
Rutilus aula,Gammarus roeselii,GloBI,preysOn,,32.32,30.184,ComteOlden,ThermoFresh,2.1359999999999992
Rutilus aula,Gammarus tigrinus,GloBI,preysOn,,32.32,32.6985714285714,ComteOlden,ThermoFresh,0.3785714285713979
Rutilus aula,Heptagenia sulphurea,GloBI,preysOn,,32.32,30.2,ComteOlden,ThermoFresh,2.120000000000001
Rutilus aula,Hydropsyche pellucidula,GloBI,preysOn,,32.32,25.5,ComteOlden,ThermoFresh,6.82
Rutilus aula,Ischnura elegans,GloBI,preysOn,,32.32,43.7361538461539,ComteOlden,ThermoFresh,11.416153846153897
Rutilus aula,Ischnura pumilio,GloBI,preysOn,,32.32,45.515,ComteOlden,ThermoFresh,13.195
Rutilus aula,Leuctra fusca,GloBI,preysOn,,32.32,30.1,ComteOlden,ThermoFresh,2.219999999999999
Rutilus aula,Nemurella pictetii,GloBI,preysOn,,32.32,30.1,ComteOlden,ThermoFresh,2.219999999999999
Rutilus aula,Rhithrogena semicolorata,GloBI,preysOn,,32.32,25.33,ComteOlden,ThermoFresh,6.990000000000002
Rutilus aula,Rhyacophila dorsalis,GloBI,preysOn,,32.32,22.0,ComteOlden,ThermoFresh,10.32
Rutilus aula,Serratella ignita,GloBI,preysOn,,32.32,32.3,ComteOlden,ThermoFresh,0.020000000000003126
Rutilus pigus,Agabus bipustulatus,GloBI,preysOn,,33.59,37.07,ComteOlden,ThermoFresh,3.479999999999997
Rutilus pigus,Agapetus fuscipes,GloBI,preysOn,,33.59,25.8,ComteOlden,ThermoFresh,7.790000000000003
Rutilus pigus,Aphelocheirus aestivalis,GloBI,preysOn,,33.59,34.53,ComteOlden,ThermoFresh,0.9399999999999977
Rutilus pigus,Astacus leptodactylus,GloBI,preysOn,,33.59,37.8666666666667,ComteOlden,ThermoFresh,4.276666666666699
Rutilus pigus,Baetis rhodani,GloBI,preysOn,,33.59,25.1,ComteOlden,ThermoFresh,8.490000000000002
Rutilus pigus,Caenis luctuosa,GloBI,preysOn,,33.59,30.6,ComteOlden,ThermoFresh,2.990000000000002
Rutilus pigus,Calopteryx virgo,GloBI,preysOn,,33.59,34.0225,ComteOlden,ThermoFresh,0.43249999999999744
Rutilus pigus,Coenagrion puella,GloBI,preysOn,,33.59,42.995,ComteOlden,ThermoFresh,9.404999999999994
Rutilus pigus,Deronectes latus,GloBI,preysOn,,33.59,37.04,ComteOlden,ThermoFresh,3.4499999999999957
Rutilus pigus,Dikerogammarus villosus,GloBI,preysOn,,33.59,28.1328571428571,ComteOlden,ThermoFresh,5.457142857142902
Rutilus pigus,Dinocras cephalotes,GloBI,preysOn,,33.59,34.6083333333333,ComteOlden,ThermoFresh,1.0183333333332953
Rutilus pigus,Drusus annulatus,GloBI,preysOn,,33.59,28.8,ComteOlden,ThermoFresh,4.790000000000003
Rutilus pigus,Ecdyonurus insignis,GloBI,preysOn,,33.59,32.34,ComteOlden,ThermoFresh,1.25
Rutilus pigus,Echinogammarus berilloni,GloBI,preysOn,,33.59,30.3333333333333,ComteOlden,ThermoFresh,3.2566666666667032
Rutilus pigus,Echinogammarus ischnus,GloBI,preysOn,,33.59,31.5,ComteOlden,ThermoFresh,2.0900000000000034
Rutilus pigus,Ephemera danica,GloBI,preysOn,,33.59,36.7075,ComteOlden,ThermoFresh,3.1174999999999997
Rutilus pigus,Gammarus fossarum,GloBI,preysOn,,33.59,28.774,ComteOlden,ThermoFresh,4.8160000000000025
Rutilus pigus,Gammarus pulex,GloBI,preysOn,,33.59,29.1161111111111,ComteOlden,ThermoFresh,4.473888888888904
Rutilus pigus,Gammarus roeselii,GloBI,preysOn,,33.59,30.184,ComteOlden,ThermoFresh,3.4060000000000024
Rutilus pigus,Gammarus tigrinus,GloBI,preysOn,,33.59,32.6985714285714,ComteOlden,ThermoFresh,0.8914285714286052
Rutilus pigus,Heptagenia sulphurea,GloBI,preysOn,,33.59,30.2,ComteOlden,ThermoFresh,3.390000000000004
Rutilus pigus,Hydropsyche pellucidula,GloBI,preysOn,,33.59,25.5,ComteOlden,ThermoFresh,8.090000000000003
Rutilus pigus,Ischnura elegans,GloBI,preysOn,,33.59,43.7361538461539,ComteOlden,ThermoFresh,10.146153846153894
Rutilus pigus,Ischnura pumilio,GloBI,preysOn,,33.59,45.515,ComteOlden,ThermoFresh,11.924999999999997
Rutilus pigus,Leuctra fusca,GloBI,preysOn,,33.59,30.1,ComteOlden,ThermoFresh,3.490000000000002
Rutilus pigus,Nemurella pictetii,GloBI,preysOn,,33.59,30.1,ComteOlden,ThermoFresh,3.490000000000002
Rutilus pigus,Rhithrogena semicolorata,GloBI,preysOn,,33.59,25.33,ComteOlden,ThermoFresh,8.260000000000005
Rutilus pigus,Rhyacophila dorsalis,GloBI,preysOn,,33.59,22.0,ComteOlden,ThermoFresh,11.590000000000003
Rutilus pigus,Serratella ignita,GloBI,preysOn,,33.59,32.3,ComteOlden,ThermoFresh,1.2900000000000063
Rutilus rutilus,Agabus bipustulatus,GloBI,preysOn,,28.5058333333333,37.07,ThermoFresh,ThermoFresh,8.5641666666667
Rutilus rutilus,Agapetus fuscipes,GloBI,preysOn,,28.5058333333333,25.8,ThermoFresh,ThermoFresh,2.705833333333299
Rutilus rutilus,Aphelocheirus aestivalis,GloBI,preysOn,,28.5058333333333,34.53,ThermoFresh,ThermoFresh,6.0241666666667015
Rutilus rutilus,Asellus aquaticus,GloBI,eats;preysOn,,28.5058333333333,32.8678947368421,ThermoFresh,ThermoFresh,4.362061403508804
Rutilus rutilus,Astacus leptodactylus,GloBI,preysOn,,28.5058333333333,37.8666666666667,ThermoFresh,ThermoFresh,9.360833333333403
Rutilus rutilus,Baetis rhodani,GloBI,preysOn,,28.5058333333333,25.1,ThermoFresh,ThermoFresh,3.405833333333298
Rutilus rutilus,Caenis luctuosa,GloBI,preysOn,,28.5058333333333,30.6,ThermoFresh,ThermoFresh,2.094166666666702
Rutilus rutilus,Calopteryx virgo,GloBI,preysOn,,28.5058333333333,34.0225,ThermoFresh,ThermoFresh,5.516666666666701
Rutilus rutilus,Coenagrion puella,GloBI,preysOn,,28.5058333333333,42.995,ThermoFresh,ThermoFresh,14.489166666666698
Rutilus rutilus,Corophium volutator,GloBI,preysOn,,28.5058333333333,33.1452777775,ThermoFresh,ThermoFresh,4.639444444166699
Rutilus rutilus,Daphnia magna,GloBI,preysOn,,28.5058333333333,40.07,ThermoFresh,ThermoFresh,11.5641666666667
Rutilus rutilus,Deronectes latus,GloBI,preysOn,,28.5058333333333,37.04,ThermoFresh,ThermoFresh,8.5341666666667
Rutilus rutilus,Dikerogammarus villosus,GloBI,preysOn,,28.5058333333333,28.1328571428571,ThermoFresh,ThermoFresh,0.3729761904761979
Rutilus rutilus,Dinocras cephalotes,GloBI,preysOn,,28.5058333333333,34.6083333333333,ThermoFresh,ThermoFresh,6.102499999999999
Rutilus rutilus,Drusus annulatus,GloBI,preysOn,,28.5058333333333,28.8,ThermoFresh,ThermoFresh,0.2941666666667011
Rutilus rutilus,Ecdyonurus insignis,GloBI,preysOn,,28.5058333333333,32.34,ThermoFresh,ThermoFresh,3.834166666666704
Rutilus rutilus,Echinogammarus berilloni,GloBI,preysOn,,28.5058333333333,30.3333333333333,ThermoFresh,ThermoFresh,1.8275000000000006
Rutilus rutilus,Echinogammarus ischnus,GloBI,preysOn,,28.5058333333333,31.5,ThermoFresh,ThermoFresh,2.9941666666667004
Rutilus rutilus,Electrona antarctica,GloBI,eats,,28.5058333333333,31.24,ThermoFresh,ComteOlden,2.734166666666699
Rutilus rutilus,Elmis aenea,GloBI,eats;preysOn,,28.5058333333333,33.8,ThermoFresh,ThermoFresh,5.2941666666666976
Rutilus rutilus,Ephemera danica,GloBI,preysOn,,28.5058333333333,36.7075,ThermoFresh,ThermoFresh,8.201666666666704
Rutilus rutilus,Gammarus fossarum,GloBI,preysOn,,28.5058333333333,28.774,ThermoFresh,ThermoFresh,0.2681666666667013
Rutilus rutilus,Gammarus pulex,GloBI,preysOn,,28.5058333333333,29.1161111111111,ThermoFresh,ThermoFresh,0.6102777777777995
Rutilus rutilus,Gammarus roeselii,GloBI,preysOn,,28.5058333333333,30.184,ThermoFresh,ThermoFresh,1.6781666666667014
Rutilus rutilus,Gammarus tigrinus,GloBI,preysOn,,28.5058333333333,32.6985714285714,ThermoFresh,ThermoFresh,4.192738095238099
Rutilus rutilus,Heptagenia sulphurea,GloBI,preysOn,,28.5058333333333,30.2,ThermoFresh,ThermoFresh,1.6941666666666997
Rutilus rutilus,Hydropsyche pellucidula,GloBI,eats;preysOn,,28.5058333333333,25.5,ThermoFresh,ThermoFresh,3.0058333333332996
Rutilus rutilus,Ischnura elegans,GloBI,preysOn,,28.5058333333333,43.7361538461539,ThermoFresh,ThermoFresh,15.230320512820597
Rutilus rutilus,Ischnura pumilio,GloBI,preysOn,,28.5058333333333,45.515,ThermoFresh,ThermoFresh,17.0091666666667
Rutilus rutilus,Leuctra fusca,GloBI,preysOn,,28.5058333333333,30.1,ThermoFresh,ThermoFresh,1.5941666666667018
Rutilus rutilus,Limnius volckmari,GloBI,eats;preysOn,,28.5058333333333,33.7775,ThermoFresh,ThermoFresh,5.271666666666704
Rutilus rutilus,Nemurella pictetii,GloBI,preysOn,,28.5058333333333,30.1,ThermoFresh,ThermoFresh,1.5941666666667018
Rutilus rutilus,Potamopyrgus antipodarum,GloBI,preysOn,,28.5058333333333,27.9033333333333,ThermoFresh,ThermoFresh,0.6024999999999991
Rutilus rutilus,Rhithrogena semicolorata,GloBI,preysOn,,28.5058333333333,25.33,ThermoFresh,ThermoFresh,3.1758333333333013
Rutilus rutilus,Rhyacophila dorsalis,GloBI,eats;preysOn,,28.5058333333333,22.0,ThermoFresh,ThermoFresh,6.5058333333333
Rutilus rutilus,Serratella ignita,GloBI,preysOn,,28.5058333333333,32.3,ThermoFresh,ThermoFresh,3.7941666666666976
Sabanejewia larvata,Agabus bipustulatus,GloBI,preysOn,,32.71,37.07,ComteOlden,ThermoFresh,4.359999999999999
Sabanejewia larvata,Agapetus fuscipes,GloBI,preysOn,,32.71,25.8,ComteOlden,ThermoFresh,6.91
Sabanejewia larvata,Aphelocheirus aestivalis,GloBI,preysOn,,32.71,34.53,ComteOlden,ThermoFresh,1.8200000000000003
Sabanejewia larvata,Astacus leptodactylus,GloBI,preysOn,,32.71,37.8666666666667,ComteOlden,ThermoFresh,5.156666666666702
Sabanejewia larvata,Baetis rhodani,GloBI,preysOn,,32.71,25.1,ComteOlden,ThermoFresh,7.609999999999999
Sabanejewia larvata,Caenis luctuosa,GloBI,preysOn,,32.71,30.6,ComteOlden,ThermoFresh,2.1099999999999994
Sabanejewia larvata,Calopteryx virgo,GloBI,preysOn,,32.71,34.0225,ComteOlden,ThermoFresh,1.3125
Sabanejewia larvata,Coenagrion puella,GloBI,preysOn,,32.71,42.995,ComteOlden,ThermoFresh,10.284999999999997
Sabanejewia larvata,Deronectes latus,GloBI,preysOn,,32.71,37.04,ComteOlden,ThermoFresh,4.329999999999998
Sabanejewia larvata,Dikerogammarus villosus,GloBI,preysOn,,32.71,28.1328571428571,ComteOlden,ThermoFresh,4.577142857142899
Sabanejewia larvata,Dinocras cephalotes,GloBI,preysOn,,32.71,34.6083333333333,ComteOlden,ThermoFresh,1.898333333333298
Sabanejewia larvata,Drusus annulatus,GloBI,preysOn,,32.71,28.8,ComteOlden,ThermoFresh,3.91
Sabanejewia larvata,Ecdyonurus insignis,GloBI,preysOn,,32.71,32.34,ComteOlden,ThermoFresh,0.36999999999999744
Sabanejewia larvata,Echinogammarus berilloni,GloBI,preysOn,,32.71,30.3333333333333,ComteOlden,ThermoFresh,2.3766666666667007
Sabanejewia larvata,Echinogammarus ischnus,GloBI,preysOn,,32.71,31.5,ComteOlden,ThermoFresh,1.2100000000000009
Sabanejewia larvata,Ephemera danica,GloBI,preysOn,,32.71,36.7075,ComteOlden,ThermoFresh,3.9975000000000023
Sabanejewia larvata,Gammarus fossarum,GloBI,preysOn,,32.71,28.774,ComteOlden,ThermoFresh,3.936
Sabanejewia larvata,Gammarus pulex,GloBI,preysOn,,32.71,29.1161111111111,ComteOlden,ThermoFresh,3.593888888888902
Sabanejewia larvata,Gammarus roeselii,GloBI,preysOn,,32.71,30.184,ComteOlden,ThermoFresh,2.526
Sabanejewia larvata,Gammarus tigrinus,GloBI,preysOn,,32.71,32.6985714285714,ComteOlden,ThermoFresh,0.011428571428602652
Sabanejewia larvata,Heptagenia sulphurea,GloBI,preysOn,,32.71,30.2,ComteOlden,ThermoFresh,2.5100000000000016
Sabanejewia larvata,Hydropsyche pellucidula,GloBI,preysOn,,32.71,25.5,ComteOlden,ThermoFresh,7.210000000000001
Sabanejewia larvata,Ischnura elegans,GloBI,preysOn,,32.71,43.7361538461539,ComteOlden,ThermoFresh,11.026153846153896
Sabanejewia larvata,Ischnura pumilio,GloBI,preysOn,,32.71,45.515,ComteOlden,ThermoFresh,12.805
Sabanejewia larvata,Leuctra fusca,GloBI,preysOn,,32.71,30.1,ComteOlden,ThermoFresh,2.6099999999999994
Sabanejewia larvata,Nemurella pictetii,GloBI,preysOn,,32.71,30.1,ComteOlden,ThermoFresh,2.6099999999999994
Sabanejewia larvata,Rhithrogena semicolorata,GloBI,preysOn,,32.71,25.33,ComteOlden,ThermoFresh,7.380000000000003
Sabanejewia larvata,Rhyacophila dorsalis,GloBI,preysOn,,32.71,22.0,ComteOlden,ThermoFresh,10.71
Sabanejewia larvata,Serratella ignita,GloBI,preysOn,,32.71,32.3,ComteOlden,ThermoFresh,0.4100000000000037
Salariopsis fluviatilis,Abramis brama,GloBI,preysOn,,34.96,30.32,ComteOlden,ComteOlden,4.640000000000001
Salariopsis fluviatilis,Acipenser naccarii,GloBI,preysOn,,34.96,33.83,ComteOlden,ComteOlden,1.1300000000000026
Salariopsis fluviatilis,Acipenser sturio,GloBI,preysOn,,34.96,32.52,ComteOlden,ComteOlden,2.4399999999999977
Salariopsis fluviatilis,Agapetus fuscipes,GloBI,preysOn,,34.96,25.8,ComteOlden,ThermoFresh,9.16
Salariopsis fluviatilis,Alburnus alburnus,GloBI,preysOn,,34.96,37.7,ComteOlden,ThermoFresh,2.740000000000002
Salariopsis fluviatilis,Alburnus arborella,GloBI,preysOn,,34.96,35.64,ComteOlden,ComteOlden,0.6799999999999997
Salariopsis fluviatilis,Alosa fallax,GloBI,preysOn,,34.96,32.31,ComteOlden,ComteOlden,2.6499999999999986
Salariopsis fluviatilis,Anguilla anguilla,GloBI,preysOn,,34.96,35.12,ComteOlden,ComteOlden,0.1599999999999966
Salariopsis fluviatilis,Baetis rhodani,GloBI,preysOn,,34.96,25.1,ComteOlden,ThermoFresh,9.86
Salariopsis fluviatilis,Barbatula barbatula,GloBI,preysOn,,34.96,29.5285714285714,ComteOlden,ThermoFresh,5.431428571428601
Salariopsis fluviatilis,Barbus barbus,GloBI,preysOn,,34.96,29.2,ComteOlden,ThermoFresh,5.760000000000002
Salariopsis fluviatilis,Barbus caninus,GloBI,preysOn,,34.96,32.7,ComteOlden,ComteOlden,2.259999999999998
Salariopsis fluviatilis,Barbus plebejus,GloBI,preysOn,,34.96,32.5,ComteOlden,ComteOlden,2.460000000000001
Salariopsis fluviatilis,Blicca bjoerkna,GloBI,preysOn,,34.96,30.86,ComteOlden,ComteOlden,4.100000000000001
Salariopsis fluviatilis,Caenis luctuosa,GloBI,preysOn,,34.96,30.6,ComteOlden,ThermoFresh,4.359999999999999
Salariopsis fluviatilis,Carassius carassius,GloBI,preysOn,,34.96,35.5365,ComteOlden,ThermoFresh,0.5764999999999958
Salariopsis fluviatilis,Carassius gibelio,GloBI,preysOn,,34.96,36.1,ComteOlden,ThermoFresh,1.1400000000000006
Salariopsis fluviatilis,Chondrostoma nasus,GloBI,preysOn,,34.96,34.03,ComteOlden,ComteOlden,0.9299999999999997
Salariopsis fluviatilis,Chondrostoma soetta,GloBI,preysOn,,34.96,31.86,ComteOlden,ComteOlden,3.1000000000000014
Salariopsis fluviatilis,Cobitis bilineata,GloBI,preysOn,,34.96,33.54,ComteOlden,ComteOlden,1.4200000000000017
Salariopsis fluviatilis,Cobitis taenia,GloBI,preysOn,,34.96,33.76,ComteOlden,ComteOlden,1.2000000000000028
Salariopsis fluviatilis,Cottus gobio,GloBI,preysOn,,34.96,30.32,ComteOlden,ComteOlden,4.640000000000001
Salariopsis fluviatilis,Ctenopharyngodon idella,GloBI,preysOn,,34.96,39.5,ComteOlden,ThermoFresh,4.539999999999999
Salariopsis fluviatilis,Cyprinus carpio,GloBI,preysOn,,34.96,33.5484745762712,ComteOlden,ThermoFresh,1.4115254237288042
Salariopsis fluviatilis,Dikerogammarus villosus,GloBI,preysOn,,34.96,28.1328571428571,ComteOlden,ThermoFresh,6.827142857142899
Salariopsis fluviatilis,Dinocras cephalotes,GloBI,preysOn,,34.96,34.6083333333333,ComteOlden,ThermoFresh,0.3516666666667021
Salariopsis fluviatilis,Drusus annulatus,GloBI,preysOn,,34.96,28.8,ComteOlden,ThermoFresh,6.16
Salariopsis fluviatilis,Ephemera danica,GloBI,preysOn,,34.96,36.7075,ComteOlden,ThermoFresh,1.7475000000000023
Salariopsis fluviatilis,Esox lucius,GloBI,preysOn,,34.96,28.98,ComteOlden,ComteOlden,5.98
Salariopsis fluviatilis,Gammarus fossarum,GloBI,preysOn,,34.96,28.774,ComteOlden,ThermoFresh,6.186
Salariopsis fluviatilis,Gammarus pulex,GloBI,preysOn,,34.96,29.1161111111111,ComteOlden,ThermoFresh,5.843888888888902
Salariopsis fluviatilis,Gammarus roeselii,GloBI,preysOn,,34.96,30.184,ComteOlden,ThermoFresh,4.776
Salariopsis fluviatilis,Gasterosteus aculeatus,GloBI,preysOn,,34.96,31.6655882352941,ComteOlden,ThermoFresh,3.2944117647059024
Salariopsis fluviatilis,Gobio gobio,GloBI,preysOn,,34.96,33.75,ComteOlden,ThermoFresh,1.2100000000000009
Salariopsis fluviatilis,Gymnocephalus cernua,GloBI,preysOn,,34.96,34.5,ComteOlden,ThermoFresh,0.46000000000000085
Salariopsis fluviatilis,Heptagenia sulphurea,GloBI,preysOn,,34.96,30.2,ComteOlden,ThermoFresh,4.760000000000002
Salariopsis fluviatilis,Hydropsyche pellucidula,GloBI,preysOn,,34.96,25.5,ComteOlden,ThermoFresh,9.46
Salariopsis fluviatilis,Hypophthalmichthys molitrix,GloBI,preysOn,,34.96,36.27,ComteOlden,ComteOlden,1.3100000000000023
Salariopsis fluviatilis,Hypophthalmichthys nobilis,GloBI,preysOn,,34.96,37.92,ComteOlden,ComteOlden,2.960000000000001
Salariopsis fluviatilis,Lepomis gibbosus,GloBI,preysOn,,34.96,33.8035,ComteOlden,ThermoFresh,1.1565000000000012
Salariopsis fluviatilis,Leucaspius delineatus,GloBI,preysOn,,34.96,34.3566666666667,ComteOlden,ThermoFresh,0.6033333333333033
Salariopsis fluviatilis,Leuciscus aspius,GloBI,preysOn,,34.96,34.92,ComteOlden,ComteOlden,0.03999999999999915
Salariopsis fluviatilis,Leuciscus leuciscus,GloBI,preysOn,,34.96,32.57,ComteOlden,ComteOlden,2.3900000000000006
Salariopsis fluviatilis,Leuctra fusca,GloBI,preysOn,,34.96,30.1,ComteOlden,ThermoFresh,4.859999999999999
Salariopsis fluviatilis,Lota lota,GloBI,preysOn,,34.96,27.11875,ComteOlden,ThermoFresh,7.841250000000002
Salariopsis fluviatilis,Micropterus salmoides,GloBI,preysOn,,34.96,36.4,ComteOlden,ThermoFresh,1.4399999999999977
Salariopsis fluviatilis,Nemurella pictetii,GloBI,preysOn,,34.96,30.1,ComteOlden,ThermoFresh,4.859999999999999
Salariopsis fluviatilis,Neogobius melanostomus,GloBI,preysOn,,34.96,33.726,ComteOlden,ThermoFresh,1.2340000000000018
Salariopsis fluviatilis,Oncorhynchus mykiss,GloBI,preysOn,,34.96,28.6755405405405,ComteOlden,ThermoFresh,6.284459459459502
Salariopsis fluviatilis,Padogobius bonelli,GloBI,preysOn,,34.96,31.74,ComteOlden,ComteOlden,3.2200000000000024
Salariopsis fluviatilis,Parachondrostoma toxostoma,GloBI,preysOn,,34.96,34.17,ComteOlden,ComteOlden,0.7899999999999991
Salariopsis fluviatilis,Perca fluviatilis,GloBI,preysOn,,34.96,28.6920833333333,ComteOlden,ThermoFresh,6.2679166666667
Salariopsis fluviatilis,Phoxinus lumaireul,GloBI,preysOn,,34.96,29.52,ComteOlden,ComteOlden,5.440000000000001
Salariopsis fluviatilis,Ponticola kessleri,GloBI,preysOn,,34.96,34.03,ComteOlden,ComteOlden,0.9299999999999997
Salariopsis fluviatilis,Pseudorasbora parva,GloBI,preysOn,,34.96,38.515,ComteOlden,ThermoFresh,3.5549999999999997
Salariopsis fluviatilis,Rhithrogena semicolorata,GloBI,preysOn,,34.96,25.33,ComteOlden,ThermoFresh,9.630000000000003
Salariopsis fluviatilis,Rhodeus amarus,GloBI,preysOn,,34.96,34.1,ComteOlden,ComteOlden,0.8599999999999994
Salariopsis fluviatilis,Rhyacophila dorsalis,GloBI,preysOn,,34.96,22.0,ComteOlden,ThermoFresh,12.96
Salariopsis fluviatilis,Rutilus aula,GloBI,preysOn,,34.96,32.32,ComteOlden,ComteOlden,2.6400000000000006
Salariopsis fluviatilis,Rutilus pigus,GloBI,preysOn,,34.96,33.59,ComteOlden,ComteOlden,1.3699999999999974
Salariopsis fluviatilis,Rutilus rutilus,GloBI,preysOn,,34.96,28.5058333333333,ComteOlden,ThermoFresh,6.454166666666701
Salariopsis fluviatilis,Sabanejewia larvata,GloBI,preysOn,,34.96,32.71,ComteOlden,ComteOlden,2.25
Salariopsis fluviatilis,Salmo labrax,GloBI,preysOn,,34.96,32.32,ComteOlden,ComteOlden,2.6400000000000006
Salariopsis fluviatilis,Salmo marmoratus,GloBI,preysOn,,34.96,30.21,ComteOlden,ComteOlden,4.75
Salariopsis fluviatilis,Salmo salar,GloBI,preysOn,,34.96,30.3326495726496,ComteOlden,ThermoFresh,4.6273504273504
Salariopsis fluviatilis,Salmo trutta,GloBI,preysOn,,34.96,27.6830769230769,ComteOlden,ThermoFresh,7.276923076923101
Salariopsis fluviatilis,Salvelinus fontinalis,GloBI,preysOn,,34.96,28.9883333333333,ComteOlden,ThermoFresh,5.9716666666666995
Salariopsis fluviatilis,Salvelinus namaycush,GloBI,preysOn,,34.96,27.385,ComteOlden,ThermoFresh,7.574999999999999
Salariopsis fluviatilis,Sander lucioperca,GloBI,preysOn,,34.96,35.4428571428571,ComteOlden,ThermoFresh,0.4828571428570996
Salariopsis fluviatilis,Scardinius erythrophthalmus,GloBI,preysOn,,34.96,34.94,ComteOlden,ComteOlden,0.020000000000003126
Salariopsis fluviatilis,Serratella ignita,GloBI,preysOn,,34.96,32.3,ComteOlden,ThermoFresh,2.6600000000000037
Salariopsis fluviatilis,Silurus glanis,GloBI,preysOn,,34.96,36.15,ComteOlden,ComteOlden,1.1899999999999977
Salariopsis fluviatilis,Squalius cephalus,GloBI,preysOn,,34.96,36.48,ComteOlden,ThermoFresh,1.519999999999996
Salariopsis fluviatilis,Telestes muticellus,GloBI,preysOn,,34.96,33.48,ComteOlden,ComteOlden,1.480000000000004
Salariopsis fluviatilis,Telestes souffia,GloBI,preysOn,,34.96,33.18,ComteOlden,ComteOlden,1.7800000000000011
Salariopsis fluviatilis,Thymallus thymallus,GloBI,preysOn,,34.96,29.4333333333333,ComteOlden,ThermoFresh,5.526666666666699
Salariopsis fluviatilis,Tinca tinca,GloBI,preysOn,,34.96,35.6875,ComteOlden,ThermoFresh,0.7274999999999991
Salmo labrax,Abramis brama,GloBI,preysOn,,32.32,30.32,ComteOlden,ComteOlden,2.0
Salmo labrax,Acipenser naccarii,GloBI,preysOn,,32.32,33.83,ComteOlden,ComteOlden,1.509999999999998
Salmo labrax,Acipenser sturio,GloBI,preysOn,,32.32,32.52,ComteOlden,ComteOlden,0.20000000000000284
Salmo labrax,Agabus bipustulatus,GloBI,preysOn,,32.32,37.07,ComteOlden,ThermoFresh,4.75
Salmo labrax,Agapetus fuscipes,GloBI,preysOn,,32.32,25.8,ComteOlden,ThermoFresh,6.52
Salmo labrax,Alburnus alburnus,GloBI,preysOn,,32.32,37.7,ComteOlden,ThermoFresh,5.380000000000003
Salmo labrax,Alburnus arborella,GloBI,preysOn,,32.32,35.64,ComteOlden,ComteOlden,3.3200000000000003
Salmo labrax,Alosa fallax,GloBI,preysOn,,32.32,32.31,ComteOlden,ComteOlden,0.00999999999999801
Salmo labrax,Anguilla anguilla,GloBI,preysOn,,32.32,35.12,ComteOlden,ComteOlden,2.799999999999997
Salmo labrax,Aphelocheirus aestivalis,GloBI,preysOn,,32.32,34.53,ComteOlden,ThermoFresh,2.210000000000001
Salmo labrax,Astacus leptodactylus,GloBI,preysOn,,32.32,37.8666666666667,ComteOlden,ThermoFresh,5.546666666666702
Salmo labrax,Baetis rhodani,GloBI,preysOn,,32.32,25.1,ComteOlden,ThermoFresh,7.219999999999999
Salmo labrax,Barbatula barbatula,GloBI,preysOn,,32.32,29.5285714285714,ComteOlden,ThermoFresh,2.7914285714286002
Salmo labrax,Barbus barbus,GloBI,preysOn,,32.32,29.2,ComteOlden,ThermoFresh,3.120000000000001
Salmo labrax,Barbus caninus,GloBI,preysOn,,32.32,32.7,ComteOlden,ComteOlden,0.38000000000000256
Salmo labrax,Barbus plebejus,GloBI,preysOn,,32.32,32.5,ComteOlden,ComteOlden,0.17999999999999972
Salmo labrax,Blicca bjoerkna,GloBI,preysOn,,32.32,30.86,ComteOlden,ComteOlden,1.4600000000000009
Salmo labrax,Caenis luctuosa,GloBI,preysOn,,32.32,30.6,ComteOlden,ThermoFresh,1.7199999999999989
Salmo labrax,Calopteryx virgo,GloBI,preysOn,,32.32,34.0225,ComteOlden,ThermoFresh,1.7025000000000006
Salmo labrax,Carassius carassius,GloBI,preysOn,,32.32,35.5365,ComteOlden,ThermoFresh,3.2164999999999964
Salmo labrax,Carassius gibelio,GloBI,preysOn,,32.32,36.1,ComteOlden,ThermoFresh,3.780000000000001
Salmo labrax,Chondrostoma nasus,GloBI,preysOn,,32.32,34.03,ComteOlden,ComteOlden,1.7100000000000009
Salmo labrax,Chondrostoma soetta,GloBI,preysOn,,32.32,31.86,ComteOlden,ComteOlden,0.46000000000000085
Salmo labrax,Cobitis bilineata,GloBI,preysOn,,32.32,33.54,ComteOlden,ComteOlden,1.2199999999999989
Salmo labrax,Cobitis taenia,GloBI,preysOn,,32.32,33.76,ComteOlden,ComteOlden,1.4399999999999977
Salmo labrax,Coenagrion puella,GloBI,preysOn,,32.32,42.995,ComteOlden,ThermoFresh,10.674999999999997
Salmo labrax,Cottus gobio,GloBI,preysOn,,32.32,30.32,ComteOlden,ComteOlden,2.0
Salmo labrax,Ctenopharyngodon idella,GloBI,preysOn,,32.32,39.5,ComteOlden,ThermoFresh,7.18
Salmo labrax,Cyprinus carpio,GloBI,preysOn,,32.32,33.5484745762712,ComteOlden,ThermoFresh,1.2284745762711964
Salmo labrax,Deronectes latus,GloBI,preysOn,,32.32,37.04,ComteOlden,ThermoFresh,4.719999999999999
Salmo labrax,Dikerogammarus villosus,GloBI,preysOn,,32.32,28.1328571428571,ComteOlden,ThermoFresh,4.187142857142899
Salmo labrax,Dinocras cephalotes,GloBI,preysOn,,32.32,34.6083333333333,ComteOlden,ThermoFresh,2.2883333333332985
Salmo labrax,Drusus annulatus,GloBI,preysOn,,32.32,28.8,ComteOlden,ThermoFresh,3.5199999999999996
Salmo labrax,Ecdyonurus insignis,GloBI,preysOn,,32.32,32.34,ComteOlden,ThermoFresh,0.020000000000003126
Salmo labrax,Echinogammarus berilloni,GloBI,preysOn,,32.32,30.3333333333333,ComteOlden,ThermoFresh,1.9866666666667
Salmo labrax,Echinogammarus ischnus,GloBI,preysOn,,32.32,31.5,ComteOlden,ThermoFresh,0.8200000000000003
Salmo labrax,Ephemera danica,GloBI,preysOn,,32.32,36.7075,ComteOlden,ThermoFresh,4.387500000000003
Salmo labrax,Esox lucius,GloBI,preysOn,,32.32,28.98,ComteOlden,ComteOlden,3.34
Salmo labrax,Gammarus fossarum,GloBI,preysOn,,32.32,28.774,ComteOlden,ThermoFresh,3.5459999999999994
Salmo labrax,Gammarus pulex,GloBI,preysOn,,32.32,29.1161111111111,ComteOlden,ThermoFresh,3.203888888888901
Salmo labrax,Gammarus roeselii,GloBI,preysOn,,32.32,30.184,ComteOlden,ThermoFresh,2.1359999999999992
Salmo labrax,Gammarus tigrinus,GloBI,preysOn,,32.32,32.6985714285714,ComteOlden,ThermoFresh,0.3785714285713979
Salmo labrax,Gasterosteus aculeatus,GloBI,preysOn,,32.32,31.6655882352941,ComteOlden,ThermoFresh,0.6544117647059018
Salmo labrax,Gobio gobio,GloBI,preysOn,,32.32,33.75,ComteOlden,ThermoFresh,1.4299999999999997
Salmo labrax,Gymnocephalus cernua,GloBI,preysOn,,32.32,34.5,ComteOlden,ThermoFresh,2.1799999999999997
Salmo labrax,Heptagenia sulphurea,GloBI,preysOn,,32.32,30.2,ComteOlden,ThermoFresh,2.120000000000001
Salmo labrax,Hydropsyche pellucidula,GloBI,preysOn,,32.32,25.5,ComteOlden,ThermoFresh,6.82
Salmo labrax,Hypophthalmichthys molitrix,GloBI,preysOn,,32.32,36.27,ComteOlden,ComteOlden,3.950000000000003
Salmo labrax,Hypophthalmichthys nobilis,GloBI,preysOn,,32.32,37.92,ComteOlden,ComteOlden,5.600000000000001
Salmo labrax,Ischnura elegans,GloBI,preysOn,,32.32,43.7361538461539,ComteOlden,ThermoFresh,11.416153846153897
Salmo labrax,Ischnura pumilio,GloBI,preysOn,,32.32,45.515,ComteOlden,ThermoFresh,13.195
Salmo labrax,Lepomis gibbosus,GloBI,preysOn,,32.32,33.8035,ComteOlden,ThermoFresh,1.4834999999999994
Salmo labrax,Leucaspius delineatus,GloBI,preysOn,,32.32,34.3566666666667,ComteOlden,ThermoFresh,2.0366666666666973
Salmo labrax,Leuciscus aspius,GloBI,preysOn,,32.32,34.92,ComteOlden,ComteOlden,2.6000000000000014
Salmo labrax,Leuciscus leuciscus,GloBI,preysOn,,32.32,32.57,ComteOlden,ComteOlden,0.25
Salmo labrax,Leuctra fusca,GloBI,preysOn,,32.32,30.1,ComteOlden,ThermoFresh,2.219999999999999
Salmo labrax,Lota lota,GloBI,preysOn,,32.32,27.11875,ComteOlden,ThermoFresh,5.201250000000002
Salmo labrax,Micropterus salmoides,GloBI,preysOn,,32.32,36.4,ComteOlden,ThermoFresh,4.079999999999998
Salmo labrax,Nemurella pictetii,GloBI,preysOn,,32.32,30.1,ComteOlden,ThermoFresh,2.219999999999999
Salmo labrax,Neogobius melanostomus,GloBI,preysOn,,32.32,33.726,ComteOlden,ThermoFresh,1.4059999999999988
Salmo labrax,Oncorhynchus mykiss,GloBI,preysOn,,32.32,28.6755405405405,ComteOlden,ThermoFresh,3.644459459459501
Salmo labrax,Padogobius bonelli,GloBI,preysOn,,32.32,31.74,ComteOlden,ComteOlden,0.5800000000000018
Salmo labrax,Parachondrostoma toxostoma,GloBI,preysOn,,32.32,34.17,ComteOlden,ComteOlden,1.8500000000000014
Salmo labrax,Perca fluviatilis,GloBI,preysOn,,32.32,28.6920833333333,ComteOlden,ThermoFresh,3.6279166666666995
Salmo labrax,Phoxinus lumaireul,GloBI,preysOn,,32.32,29.52,ComteOlden,ComteOlden,2.8000000000000007
Salmo labrax,Ponticola kessleri,GloBI,preysOn,,32.32,34.03,ComteOlden,ComteOlden,1.7100000000000009
Salmo labrax,Pseudorasbora parva,GloBI,preysOn,,32.32,38.515,ComteOlden,ThermoFresh,6.195
Salmo labrax,Rhithrogena semicolorata,GloBI,preysOn,,32.32,25.33,ComteOlden,ThermoFresh,6.990000000000002
Salmo labrax,Rhodeus amarus,GloBI,preysOn,,32.32,34.1,ComteOlden,ComteOlden,1.7800000000000011
Salmo labrax,Rhyacophila dorsalis,GloBI,preysOn,,32.32,22.0,ComteOlden,ThermoFresh,10.32
Salmo labrax,Rutilus aula,GloBI,preysOn,,32.32,32.32,ComteOlden,ComteOlden,0.0
Salmo labrax,Rutilus pigus,GloBI,preysOn,,32.32,33.59,ComteOlden,ComteOlden,1.2700000000000031
Salmo labrax,Rutilus rutilus,GloBI,preysOn,,32.32,28.5058333333333,ComteOlden,ThermoFresh,3.8141666666667007
Salmo labrax,Sabanejewia larvata,GloBI,preysOn,,32.32,32.71,ComteOlden,ComteOlden,0.39000000000000057
Salmo labrax,Salariopsis fluviatilis,GloBI,preysOn,,32.32,34.96,ComteOlden,ComteOlden,2.6400000000000006
Salmo labrax,Salmo marmoratus,GloBI,preysOn,,32.32,30.21,ComteOlden,ComteOlden,2.1099999999999994
Salmo labrax,Salmo salar,GloBI,preysOn,,32.32,30.3326495726496,ComteOlden,ThermoFresh,1.9873504273503997
Salmo labrax,Salmo trutta,GloBI,preysOn,,32.32,27.6830769230769,ComteOlden,ThermoFresh,4.6369230769231
Salmo labrax,Salvelinus fontinalis,GloBI,preysOn,,32.32,28.9883333333333,ComteOlden,ThermoFresh,3.331666666666699
Salmo labrax,Salvelinus namaycush,GloBI,preysOn,,32.32,27.385,ComteOlden,ThermoFresh,4.934999999999999
Salmo labrax,Sander lucioperca,GloBI,preysOn,,32.32,35.4428571428571,ComteOlden,ThermoFresh,3.1228571428571
Salmo labrax,Scardinius erythrophthalmus,GloBI,preysOn,,32.32,34.94,ComteOlden,ComteOlden,2.6199999999999974
Salmo labrax,Serratella ignita,GloBI,preysOn,,32.32,32.3,ComteOlden,ThermoFresh,0.020000000000003126
Salmo labrax,Silurus glanis,GloBI,preysOn,,32.32,36.15,ComteOlden,ComteOlden,3.8299999999999983
Salmo labrax,Squalius cephalus,GloBI,preysOn,,32.32,36.48,ComteOlden,ThermoFresh,4.159999999999997
Salmo labrax,Telestes muticellus,GloBI,preysOn,,32.32,33.48,ComteOlden,ComteOlden,1.1599999999999966
Salmo labrax,Telestes souffia,GloBI,preysOn,,32.32,33.18,ComteOlden,ComteOlden,0.8599999999999994
Salmo labrax,Thymallus thymallus,GloBI,preysOn,,32.32,29.4333333333333,ComteOlden,ThermoFresh,2.8866666666666987
Salmo labrax,Tinca tinca,GloBI,preysOn,,32.32,35.6875,ComteOlden,ThermoFresh,3.3674999999999997
Salmo marmoratus,Abramis brama,GloBI,preysOn,,30.21,30.32,ComteOlden,ComteOlden,0.10999999999999943
Salmo marmoratus,Acipenser naccarii,GloBI,preysOn,,30.21,33.83,ComteOlden,ComteOlden,3.6199999999999974
Salmo marmoratus,Acipenser sturio,GloBI,preysOn,,30.21,32.52,ComteOlden,ComteOlden,2.3100000000000023
Salmo marmoratus,Alburnus alburnus,GloBI,preysOn,,30.21,37.7,ComteOlden,ThermoFresh,7.490000000000002
Salmo marmoratus,Alburnus arborella,GloBI,preysOn,,30.21,35.64,ComteOlden,ComteOlden,5.43
Salmo marmoratus,Alosa fallax,GloBI,preysOn,,30.21,32.31,ComteOlden,ComteOlden,2.1000000000000014
Salmo marmoratus,Anguilla anguilla,GloBI,preysOn,,30.21,35.12,ComteOlden,ComteOlden,4.909999999999997
Salmo marmoratus,Barbatula barbatula,GloBI,preysOn,,30.21,29.5285714285714,ComteOlden,ThermoFresh,0.6814285714286008
Salmo marmoratus,Barbus barbus,GloBI,preysOn,,30.21,29.2,ComteOlden,ThermoFresh,1.0100000000000016
Salmo marmoratus,Barbus caninus,GloBI,preysOn,,30.21,32.7,ComteOlden,ComteOlden,2.490000000000002
Salmo marmoratus,Barbus plebejus,GloBI,preysOn,,30.21,32.5,ComteOlden,ComteOlden,2.289999999999999
Salmo marmoratus,Blicca bjoerkna,GloBI,preysOn,,30.21,30.86,ComteOlden,ComteOlden,0.6499999999999986
Salmo marmoratus,Carassius carassius,GloBI,preysOn,,30.21,35.5365,ComteOlden,ThermoFresh,5.326499999999996
Salmo marmoratus,Carassius gibelio,GloBI,preysOn,,30.21,36.1,ComteOlden,ThermoFresh,5.890000000000001
Salmo marmoratus,Chondrostoma nasus,GloBI,preysOn,,30.21,34.03,ComteOlden,ComteOlden,3.8200000000000003
Salmo marmoratus,Chondrostoma soetta,GloBI,preysOn,,30.21,31.86,ComteOlden,ComteOlden,1.6499999999999986
Salmo marmoratus,Cobitis bilineata,GloBI,preysOn,,30.21,33.54,ComteOlden,ComteOlden,3.3299999999999983
Salmo marmoratus,Cobitis taenia,GloBI,preysOn,,30.21,33.76,ComteOlden,ComteOlden,3.549999999999997
Salmo marmoratus,Cottus gobio,GloBI,preysOn,,30.21,30.32,ComteOlden,ComteOlden,0.10999999999999943
Salmo marmoratus,Ctenopharyngodon idella,GloBI,preysOn,,30.21,39.5,ComteOlden,ThermoFresh,9.29
Salmo marmoratus,Cyprinus carpio,GloBI,preysOn,,30.21,33.5484745762712,ComteOlden,ThermoFresh,3.338474576271196
Salmo marmoratus,Esox lucius,GloBI,preysOn,,30.21,28.98,ComteOlden,ComteOlden,1.2300000000000004
Salmo marmoratus,Gasterosteus aculeatus,GloBI,preysOn,,30.21,31.6655882352941,ComteOlden,ThermoFresh,1.4555882352940976
Salmo marmoratus,Gobio gobio,GloBI,preysOn,,30.21,33.75,ComteOlden,ThermoFresh,3.539999999999999
Salmo marmoratus,Gymnocephalus cernua,GloBI,preysOn,,30.21,34.5,ComteOlden,ThermoFresh,4.289999999999999
Salmo marmoratus,Hypophthalmichthys molitrix,GloBI,preysOn,,30.21,36.27,ComteOlden,ComteOlden,6.060000000000002
Salmo marmoratus,Hypophthalmichthys nobilis,GloBI,preysOn,,30.21,37.92,ComteOlden,ComteOlden,7.710000000000001
Salmo marmoratus,Lepomis gibbosus,GloBI,preysOn,,30.21,33.8035,ComteOlden,ThermoFresh,3.593499999999999
Salmo marmoratus,Leucaspius delineatus,GloBI,preysOn,,30.21,34.3566666666667,ComteOlden,ThermoFresh,4.146666666666697
Salmo marmoratus,Leuciscus aspius,GloBI,preysOn,,30.21,34.92,ComteOlden,ComteOlden,4.710000000000001
Salmo marmoratus,Leuciscus leuciscus,GloBI,preysOn,,30.21,32.57,ComteOlden,ComteOlden,2.3599999999999994
Salmo marmoratus,Lota lota,GloBI,preysOn,,30.21,27.11875,ComteOlden,ThermoFresh,3.0912500000000023
Salmo marmoratus,Micropterus salmoides,GloBI,preysOn,,30.21,36.4,ComteOlden,ThermoFresh,6.189999999999998
Salmo marmoratus,Neogobius melanostomus,GloBI,preysOn,,30.21,33.726,ComteOlden,ThermoFresh,3.5159999999999982
Salmo marmoratus,Oncorhynchus mykiss,GloBI,preysOn,,30.21,28.6755405405405,ComteOlden,ThermoFresh,1.5344594594595016
Salmo marmoratus,Padogobius bonelli,GloBI,preysOn,,30.21,31.74,ComteOlden,ComteOlden,1.5299999999999976
Salmo marmoratus,Parachondrostoma toxostoma,GloBI,preysOn,,30.21,34.17,ComteOlden,ComteOlden,3.960000000000001
Salmo marmoratus,Perca fluviatilis,GloBI,preysOn,,30.21,28.6920833333333,ComteOlden,ThermoFresh,1.5179166666667
Salmo marmoratus,Phoxinus lumaireul,GloBI,preysOn,,30.21,29.52,ComteOlden,ComteOlden,0.6900000000000013
Salmo marmoratus,Ponticola kessleri,GloBI,preysOn,,30.21,34.03,ComteOlden,ComteOlden,3.8200000000000003
Salmo marmoratus,Pseudorasbora parva,GloBI,preysOn,,30.21,38.515,ComteOlden,ThermoFresh,8.305
Salmo marmoratus,Rhodeus amarus,GloBI,preysOn,,30.21,34.1,ComteOlden,ComteOlden,3.8900000000000006
Salmo marmoratus,Rutilus aula,GloBI,preysOn,,30.21,32.32,ComteOlden,ComteOlden,2.1099999999999994
Salmo marmoratus,Rutilus pigus,GloBI,preysOn,,30.21,33.59,ComteOlden,ComteOlden,3.3800000000000026
Salmo marmoratus,Rutilus rutilus,GloBI,preysOn,,30.21,28.5058333333333,ComteOlden,ThermoFresh,1.7041666666667012
Salmo marmoratus,Sabanejewia larvata,GloBI,preysOn,,30.21,32.71,ComteOlden,ComteOlden,2.5
Salmo marmoratus,Salariopsis fluviatilis,GloBI,preysOn,,30.21,34.96,ComteOlden,ComteOlden,4.75
Salmo marmoratus,Salmo labrax,GloBI,preysOn,,30.21,32.32,ComteOlden,ComteOlden,2.1099999999999994
Salmo marmoratus,Salmo salar,GloBI,preysOn,,30.21,30.3326495726496,ComteOlden,ThermoFresh,0.12264957264959975
Salmo marmoratus,Salmo trutta,GloBI,preysOn,,30.21,27.6830769230769,ComteOlden,ThermoFresh,2.526923076923101
Salmo marmoratus,Salvelinus fontinalis,GloBI,preysOn,,30.21,28.9883333333333,ComteOlden,ThermoFresh,1.2216666666666995
Salmo marmoratus,Salvelinus namaycush,GloBI,preysOn,,30.21,27.385,ComteOlden,ThermoFresh,2.8249999999999993
Salmo marmoratus,Sander lucioperca,GloBI,preysOn,,30.21,35.4428571428571,ComteOlden,ThermoFresh,5.2328571428571
Salmo marmoratus,Scardinius erythrophthalmus,GloBI,preysOn,,30.21,34.94,ComteOlden,ComteOlden,4.729999999999997
Salmo marmoratus,Silurus glanis,GloBI,preysOn,,30.21,36.15,ComteOlden,ComteOlden,5.939999999999998
Salmo marmoratus,Squalius cephalus,GloBI,preysOn,,30.21,36.48,ComteOlden,ThermoFresh,6.269999999999996
Salmo marmoratus,Telestes muticellus,GloBI,preysOn,,30.21,33.48,ComteOlden,ComteOlden,3.269999999999996
Salmo marmoratus,Telestes souffia,GloBI,preysOn,,30.21,33.18,ComteOlden,ComteOlden,2.969999999999999
Salmo marmoratus,Thymallus thymallus,GloBI,preysOn,,30.21,29.4333333333333,ComteOlden,ThermoFresh,0.7766666666666993
Salmo marmoratus,Tinca tinca,GloBI,preysOn,,30.21,35.6875,ComteOlden,ThermoFresh,5.477499999999999
Salmo salar,Abramis brama,GloBI,preysOn,,30.3326495726496,30.32,ThermoFresh,ComteOlden,0.012649572649600316
Salmo salar,Acipenser naccarii,GloBI,preysOn,,30.3326495726496,33.83,ThermoFresh,ComteOlden,3.4973504273503977
Salmo salar,Acipenser sturio,GloBI,preysOn,,30.3326495726496,32.52,ThermoFresh,ComteOlden,2.1873504273504025
Salmo salar,Agabus bipustulatus,GloBI,preysOn,,30.3326495726496,37.07,ThermoFresh,ThermoFresh,6.7373504273504
Salmo salar,Agapetus fuscipes,GloBI,preysOn,,30.3326495726496,25.8,ThermoFresh,ThermoFresh,4.5326495726496
Salmo salar,Alburnus alburnus,GloBI,preysOn,,30.3326495726496,37.7,ThermoFresh,ThermoFresh,7.367350427350402
Salmo salar,Alburnus arborella,GloBI,preysOn,,30.3326495726496,35.64,ThermoFresh,ComteOlden,5.3073504273504
Salmo salar,Alosa fallax,GloBI,preysOn,,30.3326495726496,32.31,ThermoFresh,ComteOlden,1.9773504273504017
Salmo salar,Alosa pseudoharengus,GloBI,eats;preysOn,,30.3326495726496,30.4625,ThermoFresh,ThermoFresh,0.12985042735039798
Salmo salar,Ancylus fluviatilis,GloBI,eats;preysOn,,30.3326495726496,34.9,ThermoFresh,ThermoFresh,4.567350427350398
Salmo salar,Anguilla anguilla,GloBI,preysOn,,30.3326495726496,35.12,ThermoFresh,ComteOlden,4.787350427350397
Salmo salar,Aphelocheirus aestivalis,GloBI,preysOn,,30.3326495726496,34.53,ThermoFresh,ThermoFresh,4.1973504273504005
Salmo salar,Asellus aquaticus,GloBI,preysOn,,30.3326495726496,32.8678947368421,ThermoFresh,ThermoFresh,2.535245164192503
Salmo salar,Astacus leptodactylus,GloBI,preysOn,,30.3326495726496,37.8666666666667,ThermoFresh,ThermoFresh,7.534017094017102
Salmo salar,Baetis rhodani,GloBI,preysOn,,30.3326495726496,25.1,ThermoFresh,ThermoFresh,5.232649572649599
Salmo salar,Barbatula barbatula,GloBI,preysOn,,30.3326495726496,29.5285714285714,ThermoFresh,ThermoFresh,0.8040781440782006
Salmo salar,Barbus barbus,GloBI,preysOn,,30.3326495726496,29.2,ThermoFresh,ThermoFresh,1.1326495726496013
Salmo salar,Barbus caninus,GloBI,preysOn,,30.3326495726496,32.7,ThermoFresh,ComteOlden,2.3673504273504022
Salmo salar,Barbus plebejus,GloBI,preysOn,,30.3326495726496,32.5,ThermoFresh,ComteOlden,2.1673504273503994
Salmo salar,Bithynia tentaculata,GloBI,preysOn,,30.3326495726496,28.8166666666667,ThermoFresh,ThermoFresh,1.5159829059829022
Salmo salar,Blicca bjoerkna,GloBI,preysOn,,30.3326495726496,30.86,ThermoFresh,ComteOlden,0.5273504273503988
Salmo salar,Caenis luctuosa,GloBI,preysOn,,30.3326495726496,30.6,ThermoFresh,ThermoFresh,0.2673504273504008
Salmo salar,Calopteryx virgo,GloBI,preysOn,,30.3326495726496,34.0225,ThermoFresh,ThermoFresh,3.6898504273504003
Salmo salar,Carassius carassius,GloBI,preysOn,,30.3326495726496,35.5365,ThermoFresh,ThermoFresh,5.203850427350396
Salmo salar,Carassius gibelio,GloBI,preysOn,,30.3326495726496,36.1,ThermoFresh,ThermoFresh,5.767350427350401
Salmo salar,Catostomus commersonii,GloBI,preysOn,,30.3326495726496,33.17,ThermoFresh,ThermoFresh,2.837350427350401
Salmo salar,Chondrostoma nasus,GloBI,preysOn,,30.3326495726496,34.03,ThermoFresh,ComteOlden,3.6973504273504005
Salmo salar,Chondrostoma soetta,GloBI,preysOn,,30.3326495726496,31.86,ThermoFresh,ComteOlden,1.5273504273503988
Salmo salar,Clupea harengus,GloBI,eats;preysOn,,30.3326495726496,25.43,ThermoFresh,ComteOlden,4.902649572649601
Salmo salar,Cobitis bilineata,GloBI,preysOn,,30.3326495726496,33.54,ThermoFresh,ComteOlden,3.2073504273503985
Salmo salar,Cobitis taenia,GloBI,preysOn,,30.3326495726496,33.76,ThermoFresh,ComteOlden,3.4273504273503974
Salmo salar,Coenagrion puella,GloBI,preysOn,,30.3326495726496,42.995,ThermoFresh,ThermoFresh,12.662350427350397
Salmo salar,Cottus gobio,GloBI,preysOn,,30.3326495726496,30.32,ThermoFresh,ComteOlden,0.012649572649600316
Salmo salar,Crangon crangon,GloBI,eats;preysOn,,30.3326495726496,34.1133333333333,ThermoFresh,ThermoFresh,3.7806837606837007
Salmo salar,Ctenopharyngodon idella,GloBI,preysOn,,30.3326495726496,39.5,ThermoFresh,ThermoFresh,9.1673504273504
Salmo salar,Cyprinus carpio,GloBI,preysOn,,30.3326495726496,33.5484745762712,ThermoFresh,ThermoFresh,3.215825003621596
Salmo salar,Deronectes latus,GloBI,preysOn,,30.3326495726496,37.04,ThermoFresh,ThermoFresh,6.7073504273503985
Salmo salar,Dikerogammarus villosus,GloBI,preysOn,,30.3326495726496,28.1328571428571,ThermoFresh,ThermoFresh,2.199792429792499
Salmo salar,Dinocras cephalotes,GloBI,preysOn,,30.3326495726496,34.6083333333333,ThermoFresh,ThermoFresh,4.275683760683698
Salmo salar,Drusus annulatus,GloBI,preysOn,,30.3326495726496,28.8,ThermoFresh,ThermoFresh,1.5326495726496
Salmo salar,Ecdyonurus insignis,GloBI,preysOn,,30.3326495726496,32.34,ThermoFresh,ThermoFresh,2.007350427350403
Salmo salar,Echinogammarus berilloni,GloBI,preysOn,,30.3326495726496,30.3333333333333,ThermoFresh,ThermoFresh,0.0006837606836995747
Salmo salar,Echinogammarus ischnus,GloBI,preysOn,,30.3326495726496,31.5,ThermoFresh,ThermoFresh,1.1673504273503994
Salmo salar,Elmis aenea,GloBI,eats;preysOn,,30.3326495726496,33.8,ThermoFresh,ThermoFresh,3.4673504273503966
Salmo salar,Ephemera danica,GloBI,preysOn,,30.3326495726496,36.7075,ThermoFresh,ThermoFresh,6.3748504273504025
Salmo salar,Esox lucius,GloBI,preysOn,,30.3326495726496,28.98,ThermoFresh,ComteOlden,1.3526495726496002
Salmo salar,Gammarus fossarum,GloBI,preysOn,,30.3326495726496,28.774,ThermoFresh,ThermoFresh,1.5586495726495997
Salmo salar,Gammarus pulex,GloBI,preysOn,,30.3326495726496,29.1161111111111,ThermoFresh,ThermoFresh,1.2165384615385015
Salmo salar,Gammarus roeselii,GloBI,preysOn,,30.3326495726496,30.184,ThermoFresh,ThermoFresh,0.14864957264959955
Salmo salar,Gammarus tigrinus,GloBI,preysOn,,30.3326495726496,32.6985714285714,ThermoFresh,ThermoFresh,2.3659218559217976
Salmo salar,Gasterosteus aculeatus,GloBI,eats;preysOn,,30.3326495726496,31.6655882352941,ThermoFresh,ThermoFresh,1.332938662644498
Salmo salar,Gobio gobio,GloBI,preysOn,,30.3326495726496,33.75,ThermoFresh,ThermoFresh,3.4173504273503994
Salmo salar,Gymnocephalus cernua,GloBI,preysOn,,30.3326495726496,34.5,ThermoFresh,ThermoFresh,4.167350427350399
Salmo salar,Heptagenia sulphurea,GloBI,preysOn,,30.3326495726496,30.2,ThermoFresh,ThermoFresh,0.1326495726496013
Salmo salar,Hydropsyche pellucidula,GloBI,eats;preysOn,,30.3326495726496,25.5,ThermoFresh,ThermoFresh,4.832649572649601
Salmo salar,Hypophthalmichthys molitrix,GloBI,preysOn,,30.3326495726496,36.27,ThermoFresh,ComteOlden,5.9373504273504025
Salmo salar,Hypophthalmichthys nobilis,GloBI,preysOn,,30.3326495726496,37.92,ThermoFresh,ComteOlden,7.587350427350401
Salmo salar,Ischnura elegans,GloBI,preysOn,,30.3326495726496,43.7361538461539,ThermoFresh,ThermoFresh,13.403504273504296
Salmo salar,Ischnura pumilio,GloBI,preysOn,,30.3326495726496,45.515,ThermoFresh,ThermoFresh,15.1823504273504
Salmo salar,Lepomis gibbosus,GloBI,preysOn,,30.3326495726496,33.8035,ThermoFresh,ThermoFresh,3.470850427350399
Salmo salar,Leucaspius delineatus,GloBI,preysOn,,30.3326495726496,34.3566666666667,ThermoFresh,ThermoFresh,4.024017094017097
Salmo salar,Leuciscus aspius,GloBI,preysOn,,30.3326495726496,34.92,ThermoFresh,ComteOlden,4.587350427350401
Salmo salar,Leuciscus leuciscus,GloBI,preysOn,,30.3326495726496,32.57,ThermoFresh,ComteOlden,2.2373504273503997
Salmo salar,Leuctra fusca,GloBI,preysOn,,30.3326495726496,30.1,ThermoFresh,ThermoFresh,0.23264957264959918
Salmo salar,Limnius volckmari,GloBI,eats;preysOn,,30.3326495726496,33.7775,ThermoFresh,ThermoFresh,3.444850427350403
Salmo salar,Lota lota,GloBI,preysOn,,30.3326495726496,27.11875,ThermoFresh,ThermoFresh,3.213899572649602
Salmo salar,Micropterus salmoides,GloBI,preysOn,,30.3326495726496,36.4,ThermoFresh,ThermoFresh,6.067350427350398
Salmo salar,Nemurella pictetii,GloBI,preysOn,,30.3326495726496,30.1,ThermoFresh,ThermoFresh,0.23264957264959918
Salmo salar,Neogobius melanostomus,GloBI,preysOn,,30.3326495726496,33.726,ThermoFresh,ThermoFresh,3.3933504273503985
Salmo salar,Oncorhynchus mykiss,GloBI,preysOn,,30.3326495726496,28.6755405405405,ThermoFresh,ThermoFresh,1.6571090321091013
Salmo salar,Osmerus eperlanus,GloBI,eats;preysOn,,30.3326495726496,27.8,ThermoFresh,ComteOlden,2.5326495726496
Salmo salar,Padogobius bonelli,GloBI,preysOn,,30.3326495726496,31.74,ThermoFresh,ComteOlden,1.4073504273503978
Salmo salar,Parachondrostoma toxostoma,GloBI,preysOn,,30.3326495726496,34.17,ThermoFresh,ComteOlden,3.837350427350401
Salmo salar,Perca fluviatilis,GloBI,preysOn,,30.3326495726496,28.6920833333333,ThermoFresh,ThermoFresh,1.6405662393162999
Salmo salar,Phoxinus lumaireul,GloBI,preysOn,,30.3326495726496,29.52,ThermoFresh,ComteOlden,0.812649572649601
Salmo salar,Ponticola kessleri,GloBI,preysOn,,30.3326495726496,34.03,ThermoFresh,ComteOlden,3.6973504273504005
Salmo salar,Pseudorasbora parva,GloBI,preysOn,,30.3326495726496,38.515,ThermoFresh,ThermoFresh,8.1823504273504
Salmo salar,Pungitius pungitius,GloBI,eats;preysOn,,30.3326495726496,29.85,ThermoFresh,ThermoFresh,0.4826495726495992
Salmo salar,Rhithrogena semicolorata,GloBI,preysOn,,30.3326495726496,25.33,ThermoFresh,ThermoFresh,5.002649572649602
Salmo salar,Rhodeus amarus,GloBI,preysOn,,30.3326495726496,34.1,ThermoFresh,ComteOlden,3.767350427350401
Salmo salar,Rhyacophila dorsalis,GloBI,eats;preysOn,,30.3326495726496,22.0,ThermoFresh,ThermoFresh,8.3326495726496
Salmo salar,Rutilus aula,GloBI,preysOn,,30.3326495726496,32.32,ThermoFresh,ComteOlden,1.9873504273503997
Salmo salar,Rutilus pigus,GloBI,preysOn,,30.3326495726496,33.59,ThermoFresh,ComteOlden,3.257350427350403
Salmo salar,Rutilus rutilus,GloBI,preysOn,,30.3326495726496,28.5058333333333,ThermoFresh,ThermoFresh,1.826816239316301
Salmo salar,Sabanejewia larvata,GloBI,preysOn,,30.3326495726496,32.71,ThermoFresh,ComteOlden,2.3773504273504003
Salmo salar,Salariopsis fluviatilis,GloBI,preysOn,,30.3326495726496,34.96,ThermoFresh,ComteOlden,4.6273504273504
Salmo salar,Salmo labrax,GloBI,preysOn,,30.3326495726496,32.32,ThermoFresh,ComteOlden,1.9873504273503997
Salmo salar,Salmo marmoratus,GloBI,preysOn,,30.3326495726496,30.21,ThermoFresh,ComteOlden,0.12264957264959975
Salmo salar,Salmo trutta,GloBI,preysOn,,30.3326495726496,27.6830769230769,ThermoFresh,ThermoFresh,2.6495726495727006
Salmo salar,Salvelinus fontinalis,GloBI,preysOn,,30.3326495726496,28.9883333333333,ThermoFresh,ThermoFresh,1.3443162393162993
Salmo salar,Salvelinus namaycush,GloBI,preysOn,,30.3326495726496,27.385,ThermoFresh,ThermoFresh,2.947649572649599
Salmo salar,Sander lucioperca,GloBI,preysOn,,30.3326495726496,35.4428571428571,ThermoFresh,ThermoFresh,5.1102075702075
Salmo salar,Scardinius erythrophthalmus,GloBI,preysOn,,30.3326495726496,34.94,ThermoFresh,ComteOlden,4.607350427350397
Salmo salar,Scomber scombrus,GloBI,preysOn,,30.3326495726496,33.2066666666667,ThermoFresh,ComteOlden,2.8740170940170984
Salmo salar,Serratella ignita,GloBI,eats;preysOn,,30.3326495726496,32.3,ThermoFresh,ThermoFresh,1.9673504273503966
Salmo salar,Silurus glanis,GloBI,preysOn,,30.3326495726496,36.15,ThermoFresh,ComteOlden,5.817350427350398
Salmo salar,Squalius cephalus,GloBI,preysOn,,30.3326495726496,36.48,ThermoFresh,ThermoFresh,6.147350427350396
Salmo salar,Telestes muticellus,GloBI,preysOn,,30.3326495726496,33.48,ThermoFresh,ComteOlden,3.1473504273503963
Salmo salar,Telestes souffia,GloBI,preysOn,,30.3326495726496,33.18,ThermoFresh,ComteOlden,2.847350427350399
Salmo salar,Thymallus thymallus,GloBI,preysOn,,30.3326495726496,29.4333333333333,ThermoFresh,ThermoFresh,0.899316239316299
Salmo salar,Tinca tinca,GloBI,preysOn,,30.3326495726496,35.6875,ThermoFresh,ThermoFresh,5.354850427350399
Salmo trutta,Abramis brama,GloBI,preysOn,,27.6830769230769,30.32,ThermoFresh,ComteOlden,2.6369230769231002
Salmo trutta,Acipenser naccarii,GloBI,preysOn,,27.6830769230769,33.83,ThermoFresh,ComteOlden,6.146923076923098
Salmo trutta,Acipenser sturio,GloBI,preysOn,,27.6830769230769,32.52,ThermoFresh,ComteOlden,4.836923076923103
Salmo trutta,Agabus bipustulatus,GloBI,preysOn,,27.6830769230769,37.07,ThermoFresh,ThermoFresh,9.3869230769231
Salmo trutta,Agapetus fuscipes,GloBI,preysOn,,27.6830769230769,25.8,ThermoFresh,ThermoFresh,1.8830769230768993
Salmo trutta,Alburnus alburnus,GloBI,preysOn,,27.6830769230769,37.7,ThermoFresh,ThermoFresh,10.016923076923103
Salmo trutta,Alburnus arborella,GloBI,preysOn,,27.6830769230769,35.64,ThermoFresh,ComteOlden,7.9569230769231005
Salmo trutta,Alosa alosa,GloBI,preysOn,,27.6830769230769,30.73,ThermoFresh,ComteOlden,3.0469230769231004
Salmo trutta,Alosa fallax,GloBI,preysOn,,27.6830769230769,32.31,ThermoFresh,ComteOlden,4.626923076923102
Salmo trutta,Ampullaceana balthica,GloBI,eats;preysOn,,27.6830769230769,36.525,ThermoFresh,ThermoFresh,8.841923076923099
Salmo trutta,Ancylus fluviatilis,GloBI,eats;preysOn,,27.6830769230769,34.9,ThermoFresh,ThermoFresh,7.2169230769230985
Salmo trutta,Anguilla anguilla,GloBI,preysOn,,27.6830769230769,35.12,ThermoFresh,ComteOlden,7.436923076923097
Salmo trutta,Aphelocheirus aestivalis,GloBI,preysOn,,27.6830769230769,34.53,ThermoFresh,ThermoFresh,6.846923076923101
Salmo trutta,Asellus aquaticus,GloBI,eats;preysOn,,27.6830769230769,32.8678947368421,ThermoFresh,ThermoFresh,5.1848178137652035
Salmo trutta,Astacus leptodactylus,GloBI,preysOn,,27.6830769230769,37.8666666666667,ThermoFresh,ThermoFresh,10.183589743589803
Salmo trutta,Baetis rhodani,GloBI,eats;preysOn,,27.6830769230769,25.1,ThermoFresh,ThermoFresh,2.5830769230768986
Salmo trutta,Barbatula barbatula,GloBI,preysOn,,27.6830769230769,29.5285714285714,ThermoFresh,ThermoFresh,1.8454945054945
Salmo trutta,Barbus barbus,GloBI,preysOn,,27.6830769230769,29.2,ThermoFresh,ThermoFresh,1.5169230769230992
Salmo trutta,Barbus caninus,GloBI,preysOn,,27.6830769230769,32.7,ThermoFresh,ComteOlden,5.016923076923103
Salmo trutta,Barbus plebejus,GloBI,preysOn,,27.6830769230769,32.5,ThermoFresh,ComteOlden,4.8169230769231
Salmo trutta,Bithynia tentaculata,GloBI,eats;preysOn,,27.6830769230769,28.8166666666667,ThermoFresh,ThermoFresh,1.1335897435897984
Salmo trutta,Blicca bjoerkna,GloBI,preysOn,,27.6830769230769,30.86,ThermoFresh,ComteOlden,3.1769230769230994
Salmo trutta,Caenis luctuosa,GloBI,preysOn,,27.6830769230769,30.6,ThermoFresh,ThermoFresh,2.9169230769231014
Salmo trutta,Calopteryx virgo,GloBI,preysOn,,27.6830769230769,34.0225,ThermoFresh,ThermoFresh,6.339423076923101
Salmo trutta,Carassius carassius,GloBI,preysOn,,27.6830769230769,35.5365,ThermoFresh,ThermoFresh,7.853423076923097
Salmo trutta,Carassius gibelio,GloBI,preysOn,,27.6830769230769,36.1,ThermoFresh,ThermoFresh,8.416923076923101
Salmo trutta,Cheimarrichthys fosteri,GloBI,eats;preysOn,,27.6830769230769,33.37,ThermoFresh,ComteOlden,5.686923076923097
Salmo trutta,Chondrostoma nasus,GloBI,preysOn,,27.6830769230769,34.03,ThermoFresh,ComteOlden,6.346923076923101
Salmo trutta,Chondrostoma soetta,GloBI,preysOn,,27.6830769230769,31.86,ThermoFresh,ComteOlden,4.176923076923099
Salmo trutta,Clupea harengus,GloBI,eats;preysOn,,27.6830769230769,25.43,ThermoFresh,ComteOlden,2.2530769230769003
Salmo trutta,Cobitis bilineata,GloBI,preysOn,,27.6830769230769,33.54,ThermoFresh,ComteOlden,5.856923076923099
Salmo trutta,Cobitis taenia,GloBI,preysOn,,27.6830769230769,33.76,ThermoFresh,ComteOlden,6.076923076923098
Salmo trutta,Coenagrion puella,GloBI,preysOn,,27.6830769230769,42.995,ThermoFresh,ThermoFresh,15.311923076923097
Salmo trutta,Cordulegaster boltonii,GloBI,eats;preysOn,,27.6830769230769,38.0,ThermoFresh,ThermoFresh,10.3169230769231
Salmo trutta,Coregonus albula,GloBI,eats;preysOn,,27.6830769230769,28.68,ThermoFresh,ComteOlden,0.9969230769230997
Salmo trutta,Coregonus lavaretus,GloBI,eats;preysOn,,27.6830769230769,29.55,ThermoFresh,ComteOlden,1.8669230769231007
Salmo trutta,Corophium volutator,GloBI,eats;preysOn,,27.6830769230769,33.1452777775,ThermoFresh,ThermoFresh,5.462200854423099
Salmo trutta,Cottus gobio,GloBI,eats;preysOn,,27.6830769230769,30.32,ThermoFresh,ComteOlden,2.6369230769231002
Salmo trutta,Crangon crangon,GloBI,eats;preysOn,,27.6830769230769,34.1133333333333,ThermoFresh,ThermoFresh,6.430256410256401
Salmo trutta,Ctenopharyngodon idella,GloBI,preysOn,,27.6830769230769,39.5,ThermoFresh,ThermoFresh,11.8169230769231
Salmo trutta,Cyprinus carpio,GloBI,preysOn,,27.6830769230769,33.5484745762712,ThermoFresh,ThermoFresh,5.865397653194297
Salmo trutta,Deronectes latus,GloBI,preysOn,,27.6830769230769,37.04,ThermoFresh,ThermoFresh,9.356923076923099
Salmo trutta,Dikerogammarus villosus,GloBI,preysOn,,27.6830769230769,28.1328571428571,ThermoFresh,ThermoFresh,0.44978021978020166
Salmo trutta,Dinocras cephalotes,GloBI,preysOn,,27.6830769230769,34.6083333333333,ThermoFresh,ThermoFresh,6.925256410256399
Salmo trutta,Drusus annulatus,GloBI,preysOn,,27.6830769230769,28.8,ThermoFresh,ThermoFresh,1.1169230769231007
Salmo trutta,Ecdyonurus insignis,GloBI,preysOn,,27.6830769230769,32.34,ThermoFresh,ThermoFresh,4.656923076923103
Salmo trutta,Echinogammarus berilloni,GloBI,preysOn,,27.6830769230769,30.3333333333333,ThermoFresh,ThermoFresh,2.6502564102564
Salmo trutta,Echinogammarus ischnus,GloBI,preysOn,,27.6830769230769,31.5,ThermoFresh,ThermoFresh,3.8169230769231
Salmo trutta,Elmis aenea,GloBI,eats;preysOn,,27.6830769230769,33.8,ThermoFresh,ThermoFresh,6.116923076923097
Salmo trutta,Ephemera danica,GloBI,eats;preysOn,,27.6830769230769,36.7075,ThermoFresh,ThermoFresh,9.024423076923103
Salmo trutta,Esox lucius,GloBI,preysOn,,27.6830769230769,28.98,ThermoFresh,ComteOlden,1.2969230769231004
Salmo trutta,Etheostoma nigrum,GloBI,preysOn,,27.6830769230769,33.65,ThermoFresh,ThermoFresh,5.9669230769230985
Salmo trutta,Gadus morhua,GloBI,eats;preysOn,,27.6830769230769,25.39,ThermoFresh,ComteOlden,2.2930769230768995
Salmo trutta,Gammarus fossarum,GloBI,preysOn,,27.6830769230769,28.774,ThermoFresh,ThermoFresh,1.0909230769231009
Salmo trutta,Gammarus pulex,GloBI,eats;preysOn,,27.6830769230769,29.1161111111111,ThermoFresh,ThermoFresh,1.433034188034199
Salmo trutta,Gammarus roeselii,GloBI,preysOn,,27.6830769230769,30.184,ThermoFresh,ThermoFresh,2.500923076923101
Salmo trutta,Gammarus tigrinus,GloBI,preysOn,,27.6830769230769,32.6985714285714,ThermoFresh,ThermoFresh,5.015494505494498
Salmo trutta,Gasterosteus aculeatus,GloBI,eats;preysOn,,27.6830769230769,31.6655882352941,ThermoFresh,ThermoFresh,3.9825113122171985
Salmo trutta,Gobio gobio,GloBI,eats;preysOn,,27.6830769230769,33.75,ThermoFresh,ThermoFresh,6.0669230769231
Salmo trutta,Gobius niger,GloBI,preysOn,,27.6830769230769,33.5,ThermoFresh,ThermoFresh,5.8169230769231
Salmo trutta,Gobius paganellus,GloBI,preysOn,,27.6830769230769,34.3333333333333,ThermoFresh,ThermoFresh,6.6502564102564
Salmo trutta,Gymnocephalus cernua,GloBI,eats;preysOn,,27.6830769230769,34.5,ThermoFresh,ThermoFresh,6.8169230769231
Salmo trutta,Heptagenia sulphurea,GloBI,eats;preysOn,,27.6830769230769,30.2,ThermoFresh,ThermoFresh,2.5169230769230992
Salmo trutta,Hydropsyche pellucidula,GloBI,eats;preysOn,,27.6830769230769,25.5,ThermoFresh,ThermoFresh,2.1830769230769
Salmo trutta,Hypophthalmichthys molitrix,GloBI,preysOn,,27.6830769230769,36.27,ThermoFresh,ComteOlden,8.586923076923103
Salmo trutta,Hypophthalmichthys nobilis,GloBI,preysOn,,27.6830769230769,37.92,ThermoFresh,ComteOlden,10.236923076923102
Salmo trutta,Ischnura elegans,GloBI,preysOn,,27.6830769230769,43.7361538461539,ThermoFresh,ThermoFresh,16.053076923076997
Salmo trutta,Ischnura pumilio,GloBI,preysOn,,27.6830769230769,45.515,ThermoFresh,ThermoFresh,17.8319230769231
Salmo trutta,Lepomis gibbosus,GloBI,preysOn,,27.6830769230769,33.8035,ThermoFresh,ThermoFresh,6.1204230769231
Salmo trutta,Lepomis macrochirus,GloBI,eats;preysOn,,27.6830769230769,36.8636,ThermoFresh,ThermoFresh,9.180523076923098
Salmo trutta,Leucaspius delineatus,GloBI,preysOn,,27.6830769230769,34.3566666666667,ThermoFresh,ThermoFresh,6.6735897435897975
Salmo trutta,Leuciscus aspius,GloBI,preysOn,,27.6830769230769,34.92,ThermoFresh,ComteOlden,7.236923076923102
Salmo trutta,Leuciscus leuciscus,GloBI,eats;preysOn,,27.6830769230769,32.57,ThermoFresh,ComteOlden,4.8869230769231
Salmo trutta,Leuctra fusca,GloBI,eats;preysOn,,27.6830769230769,30.1,ThermoFresh,ThermoFresh,2.4169230769231014
Salmo trutta,Limnius volckmari,GloBI,eats;preysOn,,27.6830769230769,33.7775,ThermoFresh,ThermoFresh,6.094423076923103
Salmo trutta,Lota lota,GloBI,preysOn,,27.6830769230769,27.11875,ThermoFresh,ThermoFresh,0.5643269230769015
Salmo trutta,Lymnaea stagnalis,GloBI,eats;preysOn,,27.6830769230769,39.50856164,ThermoFresh,ThermoFresh,11.825484716923103
Salmo trutta,Micropterus salmoides,GloBI,preysOn,,27.6830769230769,36.4,ThermoFresh,ThermoFresh,8.716923076923099
Salmo trutta,Nemurella pictetii,GloBI,eats;preysOn,,27.6830769230769,30.1,ThermoFresh,ThermoFresh,2.4169230769231014
Salmo trutta,Neogobius melanostomus,GloBI,preysOn,,27.6830769230769,33.726,ThermoFresh,ThermoFresh,6.042923076923099
Salmo trutta,Notropis hudsonius,GloBI,preysOn,,27.6830769230769,31.21,ThermoFresh,ComteOlden,3.526923076923101
Salmo trutta,Oncorhynchus mykiss,GloBI,eats;preysOn,,27.6830769230769,28.6755405405405,ThermoFresh,ThermoFresh,0.9924636174635992
Salmo trutta,Osmerus eperlanus,GloBI,eats;preysOn,,27.6830769230769,27.8,ThermoFresh,ComteOlden,0.11692307692310067
Salmo trutta,Osmerus mordax,GloBI,preysOn,,27.6830769230769,25.9,ThermoFresh,ThermoFresh,1.7830769230769015
Salmo trutta,Padogobius bonelli,GloBI,preysOn,,27.6830769230769,31.74,ThermoFresh,ComteOlden,4.056923076923098
Salmo trutta,Parachondrostoma toxostoma,GloBI,preysOn,,27.6830769230769,34.17,ThermoFresh,ComteOlden,6.486923076923102
Salmo trutta,Perca fluviatilis,GloBI,eats;preysOn,,27.6830769230769,28.6920833333333,ThermoFresh,ThermoFresh,1.0090064102564007
Salmo trutta,Petromyzon marinus,GloBI,eats;preysOn,,27.6830769230769,33.8833333333333,ThermoFresh,ThermoFresh,6.200256410256397
Salmo trutta,Phoxinus lumaireul,GloBI,eats;preysOn,,27.6830769230769,29.52,ThermoFresh,ComteOlden,1.8369230769230995
Salmo trutta,Physa fontinalis,GloBI,eats;preysOn,,27.6830769230769,37.2433333333333,ThermoFresh,ThermoFresh,9.560256410256397
Salmo trutta,Planorbis carinatus,GloBI,preysOn,,27.6830769230769,40.3033333333333,ThermoFresh,ThermoFresh,12.620256410256399
Salmo trutta,Planorbis planorbis,GloBI,preysOn,,27.6830769230769,39.8433333333333,ThermoFresh,ThermoFresh,12.160256410256398
Salmo trutta,Pomatoschistus minutus,GloBI,eats;preysOn,,27.6830769230769,28.4,ThermoFresh,ThermoFresh,0.7169230769230985
Salmo trutta,Ponticola kessleri,GloBI,preysOn,,27.6830769230769,34.03,ThermoFresh,ComteOlden,6.346923076923101
Salmo trutta,Potamopyrgus antipodarum,GloBI,eats;preysOn,,27.6830769230769,27.9033333333333,ThermoFresh,ThermoFresh,0.22025641025640041
Salmo trutta,Pseudorasbora parva,GloBI,preysOn,,27.6830769230769,38.515,ThermoFresh,ThermoFresh,10.8319230769231
Salmo trutta,Pungitius pungitius,GloBI,eats;preysOn,,27.6830769230769,29.85,ThermoFresh,ThermoFresh,2.1669230769231014
Salmo trutta,Rhinichthys osculus,GloBI,preysOn,,27.6830769230769,35.0053333333333,ThermoFresh,ThermoFresh,7.322256410256397
Salmo trutta,Rhithrogena semicolorata,GloBI,eats;preysOn,,27.6830769230769,25.33,ThermoFresh,ThermoFresh,2.3530769230769017
Salmo trutta,Rhodeus amarus,GloBI,preysOn,,27.6830769230769,34.1,ThermoFresh,ComteOlden,6.416923076923101
Salmo trutta,Rhyacophila dorsalis,GloBI,eats;preysOn,,27.6830769230769,22.0,ThermoFresh,ThermoFresh,5.6830769230769
Salmo trutta,Romanogobio benacensis,GloBI,preysOn,,27.6830769230769,30.28,ThermoFresh,ComteOlden,2.596923076923101
Salmo trutta,Rutilus aula,GloBI,preysOn,,27.6830769230769,32.32,ThermoFresh,ComteOlden,4.6369230769231
Salmo trutta,Rutilus pigus,GloBI,preysOn,,27.6830769230769,33.59,ThermoFresh,ComteOlden,5.906923076923103
Salmo trutta,Rutilus rutilus,GloBI,eats;preysOn,,27.6830769230769,28.5058333333333,ThermoFresh,ThermoFresh,0.8227564102563996
Salmo trutta,Sabanejewia larvata,GloBI,preysOn,,27.6830769230769,32.71,ThermoFresh,ComteOlden,5.026923076923101
Salmo trutta,Salariopsis fluviatilis,GloBI,preysOn,,27.6830769230769,34.96,ThermoFresh,ComteOlden,7.276923076923101
Salmo trutta,Salmo labrax,GloBI,preysOn,,27.6830769230769,32.32,ThermoFresh,ComteOlden,4.6369230769231
Salmo trutta,Salmo marmoratus,GloBI,preysOn,,27.6830769230769,30.21,ThermoFresh,ComteOlden,2.526923076923101
Salmo trutta,Salmo salar,GloBI,eats;preysOn,,27.6830769230769,30.3326495726496,ThermoFresh,ThermoFresh,2.6495726495727006
Salmo trutta,Salvelinus alpinus,GloBI,preysOn,,27.6830769230769,25.7485714285714,ThermoFresh,ThermoFresh,1.9345054945055011
Salmo trutta,Salvelinus fontinalis,GloBI,eats;preysOn,,27.6830769230769,28.9883333333333,ThermoFresh,ThermoFresh,1.3052564102564013
Salmo trutta,Salvelinus namaycush,GloBI,preysOn,,27.6830769230769,27.385,ThermoFresh,ThermoFresh,0.2980769230768985
Salmo trutta,Sander lucioperca,GloBI,eats;preysOn,,27.6830769230769,35.4428571428571,ThermoFresh,ThermoFresh,7.7597802197802
Salmo trutta,Scardinius erythrophthalmus,GloBI,preysOn,,27.6830769230769,34.94,ThermoFresh,ComteOlden,7.256923076923098
Salmo trutta,Serratella ignita,GloBI,eats;preysOn,,27.6830769230769,32.3,ThermoFresh,ThermoFresh,4.616923076923097
Salmo trutta,Sialis lutaria,GloBI,eats;preysOn,,27.6830769230769,31.4,ThermoFresh,ThermoFresh,3.7169230769230985
Salmo trutta,Silurus glanis,GloBI,preysOn,,27.6830769230769,36.15,ThermoFresh,ComteOlden,8.466923076923099
Salmo trutta,Simulium vittatum,GloBI,eats;preysOn,,27.6830769230769,31.4,ThermoFresh,ThermoFresh,3.7169230769230985
Salmo trutta,Squalius cephalus,GloBI,preysOn,,27.6830769230769,36.48,ThermoFresh,ThermoFresh,8.796923076923097
Salmo trutta,Telestes muticellus,GloBI,preysOn,,27.6830769230769,33.48,ThermoFresh,ComteOlden,5.796923076923097
Salmo trutta,Telestes souffia,GloBI,preysOn,,27.6830769230769,33.18,ThermoFresh,ComteOlden,5.4969230769231
Salmo trutta,Thymallus thymallus,GloBI,preysOn,,27.6830769230769,29.4333333333333,ThermoFresh,ThermoFresh,1.7502564102564016
Salmo trutta,Tinca tinca,GloBI,preysOn,,27.6830769230769,35.6875,ThermoFresh,ThermoFresh,8.0044230769231
Salvelinus alpinus,Chanos chanos,GloBI,eats;preysOn,,25.7485714285714,40.555,ThermoFresh,ThermoFresh,14.8064285714286
Salvelinus alpinus,Clupea harengus,GloBI,eats,,25.7485714285714,25.43,ThermoFresh,ComteOlden,0.3185714285713992
Salvelinus alpinus,Coregonus albula,GloBI,eats;preysOn,,25.7485714285714,28.68,ThermoFresh,ComteOlden,2.931428571428601
Salvelinus alpinus,Coregonus lavaretus,GloBI,eats;preysOn,,25.7485714285714,29.55,ThermoFresh,ComteOlden,3.801428571428602
Salvelinus alpinus,Cottus aleuticus,GloBI,eats;preysOn,,25.7485714285714,29.52,ThermoFresh,ComteOlden,3.7714285714286007
Salvelinus alpinus,Cottus gobio,GloBI,eats,,25.7485714285714,30.32,ThermoFresh,ComteOlden,4.571428571428601
Salvelinus alpinus,Etheostoma nigrum,GloBI,preysOn,,25.7485714285714,33.65,ThermoFresh,ThermoFresh,7.9014285714286
Salvelinus alpinus,Gammarus pulex,GloBI,eats;preysOn,,25.7485714285714,29.1161111111111,ThermoFresh,ThermoFresh,3.3675396825397
Salvelinus alpinus,Gasterosteus aculeatus,GloBI,eats;preysOn,,25.7485714285714,31.6655882352941,ThermoFresh,ThermoFresh,5.9170168067227
Salvelinus alpinus,Gymnocephalus cernua,GloBI,eats;preysOn,,25.7485714285714,34.5,ThermoFresh,ThermoFresh,8.751428571428601
Salvelinus alpinus,Lepomis macrochirus,GloBI,preysOn,,25.7485714285714,36.8636,ThermoFresh,ThermoFresh,11.1150285714286
Salvelinus alpinus,Notropis hudsonius,GloBI,preysOn,,25.7485714285714,31.21,ThermoFresh,ComteOlden,5.461428571428602
Salvelinus alpinus,Oncorhynchus kisutch,GloBI,eats;preysOn,,25.7485714285714,27.6965,ThermoFresh,ThermoFresh,1.9479285714286014
Salvelinus alpinus,Oncorhynchus nerka,GloBI,eats;preysOn,,25.7485714285714,27.2636363636364,ThermoFresh,ThermoFresh,1.515064935065002
Salvelinus alpinus,Osmerus eperlanus,GloBI,eats;preysOn,,25.7485714285714,27.8,ThermoFresh,ComteOlden,2.051428571428602
Salvelinus alpinus,Osmerus mordax,GloBI,preysOn,,25.7485714285714,25.9,ThermoFresh,ThermoFresh,0.15142857142859967
Salvelinus alpinus,Perca fluviatilis,GloBI,eats;preysOn,,25.7485714285714,28.6920833333333,ThermoFresh,ThermoFresh,2.943511904761902
Salvelinus alpinus,Petromyzon marinus,GloBI,eats,,25.7485714285714,33.8833333333333,ThermoFresh,ThermoFresh,8.134761904761898
Salvelinus alpinus,Potamopyrgus antipodarum,GloBI,eats,,25.7485714285714,27.9033333333333,ThermoFresh,ThermoFresh,2.1547619047619015
Salvelinus alpinus,Pungitius pungitius,GloBI,eats;preysOn,,25.7485714285714,29.85,ThermoFresh,ThermoFresh,4.1014285714286025
Salvelinus alpinus,Rhinichthys osculus,GloBI,preysOn,,25.7485714285714,35.0053333333333,ThermoFresh,ThermoFresh,9.256761904761898
Salvelinus alpinus,Rutilus rutilus,GloBI,eats;preysOn,,25.7485714285714,28.5058333333333,ThermoFresh,ThermoFresh,2.7572619047619007
Salvelinus alpinus,Salmo salar,GloBI,eats;preysOn,,25.7485714285714,30.3326495726496,ThermoFresh,ThermoFresh,4.584078144078202
Salvelinus alpinus,Sander lucioperca,GloBI,eats,,25.7485714285714,35.4428571428571,ThermoFresh,ThermoFresh,9.694285714285702
Salvelinus alpinus,Simulium vittatum,GloBI,eats,,25.7485714285714,31.4,ThermoFresh,ThermoFresh,5.6514285714286
Salvelinus fontinalis,Abramis brama,GloBI,preysOn,,28.9883333333333,30.32,ThermoFresh,ComteOlden,1.331666666666699
Salvelinus fontinalis,Acipenser naccarii,GloBI,preysOn,,28.9883333333333,33.83,ThermoFresh,ComteOlden,4.841666666666697
Salvelinus fontinalis,Acipenser sturio,GloBI,preysOn,,28.9883333333333,32.52,ThermoFresh,ComteOlden,3.531666666666702
Salvelinus fontinalis,Agabus bipustulatus,GloBI,preysOn,,28.9883333333333,37.07,ThermoFresh,ThermoFresh,8.081666666666699
Salvelinus fontinalis,Agapetus fuscipes,GloBI,preysOn,,28.9883333333333,25.8,ThermoFresh,ThermoFresh,3.1883333333333006
Salvelinus fontinalis,Alburnus alburnus,GloBI,preysOn,,28.9883333333333,37.7,ThermoFresh,ThermoFresh,8.711666666666702
Salvelinus fontinalis,Alburnus arborella,GloBI,preysOn,,28.9883333333333,35.64,ThermoFresh,ComteOlden,6.651666666666699
Salvelinus fontinalis,Alosa fallax,GloBI,preysOn,,28.9883333333333,32.31,ThermoFresh,ComteOlden,3.321666666666701
Salvelinus fontinalis,Ameiurus nebulosus,GloBI,preysOn,,28.9883333333333,38.1,ThermoFresh,ThermoFresh,9.1116666666667
Salvelinus fontinalis,Anguilla anguilla,GloBI,preysOn,,28.9883333333333,35.12,ThermoFresh,ComteOlden,6.131666666666696
Salvelinus fontinalis,Aphelocheirus aestivalis,GloBI,preysOn,,28.9883333333333,34.53,ThermoFresh,ThermoFresh,5.5416666666667
Salvelinus fontinalis,Astacus leptodactylus,GloBI,preysOn,,28.9883333333333,37.8666666666667,ThermoFresh,ThermoFresh,8.878333333333401
Salvelinus fontinalis,Baetis bicaudatus,GloBI,eats;preysOn,,28.9883333333333,27.825,ThermoFresh,ThermoFresh,1.163333333333302
Salvelinus fontinalis,Baetis rhodani,GloBI,preysOn,,28.9883333333333,25.1,ThermoFresh,ThermoFresh,3.8883333333333
Salvelinus fontinalis,Barbatula barbatula,GloBI,preysOn,,28.9883333333333,29.5285714285714,ThermoFresh,ThermoFresh,0.5402380952380987
Salvelinus fontinalis,Barbus barbus,GloBI,preysOn,,28.9883333333333,29.2,ThermoFresh,ThermoFresh,0.21166666666669798
Salvelinus fontinalis,Barbus caninus,GloBI,preysOn,,28.9883333333333,32.7,ThermoFresh,ComteOlden,3.7116666666667015
Salvelinus fontinalis,Barbus plebejus,GloBI,preysOn,,28.9883333333333,32.5,ThermoFresh,ComteOlden,3.5116666666666987
Salvelinus fontinalis,Blicca bjoerkna,GloBI,preysOn,,28.9883333333333,30.86,ThermoFresh,ComteOlden,1.8716666666666981
Salvelinus fontinalis,Caenis luctuosa,GloBI,preysOn,,28.9883333333333,30.6,ThermoFresh,ThermoFresh,1.6116666666667
Salvelinus fontinalis,Calopteryx virgo,GloBI,preysOn,,28.9883333333333,34.0225,ThermoFresh,ThermoFresh,5.0341666666666995
Salvelinus fontinalis,Carassius carassius,GloBI,preysOn,,28.9883333333333,35.5365,ThermoFresh,ThermoFresh,6.548166666666695
Salvelinus fontinalis,Carassius gibelio,GloBI,preysOn,,28.9883333333333,36.1,ThermoFresh,ThermoFresh,7.1116666666667
Salvelinus fontinalis,Catostomus commersonii,GloBI,preysOn,,28.9883333333333,33.17,ThermoFresh,ThermoFresh,4.1816666666667
Salvelinus fontinalis,Chondrostoma nasus,GloBI,preysOn,,28.9883333333333,34.03,ThermoFresh,ComteOlden,5.0416666666667
Salvelinus fontinalis,Chondrostoma soetta,GloBI,preysOn,,28.9883333333333,31.86,ThermoFresh,ComteOlden,2.871666666666698
Salvelinus fontinalis,Chrosomus eos,GloBI,preysOn,,28.9883333333333,31.09,ThermoFresh,ComteOlden,2.1016666666666985
Salvelinus fontinalis,Cobitis bilineata,GloBI,preysOn,,28.9883333333333,33.54,ThermoFresh,ComteOlden,4.551666666666698
Salvelinus fontinalis,Cobitis taenia,GloBI,preysOn,,28.9883333333333,33.76,ThermoFresh,ComteOlden,4.771666666666697
Salvelinus fontinalis,Coenagrion puella,GloBI,preysOn,,28.9883333333333,42.995,ThermoFresh,ThermoFresh,14.006666666666696
Salvelinus fontinalis,Cottus bairdii,GloBI,eats;preysOn,,28.9883333333333,31.334,ThermoFresh,ThermoFresh,2.3456666666666983
Salvelinus fontinalis,Cottus cognatus,GloBI,preysOn,,28.9883333333333,25.6571428571429,ThermoFresh,ThermoFresh,3.3311904761904003
Salvelinus fontinalis,Cottus gobio,GloBI,preysOn,,28.9883333333333,30.32,ThermoFresh,ComteOlden,1.331666666666699
Salvelinus fontinalis,Ctenopharyngodon idella,GloBI,preysOn,,28.9883333333333,39.5,ThermoFresh,ThermoFresh,10.511666666666699
Salvelinus fontinalis,Culaea inconstans,GloBI,eats;preysOn,,28.9883333333333,31.35,ThermoFresh,ComteOlden,2.3616666666667
Salvelinus fontinalis,Cyprinus carpio,GloBI,preysOn,,28.9883333333333,33.5484745762712,ThermoFresh,ThermoFresh,4.560141242937895
Salvelinus fontinalis,Deronectes latus,GloBI,preysOn,,28.9883333333333,37.04,ThermoFresh,ThermoFresh,8.051666666666698
Salvelinus fontinalis,Dikerogammarus villosus,GloBI,preysOn,,28.9883333333333,28.1328571428571,ThermoFresh,ThermoFresh,0.8554761904761996
Salvelinus fontinalis,Dinocras cephalotes,GloBI,preysOn,,28.9883333333333,34.6083333333333,ThermoFresh,ThermoFresh,5.619999999999997
Salvelinus fontinalis,Drunella coloradensis,GloBI,eats;preysOn,,28.9883333333333,29.5,ThermoFresh,ThermoFresh,0.5116666666666987
Salvelinus fontinalis,Drusus annulatus,GloBI,preysOn,,28.9883333333333,28.8,ThermoFresh,ThermoFresh,0.1883333333333006
Salvelinus fontinalis,Ecdyonurus insignis,GloBI,preysOn,,28.9883333333333,32.34,ThermoFresh,ThermoFresh,3.351666666666702
Salvelinus fontinalis,Echinogammarus berilloni,GloBI,preysOn,,28.9883333333333,30.3333333333333,ThermoFresh,ThermoFresh,1.3449999999999989
Salvelinus fontinalis,Echinogammarus ischnus,GloBI,preysOn,,28.9883333333333,31.5,ThermoFresh,ThermoFresh,2.5116666666666987
Salvelinus fontinalis,Electrona antarctica,GloBI,preysOn,,28.9883333333333,31.24,ThermoFresh,ComteOlden,2.251666666666697
Salvelinus fontinalis,Epeorus longimanus,GloBI,eats;preysOn,,28.9883333333333,29.2,ThermoFresh,ThermoFresh,0.21166666666669798
Salvelinus fontinalis,Ephemera danica,GloBI,preysOn,,28.9883333333333,36.7075,ThermoFresh,ThermoFresh,7.719166666666702
Salvelinus fontinalis,Ephemerella dorothea,GloBI,preysOn,,28.9883333333333,32.3,ThermoFresh,ThermoFresh,3.311666666666696
Salvelinus fontinalis,Esox lucius,GloBI,preysOn,,28.9883333333333,28.98,ThermoFresh,ComteOlden,0.008333333333300885
Salvelinus fontinalis,Fundulus diaphanus,GloBI,preysOn,,28.9883333333333,37.87,ThermoFresh,ComteOlden,8.881666666666696
Salvelinus fontinalis,Gammarus fossarum,GloBI,preysOn,,28.9883333333333,28.774,ThermoFresh,ThermoFresh,0.2143333333333004
Salvelinus fontinalis,Gammarus pulex,GloBI,preysOn,,28.9883333333333,29.1161111111111,ThermoFresh,ThermoFresh,0.12777777777779775
Salvelinus fontinalis,Gammarus roeselii,GloBI,preysOn,,28.9883333333333,30.184,ThermoFresh,ThermoFresh,1.1956666666666997
Salvelinus fontinalis,Gammarus tigrinus,GloBI,preysOn,,28.9883333333333,32.6985714285714,ThermoFresh,ThermoFresh,3.710238095238097
Salvelinus fontinalis,Gasterosteus aculeatus,GloBI,preysOn,,28.9883333333333,31.6655882352941,ThermoFresh,ThermoFresh,2.677254901960797
Salvelinus fontinalis,Gobio gobio,GloBI,preysOn,,28.9883333333333,33.75,ThermoFresh,ThermoFresh,4.761666666666699
Salvelinus fontinalis,Gymnocephalus cernua,GloBI,preysOn,,28.9883333333333,34.5,ThermoFresh,ThermoFresh,5.511666666666699
Salvelinus fontinalis,Heptagenia sulphurea,GloBI,preysOn,,28.9883333333333,30.2,ThermoFresh,ThermoFresh,1.211666666666698
Salvelinus fontinalis,Hyalella azteca,GloBI,preysOn,,28.9883333333333,41.1175,ThermoFresh,ThermoFresh,12.129166666666698
Salvelinus fontinalis,Hydropsyche pellucidula,GloBI,preysOn,,28.9883333333333,25.5,ThermoFresh,ThermoFresh,3.4883333333333013
Salvelinus fontinalis,Hypophthalmichthys molitrix,GloBI,preysOn,,28.9883333333333,36.27,ThermoFresh,ComteOlden,7.281666666666702
Salvelinus fontinalis,Hypophthalmichthys nobilis,GloBI,preysOn,,28.9883333333333,37.92,ThermoFresh,ComteOlden,8.9316666666667
Salvelinus fontinalis,Ischnura elegans,GloBI,preysOn,,28.9883333333333,43.7361538461539,ThermoFresh,ThermoFresh,14.747820512820596
Salvelinus fontinalis,Ischnura pumilio,GloBI,preysOn,,28.9883333333333,45.515,ThermoFresh,ThermoFresh,16.5266666666667
Salvelinus fontinalis,Lepomis gibbosus,GloBI,preysOn,,28.9883333333333,33.8035,ThermoFresh,ThermoFresh,4.815166666666698
Salvelinus fontinalis,Leucaspius delineatus,GloBI,preysOn,,28.9883333333333,34.3566666666667,ThermoFresh,ThermoFresh,5.368333333333396
Salvelinus fontinalis,Leuciscus aspius,GloBI,preysOn,,28.9883333333333,34.92,ThermoFresh,ComteOlden,5.9316666666667
Salvelinus fontinalis,Leuciscus leuciscus,GloBI,preysOn,,28.9883333333333,32.57,ThermoFresh,ComteOlden,3.581666666666699
Salvelinus fontinalis,Leuctra fusca,GloBI,preysOn,,28.9883333333333,30.1,ThermoFresh,ThermoFresh,1.1116666666667
Salvelinus fontinalis,Lota lota,GloBI,preysOn,,28.9883333333333,27.11875,ThermoFresh,ThermoFresh,1.8695833333333027
Salvelinus fontinalis,Luxilus cornutus,GloBI,preysOn,,28.9883333333333,32.42,ThermoFresh,ThermoFresh,3.4316666666667004
Salvelinus fontinalis,Micropterus salmoides,GloBI,preysOn,,28.9883333333333,36.4,ThermoFresh,ThermoFresh,7.411666666666697
Salvelinus fontinalis,Nemurella pictetii,GloBI,preysOn,,28.9883333333333,30.1,ThermoFresh,ThermoFresh,1.1116666666667
Salvelinus fontinalis,Neogobius melanostomus,GloBI,preysOn,,28.9883333333333,33.726,ThermoFresh,ThermoFresh,4.737666666666698
Salvelinus fontinalis,Notemigonus crysoleucas,GloBI,preysOn,,28.9883333333333,33.0966666666667,ThermoFresh,ThermoFresh,4.108333333333398
Salvelinus fontinalis,Notropis heterolepis,GloBI,preysOn,,28.9883333333333,33.46,ThermoFresh,ComteOlden,4.4716666666666995
Salvelinus fontinalis,Oncorhynchus mykiss,GloBI,eats;preysOn,,28.9883333333333,28.6755405405405,ThermoFresh,ThermoFresh,0.31279279279280203
Salvelinus fontinalis,Osmerus mordax,GloBI,preysOn,,28.9883333333333,25.9,ThermoFresh,ThermoFresh,3.0883333333333027
Salvelinus fontinalis,Padogobius bonelli,GloBI,preysOn,,28.9883333333333,31.74,ThermoFresh,ComteOlden,2.751666666666697
Salvelinus fontinalis,Parachondrostoma toxostoma,GloBI,preysOn,,28.9883333333333,34.17,ThermoFresh,ComteOlden,5.1816666666667
Salvelinus fontinalis,Perca flavescens,GloBI,preysOn,,28.9883333333333,30.7,ThermoFresh,ComteOlden,1.711666666666698
Salvelinus fontinalis,Perca fluviatilis,GloBI,preysOn,,28.9883333333333,28.6920833333333,ThermoFresh,ThermoFresh,0.29625000000000057
Salvelinus fontinalis,Phoxinus lumaireul,GloBI,preysOn,,28.9883333333333,29.52,ThermoFresh,ComteOlden,0.5316666666666983
Salvelinus fontinalis,Pimephales notatus,GloBI,preysOn,,28.9883333333333,33.4533333333333,ThermoFresh,ThermoFresh,4.464999999999996
Salvelinus fontinalis,Pimephales promelas,GloBI,preysOn,,28.9883333333333,35.996338028169,ThermoFresh,ThermoFresh,7.008004694835698
Salvelinus fontinalis,Poecilia reticulata,GloBI,preysOn,,28.9883333333333,39.7275,ThermoFresh,ThermoFresh,10.739166666666698
Salvelinus fontinalis,Ponticola kessleri,GloBI,preysOn,,28.9883333333333,34.03,ThermoFresh,ComteOlden,5.0416666666667
Salvelinus fontinalis,Pseudorasbora parva,GloBI,preysOn,,28.9883333333333,38.515,ThermoFresh,ThermoFresh,9.5266666666667
Salvelinus fontinalis,Pungitius pungitius,GloBI,preysOn,,28.9883333333333,29.85,ThermoFresh,ThermoFresh,0.8616666666667001
Salvelinus fontinalis,Rhinichthys atratulus,GloBI,preysOn,,28.9883333333333,34.043,ThermoFresh,ThermoFresh,5.054666666666698
Salvelinus fontinalis,Rhithrogena semicolorata,GloBI,preysOn,,28.9883333333333,25.33,ThermoFresh,ThermoFresh,3.658333333333303
Salvelinus fontinalis,Rhodeus amarus,GloBI,preysOn,,28.9883333333333,34.1,ThermoFresh,ComteOlden,5.1116666666667
Salvelinus fontinalis,Rhyacophila brunnea,GloBI,eats;preysOn,,28.9883333333333,30.2,ThermoFresh,ThermoFresh,1.211666666666698
Salvelinus fontinalis,Rhyacophila dorsalis,GloBI,preysOn,,28.9883333333333,22.0,ThermoFresh,ThermoFresh,6.988333333333301
Salvelinus fontinalis,Rutilus aula,GloBI,preysOn,,28.9883333333333,32.32,ThermoFresh,ComteOlden,3.331666666666699
Salvelinus fontinalis,Rutilus pigus,GloBI,preysOn,,28.9883333333333,33.59,ThermoFresh,ComteOlden,4.601666666666702
Salvelinus fontinalis,Rutilus rutilus,GloBI,preysOn,,28.9883333333333,28.5058333333333,ThermoFresh,ThermoFresh,0.4825000000000017
Salvelinus fontinalis,Sabanejewia larvata,GloBI,preysOn,,28.9883333333333,32.71,ThermoFresh,ComteOlden,3.7216666666666995
Salvelinus fontinalis,Salariopsis fluviatilis,GloBI,preysOn,,28.9883333333333,34.96,ThermoFresh,ComteOlden,5.9716666666666995
Salvelinus fontinalis,Salmo labrax,GloBI,preysOn,,28.9883333333333,32.32,ThermoFresh,ComteOlden,3.331666666666699
Salvelinus fontinalis,Salmo marmoratus,GloBI,preysOn,,28.9883333333333,30.21,ThermoFresh,ComteOlden,1.2216666666666995
Salvelinus fontinalis,Salmo salar,GloBI,eats;preysOn,,28.9883333333333,30.3326495726496,ThermoFresh,ThermoFresh,1.3443162393162993
Salvelinus fontinalis,Salmo trutta,GloBI,eats;preysOn,,28.9883333333333,27.6830769230769,ThermoFresh,ThermoFresh,1.3052564102564013
Salvelinus fontinalis,Salvelinus alpinus,GloBI,preysOn,,28.9883333333333,25.7485714285714,ThermoFresh,ThermoFresh,3.2397619047619024
Salvelinus fontinalis,Salvelinus namaycush,GloBI,preysOn,,28.9883333333333,27.385,ThermoFresh,ThermoFresh,1.6033333333332997
Salvelinus fontinalis,Sander lucioperca,GloBI,preysOn,,28.9883333333333,35.4428571428571,ThermoFresh,ThermoFresh,6.454523809523799
Salvelinus fontinalis,Scardinius erythrophthalmus,GloBI,preysOn,,28.9883333333333,34.94,ThermoFresh,ComteOlden,5.951666666666696
Salvelinus fontinalis,Semotilus atromaculatus,GloBI,preysOn,,28.9883333333333,34.875,ThermoFresh,ThermoFresh,5.886666666666699
Salvelinus fontinalis,Serratella ignita,GloBI,preysOn,,28.9883333333333,32.3,ThermoFresh,ThermoFresh,3.311666666666696
Salvelinus fontinalis,Sialis lutaria,GloBI,preysOn,,28.9883333333333,31.4,ThermoFresh,ThermoFresh,2.4116666666666973
Salvelinus fontinalis,Silurus glanis,GloBI,preysOn,,28.9883333333333,36.15,ThermoFresh,ComteOlden,7.161666666666697
Salvelinus fontinalis,Squalius cephalus,GloBI,preysOn,,28.9883333333333,36.48,ThermoFresh,ThermoFresh,7.491666666666696
Salvelinus fontinalis,Telestes muticellus,GloBI,preysOn,,28.9883333333333,33.48,ThermoFresh,ComteOlden,4.491666666666696
Salvelinus fontinalis,Telestes souffia,GloBI,preysOn,,28.9883333333333,33.18,ThermoFresh,ComteOlden,4.191666666666698
Salvelinus fontinalis,Thymallus thymallus,GloBI,preysOn,,28.9883333333333,29.4333333333333,ThermoFresh,ThermoFresh,0.4450000000000003
Salvelinus fontinalis,Tinca tinca,GloBI,preysOn,,28.9883333333333,35.6875,ThermoFresh,ThermoFresh,6.699166666666699
Salvelinus leucomaenis,Oncorhynchus gorbuscha,GloBI,preysOn,,25.28,26.95,ComteOlden,ComteOlden,1.6699999999999982
Salvelinus leucomaenis,Osmerus dentex,GloBI,preysOn,,25.28,25.49,ComteOlden,ComteOlden,0.2099999999999973
Salvelinus leucomaenis,Osmerus mordax,GloBI,preysOn,,25.28,25.9,ComteOlden,ThermoFresh,0.6199999999999974
Salvelinus namaycush,Abramis brama,GloBI,preysOn,,27.385,30.32,ThermoFresh,ComteOlden,2.9349999999999987
Salvelinus namaycush,Acipenser naccarii,GloBI,preysOn,,27.385,33.83,ThermoFresh,ComteOlden,6.444999999999997
Salvelinus namaycush,Acipenser sturio,GloBI,preysOn,,27.385,32.52,ThermoFresh,ComteOlden,5.135000000000002
Salvelinus namaycush,Agabus bipustulatus,GloBI,preysOn,,27.385,37.07,ThermoFresh,ThermoFresh,9.684999999999999
Salvelinus namaycush,Agapetus fuscipes,GloBI,preysOn,,27.385,25.8,ThermoFresh,ThermoFresh,1.5850000000000009
Salvelinus namaycush,Alburnus alburnus,GloBI,preysOn,,27.385,37.7,ThermoFresh,ThermoFresh,10.315000000000001
Salvelinus namaycush,Alburnus arborella,GloBI,preysOn,,27.385,35.64,ThermoFresh,ComteOlden,8.254999999999999
Salvelinus namaycush,Alosa fallax,GloBI,preysOn,,27.385,32.31,ThermoFresh,ComteOlden,4.925000000000001
Salvelinus namaycush,Alosa pseudoharengus,GloBI,eats;preysOn,,27.385,30.4625,ThermoFresh,ThermoFresh,3.077499999999997
Salvelinus namaycush,Ameiurus nebulosus,GloBI,preysOn,,27.385,38.1,ThermoFresh,ThermoFresh,10.715
Salvelinus namaycush,Anguilla anguilla,GloBI,preysOn,,27.385,35.12,ThermoFresh,ComteOlden,7.734999999999996
Salvelinus namaycush,Aphelocheirus aestivalis,GloBI,preysOn,,27.385,34.53,ThermoFresh,ThermoFresh,7.145
Salvelinus namaycush,Astacus leptodactylus,GloBI,preysOn,,27.385,37.8666666666667,ThermoFresh,ThermoFresh,10.481666666666701
Salvelinus namaycush,Baetis rhodani,GloBI,preysOn,,27.385,25.1,ThermoFresh,ThermoFresh,2.285
Salvelinus namaycush,Barbatula barbatula,GloBI,preysOn,,27.385,29.5285714285714,ThermoFresh,ThermoFresh,2.1435714285713985
Salvelinus namaycush,Barbus barbus,GloBI,preysOn,,27.385,29.2,ThermoFresh,ThermoFresh,1.8149999999999977
Salvelinus namaycush,Barbus caninus,GloBI,preysOn,,27.385,32.7,ThermoFresh,ComteOlden,5.315000000000001
Salvelinus namaycush,Barbus plebejus,GloBI,preysOn,,27.385,32.5,ThermoFresh,ComteOlden,5.114999999999998
Salvelinus namaycush,Blicca bjoerkna,GloBI,preysOn,,27.385,30.86,ThermoFresh,ComteOlden,3.474999999999998
Salvelinus namaycush,Caenis luctuosa,GloBI,preysOn,,27.385,30.6,ThermoFresh,ThermoFresh,3.215
Salvelinus namaycush,Calopteryx virgo,GloBI,preysOn,,27.385,34.0225,ThermoFresh,ThermoFresh,6.637499999999999
Salvelinus namaycush,Carassius carassius,GloBI,preysOn,,27.385,35.5365,ThermoFresh,ThermoFresh,8.151499999999995
Salvelinus namaycush,Carassius gibelio,GloBI,preysOn,,27.385,36.1,ThermoFresh,ThermoFresh,8.715
Salvelinus namaycush,Catostomus catostomus,GloBI,eats;preysOn,,27.385,27.27,ThermoFresh,ComteOlden,0.11500000000000199
Salvelinus namaycush,Catostomus commersonii,GloBI,preysOn,,27.385,33.17,ThermoFresh,ThermoFresh,5.785
Salvelinus namaycush,Chondrostoma nasus,GloBI,preysOn,,27.385,34.03,ThermoFresh,ComteOlden,6.645
Salvelinus namaycush,Chondrostoma soetta,GloBI,preysOn,,27.385,31.86,ThermoFresh,ComteOlden,4.474999999999998
Salvelinus namaycush,Chrosomus eos,GloBI,preysOn,,27.385,31.09,ThermoFresh,ComteOlden,3.7049999999999983
Salvelinus namaycush,Cobitis bilineata,GloBI,preysOn,,27.385,33.54,ThermoFresh,ComteOlden,6.154999999999998
Salvelinus namaycush,Cobitis taenia,GloBI,preysOn,,27.385,33.76,ThermoFresh,ComteOlden,6.3749999999999964
Salvelinus namaycush,Coenagrion puella,GloBI,preysOn,,27.385,42.995,ThermoFresh,ThermoFresh,15.609999999999996
Salvelinus namaycush,Coregonus albula,GloBI,eats;preysOn,,27.385,28.68,ThermoFresh,ComteOlden,1.2949999999999982
Salvelinus namaycush,Coregonus artedi,GloBI,preysOn,,27.385,24.9366666666667,ThermoFresh,ThermoFresh,2.448333333333302
Salvelinus namaycush,Coregonus clupeaformis,GloBI,preysOn,,27.385,25.9881818181818,ThermoFresh,ThermoFresh,1.396818181818201
Salvelinus namaycush,Coregonus sardinella,GloBI,preysOn,,27.385,24.7,ThermoFresh,ThermoFresh,2.6850000000000023
Salvelinus namaycush,Cottus asper,GloBI,preysOn,,27.385,29.8,ThermoFresh,ComteOlden,2.414999999999999
Salvelinus namaycush,Cottus cognatus,GloBI,eats;preysOn,,27.385,25.6571428571429,ThermoFresh,ThermoFresh,1.7278571428571006
Salvelinus namaycush,Cottus gobio,GloBI,preysOn,,27.385,30.32,ThermoFresh,ComteOlden,2.9349999999999987
Salvelinus namaycush,Cottus ricei,GloBI,eats;preysOn,,27.385,29.59,ThermoFresh,ComteOlden,2.2049999999999983
Salvelinus namaycush,Couesius plumbeus,GloBI,preysOn,,27.385,30.21,ThermoFresh,ThermoFresh,2.8249999999999993
Salvelinus namaycush,Ctenopharyngodon idella,GloBI,preysOn,,27.385,39.5,ThermoFresh,ThermoFresh,12.114999999999998
Salvelinus namaycush,Cyprinus carpio,GloBI,preysOn,,27.385,33.5484745762712,ThermoFresh,ThermoFresh,6.163474576271195
Salvelinus namaycush,Deronectes latus,GloBI,preysOn,,27.385,37.04,ThermoFresh,ThermoFresh,9.654999999999998
Salvelinus namaycush,Dikerogammarus villosus,GloBI,preysOn,,27.385,28.1328571428571,ThermoFresh,ThermoFresh,0.7478571428571001
Salvelinus namaycush,Dinocras cephalotes,GloBI,preysOn,,27.385,34.6083333333333,ThermoFresh,ThermoFresh,7.223333333333297
Salvelinus namaycush,Drusus annulatus,GloBI,preysOn,,27.385,28.8,ThermoFresh,ThermoFresh,1.4149999999999991
Salvelinus namaycush,Ecdyonurus insignis,GloBI,preysOn,,27.385,32.34,ThermoFresh,ThermoFresh,4.955000000000002
Salvelinus namaycush,Echinogammarus berilloni,GloBI,preysOn,,27.385,30.3333333333333,ThermoFresh,ThermoFresh,2.9483333333332986
Salvelinus namaycush,Echinogammarus ischnus,GloBI,preysOn,,27.385,31.5,ThermoFresh,ThermoFresh,4.114999999999998
Salvelinus namaycush,Electrona antarctica,GloBI,eats;preysOn,,27.385,31.24,ThermoFresh,ComteOlden,3.854999999999997
Salvelinus namaycush,Ephemera danica,GloBI,preysOn,,27.385,36.7075,ThermoFresh,ThermoFresh,9.322500000000002
Salvelinus namaycush,Esox lucius,GloBI,preysOn,,27.385,28.98,ThermoFresh,ComteOlden,1.5949999999999989
Salvelinus namaycush,Etheostoma nigrum,GloBI,preysOn,,27.385,33.65,ThermoFresh,ThermoFresh,6.264999999999997
Salvelinus namaycush,Gammarus fossarum,GloBI,preysOn,,27.385,28.774,ThermoFresh,ThermoFresh,1.3889999999999993
Salvelinus namaycush,Gammarus pulex,GloBI,preysOn,,27.385,29.1161111111111,ThermoFresh,ThermoFresh,1.7311111111110975
Salvelinus namaycush,Gammarus roeselii,GloBI,preysOn,,27.385,30.184,ThermoFresh,ThermoFresh,2.7989999999999995
Salvelinus namaycush,Gammarus tigrinus,GloBI,preysOn,,27.385,32.6985714285714,ThermoFresh,ThermoFresh,5.313571428571397
Salvelinus namaycush,Gasterosteus aculeatus,GloBI,preysOn,,27.385,31.6655882352941,ThermoFresh,ThermoFresh,4.280588235294097
Salvelinus namaycush,Gobio gobio,GloBI,preysOn,,27.385,33.75,ThermoFresh,ThermoFresh,6.364999999999998
Salvelinus namaycush,Gymnocephalus cernua,GloBI,preysOn,,27.385,34.5,ThermoFresh,ThermoFresh,7.114999999999998
Salvelinus namaycush,Heptagenia sulphurea,GloBI,preysOn,,27.385,30.2,ThermoFresh,ThermoFresh,2.8149999999999977
Salvelinus namaycush,Hydropsyche pellucidula,GloBI,preysOn,,27.385,25.5,ThermoFresh,ThermoFresh,1.8850000000000016
Salvelinus namaycush,Hypophthalmichthys molitrix,GloBI,preysOn,,27.385,36.27,ThermoFresh,ComteOlden,8.885000000000002
Salvelinus namaycush,Hypophthalmichthys nobilis,GloBI,preysOn,,27.385,37.92,ThermoFresh,ComteOlden,10.535
Salvelinus namaycush,Ischnura elegans,GloBI,preysOn,,27.385,43.7361538461539,ThermoFresh,ThermoFresh,16.351153846153895
Salvelinus namaycush,Ischnura pumilio,GloBI,preysOn,,27.385,45.515,ThermoFresh,ThermoFresh,18.13
Salvelinus namaycush,Lepomis gibbosus,GloBI,preysOn,,27.385,33.8035,ThermoFresh,ThermoFresh,6.418499999999998
Salvelinus namaycush,Leucaspius delineatus,GloBI,preysOn,,27.385,34.3566666666667,ThermoFresh,ThermoFresh,6.971666666666696
Salvelinus namaycush,Leuciscus aspius,GloBI,preysOn,,27.385,34.92,ThermoFresh,ComteOlden,7.535
Salvelinus namaycush,Leuciscus leuciscus,GloBI,preysOn,,27.385,32.57,ThermoFresh,ComteOlden,5.184999999999999
Salvelinus namaycush,Leuctra fusca,GloBI,preysOn,,27.385,30.1,ThermoFresh,ThermoFresh,2.715
Salvelinus namaycush,Lota lota,GloBI,preysOn,,27.385,27.11875,ThermoFresh,ThermoFresh,0.266250000000003
Salvelinus namaycush,Luxilus cornutus,GloBI,preysOn,,27.385,32.42,ThermoFresh,ThermoFresh,5.035
Salvelinus namaycush,Micropterus dolomieu,GloBI,preysOn,,27.385,33.3333333333333,ThermoFresh,ThermoFresh,5.948333333333299
Salvelinus namaycush,Micropterus salmoides,GloBI,preysOn,,27.385,36.4,ThermoFresh,ThermoFresh,9.014999999999997
Salvelinus namaycush,Myoxocephalus quadricornis,GloBI,eats;preysOn,,27.385,27.1,ThermoFresh,ThermoFresh,0.28500000000000014
Salvelinus namaycush,Myoxocephalus thompsonii,GloBI,eats;preysOn,,27.385,29.62,ThermoFresh,ComteOlden,2.2349999999999994
Salvelinus namaycush,Nemurella pictetii,GloBI,preysOn,,27.385,30.1,ThermoFresh,ThermoFresh,2.715
Salvelinus namaycush,Neogobius melanostomus,GloBI,eats;preysOn,,27.385,33.726,ThermoFresh,ThermoFresh,6.3409999999999975
Salvelinus namaycush,Notemigonus crysoleucas,GloBI,preysOn,,27.385,33.0966666666667,ThermoFresh,ThermoFresh,5.711666666666698
Salvelinus namaycush,Notropis atherinoides,GloBI,eats;preysOn,,27.385,33.95,ThermoFresh,ThermoFresh,6.565000000000001
Salvelinus namaycush,Notropis hudsonius,GloBI,preysOn,,27.385,31.21,ThermoFresh,ComteOlden,3.8249999999999993
Salvelinus namaycush,Oncorhynchus mykiss,GloBI,preysOn,,27.385,28.6755405405405,ThermoFresh,ThermoFresh,1.2905405405404977
Salvelinus namaycush,Oncorhynchus nerka,GloBI,eats;preysOn,,27.385,27.2636363636364,ThermoFresh,ThermoFresh,0.12136363636360059
Salvelinus namaycush,Osmerus eperlanus,GloBI,preysOn,,27.385,27.8,ThermoFresh,ComteOlden,0.41499999999999915
Salvelinus namaycush,Osmerus mordax,GloBI,eats;preysOn,,27.385,25.9,ThermoFresh,ThermoFresh,1.485000000000003
Salvelinus namaycush,Padogobius bonelli,GloBI,preysOn,,27.385,31.74,ThermoFresh,ComteOlden,4.354999999999997
Salvelinus namaycush,Parachondrostoma toxostoma,GloBI,preysOn,,27.385,34.17,ThermoFresh,ComteOlden,6.785
Salvelinus namaycush,Perca flavescens,GloBI,eats;preysOn,,27.385,30.7,ThermoFresh,ComteOlden,3.3149999999999977
Salvelinus namaycush,Perca fluviatilis,GloBI,preysOn,,27.385,28.6920833333333,ThermoFresh,ThermoFresh,1.3070833333332992
Salvelinus namaycush,Phoxinus lumaireul,GloBI,preysOn,,27.385,29.52,ThermoFresh,ComteOlden,2.134999999999998
Salvelinus namaycush,Pimephales notatus,GloBI,preysOn,,27.385,33.4533333333333,ThermoFresh,ThermoFresh,6.068333333333296
Salvelinus namaycush,Pimephales promelas,GloBI,preysOn,,27.385,35.996338028169,ThermoFresh,ThermoFresh,8.611338028168998
Salvelinus namaycush,Ponticola kessleri,GloBI,preysOn,,27.385,34.03,ThermoFresh,ComteOlden,6.645
Salvelinus namaycush,Prosopium williamsoni,GloBI,preysOn,,27.385,26.7,ThermoFresh,ThermoFresh,0.6850000000000023
Salvelinus namaycush,Pseudorasbora parva,GloBI,preysOn,,27.385,38.515,ThermoFresh,ThermoFresh,11.129999999999999
Salvelinus namaycush,Pungitius pungitius,GloBI,eats;preysOn,,27.385,29.85,ThermoFresh,ThermoFresh,2.465
Salvelinus namaycush,Rhithrogena semicolorata,GloBI,preysOn,,27.385,25.33,ThermoFresh,ThermoFresh,2.0550000000000033
Salvelinus namaycush,Rhodeus amarus,GloBI,preysOn,,27.385,34.1,ThermoFresh,ComteOlden,6.715
Salvelinus namaycush,Rhyacophila dorsalis,GloBI,preysOn,,27.385,22.0,ThermoFresh,ThermoFresh,5.385000000000002
Salvelinus namaycush,Rutilus aula,GloBI,preysOn,,27.385,32.32,ThermoFresh,ComteOlden,4.934999999999999
Salvelinus namaycush,Rutilus pigus,GloBI,preysOn,,27.385,33.59,ThermoFresh,ComteOlden,6.205000000000002
Salvelinus namaycush,Rutilus rutilus,GloBI,preysOn,,27.385,28.5058333333333,ThermoFresh,ThermoFresh,1.120833333333298
Salvelinus namaycush,Sabanejewia larvata,GloBI,preysOn,,27.385,32.71,ThermoFresh,ComteOlden,5.324999999999999
Salvelinus namaycush,Salariopsis fluviatilis,GloBI,preysOn,,27.385,34.96,ThermoFresh,ComteOlden,7.574999999999999
Salvelinus namaycush,Salmo labrax,GloBI,preysOn,,27.385,32.32,ThermoFresh,ComteOlden,4.934999999999999
Salvelinus namaycush,Salmo marmoratus,GloBI,preysOn,,27.385,30.21,ThermoFresh,ComteOlden,2.8249999999999993
Salvelinus namaycush,Salmo salar,GloBI,preysOn,,27.385,30.3326495726496,ThermoFresh,ThermoFresh,2.947649572649599
Salvelinus namaycush,Salmo trutta,GloBI,preysOn,,27.385,27.6830769230769,ThermoFresh,ThermoFresh,0.2980769230768985
Salvelinus namaycush,Salvelinus confluentus,GloBI,eats;preysOn,,27.385,27.675,ThermoFresh,ThermoFresh,0.28999999999999915
Salvelinus namaycush,Salvelinus fontinalis,GloBI,preysOn,,27.385,28.9883333333333,ThermoFresh,ThermoFresh,1.6033333333332997
Salvelinus namaycush,Sander lucioperca,GloBI,preysOn,,27.385,35.4428571428571,ThermoFresh,ThermoFresh,8.057857142857099
Salvelinus namaycush,Scardinius erythrophthalmus,GloBI,preysOn,,27.385,34.94,ThermoFresh,ComteOlden,7.554999999999996
Salvelinus namaycush,Semotilus atromaculatus,GloBI,preysOn,,27.385,34.875,ThermoFresh,ThermoFresh,7.489999999999998
Salvelinus namaycush,Serratella ignita,GloBI,preysOn,,27.385,32.3,ThermoFresh,ThermoFresh,4.914999999999996
Salvelinus namaycush,Silurus glanis,GloBI,preysOn,,27.385,36.15,ThermoFresh,ComteOlden,8.764999999999997
Salvelinus namaycush,Squalius cephalus,GloBI,preysOn,,27.385,36.48,ThermoFresh,ThermoFresh,9.094999999999995
Salvelinus namaycush,Telestes muticellus,GloBI,preysOn,,27.385,33.48,ThermoFresh,ComteOlden,6.094999999999995
Salvelinus namaycush,Telestes souffia,GloBI,preysOn,,27.385,33.18,ThermoFresh,ComteOlden,5.794999999999998
Salvelinus namaycush,Thymallus thymallus,GloBI,preysOn,,27.385,29.4333333333333,ThermoFresh,ThermoFresh,2.0483333333333
Salvelinus namaycush,Tinca tinca,GloBI,preysOn,,27.385,35.6875,ThermoFresh,ThermoFresh,8.302499999999998
Sander canadensis,Alburnus alburnus,GloBI,preysOn,,32.29,37.7,ComteOlden,ThermoFresh,5.410000000000004
Sander canadensis,Ameiurus nebulosus,GloBI,preysOn,,32.29,38.1,ComteOlden,ThermoFresh,5.810000000000002
Sander canadensis,Aplodinotus grunniens,GloBI,eats;preysOn,,32.29,33.84,ComteOlden,ComteOlden,1.5500000000000043
Sander canadensis,Dorosoma cepedianum,GloBI,eats;preysOn,,32.29,35.3,ComteOlden,ComteOlden,3.009999999999998
Sander canadensis,Electrona antarctica,GloBI,eats;preysOn,,32.29,31.24,ComteOlden,ComteOlden,1.0500000000000007
Sander canadensis,Hiodon alosoides,GloBI,preysOn,,32.29,32.78,ComteOlden,ComteOlden,0.490000000000002
Sander canadensis,Lepomis gibbosus,GloBI,preysOn,,32.29,33.8035,ComteOlden,ThermoFresh,1.5135000000000005
Sander canadensis,Lepomis macrochirus,GloBI,preysOn,,32.29,36.8636,ComteOlden,ThermoFresh,4.573599999999999
Sander canadensis,Lota lota,GloBI,eats;preysOn,,32.29,27.11875,ComteOlden,ThermoFresh,5.171250000000001
Sander canadensis,Morone chrysops,GloBI,eats;preysOn,,32.29,35.47,ComteOlden,ComteOlden,3.1799999999999997
Sander canadensis,Notropis atherinoides,GloBI,eats;preysOn,,32.29,33.95,ComteOlden,ThermoFresh,1.6600000000000037
Sander canadensis,Perca flavescens,GloBI,eats;preysOn,,32.29,30.7,ComteOlden,ComteOlden,1.5899999999999999
Sander canadensis,Percina caprodes,GloBI,preysOn,,32.29,31.93,ComteOlden,ComteOlden,0.35999999999999943
Sander canadensis,Polyodon spathula,GloBI,preysOn,,32.29,34.48,ComteOlden,ComteOlden,2.1899999999999977
Sander canadensis,Pomoxis nigromaculatus,GloBI,eats;preysOn,,32.29,35.21,ComteOlden,ComteOlden,2.9200000000000017
Sander canadensis,Rutilus rutilus,GloBI,preysOn,,32.29,28.5058333333333,ComteOlden,ThermoFresh,3.7841666666666995
Sander canadensis,Sander vitreus,GloBI,eats;preysOn,,32.29,35.375,ComteOlden,ThermoFresh,3.085000000000001
Sander lucioperca,Abramis brama,GloBI,eats;preysOn,,35.4428571428571,30.32,ThermoFresh,ComteOlden,5.1228571428571
Sander lucioperca,Acipenser naccarii,GloBI,preysOn,,35.4428571428571,33.83,ThermoFresh,ComteOlden,1.6128571428571021
Sander lucioperca,Acipenser sturio,GloBI,preysOn,,35.4428571428571,32.52,ThermoFresh,ComteOlden,2.9228571428570973
Sander lucioperca,Alburnus alburnus,GloBI,eats;preysOn,,35.4428571428571,37.7,ThermoFresh,ThermoFresh,2.2571428571429024
Sander lucioperca,Alburnus arborella,GloBI,preysOn,,35.4428571428571,35.64,ThermoFresh,ComteOlden,0.19714285714290014
Sander lucioperca,Alosa fallax,GloBI,preysOn,,35.4428571428571,32.31,ThermoFresh,ComteOlden,3.132857142857098
Sander lucioperca,Anguilla anguilla,GloBI,eats;preysOn,,35.4428571428571,35.12,ThermoFresh,ComteOlden,0.322857142857103
Sander lucioperca,Atherina boyeri,GloBI,preysOn,,35.4428571428571,36.43,ThermoFresh,ComteOlden,0.9871428571428993
Sander lucioperca,Barbatula barbatula,GloBI,preysOn,,35.4428571428571,29.5285714285714,ThermoFresh,ThermoFresh,5.9142857142857
Sander lucioperca,Barbus barbus,GloBI,preysOn,,35.4428571428571,29.2,ThermoFresh,ThermoFresh,6.242857142857101
Sander lucioperca,Barbus caninus,GloBI,preysOn,,35.4428571428571,32.7,ThermoFresh,ComteOlden,2.7428571428570976
Sander lucioperca,Barbus plebejus,GloBI,preysOn,,35.4428571428571,32.5,ThermoFresh,ComteOlden,2.9428571428571004
Sander lucioperca,Blicca bjoerkna,GloBI,eats;preysOn,,35.4428571428571,30.86,ThermoFresh,ComteOlden,4.582857142857101
Sander lucioperca,Carassius carassius,GloBI,eats;preysOn,,35.4428571428571,35.5365,ThermoFresh,ThermoFresh,0.09364285714289622
Sander lucioperca,Carassius gibelio,GloBI,preysOn,,35.4428571428571,36.1,ThermoFresh,ThermoFresh,0.657142857142901
Sander lucioperca,Chondrostoma nasus,GloBI,preysOn,,35.4428571428571,34.03,ThermoFresh,ComteOlden,1.4128571428570993
Sander lucioperca,Chondrostoma soetta,GloBI,preysOn,,35.4428571428571,31.86,ThermoFresh,ComteOlden,3.582857142857101
Sander lucioperca,Clupea harengus,GloBI,eats;preysOn,,35.4428571428571,25.43,ThermoFresh,ComteOlden,10.0128571428571
Sander lucioperca,Cobitis bilineata,GloBI,preysOn,,35.4428571428571,33.54,ThermoFresh,ComteOlden,1.9028571428571013
Sander lucioperca,Cobitis taenia,GloBI,preysOn,,35.4428571428571,33.76,ThermoFresh,ComteOlden,1.6828571428571024
Sander lucioperca,Coregonus albula,GloBI,eats;preysOn,,35.4428571428571,28.68,ThermoFresh,ComteOlden,6.762857142857101
Sander lucioperca,Coregonus lavaretus,GloBI,eats;preysOn,,35.4428571428571,29.55,ThermoFresh,ComteOlden,5.8928571428571
Sander lucioperca,Cottus gobio,GloBI,preysOn,,35.4428571428571,30.32,ThermoFresh,ComteOlden,5.1228571428571
Sander lucioperca,Ctenopharyngodon idella,GloBI,preysOn,,35.4428571428571,39.5,ThermoFresh,ThermoFresh,4.0571428571429
Sander lucioperca,Cyprinus carpio,GloBI,preysOn,,35.4428571428571,33.5484745762712,ThermoFresh,ThermoFresh,1.8943825665859038
Sander lucioperca,Electrona antarctica,GloBI,eats,,35.4428571428571,31.24,ThermoFresh,ComteOlden,4.202857142857102
Sander lucioperca,Esox lucius,GloBI,preysOn,,35.4428571428571,28.98,ThermoFresh,ComteOlden,6.4628571428571
Sander lucioperca,Gasterosteus aculeatus,GloBI,eats;preysOn,,35.4428571428571,31.6655882352941,ThermoFresh,ThermoFresh,3.777268907563002
Sander lucioperca,Gobio gobio,GloBI,preysOn,,35.4428571428571,33.75,ThermoFresh,ThermoFresh,1.6928571428571004
Sander lucioperca,Gymnocephalus cernua,GloBI,eats;preysOn,,35.4428571428571,34.5,ThermoFresh,ThermoFresh,0.9428571428571004
Sander lucioperca,Hypophthalmichthys molitrix,GloBI,preysOn,,35.4428571428571,36.27,ThermoFresh,ComteOlden,0.8271428571429027
Sander lucioperca,Hypophthalmichthys nobilis,GloBI,preysOn,,35.4428571428571,37.92,ThermoFresh,ComteOlden,2.4771428571429013
Sander lucioperca,Lepomis gibbosus,GloBI,preysOn,,35.4428571428571,33.8035,ThermoFresh,ThermoFresh,1.6393571428571008
Sander lucioperca,Leucaspius delineatus,GloBI,eats;preysOn,,35.4428571428571,34.3566666666667,ThermoFresh,ThermoFresh,1.0861904761904029
Sander lucioperca,Leuciscus aspius,GloBI,preysOn,,35.4428571428571,34.92,ThermoFresh,ComteOlden,0.5228571428570987
Sander lucioperca,Leuciscus leuciscus,GloBI,preysOn,,35.4428571428571,32.57,ThermoFresh,ComteOlden,2.8728571428571
Sander lucioperca,Lota lota,GloBI,preysOn,,35.4428571428571,27.11875,ThermoFresh,ThermoFresh,8.324107142857102
Sander lucioperca,Micropterus salmoides,GloBI,preysOn,,35.4428571428571,36.4,ThermoFresh,ThermoFresh,0.9571428571428982
Sander lucioperca,Neogobius fluviatilis,GloBI,eats;preysOn,,35.4428571428571,34.32,ThermoFresh,ComteOlden,1.1228571428571001
Sander lucioperca,Neogobius melanostomus,GloBI,preysOn,,35.4428571428571,33.726,ThermoFresh,ThermoFresh,1.7168571428571013
Sander lucioperca,Neogobius pallasi,GloBI,preysOn,,35.4428571428571,36.08,ThermoFresh,ComteOlden,0.6371428571428979
Sander lucioperca,Oncorhynchus mykiss,GloBI,preysOn,,35.4428571428571,28.6755405405405,ThermoFresh,ThermoFresh,6.767316602316601
Sander lucioperca,Osmerus eperlanus,GloBI,eats;preysOn,,35.4428571428571,27.8,ThermoFresh,ComteOlden,7.6428571428571
Sander lucioperca,Padogobius bonelli,GloBI,preysOn,,35.4428571428571,31.74,ThermoFresh,ComteOlden,3.702857142857102
Sander lucioperca,Parachondrostoma toxostoma,GloBI,preysOn,,35.4428571428571,34.17,ThermoFresh,ComteOlden,1.2728571428570987
Sander lucioperca,Pelecus cultratus,GloBI,eats;preysOn,,35.4428571428571,34.54,ThermoFresh,ComteOlden,0.9028571428571013
Sander lucioperca,Perca fluviatilis,GloBI,eats;preysOn,,35.4428571428571,28.6920833333333,ThermoFresh,ThermoFresh,6.7507738095238
Sander lucioperca,Petromyzon marinus,GloBI,preysOn,,35.4428571428571,33.8833333333333,ThermoFresh,ThermoFresh,1.559523809523803
Sander lucioperca,Phoxinus lumaireul,GloBI,preysOn,,35.4428571428571,29.52,ThermoFresh,ComteOlden,5.922857142857101
Sander lucioperca,Platichthys flesus,GloBI,eats;preysOn,,35.4428571428571,32.75,ThermoFresh,ComteOlden,2.6928571428571004
Sander lucioperca,Pomatoschistus minutus,GloBI,eats;preysOn,,35.4428571428571,28.4,ThermoFresh,ThermoFresh,7.042857142857102
Sander lucioperca,Ponticola kessleri,GloBI,preysOn,,35.4428571428571,34.03,ThermoFresh,ComteOlden,1.4128571428570993
Sander lucioperca,Pseudorasbora parva,GloBI,preysOn,,35.4428571428571,38.515,ThermoFresh,ThermoFresh,3.0721428571429
Sander lucioperca,Rhodeus amarus,GloBI,eats;preysOn,,35.4428571428571,34.1,ThermoFresh,ComteOlden,1.342857142857099
Sander lucioperca,Rutilus aula,GloBI,preysOn,,35.4428571428571,32.32,ThermoFresh,ComteOlden,3.1228571428571
Sander lucioperca,Rutilus pigus,GloBI,preysOn,,35.4428571428571,33.59,ThermoFresh,ComteOlden,1.852857142857097
Sander lucioperca,Rutilus rutilus,GloBI,eats;preysOn,,35.4428571428571,28.5058333333333,ThermoFresh,ThermoFresh,6.937023809523801
Sander lucioperca,Sabanejewia larvata,GloBI,preysOn,,35.4428571428571,32.71,ThermoFresh,ComteOlden,2.7328571428570996
Sander lucioperca,Salariopsis fluviatilis,GloBI,preysOn,,35.4428571428571,34.96,ThermoFresh,ComteOlden,0.4828571428570996
Sander lucioperca,Salmo labrax,GloBI,preysOn,,35.4428571428571,32.32,ThermoFresh,ComteOlden,3.1228571428571
Sander lucioperca,Salmo marmoratus,GloBI,preysOn,,35.4428571428571,30.21,ThermoFresh,ComteOlden,5.2328571428571
Sander lucioperca,Salmo salar,GloBI,preysOn,,35.4428571428571,30.3326495726496,ThermoFresh,ThermoFresh,5.1102075702075
Sander lucioperca,Salmo trutta,GloBI,preysOn,,35.4428571428571,27.6830769230769,ThermoFresh,ThermoFresh,7.7597802197802
Sander lucioperca,Salvelinus fontinalis,GloBI,preysOn,,35.4428571428571,28.9883333333333,ThermoFresh,ThermoFresh,6.454523809523799
Sander lucioperca,Salvelinus namaycush,GloBI,preysOn,,35.4428571428571,27.385,ThermoFresh,ThermoFresh,8.057857142857099
Sander lucioperca,Sander volgensis,GloBI,eats;preysOn,,35.4428571428571,34.04,ThermoFresh,ComteOlden,1.4028571428571013
Sander lucioperca,Scardinius erythrophthalmus,GloBI,preysOn,,35.4428571428571,34.94,ThermoFresh,ComteOlden,0.5028571428571027
Sander lucioperca,Silurus glanis,GloBI,preysOn,,35.4428571428571,36.15,ThermoFresh,ComteOlden,0.7071428571428982
Sander lucioperca,Squalius cephalus,GloBI,preysOn,,35.4428571428571,36.48,ThermoFresh,ThermoFresh,1.0371428571428964
Sander lucioperca,Syngnathus abaster,GloBI,preysOn,,35.4428571428571,35.9,ThermoFresh,ComteOlden,0.45714285714289815
Sander lucioperca,Telestes muticellus,GloBI,preysOn,,35.4428571428571,33.48,ThermoFresh,ComteOlden,1.9628571428571036
Sander lucioperca,Telestes souffia,GloBI,preysOn,,35.4428571428571,33.18,ThermoFresh,ComteOlden,2.2628571428571007
Sander lucioperca,Thymallus thymallus,GloBI,preysOn,,35.4428571428571,29.4333333333333,ThermoFresh,ThermoFresh,6.009523809523799
Sander lucioperca,Tinca tinca,GloBI,eats;preysOn,,35.4428571428571,35.6875,ThermoFresh,ThermoFresh,0.24464285714289957
Sander vitreus,Alosa pseudoharengus,GloBI,eats;preysOn,,35.375,30.4625,ThermoFresh,ThermoFresh,4.912500000000001
Sander vitreus,Ameiurus nebulosus,GloBI,preysOn,,35.375,38.1,ThermoFresh,ThermoFresh,2.7250000000000014
Sander vitreus,Aplodinotus grunniens,GloBI,eats;preysOn,,35.375,33.84,ThermoFresh,ComteOlden,1.5349999999999966
Sander vitreus,Carassius carassius,GloBI,eats;preysOn,,35.375,35.5365,ThermoFresh,ThermoFresh,0.16149999999999665
Sander vitreus,Catostomus commersonii,GloBI,preysOn,,35.375,33.17,ThermoFresh,ThermoFresh,2.2049999999999983
Sander vitreus,Coregonus albula,GloBI,eats;preysOn,,35.375,28.68,ThermoFresh,ComteOlden,6.695
Sander vitreus,Coregonus artedi,GloBI,preysOn,,35.375,24.9366666666667,ThermoFresh,ThermoFresh,10.4383333333333
Sander vitreus,Culaea inconstans,GloBI,eats;preysOn,,35.375,31.35,ThermoFresh,ComteOlden,4.024999999999999
Sander vitreus,Daphnia galeata,GloBI,eats;preysOn,,35.375,38.89,ThermoFresh,ThermoFresh,3.5150000000000006
Sander vitreus,Dorosoma cepedianum,GloBI,eats;preysOn,,35.375,35.3,ThermoFresh,ComteOlden,0.07500000000000284
Sander vitreus,Electrona antarctica,GloBI,eats;preysOn,,35.375,31.24,ThermoFresh,ComteOlden,4.135000000000002
Sander vitreus,Etheostoma nigrum,GloBI,eats;preysOn,,35.375,33.65,ThermoFresh,ThermoFresh,1.7250000000000014
Sander vitreus,Hiodon alosoides,GloBI,preysOn,,35.375,32.78,ThermoFresh,ComteOlden,2.594999999999999
Sander vitreus,Lepomis gibbosus,GloBI,preysOn,,35.375,33.8035,ThermoFresh,ThermoFresh,1.5715000000000003
Sander vitreus,Lota lota,GloBI,preysOn,,35.375,27.11875,ThermoFresh,ThermoFresh,8.256250000000001
Sander vitreus,Micropterus salmoides,GloBI,preysOn,,35.375,36.4,ThermoFresh,ThermoFresh,1.0249999999999986
Sander vitreus,Morone americana,GloBI,eats;preysOn,,35.375,34.95,ThermoFresh,ComteOlden,0.42499999999999716
Sander vitreus,Morone chrysops,GloBI,eats;preysOn,,35.375,35.47,ThermoFresh,ComteOlden,0.09499999999999886
Sander vitreus,Mylocheilus caurinus,GloBI,eats;preysOn,,35.375,26.78,ThermoFresh,ComteOlden,8.594999999999999
Sander vitreus,Neogobius melanostomus,GloBI,preysOn,,35.375,33.726,ThermoFresh,ThermoFresh,1.649000000000001
Sander vitreus,Notropis atherinoides,GloBI,eats;preysOn,,35.375,33.95,ThermoFresh,ThermoFresh,1.4249999999999972
Sander vitreus,Notropis hudsonius,GloBI,eats;preysOn,,35.375,31.21,ThermoFresh,ComteOlden,4.164999999999999
Sander vitreus,Oncorhynchus kisutch,GloBI,eats;preysOn,,35.375,27.6965,ThermoFresh,ThermoFresh,7.6785
Sander vitreus,Oncorhynchus mykiss,GloBI,eats;preysOn,,35.375,28.6755405405405,ThermoFresh,ThermoFresh,6.699459459459501
Sander vitreus,Oncorhynchus nerka,GloBI,eats;preysOn,,35.375,27.2636363636364,ThermoFresh,ThermoFresh,8.111363636363599
Sander vitreus,Oncorhynchus tshawytscha,GloBI,eats;preysOn,,35.375,28.7821875,ThermoFresh,ThermoFresh,6.592812500000001
Sander vitreus,Osmerus eperlanus,GloBI,eats;preysOn,,35.375,27.8,ThermoFresh,ComteOlden,7.574999999999999
Sander vitreus,Osmerus mordax,GloBI,eats;preysOn,,35.375,25.9,ThermoFresh,ThermoFresh,9.475000000000001
Sander vitreus,Perca flavescens,GloBI,eats;preysOn,,35.375,30.7,ThermoFresh,ComteOlden,4.675000000000001
Sander vitreus,Perca fluviatilis,GloBI,eats,,35.375,28.6920833333333,ThermoFresh,ThermoFresh,6.682916666666699
Sander vitreus,Percina caprodes,GloBI,eats;preysOn,,35.375,31.93,ThermoFresh,ComteOlden,3.4450000000000003
Sander vitreus,Phoxinus lumaireul,GloBI,preysOn,,35.375,29.52,ThermoFresh,ComteOlden,5.855
Sander vitreus,Polyodon spathula,GloBI,preysOn,,35.375,34.48,ThermoFresh,ComteOlden,0.8950000000000031
Sander vitreus,Ptychocheilus oregonensis,GloBI,eats;preysOn,,35.375,30.36,ThermoFresh,ComteOlden,5.015000000000001
Sander vitreus,Pungitius pungitius,GloBI,preysOn,,35.375,29.85,ThermoFresh,ThermoFresh,5.524999999999999
Sander vitreus,Richardsonius balteatus,GloBI,eats;preysOn,,35.375,28.63,ThermoFresh,ComteOlden,6.745000000000001
Sander vitreus,Salvelinus fontinalis,GloBI,preysOn,,35.375,28.9883333333333,ThermoFresh,ThermoFresh,6.386666666666699
Sander vitreus,Salvelinus namaycush,GloBI,preysOn,,35.375,27.385,ThermoFresh,ThermoFresh,7.989999999999998
Sander volgensis,Carassius gibelio,GloBI,preysOn,,34.04,36.1,ComteOlden,ThermoFresh,2.0600000000000023
Sander volgensis,Gobio gobio,GloBI,preysOn,,34.04,33.75,ComteOlden,ThermoFresh,0.28999999999999915
Sander volgensis,Gymnocephalus cernua,GloBI,eats;preysOn,,34.04,34.5,ComteOlden,ThermoFresh,0.46000000000000085
Sander volgensis,Perca fluviatilis,GloBI,eats;preysOn,,34.04,28.6920833333333,ComteOlden,ThermoFresh,5.347916666666698
Sarda australis,Sardinops sagax,GloBI,eats;preysOn,,31.14,31.24,ComteOlden,ComteOlden,0.09999999999999787
Sarda chiliensis,Cymatogaster aggregata,GloBI,preysOn,,29.94,32.75,ComteOlden,ComteOlden,2.8099999999999987
Sarda chiliensis,Engraulis mordax,GloBI,eats;preysOn,,29.94,33.4,ComteOlden,ComteOlden,3.4599999999999973
Sarda chiliensis,Sardinops sagax,GloBI,eats;preysOn,,29.94,31.24,ComteOlden,ComteOlden,1.2999999999999972
Sarda chiliensis,Scomber scombrus,GloBI,eats;preysOn,,29.94,33.2066666666667,ComteOlden,ComteOlden,3.2666666666666977
Sarda orientalis,Engraulis japonicus,GloBI,eats;preysOn,,34.35,34.1,ComteOlden,ComteOlden,0.25
Sarda sarda,Boops boops,GloBI,eats;preysOn,,32.26,34.2,ComteOlden,ComteOlden,1.9400000000000048
Sarda sarda,Leiostomus xanthurus,GloBI,eats;preysOn,,32.26,36.19,ComteOlden,ComteOlden,3.9299999999999997
Sarda sarda,Scomber scombrus,GloBI,eats;preysOn,,32.26,33.2066666666667,ComteOlden,ComteOlden,0.946666666666701
Sardinops sagax,Engraulis japonicus,GloBI,preysOn,,31.24,34.1,ComteOlden,ComteOlden,2.860000000000003
Sarmarutilus rubilio,Asellus aquaticus,GloBI,preysOn,,35.27,32.8678947368421,ComteOlden,ThermoFresh,2.4021052631578996
Sarmarutilus rubilio,Bithynia tentaculata,GloBI,preysOn,,35.27,28.8166666666667,ComteOlden,ThermoFresh,6.453333333333305
Sarmarutilus rubilio,Planorbis carinatus,GloBI,preysOn,,35.27,40.3033333333333,ComteOlden,ThermoFresh,5.033333333333296
Sarmarutilus rubilio,Pomatoschistus canestrinii,GloBI,preysOn,,35.27,33.96,ComteOlden,ComteOlden,1.3100000000000023
Sarmarutilus rubilio,Salariopsis fluviatilis,GloBI,preysOn,,35.27,34.96,ComteOlden,ComteOlden,0.3100000000000023
Sarmarutilus rubilio,Unio pictorum,GloBI,preysOn,,35.27,33.3142857142857,ComteOlden,ThermoFresh,1.9557142857143006
Scardinius erythrophthalmus,Agabus bipustulatus,GloBI,preysOn,,34.94,37.07,ComteOlden,ThermoFresh,2.1300000000000026
Scardinius erythrophthalmus,Agapetus fuscipes,GloBI,preysOn,,34.94,25.8,ComteOlden,ThermoFresh,9.139999999999997
Scardinius erythrophthalmus,Aphelocheirus aestivalis,GloBI,preysOn,,34.94,34.53,ComteOlden,ThermoFresh,0.4099999999999966
Scardinius erythrophthalmus,Astacus leptodactylus,GloBI,preysOn,,34.94,37.8666666666667,ComteOlden,ThermoFresh,2.926666666666705
Scardinius erythrophthalmus,Baetis rhodani,GloBI,preysOn,,34.94,25.1,ComteOlden,ThermoFresh,9.839999999999996
Scardinius erythrophthalmus,Caenis luctuosa,GloBI,preysOn,,34.94,30.6,ComteOlden,ThermoFresh,4.339999999999996
Scardinius erythrophthalmus,Calopteryx virgo,GloBI,preysOn,,34.94,34.0225,ComteOlden,ThermoFresh,0.9174999999999969
Scardinius erythrophthalmus,Coenagrion puella,GloBI,preysOn,,34.94,42.995,ComteOlden,ThermoFresh,8.055
Scardinius erythrophthalmus,Deronectes latus,GloBI,preysOn,,34.94,37.04,ComteOlden,ThermoFresh,2.1000000000000014
Scardinius erythrophthalmus,Dikerogammarus villosus,GloBI,preysOn,,34.94,28.1328571428571,ComteOlden,ThermoFresh,6.807142857142896
Scardinius erythrophthalmus,Dinocras cephalotes,GloBI,preysOn,,34.94,34.6083333333333,ComteOlden,ThermoFresh,0.331666666666699
Scardinius erythrophthalmus,Drusus annulatus,GloBI,preysOn,,34.94,28.8,ComteOlden,ThermoFresh,6.139999999999997
Scardinius erythrophthalmus,Ecdyonurus insignis,GloBI,preysOn,,34.94,32.34,ComteOlden,ThermoFresh,2.5999999999999943
Scardinius erythrophthalmus,Echinogammarus berilloni,GloBI,preysOn,,34.94,30.3333333333333,ComteOlden,ThermoFresh,4.6066666666666976
Scardinius erythrophthalmus,Echinogammarus ischnus,GloBI,preysOn,,34.94,31.5,ComteOlden,ThermoFresh,3.4399999999999977
Scardinius erythrophthalmus,Ephemera danica,GloBI,preysOn,,34.94,36.7075,ComteOlden,ThermoFresh,1.7675000000000054
Scardinius erythrophthalmus,Gammarus fossarum,GloBI,preysOn,,34.94,28.774,ComteOlden,ThermoFresh,6.165999999999997
Scardinius erythrophthalmus,Gammarus pulex,GloBI,preysOn,,34.94,29.1161111111111,ComteOlden,ThermoFresh,5.823888888888899
Scardinius erythrophthalmus,Gammarus roeselii,GloBI,preysOn,,34.94,30.184,ComteOlden,ThermoFresh,4.755999999999997
Scardinius erythrophthalmus,Gammarus tigrinus,GloBI,preysOn,,34.94,32.6985714285714,ComteOlden,ThermoFresh,2.2414285714285995
Scardinius erythrophthalmus,Heptagenia sulphurea,GloBI,preysOn,,34.94,30.2,ComteOlden,ThermoFresh,4.739999999999998
Scardinius erythrophthalmus,Hydropsyche pellucidula,GloBI,preysOn,,34.94,25.5,ComteOlden,ThermoFresh,9.439999999999998
Scardinius erythrophthalmus,Ischnura elegans,GloBI,preysOn,,34.94,43.7361538461539,ComteOlden,ThermoFresh,8.7961538461539
Scardinius erythrophthalmus,Ischnura pumilio,GloBI,preysOn,,34.94,45.515,ComteOlden,ThermoFresh,10.575000000000003
Scardinius erythrophthalmus,Leuctra fusca,GloBI,preysOn,,34.94,30.1,ComteOlden,ThermoFresh,4.839999999999996
Scardinius erythrophthalmus,Nemurella pictetii,GloBI,preysOn,,34.94,30.1,ComteOlden,ThermoFresh,4.839999999999996
Scardinius erythrophthalmus,Pseudorasbora parva,GloBI,preysOn,,34.94,38.515,ComteOlden,ThermoFresh,3.575000000000003
Scardinius erythrophthalmus,Rhithrogena semicolorata,GloBI,preysOn,,34.94,25.33,ComteOlden,ThermoFresh,9.61
Scardinius erythrophthalmus,Rhyacophila dorsalis,GloBI,preysOn,,34.94,22.0,ComteOlden,ThermoFresh,12.939999999999998
Scardinius erythrophthalmus,Serratella ignita,GloBI,preysOn,,34.94,32.3,ComteOlden,ThermoFresh,2.6400000000000006
Schilbe intermedius,Brycinus lateralis,GloBI,eats,,39.15,35.75,ComteOlden,ComteOlden,3.3999999999999986
Schilbe intermedius,Electrona antarctica,GloBI,eats,,39.15,31.24,ComteOlden,ComteOlden,7.91
Schilbe intermedius,Marcusenius macrolepidotus,GloBI,eats,,39.15,37.38,ComteOlden,ComteOlden,1.769999999999996
Schilbe intermedius,Schilbe mystus,GloBI,eats,,39.15,39.74,ComteOlden,ComteOlden,0.5900000000000034
Schilbe intermedius,Sierrathrissa leonensis,GloBI,eats;preysOn,,39.15,36.11,ComteOlden,ComteOlden,3.039999999999999
Schilbe intermedius,Synodontis macrostigma,GloBI,eats,,39.15,37.65,ComteOlden,ComteOlden,1.5
Schilbe mystus,Astatotilapia bloyeti,GloBI,preysOn,,39.74,38.01,ComteOlden,ComteOlden,1.730000000000004
Schilbe mystus,Barbus callipterus,GloBI,preysOn,,39.74,40.31,ComteOlden,ComteOlden,0.5700000000000003
Schilbe mystus,Brycinus longipinnis,GloBI,preysOn,,39.74,37.57,ComteOlden,ComteOlden,2.1700000000000017
Schilbe mystus,Brycinus macrolepidotus,GloBI,preysOn,,39.74,37.48,ComteOlden,ComteOlden,2.260000000000005
Schilbe mystus,Brycinus nurse,GloBI,eats;preysOn,,39.74,37.63,ComteOlden,ComteOlden,2.1099999999999994
Schilbe mystus,Electrona antarctica,GloBI,eats,,39.74,31.24,ComteOlden,ComteOlden,8.500000000000004
Schilbe mystus,Lates niloticus,GloBI,eats;preysOn,,39.74,38.6252631578947,ComteOlden,ThermoFresh,1.1147368421053017
Schilbe mystus,Limnothrissa miodon,GloBI,preysOn,,39.74,34.26,ComteOlden,ComteOlden,5.480000000000004
Schilbe mystus,Marcusenius macrolepidotus,GloBI,preysOn,,39.74,37.38,ComteOlden,ComteOlden,2.3599999999999994
Schilbe mystus,Micralestes acutidens,GloBI,eats;preysOn,,39.74,36.16,ComteOlden,ComteOlden,3.5800000000000054
Schilbe mystus,Schilbe intermedius,GloBI,eats;preysOn,,39.74,39.15,ComteOlden,ComteOlden,0.5900000000000034
Schilbe mystus,Sierrathrissa leonensis,GloBI,eats;preysOn,,39.74,36.11,ComteOlden,ComteOlden,3.6300000000000026
Schilbe mystus,Tilapia rendalli,GloBI,preysOn,,39.74,39.15,ComteOlden,ComteOlden,0.5900000000000034
Sciaenops ocellatus,Anchoa mitchilli,GloBI,eats;preysOn,,32.865,36.68,ThermoFresh,ComteOlden,3.8149999999999977
Sciaenops ocellatus,Callinectes danae,GloBI,eats;preysOn,,32.865,40.6,ThermoFresh,ThermoFresh,7.734999999999999
Sciaenops ocellatus,Cynoscion nebulosus,GloBI,eats;preysOn,,32.865,37.38,ThermoFresh,ComteOlden,4.515000000000001
Sciaenops ocellatus,Cyprinodon variegatus,GloBI,eats;preysOn,,32.865,41.3626666666667,ThermoFresh,ThermoFresh,8.497666666666696
Sciaenops ocellatus,Diplectrum formosum,GloBI,preysOn,,32.865,37.68,ThermoFresh,ComteOlden,4.814999999999998
Sciaenops ocellatus,Dorosoma cepedianum,GloBI,eats;preysOn,,32.865,35.3,ThermoFresh,ComteOlden,2.434999999999995
Sciaenops ocellatus,Fundulus grandis,GloBI,eats;preysOn,,32.865,40.795,ThermoFresh,ThermoFresh,7.93
Sciaenops ocellatus,Gambusia affinis,GloBI,eats,,32.865,38.9970689655172,ThermoFresh,ThermoFresh,6.132068965517199
Sciaenops ocellatus,Gammarus tigrinus,GloBI,eats,,32.865,32.6985714285714,ThermoFresh,ThermoFresh,0.1664285714286038
Sciaenops ocellatus,Heterandria formosa,GloBI,eats,,32.865,37.95,ThermoFresh,ComteOlden,5.085000000000001
Sciaenops ocellatus,Lagodon rhomboides,GloBI,eats;preysOn,,32.865,37.3,ThermoFresh,ThermoFresh,4.434999999999995
Sciaenops ocellatus,Leiostomus xanthurus,GloBI,eats;preysOn,,32.865,36.19,ThermoFresh,ComteOlden,3.3249999999999957
Sciaenops ocellatus,Litopenaeus setiferus,GloBI,eats;preysOn,,32.865,37.2,ThermoFresh,ThermoFresh,4.335000000000001
Sciaenops ocellatus,Lucania parva,GloBI,eats;preysOn,,32.865,38.38,ThermoFresh,ComteOlden,5.515000000000001
Sciaenops ocellatus,Menidia beryllina,GloBI,eats;preysOn,,32.865,33.2371428571429,ThermoFresh,ThermoFresh,0.3721428571428973
Sciaenops ocellatus,Mugil cephalus,GloBI,eats;preysOn,,32.865,39.74,ThermoFresh,ThermoFresh,6.875
Sciaenops ocellatus,Paralichthys lethostigma,GloBI,eats;preysOn,,32.865,38.33,ThermoFresh,ComteOlden,5.464999999999996
Sciaenops ocellatus,Petrolisthes armatus,GloBI,eats;preysOn,,32.865,39.19,ThermoFresh,ThermoFresh,6.324999999999996
Sciaenops ocellatus,Strongylura marina,GloBI,eats;preysOn,,32.865,38.36,ThermoFresh,ComteOlden,5.494999999999997
Scomber australasicus,Engraulis japonicus,GloBI,eats;preysOn,,32.53,34.1,ComteOlden,ComteOlden,1.5700000000000003
Scomber scombrus,Anchoa mitchilli,GloBI,preysOn,,33.2066666666667,36.68,ComteOlden,ComteOlden,3.4733333333333007
Scomber scombrus,Carcinus maenas,GloBI,eats;preysOn,,33.2066666666667,34.07,ComteOlden,ThermoFresh,0.8633333333333013
Scomber scombrus,Clupea harengus,GloBI,eats;preysOn,,33.2066666666667,25.43,ComteOlden,ComteOlden,7.776666666666699
Scomber scombrus,Crangon crangon,GloBI,preysOn,,33.2066666666667,34.1133333333333,ComteOlden,ThermoFresh,0.9066666666666023
Scomber scombrus,Electrona antarctica,GloBI,preysOn,,33.2066666666667,31.24,ComteOlden,ComteOlden,1.9666666666667005
Scomber scombrus,Eleginus gracilis,GloBI,preysOn,,33.2066666666667,24.55,ComteOlden,ThermoFresh,8.656666666666698
Scomber scombrus,Engraulis japonicus,GloBI,eats;preysOn,,33.2066666666667,34.1,ComteOlden,ComteOlden,0.8933333333333024
Scomber scombrus,Gadus morhua,GloBI,eats;preysOn,,33.2066666666667,25.39,ComteOlden,ComteOlden,7.816666666666698
Scomber scombrus,Pagurus bernhardus,GloBI,eats;preysOn,,33.2066666666667,35.9,ComteOlden,ThermoFresh,2.6933333333332996
Scomber scombrus,Pleuronectes platessa,GloBI,eats;preysOn,,33.2066666666667,30.64,ComteOlden,ComteOlden,2.5666666666666984
Scomber scombrus,Pomatoschistus minutus,GloBI,eats;preysOn,,33.2066666666667,28.4,ComteOlden,ThermoFresh,4.8066666666667
Scomber scombrus,Pseudopleuronectes americanus,GloBI,eats;preysOn,,33.2066666666667,29.55,ComteOlden,ComteOlden,3.6566666666666983
Scomber scombrus,Sardinops sagax,GloBI,eats;preysOn,,33.2066666666667,31.24,ComteOlden,ComteOlden,1.9666666666667005
Scomberomorus commerson,Alburnus alburnus,GloBI,preysOn,,35.83,37.7,ComteOlden,ThermoFresh,1.8700000000000045
Scomberomorus commerson,Chanos chanos,GloBI,eats;preysOn,,35.83,40.555,ComteOlden,ThermoFresh,4.725000000000001
Scomberomorus commerson,Lates calcarifer,GloBI,preysOn,,35.83,42.36,ComteOlden,ThermoFresh,6.530000000000001
Scomberomorus commerson,Rastrelliger brachysoma,GloBI,eats;preysOn,,35.83,36.63,ComteOlden,ComteOlden,0.8000000000000043
Scomberomorus munroi,Sardinops sagax,GloBI,eats;preysOn,,36.42,31.24,ComteOlden,ComteOlden,5.180000000000003
Scomberomorus niphonius,Acanthopagrus schlegelii,GloBI,eats;preysOn,,34.76,36.44,ComteOlden,ThermoFresh,1.6799999999999997
Scomberomorus niphonius,Engraulis japonicus,GloBI,eats;preysOn,,34.76,34.1,ComteOlden,ComteOlden,0.6599999999999966
Scomberomorus niphonius,Scomber scombrus,GloBI,eats;preysOn,,34.76,33.2066666666667,ComteOlden,ComteOlden,1.553333333333299
Scomberomorus niphonius,Trachurus japonicus,GloBI,eats;preysOn,,34.76,34.41,ComteOlden,ComteOlden,0.3500000000000014
Scomberomorus queenslandicus,Sardinops sagax,GloBI,eats;preysOn,,36.61,31.24,ComteOlden,ComteOlden,5.370000000000001
Scomberomorus regalis,Abudefduf saxatilis,GloBI,eats;preysOn,,35.86,39.47,ComteOlden,ComteOlden,3.6099999999999994
Scomberomorus regalis,Azurina cyanea,GloBI,eats;preysOn,,35.86,39.15,ComteOlden,ComteOlden,3.289999999999999
Scomberomorus regalis,Bodianus parrae,GloBI,eats;preysOn,,35.86,38.66,ComteOlden,ComteOlden,2.799999999999997
Scomberomorus regalis,Bodianus rufus,GloBI,eats;preysOn,,35.86,38.69,ComteOlden,ComteOlden,2.8299999999999983
Scomberomorus regalis,Halichoeres bivittatus,GloBI,eats;preysOn,,35.86,37.98,ComteOlden,ComteOlden,2.1199999999999974
Scomberomorus regalis,Halichoeres garnoti,GloBI,eats;preysOn,,35.86,37.97,ComteOlden,ComteOlden,2.1099999999999994
Scomberomorus regalis,Halichoeres maculipinna,GloBI,eats;preysOn,,35.86,38.12,ComteOlden,ComteOlden,2.259999999999998
Scomberomorus regalis,Halichoeres poeyi,GloBI,eats;preysOn,,35.86,37.99,ComteOlden,ComteOlden,2.1300000000000026
Scomberomorus regalis,Halichoeres radiatus,GloBI,eats;preysOn,,35.86,37.91,ComteOlden,ComteOlden,2.049999999999997
Scomberomorus regalis,Lachnolaimus maximus,GloBI,eats;preysOn,,35.86,38.85,ComteOlden,ComteOlden,2.990000000000002
Scomberomorus regalis,Thalassoma bifasciatum,GloBI,eats;preysOn,,35.86,38.1,ComteOlden,ComteOlden,2.240000000000002
Scomberomorus regalis,Xyrichtys novacula,GloBI,eats;preysOn,,35.86,37.27,ComteOlden,ComteOlden,1.4100000000000037
Scomberomorus regalis,Xyrichtys splendens,GloBI,eats;preysOn,,35.86,38.48,ComteOlden,ComteOlden,2.6199999999999974
Scomberomorus tritor,Ethmalosa fimbriata,GloBI,eats;preysOn,,35.5,35.82,ComteOlden,ComteOlden,0.3200000000000003
Scorpaena porcus,Gobius niger,GloBI,eats;preysOn,,35.57,33.5,ComteOlden,ThermoFresh,2.0700000000000003
Scorpaena porcus,Mullus surmuletus,GloBI,eats;preysOn,,35.57,33.31,ComteOlden,ComteOlden,2.259999999999998
Scorpaena porcus,Parablennius tentacularis,GloBI,eats;preysOn,,35.57,36.47,ComteOlden,ComteOlden,0.8999999999999986
Scorpaena porcus,Salaria pavo,GloBI,eats;preysOn,,35.57,35.9,ComteOlden,ComteOlden,0.3299999999999983
Scorpaena porcus,Sparus aurata,GloBI,preysOn,,35.57,35.5,ComteOlden,ThermoFresh,0.07000000000000028
Scorpaena porcus,Symphodus roissali,GloBI,eats;preysOn,,35.57,35.55,ComteOlden,ComteOlden,0.020000000000003126
Scorpaena porcus,Symphodus tinca,GloBI,eats;preysOn,,35.57,35.87,ComteOlden,ComteOlden,0.29999999999999716
Semotilus atromaculatus,Daphnia galeata,GloBI,preysOn,,34.875,38.89,ThermoFresh,ThermoFresh,4.015000000000001
Semotilus atromaculatus,Etheostoma nigrum,GloBI,eats,,34.875,33.65,ThermoFresh,ThermoFresh,1.2250000000000014
Semotilus atromaculatus,Hybognathus hankinsoni,GloBI,preysOn,,34.875,34.15,ThermoFresh,ComteOlden,0.7250000000000014
Semotilus atromaculatus,Phagocata gracilis,GloBI,eats;preysOn,,34.875,33.3,ThermoFresh,ThermoFresh,1.5750000000000028
Seriola lalandi,Engraulis mordax,GloBI,eats;preysOn,,35.9,33.4,ThermoFresh,ComteOlden,2.5
Seriola lalandi,Perca fluviatilis,GloBI,eats,,35.9,28.6920833333333,ThermoFresh,ThermoFresh,7.207916666666698
Seriola lalandi,Sardinops sagax,GloBI,eats;preysOn,,35.9,31.24,ThermoFresh,ComteOlden,4.66
Seriola lalandi,Scomber scombrus,GloBI,eats;preysOn,,35.9,33.2066666666667,ThermoFresh,ComteOlden,2.6933333333332996
Serranochromis angusticeps,Schilbe intermedius,GloBI,preysOn,,37.96,39.15,ComteOlden,ComteOlden,1.1899999999999977
Serranus atricauda,Coris julis,GloBI,preysOn,,34.96,35.01,ComteOlden,ComteOlden,0.04999999999999716
Serranus atricauda,Coryphoblennius galerita,GloBI,preysOn,,34.96,32.79,ComteOlden,ComteOlden,2.1700000000000017
Serranus atricauda,Lipophrys pholis,GloBI,preysOn,,34.96,34.18,ComteOlden,ComteOlden,0.7800000000000011
Serranus atricauda,Lipophrys trigloides,GloBI,preysOn,,34.96,35.18,ComteOlden,ComteOlden,0.21999999999999886
Serranus atricauda,Mullus surmuletus,GloBI,preysOn,,34.96,33.31,ComteOlden,ComteOlden,1.6499999999999986
Serranus atricauda,Parablennius incognitus,GloBI,eats;preysOn,,34.96,36.02,ComteOlden,ComteOlden,1.0600000000000023
Serranus atricauda,Parablennius ruber,GloBI,eats;preysOn,,34.96,33.22,ComteOlden,ComteOlden,1.740000000000002
Serranus atricauda,Xantho incisus,GloBI,eats,,34.96,33.4,ComteOlden,GlobTherm,1.5600000000000023
Sialis lutaria,Asellus aquaticus,GloBI,eats;preysOn,,31.4,32.8678947368421,ThermoFresh,ThermoFresh,1.467894736842105
Sialis lutaria,Caenis luctuosa,GloBI,eats;preysOn,,31.4,30.6,ThermoFresh,ThermoFresh,0.7999999999999972
Sialis lutaria,Crangonyx pseudogracilis,GloBI,eats;preysOn,,31.4,32.3233333333333,ThermoFresh,ThermoFresh,0.9233333333333036
Silurus asotus,Carassius carassius,GloBI,eats;preysOn,,35.55,35.5365,ComteOlden,ThermoFresh,0.013500000000000512
Silurus asotus,Ctenopharyngodon idella,GloBI,preysOn,,35.55,39.5,ComteOlden,ThermoFresh,3.950000000000003
Silurus asotus,Hypomesus olidus,GloBI,eats;preysOn,,35.55,25.81,ComteOlden,ComteOlden,9.739999999999998
Silurus glanis,Abramis brama,GloBI,eats;preysOn,,36.15,30.32,ComteOlden,ComteOlden,5.829999999999998
Silurus glanis,Acipenser naccarii,GloBI,preysOn,,36.15,33.83,ComteOlden,ComteOlden,2.3200000000000003
Silurus glanis,Acipenser sturio,GloBI,preysOn,,36.15,32.52,ComteOlden,ComteOlden,3.6299999999999955
Silurus glanis,Alburnus alburnus,GloBI,eats;preysOn,,36.15,37.7,ComteOlden,ThermoFresh,1.5500000000000043
Silurus glanis,Alburnus arborella,GloBI,preysOn,,36.15,35.64,ComteOlden,ComteOlden,0.509999999999998
Silurus glanis,Alosa alosa,GloBI,preysOn,,36.15,30.73,ComteOlden,ComteOlden,5.419999999999998
Silurus glanis,Alosa caspia,GloBI,eats;preysOn,,36.15,33.95,ComteOlden,ComteOlden,2.1999999999999957
Silurus glanis,Alosa fallax,GloBI,preysOn,,36.15,32.31,ComteOlden,ComteOlden,3.8399999999999963
Silurus glanis,Anguilla anguilla,GloBI,preysOn,,36.15,35.12,ComteOlden,ComteOlden,1.0300000000000011
Silurus glanis,Atherina boyeri,GloBI,preysOn,,36.15,36.43,ComteOlden,ComteOlden,0.28000000000000114
Silurus glanis,Barbatula barbatula,GloBI,preysOn,,36.15,29.5285714285714,ComteOlden,ThermoFresh,6.6214285714285985
Silurus glanis,Barbus barbus,GloBI,preysOn,,36.15,29.2,ComteOlden,ThermoFresh,6.949999999999999
Silurus glanis,Barbus caninus,GloBI,preysOn,,36.15,32.7,ComteOlden,ComteOlden,3.4499999999999957
Silurus glanis,Barbus plebejus,GloBI,preysOn,,36.15,32.5,ComteOlden,ComteOlden,3.6499999999999986
Silurus glanis,Blicca bjoerkna,GloBI,preysOn,,36.15,30.86,ComteOlden,ComteOlden,5.289999999999999
Silurus glanis,Carassius carassius,GloBI,eats;preysOn,,36.15,35.5365,ComteOlden,ThermoFresh,0.6135000000000019
Silurus glanis,Carassius gibelio,GloBI,preysOn,,36.15,36.1,ComteOlden,ThermoFresh,0.04999999999999716
Silurus glanis,Chondrostoma nasus,GloBI,preysOn,,36.15,34.03,ComteOlden,ComteOlden,2.1199999999999974
Silurus glanis,Chondrostoma soetta,GloBI,preysOn,,36.15,31.86,ComteOlden,ComteOlden,4.289999999999999
Silurus glanis,Cobitis bilineata,GloBI,preysOn,,36.15,33.54,ComteOlden,ComteOlden,2.6099999999999994
Silurus glanis,Cobitis taenia,GloBI,preysOn,,36.15,33.76,ComteOlden,ComteOlden,2.3900000000000006
Silurus glanis,Cottus gobio,GloBI,preysOn,,36.15,30.32,ComteOlden,ComteOlden,5.829999999999998
Silurus glanis,Ctenopharyngodon idella,GloBI,preysOn,,36.15,39.5,ComteOlden,ThermoFresh,3.3500000000000014
Silurus glanis,Cyprinus carpio,GloBI,eats;preysOn,,36.15,33.5484745762712,ComteOlden,ThermoFresh,2.601525423728802
Silurus glanis,Electrona antarctica,GloBI,eats,,36.15,31.24,ComteOlden,ComteOlden,4.91
Silurus glanis,Esox lucius,GloBI,eats;preysOn,,36.15,28.98,ComteOlden,ComteOlden,7.169999999999998
Silurus glanis,Gasterosteus aculeatus,GloBI,preysOn,,36.15,31.6655882352941,ComteOlden,ThermoFresh,4.4844117647059
Silurus glanis,Gobio gobio,GloBI,preysOn,,36.15,33.75,ComteOlden,ThermoFresh,2.3999999999999986
Silurus glanis,Gymnocephalus cernua,GloBI,preysOn,,36.15,34.5,ComteOlden,ThermoFresh,1.6499999999999986
Silurus glanis,Hypophthalmichthys molitrix,GloBI,preysOn,,36.15,36.27,ComteOlden,ComteOlden,0.12000000000000455
Silurus glanis,Hypophthalmichthys nobilis,GloBI,preysOn,,36.15,37.92,ComteOlden,ComteOlden,1.7700000000000031
Silurus glanis,Leiostomus xanthurus,GloBI,eats;preysOn,,36.15,36.19,ComteOlden,ComteOlden,0.03999999999999915
Silurus glanis,Lepomis gibbosus,GloBI,preysOn,,36.15,33.8035,ComteOlden,ThermoFresh,2.346499999999999
Silurus glanis,Leucaspius delineatus,GloBI,preysOn,,36.15,34.3566666666667,ComteOlden,ThermoFresh,1.793333333333301
Silurus glanis,Leuciscus aspius,GloBI,preysOn,,36.15,34.92,ComteOlden,ComteOlden,1.2299999999999969
Silurus glanis,Leuciscus leuciscus,GloBI,preysOn,,36.15,32.57,ComteOlden,ComteOlden,3.5799999999999983
Silurus glanis,Lota lota,GloBI,preysOn,,36.15,27.11875,ComteOlden,ThermoFresh,9.03125
Silurus glanis,Luciobarbus brachycephalus,GloBI,eats;preysOn,,36.15,35.41,ComteOlden,ComteOlden,0.740000000000002
Silurus glanis,Micropterus salmoides,GloBI,preysOn,,36.15,36.4,ComteOlden,ThermoFresh,0.25
Silurus glanis,Neogobius fluviatilis,GloBI,eats;preysOn,,36.15,34.32,ComteOlden,ComteOlden,1.8299999999999983
Silurus glanis,Neogobius melanostomus,GloBI,preysOn,,36.15,33.726,ComteOlden,ThermoFresh,2.4239999999999995
Silurus glanis,Oncorhynchus mykiss,GloBI,preysOn,,36.15,28.6755405405405,ComteOlden,ThermoFresh,7.474459459459499
Silurus glanis,Padogobius bonelli,GloBI,preysOn,,36.15,31.74,ComteOlden,ComteOlden,4.41
Silurus glanis,Parachondrostoma toxostoma,GloBI,preysOn,,36.15,34.17,ComteOlden,ComteOlden,1.9799999999999969
Silurus glanis,Perca fluviatilis,GloBI,eats;preysOn,,36.15,28.6920833333333,ComteOlden,ThermoFresh,7.457916666666698
Silurus glanis,Petromyzon marinus,GloBI,eats;preysOn,,36.15,33.8833333333333,ComteOlden,ThermoFresh,2.2666666666667012
Silurus glanis,Phoxinus lumaireul,GloBI,preysOn,,36.15,29.52,ComteOlden,ComteOlden,6.629999999999999
Silurus glanis,Ponticola kessleri,GloBI,preysOn,,36.15,34.03,ComteOlden,ComteOlden,2.1199999999999974
Silurus glanis,Pseudorasbora parva,GloBI,preysOn,,36.15,38.515,ComteOlden,ThermoFresh,2.365000000000002
Silurus glanis,Rhodeus amarus,GloBI,preysOn,,36.15,34.1,ComteOlden,ComteOlden,2.049999999999997
Silurus glanis,Rutilus aula,GloBI,preysOn,,36.15,32.32,ComteOlden,ComteOlden,3.8299999999999983
Silurus glanis,Rutilus frisii,GloBI,eats;preysOn,,36.15,32.71,ComteOlden,ComteOlden,3.4399999999999977
Silurus glanis,Rutilus pigus,GloBI,preysOn,,36.15,33.59,ComteOlden,ComteOlden,2.559999999999995
Silurus glanis,Rutilus rutilus,GloBI,eats;preysOn,,36.15,28.5058333333333,ComteOlden,ThermoFresh,7.644166666666699
Silurus glanis,Sabanejewia larvata,GloBI,preysOn,,36.15,32.71,ComteOlden,ComteOlden,3.4399999999999977
Silurus glanis,Salariopsis fluviatilis,GloBI,preysOn,,36.15,34.96,ComteOlden,ComteOlden,1.1899999999999977
Silurus glanis,Salmo labrax,GloBI,preysOn,,36.15,32.32,ComteOlden,ComteOlden,3.8299999999999983
Silurus glanis,Salmo marmoratus,GloBI,preysOn,,36.15,30.21,ComteOlden,ComteOlden,5.939999999999998
Silurus glanis,Salmo salar,GloBI,eats;preysOn,,36.15,30.3326495726496,ComteOlden,ThermoFresh,5.817350427350398
Silurus glanis,Salmo trutta,GloBI,preysOn,,36.15,27.6830769230769,ComteOlden,ThermoFresh,8.466923076923099
Silurus glanis,Salvelinus fontinalis,GloBI,preysOn,,36.15,28.9883333333333,ComteOlden,ThermoFresh,7.161666666666697
Silurus glanis,Salvelinus namaycush,GloBI,preysOn,,36.15,27.385,ComteOlden,ThermoFresh,8.764999999999997
Silurus glanis,Sander lucioperca,GloBI,preysOn,,36.15,35.4428571428571,ComteOlden,ThermoFresh,0.7071428571428982
Silurus glanis,Scardinius erythrophthalmus,GloBI,eats;preysOn,,36.15,34.94,ComteOlden,ComteOlden,1.2100000000000009
Silurus glanis,Squalius cephalus,GloBI,preysOn,,36.15,36.48,ComteOlden,ThermoFresh,0.3299999999999983
Silurus glanis,Syngnathus abaster,GloBI,preysOn,,36.15,35.9,ComteOlden,ComteOlden,0.25
Silurus glanis,Telestes muticellus,GloBI,preysOn,,36.15,33.48,ComteOlden,ComteOlden,2.6700000000000017
Silurus glanis,Telestes souffia,GloBI,preysOn,,36.15,33.18,ComteOlden,ComteOlden,2.969999999999999
Silurus glanis,Thymallus thymallus,GloBI,preysOn,,36.15,29.4333333333333,ComteOlden,ThermoFresh,6.716666666666697
Silurus glanis,Tinca tinca,GloBI,eats;preysOn,,36.15,35.6875,ComteOlden,ThermoFresh,0.4624999999999986
Silurus glanis,Vimba vimba,GloBI,eats;preysOn,,36.15,33.43,ComteOlden,ComteOlden,2.719999999999999
Silurus meridionalis,Parabramis pekinensis,GloBI,preysOn,,39.37,36.63,ComteOlden,ComteOlden,2.739999999999995
Solea solea,Carcinus maenas,GloBI,eats;preysOn,,34.15,34.07,ComteOlden,ThermoFresh,0.0799999999999983
Solea solea,Corophium volutator,GloBI,eats;preysOn,,34.15,33.1452777775,ComteOlden,ThermoFresh,1.0047222224999999
Solea solea,Crangon crangon,GloBI,eats;preysOn,,34.15,34.1133333333333,ComteOlden,ThermoFresh,0.03666666666669727
Solea solea,Littorina saxatilis,GloBI,preysOn,,34.15,34.91,ComteOlden,ThermoFresh,0.759999999999998
Solea solea,Pagurus bernhardus,GloBI,preysOn,,34.15,35.9,ComteOlden,ThermoFresh,1.75
Solea solea,Pleuronectes platessa,GloBI,preysOn,,34.15,30.64,ComteOlden,ComteOlden,3.509999999999998
Solea solea,Pomatoschistus minutus,GloBI,eats;preysOn,,34.15,28.4,ComteOlden,ThermoFresh,5.75
Solea solea,Xantho incisus,GloBI,preysOn,,34.15,33.4,ComteOlden,GlobTherm,0.75
Solenopsis invicta,Anolis carolinensis,GloBI,eats,,43.25,41.7,GlobTherm,GlobTherm,1.5499999999999972
Solenopsis invicta,Hemidactylus turcicus,GloBI,preysOn,,43.25,41.1,GlobTherm,GlobTherm,2.1499999999999986
Solenopsis invicta,Phrynosoma cornutum,GloBI,preysOn,,43.25,47.9,GlobTherm,GlobTherm,4.649999999999999
Solenopsis invicta,Thamnophis sirtalis,GloBI,eats,,43.25,38.9,GlobTherm,GlobTherm,4.350000000000001
Sparus aurata,Cookia sulcata,GloBI,eats;preysOn,,35.5,32.7,ThermoFresh,GlobTherm,2.799999999999997
Sparus aurata,Electrona antarctica,GloBI,eats,,35.5,31.24,ThermoFresh,ComteOlden,4.260000000000002
Sperata seenghala,Cyprinus carpio,GloBI,preysOn,,40.22,33.5484745762712,ComteOlden,ThermoFresh,6.671525423728802
Sphoeroides maculatus,Gammarus tigrinus,GloBI,preysOn,,36.41,32.6985714285714,ComteOlden,ThermoFresh,3.7114285714285984
Sphoeroides maculatus,Hyalella azteca,GloBI,preysOn,,36.41,41.1175,ComteOlden,ThermoFresh,4.707500000000003
Sphoeroides maculatus,Uma inornata,GloBI,preysOn,,36.41,45.0,ComteOlden,GlobTherm,8.590000000000003
Sphoeroides spengleri,Acar domingensis,GloBI,eats;preysOn,,40.45,39.0,ComteOlden,GlobTherm,1.4500000000000028
Spondyliosoma cantharus,Clupea harengus,GloBI,eats;preysOn,,33.51,25.43,ComteOlden,ComteOlden,8.079999999999998
Squalius cephalus,Abramis brama,GloBI,preysOn,,36.48,30.32,ThermoFresh,ComteOlden,6.159999999999997
Squalius cephalus,Acipenser naccarii,GloBI,preysOn,,36.48,33.83,ThermoFresh,ComteOlden,2.6499999999999986
Squalius cephalus,Acipenser sturio,GloBI,preysOn,,36.48,32.52,ThermoFresh,ComteOlden,3.9599999999999937
Squalius cephalus,Agabus bipustulatus,GloBI,preysOn,,36.48,37.07,ThermoFresh,ThermoFresh,0.5900000000000034
Squalius cephalus,Agapetus fuscipes,GloBI,preysOn,,36.48,25.8,ThermoFresh,ThermoFresh,10.679999999999996
Squalius cephalus,Alburnus alburnus,GloBI,preysOn,,36.48,37.7,ThermoFresh,ThermoFresh,1.220000000000006
Squalius cephalus,Alburnus arborella,GloBI,preysOn,,36.48,35.64,ThermoFresh,ComteOlden,0.8399999999999963
Squalius cephalus,Alosa fallax,GloBI,preysOn,,36.48,32.31,ThermoFresh,ComteOlden,4.169999999999995
Squalius cephalus,Ancylus fluviatilis,GloBI,preysOn,,36.48,34.9,ThermoFresh,ThermoFresh,1.5799999999999983
Squalius cephalus,Anguilla anguilla,GloBI,eats;preysOn,,36.48,35.12,ThermoFresh,ComteOlden,1.3599999999999994
Squalius cephalus,Aphelocheirus aestivalis,GloBI,preysOn,,36.48,34.53,ThermoFresh,ThermoFresh,1.9499999999999957
Squalius cephalus,Asellus aquaticus,GloBI,preysOn,,36.48,32.8678947368421,ThermoFresh,ThermoFresh,3.6121052631578934
Squalius cephalus,Astacus leptodactylus,GloBI,preysOn,,36.48,37.8666666666667,ThermoFresh,ThermoFresh,1.3866666666667058
Squalius cephalus,Baetis rhodani,GloBI,preysOn,,36.48,25.1,ThermoFresh,ThermoFresh,11.379999999999995
Squalius cephalus,Barbatula barbatula,GloBI,preysOn,,36.48,29.5285714285714,ThermoFresh,ThermoFresh,6.951428571428597
Squalius cephalus,Barbus barbus,GloBI,preysOn,,36.48,29.2,ThermoFresh,ThermoFresh,7.279999999999998
Squalius cephalus,Barbus caninus,GloBI,preysOn,,36.48,32.7,ThermoFresh,ComteOlden,3.779999999999994
Squalius cephalus,Barbus plebejus,GloBI,preysOn,,36.48,32.5,ThermoFresh,ComteOlden,3.979999999999997
Squalius cephalus,Blicca bjoerkna,GloBI,preysOn,,36.48,30.86,ThermoFresh,ComteOlden,5.619999999999997
Squalius cephalus,Caenis luctuosa,GloBI,preysOn,,36.48,30.6,ThermoFresh,ThermoFresh,5.8799999999999955
Squalius cephalus,Calopteryx virgo,GloBI,preysOn,,36.48,34.0225,ThermoFresh,ThermoFresh,2.457499999999996
Squalius cephalus,Carassius carassius,GloBI,preysOn,,36.48,35.5365,ThermoFresh,ThermoFresh,0.9435000000000002
Squalius cephalus,Carassius gibelio,GloBI,preysOn,,36.48,36.1,ThermoFresh,ThermoFresh,0.37999999999999545
Squalius cephalus,Chondrostoma nasus,GloBI,preysOn,,36.48,34.03,ThermoFresh,ComteOlden,2.4499999999999957
Squalius cephalus,Chondrostoma soetta,GloBI,preysOn,,36.48,31.86,ThermoFresh,ComteOlden,4.619999999999997
Squalius cephalus,Cobitis bilineata,GloBI,preysOn,,36.48,33.54,ThermoFresh,ComteOlden,2.9399999999999977
Squalius cephalus,Cobitis taenia,GloBI,preysOn,,36.48,33.76,ThermoFresh,ComteOlden,2.719999999999999
Squalius cephalus,Coenagrion puella,GloBI,preysOn,,36.48,42.995,ThermoFresh,ThermoFresh,6.515000000000001
Squalius cephalus,Cottus gobio,GloBI,preysOn,,36.48,30.32,ThermoFresh,ComteOlden,6.159999999999997
Squalius cephalus,Ctenopharyngodon idella,GloBI,preysOn,,36.48,39.5,ThermoFresh,ThermoFresh,3.020000000000003
Squalius cephalus,Cyprinus carpio,GloBI,preysOn,,36.48,33.5484745762712,ThermoFresh,ThermoFresh,2.9315254237288
Squalius cephalus,Deronectes latus,GloBI,preysOn,,36.48,37.04,ThermoFresh,ThermoFresh,0.5600000000000023
Squalius cephalus,Dikerogammarus villosus,GloBI,preysOn,,36.48,28.1328571428571,ThermoFresh,ThermoFresh,8.347142857142895
Squalius cephalus,Dinocras cephalotes,GloBI,preysOn,,36.48,34.6083333333333,ThermoFresh,ThermoFresh,1.8716666666666981
Squalius cephalus,Drusus annulatus,GloBI,preysOn,,36.48,28.8,ThermoFresh,ThermoFresh,7.679999999999996
Squalius cephalus,Ecdyonurus insignis,GloBI,preysOn,,36.48,32.34,ThermoFresh,ThermoFresh,4.1399999999999935
Squalius cephalus,Echinogammarus berilloni,GloBI,preysOn,,36.48,30.3333333333333,ThermoFresh,ThermoFresh,6.146666666666697
Squalius cephalus,Echinogammarus ischnus,GloBI,preysOn,,36.48,31.5,ThermoFresh,ThermoFresh,4.979999999999997
Squalius cephalus,Electrona antarctica,GloBI,eats,,36.48,31.24,ThermoFresh,ComteOlden,5.239999999999998
Squalius cephalus,Elmis aenea,GloBI,preysOn,,36.48,33.8,ThermoFresh,ThermoFresh,2.6799999999999997
Squalius cephalus,Ephemera danica,GloBI,preysOn,,36.48,36.7075,ThermoFresh,ThermoFresh,0.22750000000000625
Squalius cephalus,Esox lucius,GloBI,preysOn,,36.48,28.98,ThermoFresh,ComteOlden,7.4999999999999964
Squalius cephalus,Gammarus fossarum,GloBI,preysOn,,36.48,28.774,ThermoFresh,ThermoFresh,7.705999999999996
Squalius cephalus,Gammarus pulex,GloBI,preysOn,,36.48,29.1161111111111,ThermoFresh,ThermoFresh,7.363888888888898
Squalius cephalus,Gammarus roeselii,GloBI,preysOn,,36.48,30.184,ThermoFresh,ThermoFresh,6.295999999999996
Squalius cephalus,Gammarus tigrinus,GloBI,preysOn,,36.48,32.6985714285714,ThermoFresh,ThermoFresh,3.7814285714285987
Squalius cephalus,Gasterosteus aculeatus,GloBI,preysOn,,36.48,31.6655882352941,ThermoFresh,ThermoFresh,4.814411764705898
Squalius cephalus,Gobio gobio,GloBI,eats;preysOn,,36.48,33.75,ThermoFresh,ThermoFresh,2.729999999999997
Squalius cephalus,Gymnocephalus cernua,GloBI,preysOn,,36.48,34.5,ThermoFresh,ThermoFresh,1.9799999999999969
Squalius cephalus,Heptagenia sulphurea,GloBI,preysOn,,36.48,30.2,ThermoFresh,ThermoFresh,6.279999999999998
Squalius cephalus,Hydropsyche pellucidula,GloBI,preysOn,,36.48,25.5,ThermoFresh,ThermoFresh,10.979999999999997
Squalius cephalus,Hypophthalmichthys molitrix,GloBI,preysOn,,36.48,36.27,ThermoFresh,ComteOlden,0.20999999999999375
Squalius cephalus,Hypophthalmichthys nobilis,GloBI,preysOn,,36.48,37.92,ThermoFresh,ComteOlden,1.4400000000000048
Squalius cephalus,Ischnura elegans,GloBI,preysOn,,36.48,43.7361538461539,ThermoFresh,ThermoFresh,7.2561538461539
Squalius cephalus,Ischnura pumilio,GloBI,preysOn,,36.48,45.515,ThermoFresh,ThermoFresh,9.035000000000004
Squalius cephalus,Lepomis gibbosus,GloBI,preysOn,,36.48,33.8035,ThermoFresh,ThermoFresh,2.676499999999997
Squalius cephalus,Leucaspius delineatus,GloBI,preysOn,,36.48,34.3566666666667,ThermoFresh,ThermoFresh,2.1233333333332993
Squalius cephalus,Leuciscus aspius,GloBI,preysOn,,36.48,34.92,ThermoFresh,ComteOlden,1.5599999999999952
Squalius cephalus,Leuciscus leuciscus,GloBI,eats;preysOn,,36.48,32.57,ThermoFresh,ComteOlden,3.9099999999999966
Squalius cephalus,Leuctra fusca,GloBI,preysOn,,36.48,30.1,ThermoFresh,ThermoFresh,6.3799999999999955
Squalius cephalus,Limnius volckmari,GloBI,preysOn,,36.48,33.7775,ThermoFresh,ThermoFresh,2.7024999999999935
Squalius cephalus,Lota lota,GloBI,preysOn,,36.48,27.11875,ThermoFresh,ThermoFresh,9.361249999999998
Squalius cephalus,Micropterus salmoides,GloBI,preysOn,,36.48,36.4,ThermoFresh,ThermoFresh,0.0799999999999983
Squalius cephalus,Nemurella pictetii,GloBI,preysOn,,36.48,30.1,ThermoFresh,ThermoFresh,6.3799999999999955
Squalius cephalus,Neogobius melanostomus,GloBI,preysOn,,36.48,33.726,ThermoFresh,ThermoFresh,2.753999999999998
Squalius cephalus,Oncorhynchus mykiss,GloBI,preysOn,,36.48,28.6755405405405,ThermoFresh,ThermoFresh,7.804459459459498
Squalius cephalus,Padogobius bonelli,GloBI,preysOn,,36.48,31.74,ThermoFresh,ComteOlden,4.739999999999998
Squalius cephalus,Parachondrostoma toxostoma,GloBI,preysOn,,36.48,34.17,ThermoFresh,ComteOlden,2.309999999999995
Squalius cephalus,Perca fluviatilis,GloBI,preysOn,,36.48,28.6920833333333,ThermoFresh,ThermoFresh,7.787916666666696
Squalius cephalus,Phoxinus lumaireul,GloBI,eats;preysOn,,36.48,29.52,ThermoFresh,ComteOlden,6.959999999999997
Squalius cephalus,Ponticola kessleri,GloBI,preysOn,,36.48,34.03,ThermoFresh,ComteOlden,2.4499999999999957
Squalius cephalus,Pseudorasbora parva,GloBI,preysOn,,36.48,38.515,ThermoFresh,ThermoFresh,2.0350000000000037
Squalius cephalus,Rhithrogena semicolorata,GloBI,preysOn,,36.48,25.33,ThermoFresh,ThermoFresh,11.149999999999999
Squalius cephalus,Rhodeus amarus,GloBI,preysOn,,36.48,34.1,ThermoFresh,ComteOlden,2.3799999999999955
Squalius cephalus,Rhyacophila dorsalis,GloBI,preysOn,,36.48,22.0,ThermoFresh,ThermoFresh,14.479999999999997
Squalius cephalus,Rutilus aula,GloBI,preysOn,,36.48,32.32,ThermoFresh,ComteOlden,4.159999999999997
Squalius cephalus,Rutilus pigus,GloBI,preysOn,,36.48,33.59,ThermoFresh,ComteOlden,2.8899999999999935
Squalius cephalus,Rutilus rutilus,GloBI,eats;preysOn,,36.48,28.5058333333333,ThermoFresh,ThermoFresh,7.974166666666697
Squalius cephalus,Sabanejewia larvata,GloBI,preysOn,,36.48,32.71,ThermoFresh,ComteOlden,3.769999999999996
Squalius cephalus,Salariopsis fluviatilis,GloBI,preysOn,,36.48,34.96,ThermoFresh,ComteOlden,1.519999999999996
Squalius cephalus,Salmo labrax,GloBI,preysOn,,36.48,32.32,ThermoFresh,ComteOlden,4.159999999999997
Squalius cephalus,Salmo marmoratus,GloBI,preysOn,,36.48,30.21,ThermoFresh,ComteOlden,6.269999999999996
Squalius cephalus,Salmo salar,GloBI,preysOn,,36.48,30.3326495726496,ThermoFresh,ThermoFresh,6.147350427350396
Squalius cephalus,Salmo trutta,GloBI,preysOn,,36.48,27.6830769230769,ThermoFresh,ThermoFresh,8.796923076923097
Squalius cephalus,Salvelinus fontinalis,GloBI,preysOn,,36.48,28.9883333333333,ThermoFresh,ThermoFresh,7.491666666666696
Squalius cephalus,Salvelinus namaycush,GloBI,preysOn,,36.48,27.385,ThermoFresh,ThermoFresh,9.094999999999995
Squalius cephalus,Sander lucioperca,GloBI,preysOn,,36.48,35.4428571428571,ThermoFresh,ThermoFresh,1.0371428571428964
Squalius cephalus,Scardinius erythrophthalmus,GloBI,preysOn,,36.48,34.94,ThermoFresh,ComteOlden,1.5399999999999991
Squalius cephalus,Serratella ignita,GloBI,preysOn,,36.48,32.3,ThermoFresh,ThermoFresh,4.18
Squalius cephalus,Silurus glanis,GloBI,preysOn,,36.48,36.15,ThermoFresh,ComteOlden,0.3299999999999983
Squalius cephalus,Telestes muticellus,GloBI,preysOn,,36.48,33.48,ThermoFresh,ComteOlden,3.0
Squalius cephalus,Telestes souffia,GloBI,preysOn,,36.48,33.18,ThermoFresh,ComteOlden,3.299999999999997
Squalius cephalus,Thymallus thymallus,GloBI,preysOn,,36.48,29.4333333333333,ThermoFresh,ThermoFresh,7.046666666666695
Squalius cephalus,Tinca tinca,GloBI,preysOn,,36.48,35.6875,ThermoFresh,ThermoFresh,0.7924999999999969
Stenodus leucichthys,Coregonus sardinella,GloBI,eats;preysOn,,27.91,24.7,ComteOlden,ThermoFresh,3.210000000000001
Stenodus leucichthys,Hiodon alosoides,GloBI,preysOn,,27.91,32.78,ComteOlden,ComteOlden,4.870000000000001
Stenodus leucichthys,Lota lota,GloBI,eats;preysOn,,27.91,27.11875,ComteOlden,ThermoFresh,0.7912500000000016
Stenodus leucichthys,Oncorhynchus tshawytscha,GloBI,eats;preysOn,,27.91,28.7821875,ComteOlden,ThermoFresh,0.872187499999999
Stenodus leucichthys,Osmerus mordax,GloBI,eats;preysOn,,27.91,25.9,ComteOlden,ThermoFresh,2.0100000000000016
Stenotomus chrysops,Gammarus tigrinus,GloBI,preysOn,,34.38,32.6985714285714,ComteOlden,ThermoFresh,1.6814285714286044
Stenotomus chrysops,Hyalella azteca,GloBI,preysOn,,34.38,41.1175,ComteOlden,ThermoFresh,6.737499999999997
Stenotomus chrysops,Uma inornata,GloBI,preysOn,,34.38,45.0,ComteOlden,GlobTherm,10.619999999999997
Sterechinus neumayeri,Odontaster validus,GloBI,eats,,19.3,11.0,GlobTherm,GlobTherm,8.3
Strongylura marina,Anchoa mitchilli,GloBI,eats;preysOn,,38.36,36.68,ComteOlden,ComteOlden,1.6799999999999997
Symphodus melops,Carcinus maenas,GloBI,eats;preysOn,,33.95,34.07,ComteOlden,ThermoFresh,0.11999999999999744
Symphodus melops,Crangon crangon,GloBI,preysOn,,33.95,34.1133333333333,ComteOlden,ThermoFresh,0.16333333333329847
Symphodus melops,Electrona antarctica,GloBI,eats,,33.95,31.24,ComteOlden,ComteOlden,2.7100000000000044
Symphodus melops,Littorina saxatilis,GloBI,preysOn,,33.95,34.91,ComteOlden,ThermoFresh,0.9599999999999937
Symphodus melops,Pagurus bernhardus,GloBI,eats;preysOn,,33.95,35.9,ComteOlden,ThermoFresh,1.9499999999999957
Syngnathus acus,Crangon crangon,GloBI,preysOn,,31.7,34.1133333333333,ThermoFresh,ThermoFresh,2.413333333333302
Synodontis multipunctatus,Pseudosimochromis babaulti,GloBI,parasiteOf,,38.09,37.97,ComteOlden,ComteOlden,0.12000000000000455
Synodontis njassae,Electrona antarctica,GloBI,eats,,38.83,31.24,ComteOlden,ComteOlden,7.59
Synodontis petricola,Copadichromis borleyi,GloBI,parasiteOf,,38.08,38.88,ComteOlden,ComteOlden,0.8000000000000043
Synodontis petricola,Maylandia estherae,GloBI,parasiteOf,,38.08,38.96,ComteOlden,ComteOlden,0.8800000000000026
Synodontis petricola,Maylandia zebra,GloBI,parasiteOf,,38.08,38.84,ComteOlden,ComteOlden,0.7600000000000051
Synodontis petricola,Simochromis diagramma,GloBI,parasiteOf,,38.08,37.89,ComteOlden,ComteOlden,0.18999999999999773
Synodontis zambezensis,Limnothrissa miodon,GloBI,preysOn,,38.46,34.26,ComteOlden,ComteOlden,4.200000000000003
Tautoga onitis,Gammarus tigrinus,GloBI,preysOn,,33.83,32.6985714285714,ComteOlden,ThermoFresh,1.1314285714286
Tautoga onitis,Hyalella azteca,GloBI,preysOn,,33.83,41.1175,ComteOlden,ThermoFresh,7.287500000000001
Tautoga onitis,Uma inornata,GloBI,preysOn,,33.83,45.0,ComteOlden,GlobTherm,11.170000000000002
Tautogolabrus adspersus,Clupea harengus,GloBI,eats,,29.28,25.43,ComteOlden,ComteOlden,3.8500000000000014
Tautogolabrus adspersus,Uma inornata,GloBI,eats;preysOn,,29.28,45.0,ComteOlden,GlobTherm,15.719999999999999
Telestes muticellus,Agabus bipustulatus,GloBI,preysOn,,33.48,37.07,ComteOlden,ThermoFresh,3.5900000000000034
Telestes muticellus,Agapetus fuscipes,GloBI,preysOn,,33.48,25.8,ComteOlden,ThermoFresh,7.679999999999996
Telestes muticellus,Aphelocheirus aestivalis,GloBI,preysOn,,33.48,34.53,ComteOlden,ThermoFresh,1.0500000000000043
Telestes muticellus,Astacus leptodactylus,GloBI,preysOn,,33.48,37.8666666666667,ComteOlden,ThermoFresh,4.386666666666706
Telestes muticellus,Baetis rhodani,GloBI,preysOn,,33.48,25.1,ComteOlden,ThermoFresh,8.379999999999995
Telestes muticellus,Caenis luctuosa,GloBI,preysOn,,33.48,30.6,ComteOlden,ThermoFresh,2.8799999999999955
Telestes muticellus,Calopteryx virgo,GloBI,preysOn,,33.48,34.0225,ComteOlden,ThermoFresh,0.542500000000004
Telestes muticellus,Coenagrion puella,GloBI,preysOn,,33.48,42.995,ComteOlden,ThermoFresh,9.515
Telestes muticellus,Deronectes latus,GloBI,preysOn,,33.48,37.04,ComteOlden,ThermoFresh,3.5600000000000023
Telestes muticellus,Dikerogammarus villosus,GloBI,preysOn,,33.48,28.1328571428571,ComteOlden,ThermoFresh,5.347142857142895
Telestes muticellus,Dinocras cephalotes,GloBI,preysOn,,33.48,34.6083333333333,ComteOlden,ThermoFresh,1.1283333333333019
Telestes muticellus,Drusus annulatus,GloBI,preysOn,,33.48,28.8,ComteOlden,ThermoFresh,4.679999999999996
Telestes muticellus,Ecdyonurus insignis,GloBI,preysOn,,33.48,32.34,ComteOlden,ThermoFresh,1.1399999999999935
Telestes muticellus,Echinogammarus berilloni,GloBI,preysOn,,33.48,30.3333333333333,ComteOlden,ThermoFresh,3.1466666666666967
Telestes muticellus,Echinogammarus ischnus,GloBI,preysOn,,33.48,31.5,ComteOlden,ThermoFresh,1.9799999999999969
Telestes muticellus,Ephemera danica,GloBI,preysOn,,33.48,36.7075,ComteOlden,ThermoFresh,3.2275000000000063
Telestes muticellus,Gammarus fossarum,GloBI,preysOn,,33.48,28.774,ComteOlden,ThermoFresh,4.705999999999996
Telestes muticellus,Gammarus pulex,GloBI,preysOn,,33.48,29.1161111111111,ComteOlden,ThermoFresh,4.363888888888898
Telestes muticellus,Gammarus roeselii,GloBI,preysOn,,33.48,30.184,ComteOlden,ThermoFresh,3.295999999999996
Telestes muticellus,Gammarus tigrinus,GloBI,preysOn,,33.48,32.6985714285714,ComteOlden,ThermoFresh,0.7814285714285987
Telestes muticellus,Heptagenia sulphurea,GloBI,preysOn,,33.48,30.2,ComteOlden,ThermoFresh,3.2799999999999976
Telestes muticellus,Hydropsyche pellucidula,GloBI,preysOn,,33.48,25.5,ComteOlden,ThermoFresh,7.979999999999997
Telestes muticellus,Ischnura elegans,GloBI,preysOn,,33.48,43.7361538461539,ComteOlden,ThermoFresh,10.2561538461539
Telestes muticellus,Ischnura pumilio,GloBI,preysOn,,33.48,45.515,ComteOlden,ThermoFresh,12.035000000000004
Telestes muticellus,Leuctra fusca,GloBI,preysOn,,33.48,30.1,ComteOlden,ThermoFresh,3.3799999999999955
Telestes muticellus,Nemurella pictetii,GloBI,preysOn,,33.48,30.1,ComteOlden,ThermoFresh,3.3799999999999955
Telestes muticellus,Rhithrogena semicolorata,GloBI,preysOn,,33.48,25.33,ComteOlden,ThermoFresh,8.149999999999999
Telestes muticellus,Rhyacophila dorsalis,GloBI,preysOn,,33.48,22.0,ComteOlden,ThermoFresh,11.479999999999997
Telestes muticellus,Serratella ignita,GloBI,preysOn,,33.48,32.3,ComteOlden,ThermoFresh,1.1799999999999997
Telestes souffia,Agabus bipustulatus,GloBI,preysOn,,33.18,37.07,ComteOlden,ThermoFresh,3.8900000000000006
Telestes souffia,Agapetus fuscipes,GloBI,preysOn,,33.18,25.8,ComteOlden,ThermoFresh,7.379999999999999
Telestes souffia,Aphelocheirus aestivalis,GloBI,preysOn,,33.18,34.53,ComteOlden,ThermoFresh,1.3500000000000014
Telestes souffia,Astacus leptodactylus,GloBI,preysOn,,33.18,37.8666666666667,ComteOlden,ThermoFresh,4.686666666666703
Telestes souffia,Baetis rhodani,GloBI,preysOn,,33.18,25.1,ComteOlden,ThermoFresh,8.079999999999998
Telestes souffia,Caenis luctuosa,GloBI,preysOn,,33.18,30.6,ComteOlden,ThermoFresh,2.5799999999999983
Telestes souffia,Calopteryx virgo,GloBI,preysOn,,33.18,34.0225,ComteOlden,ThermoFresh,0.8425000000000011
Telestes souffia,Coenagrion puella,GloBI,preysOn,,33.18,42.995,ComteOlden,ThermoFresh,9.814999999999998
Telestes souffia,Deronectes latus,GloBI,preysOn,,33.18,37.04,ComteOlden,ThermoFresh,3.8599999999999994
Telestes souffia,Dikerogammarus villosus,GloBI,preysOn,,33.18,28.1328571428571,ComteOlden,ThermoFresh,5.047142857142898
Telestes souffia,Dinocras cephalotes,GloBI,preysOn,,33.18,34.6083333333333,ComteOlden,ThermoFresh,1.428333333333299
Telestes souffia,Drusus annulatus,GloBI,preysOn,,33.18,28.8,ComteOlden,ThermoFresh,4.379999999999999
Telestes souffia,Ecdyonurus insignis,GloBI,preysOn,,33.18,32.34,ComteOlden,ThermoFresh,0.8399999999999963
Telestes souffia,Echinogammarus berilloni,GloBI,preysOn,,33.18,30.3333333333333,ComteOlden,ThermoFresh,2.8466666666666995
Telestes souffia,Echinogammarus ischnus,GloBI,preysOn,,33.18,31.5,ComteOlden,ThermoFresh,1.6799999999999997
Telestes souffia,Ephemera danica,GloBI,preysOn,,33.18,36.7075,ComteOlden,ThermoFresh,3.5275000000000034
Telestes souffia,Gammarus fossarum,GloBI,preysOn,,33.18,28.774,ComteOlden,ThermoFresh,4.405999999999999
Telestes souffia,Gammarus pulex,GloBI,preysOn,,33.18,29.1161111111111,ComteOlden,ThermoFresh,4.063888888888901
Telestes souffia,Gammarus roeselii,GloBI,preysOn,,33.18,30.184,ComteOlden,ThermoFresh,2.9959999999999987
Telestes souffia,Gammarus tigrinus,GloBI,preysOn,,33.18,32.6985714285714,ComteOlden,ThermoFresh,0.4814285714286015
Telestes souffia,Heptagenia sulphurea,GloBI,preysOn,,33.18,30.2,ComteOlden,ThermoFresh,2.9800000000000004
Telestes souffia,Hydropsyche pellucidula,GloBI,preysOn,,33.18,25.5,ComteOlden,ThermoFresh,7.68
Telestes souffia,Ischnura elegans,GloBI,preysOn,,33.18,43.7361538461539,ComteOlden,ThermoFresh,10.556153846153897
Telestes souffia,Ischnura pumilio,GloBI,preysOn,,33.18,45.515,ComteOlden,ThermoFresh,12.335
Telestes souffia,Leuctra fusca,GloBI,preysOn,,33.18,30.1,ComteOlden,ThermoFresh,3.0799999999999983
Telestes souffia,Nemurella pictetii,GloBI,preysOn,,33.18,30.1,ComteOlden,ThermoFresh,3.0799999999999983
Telestes souffia,Rhithrogena semicolorata,GloBI,preysOn,,33.18,25.33,ComteOlden,ThermoFresh,7.850000000000001
Telestes souffia,Rhyacophila dorsalis,GloBI,preysOn,,33.18,22.0,ComteOlden,ThermoFresh,11.18
Telestes souffia,Serratella ignita,GloBI,preysOn,,33.18,32.3,ComteOlden,ThermoFresh,0.8800000000000026
Terapon jarbua,Chanos chanos,GloBI,eats;preysOn,,41.75,40.555,ThermoFresh,ThermoFresh,1.1950000000000003
Tetrapturus angustirostris,Katsuwonus pelamis,GloBI,eats;preysOn,,37.8,34.28,ComteOlden,ComteOlden,3.519999999999996
Tetrapturus angustirostris,Xiphias gladius,GloBI,preysOn,,37.8,34.29,ComteOlden,ComteOlden,3.509999999999998
Thalassoma bifasciatum,Abudefduf saxatilis,GloBI,preysOn,,38.1,39.47,ComteOlden,ComteOlden,1.3699999999999974
Thalassoma bifasciatum,Echinometra lucunter,GloBI,eats,,38.1,37.1,ComteOlden,GlobTherm,1.0
Thalassoma bifasciatum,Eucidaris tribuloides,GloBI,eats;preysOn,,38.1,36.0,ComteOlden,GlobTherm,2.1000000000000014
Thamnophis elegans,Anaxyrus boreas,GloBI,eats;preysOn,,43.1,36.5,GlobTherm,GlobTherm,6.600000000000001
Thamnophis elegans,Anoplarchus purpurescens,GloBI,eats,,43.1,30.06,GlobTherm,ComteOlden,13.040000000000003
Thamnophis elegans,Carassius carassius,GloBI,preysOn,,43.1,35.5365,GlobTherm,ThermoFresh,7.563500000000005
Thamnophis elegans,Coluber constrictor,GloBI,preysOn,,43.1,42.4,GlobTherm,GlobTherm,0.7000000000000028
Thamnophis elegans,Cottus bairdii,GloBI,preysOn,,43.1,31.334,GlobTherm,ThermoFresh,11.766000000000002
Thamnophis elegans,Culaea inconstans,GloBI,eats;preysOn,,43.1,31.35,GlobTherm,ComteOlden,11.75
Thamnophis elegans,Elgaria coerulea,GloBI,eats;preysOn,,43.1,39.2,GlobTherm,GlobTherm,3.8999999999999986
Thamnophis elegans,Lithobates pipiens,GloBI,eats,,43.1,35.2,GlobTherm,GlobTherm,7.899999999999999
Thamnophis elegans,Lota lota,GloBI,eats,,43.1,27.11875,GlobTherm,ThermoFresh,15.981250000000003
Thamnophis elegans,Oligocottus maculosus,GloBI,preysOn,,43.1,30.72,GlobTherm,ComteOlden,12.380000000000003
Thamnophis elegans,Oncorhynchus mykiss,GloBI,preysOn,,43.1,28.6755405405405,GlobTherm,ThermoFresh,14.424459459459502
Thamnophis elegans,Pholis ornata,GloBI,preysOn,,43.1,32.88,GlobTherm,ComteOlden,10.219999999999999
Thamnophis elegans,Pseudacris regilla,GloBI,eats;preysOn,,43.1,36.6,GlobTherm,GlobTherm,6.5
Thamnophis elegans,Rana pretiosa,GloBI,preysOn,,43.1,34.8,GlobTherm,GlobTherm,8.300000000000004
Thamnophis elegans,Rhinichthys osculus,GloBI,preysOn,,43.1,35.0053333333333,GlobTherm,ThermoFresh,8.094666666666704
Thamnophis elegans,Richardsonius egregius,GloBI,preysOn,,43.1,31.54,GlobTherm,ComteOlden,11.560000000000002
Thamnophis elegans,Salmo trutta,GloBI,eats;preysOn,,43.1,27.6830769230769,GlobTherm,ThermoFresh,15.416923076923101
Thamnophis elegans,Salvelinus fontinalis,GloBI,preysOn,,43.1,28.9883333333333,GlobTherm,ThermoFresh,14.1116666666667
Thamnophis elegans,Sceloporus occidentalis,GloBI,eats;preysOn,,43.1,44.1,GlobTherm,GlobTherm,1.0
Thamnophis elegans,Siphateles bicolor,GloBI,preysOn,,43.1,34.8666666666667,GlobTherm,ThermoFresh,8.233333333333299
Thamnophis elegans,Thamnophis ordinoides,GloBI,preysOn,,43.1,38.9,GlobTherm,GlobTherm,4.200000000000003
Thamnophis elegans,Thamnophis sirtalis,GloBI,eats,,43.1,38.9,GlobTherm,GlobTherm,4.200000000000003
Thamnophis sirtalis,Ambystoma jeffersonianum,GloBI,preysOn,,38.9,34.0,GlobTherm,GlobTherm,4.899999999999999
Thamnophis sirtalis,Ambystoma macrodactylum,GloBI,eats;preysOn,,38.9,35.0,GlobTherm,GlobTherm,3.8999999999999986
Thamnophis sirtalis,Ambystoma maculatum,GloBI,eats;preysOn,,38.9,38.5,GlobTherm,GlobTherm,0.3999999999999986
Thamnophis sirtalis,Anax junius,GloBI,eats;preysOn,,38.9,45.6,GlobTherm,GlobTherm,6.700000000000003
Thamnophis sirtalis,Anaxyrus boreas,GloBI,eats;preysOn,,38.9,36.5,GlobTherm,GlobTherm,2.3999999999999986
Thamnophis sirtalis,Chrysemys picta,GloBI,eats,,38.9,42.3,GlobTherm,GlobTherm,3.3999999999999986
Thamnophis sirtalis,Culaea inconstans,GloBI,eats,,38.9,31.35,GlobTherm,ComteOlden,7.549999999999997
Thamnophis sirtalis,Desmognathus quadramaculatus,GloBI,preysOn,,38.9,33.4,GlobTherm,GlobTherm,5.5
Thamnophis sirtalis,Eurycea bislineata,GloBI,preysOn,,38.9,35.0,GlobTherm,GlobTherm,3.8999999999999986
Thamnophis sirtalis,Eurycea longicauda,GloBI,preysOn,,38.9,37.6,GlobTherm,GlobTherm,1.2999999999999972
Thamnophis sirtalis,Gambusia affinis,GloBI,preysOn,,38.9,38.9970689655172,GlobTherm,ThermoFresh,0.09706896551720234
Thamnophis sirtalis,Lithobates pipiens,GloBI,eats;preysOn,,38.9,35.2,GlobTherm,GlobTherm,3.6999999999999957
Thamnophis sirtalis,Notemigonus crysoleucas,GloBI,preysOn,,38.9,33.0966666666667,GlobTherm,ThermoFresh,5.803333333333299
Thamnophis sirtalis,Notophthalmus viridescens,GloBI,preysOn,,38.9,37.3,GlobTherm,GlobTherm,1.6000000000000014
Thamnophis sirtalis,Notropis heterolepis,GloBI,preysOn,,38.9,33.46,GlobTherm,ComteOlden,5.439999999999998
Thamnophis sirtalis,Plethodon glutinosus,GloBI,eats;preysOn,,38.9,34.3,GlobTherm,GlobTherm,4.600000000000001
Thamnophis sirtalis,Podarcis muralis,GloBI,preysOn,,38.9,44.2,GlobTherm,GlobTherm,5.300000000000004
Thamnophis sirtalis,Pseudacris regilla,GloBI,eats;preysOn,,38.9,36.6,GlobTherm,GlobTherm,2.299999999999997
Thamnophis sirtalis,Pseudacris triseriata,GloBI,preysOn,,38.9,38.1,GlobTherm,GlobTherm,0.7999999999999972
Thamnophis sirtalis,Pseudotriton ruber,GloBI,eats;preysOn,,38.9,35.3,GlobTherm,GlobTherm,3.6000000000000014
Thamnophis sirtalis,Rana cascadae,GloBI,eats;preysOn,,38.9,33.6,GlobTherm,GlobTherm,5.299999999999997
Thamnophis sirtalis,Rhinichthys osculus,GloBI,preysOn,,38.9,35.0053333333333,GlobTherm,ThermoFresh,3.8946666666667014
Thamnophis sirtalis,Salvelinus fontinalis,GloBI,preysOn,,38.9,28.9883333333333,GlobTherm,ThermoFresh,9.911666666666697
Thunnus alalunga,Auxis rochei,GloBI,preysOn,,33.98,34.0,ComteOlden,ComteOlden,0.020000000000003126
Thunnus alalunga,Auxis thazard,GloBI,preysOn,,33.98,33.83,ComteOlden,ComteOlden,0.14999999999999858
Thunnus alalunga,Cymatogaster aggregata,GloBI,preysOn,,33.98,32.75,ComteOlden,ComteOlden,1.2299999999999969
Thunnus alalunga,Engraulis mordax,GloBI,preysOn,,33.98,33.4,ComteOlden,ComteOlden,0.5799999999999983
Thunnus alalunga,Katsuwonus pelamis,GloBI,eats;preysOn,,33.98,34.28,ComteOlden,ComteOlden,0.30000000000000426
Thunnus alalunga,Sardinops sagax,GloBI,preysOn,,33.98,31.24,ComteOlden,ComteOlden,2.7399999999999984
Thunnus alalunga,Scomber scombrus,GloBI,eats;preysOn,,33.98,33.2066666666667,ComteOlden,ComteOlden,0.7733333333332979
Thunnus albacares,Acanthurus chirurgus,GloBI,preysOn,,34.96,39.1025,ComteOlden,ComteOlden,4.142499999999998
Thunnus albacares,Acanthurus coeruleus,GloBI,preysOn,,34.96,38.17,ComteOlden,ComteOlden,3.210000000000001
Thunnus albacares,Arothron immaculatus,GloBI,eats;preysOn,,34.96,39.77,ComteOlden,ComteOlden,4.810000000000002
Thunnus albacares,Auxis rochei,GloBI,preysOn,,34.96,34.0,ComteOlden,ComteOlden,0.9600000000000009
Thunnus albacares,Auxis thazard,GloBI,eats;preysOn,,34.96,33.83,ComteOlden,ComteOlden,1.1300000000000026
Thunnus albacares,Electrona antarctica,GloBI,eats;preysOn,,34.96,31.24,ComteOlden,ComteOlden,3.7200000000000024
Thunnus albacares,Euthynnus affinis,GloBI,preysOn,,34.96,34.77,ComteOlden,ComteOlden,0.18999999999999773
Thunnus albacares,Euthynnus alletteratus,GloBI,preysOn,,34.96,33.67,ComteOlden,ComteOlden,1.2899999999999991
Thunnus albacares,Kajikia audax,GloBI,preysOn,,34.96,37.39,ComteOlden,ComteOlden,2.4299999999999997
Thunnus albacares,Katsuwonus pelamis,GloBI,eats;preysOn,,34.96,34.28,ComteOlden,ComteOlden,0.6799999999999997
Thunnus albacares,Lagocephalus lagocephalus,GloBI,preysOn,,34.96,39.22,ComteOlden,ComteOlden,4.259999999999998
Thunnus albacares,Sardinops sagax,GloBI,eats;preysOn,,34.96,31.24,ComteOlden,ComteOlden,3.7200000000000024
Thunnus albacares,Thunnus alalunga,GloBI,preysOn,,34.96,33.98,ComteOlden,ComteOlden,0.980000000000004
Thunnus albacares,Xiphias gladius,GloBI,preysOn,,34.96,34.29,ComteOlden,ComteOlden,0.6700000000000017
Thunnus maccoyii,Thunnus alalunga,GloBI,preysOn,,29.45,33.98,ComteOlden,ComteOlden,4.529999999999998
Thunnus obesus,Auxis rochei,GloBI,preysOn,,34.82,34.0,ComteOlden,ComteOlden,0.8200000000000003
Thunnus obesus,Auxis thazard,GloBI,eats;preysOn,,34.82,33.83,ComteOlden,ComteOlden,0.990000000000002
Thunnus obesus,Electrona antarctica,GloBI,eats;preysOn,,34.82,31.24,ComteOlden,ComteOlden,3.580000000000002
Thunnus obesus,Katsuwonus pelamis,GloBI,eats;preysOn,,34.82,34.28,ComteOlden,ComteOlden,0.5399999999999991
Thunnus obesus,Sardinops sagax,GloBI,eats;preysOn,,34.82,31.24,ComteOlden,ComteOlden,3.580000000000002
Thunnus obesus,Scomber scombrus,GloBI,eats;preysOn,,34.82,33.2066666666667,ComteOlden,ComteOlden,1.6133333333333013
Thunnus obesus,Thunnus alalunga,GloBI,preysOn,,34.82,33.98,ComteOlden,ComteOlden,0.8400000000000034
Thunnus obesus,Thunnus albacares,GloBI,eats;preysOn,,34.82,34.96,ComteOlden,ComteOlden,0.14000000000000057
Thunnus obesus,Xiphias gladius,GloBI,preysOn,,34.82,34.29,ComteOlden,ComteOlden,0.5300000000000011
Thunnus thynnus,Clupea harengus,GloBI,eats;preysOn,,35.86,25.43,ComteOlden,ComteOlden,10.43
Thunnus thynnus,Engraulis mordax,GloBI,preysOn,,35.86,33.4,ComteOlden,ComteOlden,2.460000000000001
Thunnus thynnus,Gadus morhua,GloBI,eats;preysOn,,35.86,25.39,ComteOlden,ComteOlden,10.469999999999999
Thunnus thynnus,Pseudopleuronectes americanus,GloBI,eats;preysOn,,35.86,29.55,ComteOlden,ComteOlden,6.309999999999999
Thunnus thynnus,Salmo salar,GloBI,eats;preysOn,,35.86,30.3326495726496,ComteOlden,ThermoFresh,5.527350427350399
Thunnus thynnus,Scomber scombrus,GloBI,eats;preysOn,,35.86,33.2066666666667,ComteOlden,ComteOlden,2.6533333333333005
Thymallus arcticus,Oncorhynchus keta,GloBI,eats;preysOn,,28.0666666666667,28.5,ThermoFresh,ThermoFresh,0.4333333333333016
Thymallus thymallus,Agapetus fuscipes,GloBI,preysOn,,29.4333333333333,25.8,ThermoFresh,ThermoFresh,3.633333333333301
Thymallus thymallus,Ancylus fluviatilis,GloBI,eats;preysOn,,29.4333333333333,34.9,ThermoFresh,ThermoFresh,5.466666666666697
Thymallus thymallus,Anguilla anguilla,GloBI,preysOn,,29.4333333333333,35.12,ThermoFresh,ComteOlden,5.686666666666696
Thymallus thymallus,Aphelocheirus aestivalis,GloBI,eats;preysOn,,29.4333333333333,34.53,ThermoFresh,ThermoFresh,5.0966666666666995
Thymallus thymallus,Asellus aquaticus,GloBI,eats;preysOn,,29.4333333333333,32.8678947368421,ThermoFresh,ThermoFresh,3.434561403508802
Thymallus thymallus,Baetis rhodani,GloBI,preysOn,,29.4333333333333,25.1,ThermoFresh,ThermoFresh,4.3333333333333
Thymallus thymallus,Bithynia tentaculata,GloBI,eats;preysOn,,29.4333333333333,28.8166666666667,ThermoFresh,ThermoFresh,0.6166666666666032
Thymallus thymallus,Caenis luctuosa,GloBI,preysOn,,29.4333333333333,30.6,ThermoFresh,ThermoFresh,1.1666666666666998
Thymallus thymallus,Cottus gobio,GloBI,preysOn,,29.4333333333333,30.32,ThermoFresh,ComteOlden,0.8866666666666987
Thymallus thymallus,Dinocras cephalotes,GloBI,preysOn,,29.4333333333333,34.6083333333333,ThermoFresh,ThermoFresh,5.174999999999997
Thymallus thymallus,Drusus annulatus,GloBI,preysOn,,29.4333333333333,28.8,ThermoFresh,ThermoFresh,0.6333333333333009
Thymallus thymallus,Ecdyonurus insignis,GloBI,preysOn,,29.4333333333333,32.34,ThermoFresh,ThermoFresh,2.906666666666702
Thymallus thymallus,Elmis aenea,GloBI,preysOn,,29.4333333333333,33.8,ThermoFresh,ThermoFresh,4.366666666666696
Thymallus thymallus,Ephemera danica,GloBI,preysOn,,29.4333333333333,36.7075,ThermoFresh,ThermoFresh,7.2741666666667015
Thymallus thymallus,Gammarus pulex,GloBI,eats;preysOn,,29.4333333333333,29.1161111111111,ThermoFresh,ThermoFresh,0.31722222222220253
Thymallus thymallus,Gasterosteus aculeatus,GloBI,preysOn,,29.4333333333333,31.6655882352941,ThermoFresh,ThermoFresh,2.232254901960797
Thymallus thymallus,Heptagenia sulphurea,GloBI,preysOn,,29.4333333333333,30.2,ThermoFresh,ThermoFresh,0.7666666666666977
Thymallus thymallus,Hydropsyche pellucidula,GloBI,preysOn,,29.4333333333333,25.5,ThermoFresh,ThermoFresh,3.9333333333333016
Thymallus thymallus,Leuctra fusca,GloBI,preysOn,,29.4333333333333,30.1,ThermoFresh,ThermoFresh,0.6666666666666998
Thymallus thymallus,Limnius volckmari,GloBI,eats;preysOn,,29.4333333333333,33.7775,ThermoFresh,ThermoFresh,4.344166666666702
Thymallus thymallus,Nemurella pictetii,GloBI,preysOn,,29.4333333333333,30.1,ThermoFresh,ThermoFresh,0.6666666666666998
Thymallus thymallus,Oncorhynchus nerka,GloBI,eats,,29.4333333333333,27.2636363636364,ThermoFresh,ThermoFresh,2.1696969696969006
Thymallus thymallus,Perca fluviatilis,GloBI,eats;preysOn,,29.4333333333333,28.6920833333333,ThermoFresh,ThermoFresh,0.7412500000000009
Thymallus thymallus,Phoxinus lumaireul,GloBI,eats;preysOn,,29.4333333333333,29.52,ThermoFresh,ComteOlden,0.08666666666669798
Thymallus thymallus,Physa fontinalis,GloBI,eats;preysOn,,29.4333333333333,37.2433333333333,ThermoFresh,ThermoFresh,7.809999999999995
Thymallus thymallus,Rhithrogena semicolorata,GloBI,preysOn,,29.4333333333333,25.33,ThermoFresh,ThermoFresh,4.103333333333303
Thymallus thymallus,Rhyacophila dorsalis,GloBI,preysOn,,29.4333333333333,22.0,ThermoFresh,ThermoFresh,7.433333333333302
Thymallus thymallus,Salmo salar,GloBI,preysOn,,29.4333333333333,30.3326495726496,ThermoFresh,ThermoFresh,0.899316239316299
Thymallus thymallus,Salmo trutta,GloBI,preysOn,,29.4333333333333,27.6830769230769,ThermoFresh,ThermoFresh,1.7502564102564016
Thymallus thymallus,Serratella ignita,GloBI,preysOn,,29.4333333333333,32.3,ThermoFresh,ThermoFresh,2.8666666666666956
Tibellus maritimus,Euophrys frontalis,GloBI,preysOn,,42.8,45.7,GlobTherm,GlobTherm,2.9000000000000057
Tibellus maritimus,Oedothorax apicatus,GloBI,preysOn,,42.8,40.8,GlobTherm,GlobTherm,2.0
Tibellus maritimus,Phrurolithus festivus,GloBI,preysOn,,42.8,45.6,GlobTherm,GlobTherm,2.8000000000000043
Tibellus maritimus,Zora spinimana,GloBI,preysOn,,42.8,41.8,GlobTherm,GlobTherm,1.0
Tinca tinca,Agabus bipustulatus,GloBI,preysOn,,35.6875,37.07,ThermoFresh,ThermoFresh,1.3825000000000003
Tinca tinca,Agapetus fuscipes,GloBI,preysOn,,35.6875,25.8,ThermoFresh,ThermoFresh,9.8875
Tinca tinca,Ampullaceana balthica,GloBI,preysOn,,35.6875,36.525,ThermoFresh,ThermoFresh,0.8374999999999986
Tinca tinca,Ancylus fluviatilis,GloBI,preysOn,,35.6875,34.9,ThermoFresh,ThermoFresh,0.7875000000000014
Tinca tinca,Aphelocheirus aestivalis,GloBI,preysOn,,35.6875,34.53,ThermoFresh,ThermoFresh,1.1574999999999989
Tinca tinca,Astacus leptodactylus,GloBI,preysOn,,35.6875,37.8666666666667,ThermoFresh,ThermoFresh,2.1791666666667027
Tinca tinca,Baetis rhodani,GloBI,preysOn,,35.6875,25.1,ThermoFresh,ThermoFresh,10.587499999999999
Tinca tinca,Caenis luctuosa,GloBI,preysOn,,35.6875,30.6,ThermoFresh,ThermoFresh,5.087499999999999
Tinca tinca,Calopteryx virgo,GloBI,preysOn,,35.6875,34.0225,ThermoFresh,ThermoFresh,1.6649999999999991
Tinca tinca,Coenagrion puella,GloBI,preysOn,,35.6875,42.995,ThermoFresh,ThermoFresh,7.307499999999997
Tinca tinca,Deronectes latus,GloBI,preysOn,,35.6875,37.04,ThermoFresh,ThermoFresh,1.3524999999999991
Tinca tinca,Dikerogammarus villosus,GloBI,preysOn,,35.6875,28.1328571428571,ThermoFresh,ThermoFresh,7.554642857142898
Tinca tinca,Dinocras cephalotes,GloBI,preysOn,,35.6875,34.6083333333333,ThermoFresh,ThermoFresh,1.0791666666667012
Tinca tinca,Drusus annulatus,GloBI,preysOn,,35.6875,28.8,ThermoFresh,ThermoFresh,6.887499999999999
Tinca tinca,Ecdyonurus insignis,GloBI,preysOn,,35.6875,32.34,ThermoFresh,ThermoFresh,3.3474999999999966
Tinca tinca,Echinogammarus berilloni,GloBI,preysOn,,35.6875,30.3333333333333,ThermoFresh,ThermoFresh,5.3541666666667
Tinca tinca,Echinogammarus ischnus,GloBI,preysOn,,35.6875,31.5,ThermoFresh,ThermoFresh,4.1875
Tinca tinca,Ephemera danica,GloBI,preysOn,,35.6875,36.7075,ThermoFresh,ThermoFresh,1.0200000000000031
Tinca tinca,Gammarus fossarum,GloBI,preysOn,,35.6875,28.774,ThermoFresh,ThermoFresh,6.913499999999999
Tinca tinca,Gammarus pulex,GloBI,preysOn,,35.6875,29.1161111111111,ThermoFresh,ThermoFresh,6.571388888888901
Tinca tinca,Gammarus roeselii,GloBI,preysOn,,35.6875,30.184,ThermoFresh,ThermoFresh,5.503499999999999
Tinca tinca,Gammarus tigrinus,GloBI,preysOn,,35.6875,32.6985714285714,ThermoFresh,ThermoFresh,2.988928571428602
Tinca tinca,Heptagenia sulphurea,GloBI,preysOn,,35.6875,30.2,ThermoFresh,ThermoFresh,5.487500000000001
Tinca tinca,Hydropsyche pellucidula,GloBI,preysOn,,35.6875,25.5,ThermoFresh,ThermoFresh,10.1875
Tinca tinca,Ischnura elegans,GloBI,preysOn,,35.6875,43.7361538461539,ThermoFresh,ThermoFresh,8.048653846153897
Tinca tinca,Ischnura pumilio,GloBI,preysOn,,35.6875,45.515,ThermoFresh,ThermoFresh,9.8275
Tinca tinca,Leucaspius delineatus,GloBI,preysOn,,35.6875,34.3566666666667,ThermoFresh,ThermoFresh,1.3308333333333024
Tinca tinca,Leuctra fusca,GloBI,preysOn,,35.6875,30.1,ThermoFresh,ThermoFresh,5.587499999999999
Tinca tinca,Nemurella pictetii,GloBI,preysOn,,35.6875,30.1,ThermoFresh,ThermoFresh,5.587499999999999
Tinca tinca,Physa fontinalis,GloBI,preysOn,,35.6875,37.2433333333333,ThermoFresh,ThermoFresh,1.5558333333332968
Tinca tinca,Planorbarius corneus,GloBI,preysOn,,35.6875,38.025,ThermoFresh,ThermoFresh,2.3374999999999986
Tinca tinca,Planorbis carinatus,GloBI,preysOn,,35.6875,40.3033333333333,ThermoFresh,ThermoFresh,4.615833333333299
Tinca tinca,Planorbis planorbis,GloBI,preysOn,,35.6875,39.8433333333333,ThermoFresh,ThermoFresh,4.155833333333298
Tinca tinca,Potamopyrgus antipodarum,GloBI,preysOn,,35.6875,27.9033333333333,ThermoFresh,ThermoFresh,7.7841666666666995
Tinca tinca,Procambarus clarkii,GloBI,eats;preysOn,,35.6875,38.5,ThermoFresh,ThermoFresh,2.8125
Tinca tinca,Rhithrogena semicolorata,GloBI,preysOn,,35.6875,25.33,ThermoFresh,ThermoFresh,10.357500000000002
Tinca tinca,Rhyacophila dorsalis,GloBI,preysOn,,35.6875,22.0,ThermoFresh,ThermoFresh,13.6875
Tinca tinca,Serratella ignita,GloBI,preysOn,,35.6875,32.3,ThermoFresh,ThermoFresh,3.387500000000003
Tor tor,Electrona antarctica,GloBI,eats,,38.87,31.24,ComteOlden,ComteOlden,7.629999999999999
Trachurus japonicus,Engraulis japonicus,GloBI,eats;preysOn,,34.41,34.1,ComteOlden,ComteOlden,0.30999999999999517
Trematomus bernacchii,Adamussium colbecki,GloBI,eats;preysOn,,13.99,2.0,ComteOlden,GlobTherm,11.99
Trematomus bernacchii,Electrona antarctica,GloBI,eats;preysOn,,13.99,31.24,ComteOlden,ComteOlden,17.25
Trematomus bernacchii,Sterechinus neumayeri,GloBI,eats;preysOn,,13.99,19.3,ComteOlden,GlobTherm,5.3100000000000005
Trematomus hansoni,Laternula elliptica,GloBI,eats,,13.66,5.0,ComteOlden,GlobTherm,8.66
Trematomus hansoni,Notothenia coriiceps,GloBI,preysOn,,13.66,18.9,ComteOlden,ComteOlden,5.239999999999998
Trematomus hansoni,Notothenia rossii,GloBI,preysOn,,13.66,17.61,ComteOlden,ComteOlden,3.9499999999999993
Trematomus hansoni,Pachycara brachycephalum,GloBI,preysOn,,13.66,10.0,ComteOlden,GlobTherm,3.66
Trematomus hansoni,Trematomus bernacchii,GloBI,preysOn,,13.66,13.99,ComteOlden,ComteOlden,0.33000000000000007
Trematomus hansoni,Trematomus pennellii,GloBI,preysOn,,13.66,12.34,ComteOlden,ComteOlden,1.3200000000000003
Trematomus pennellii,Laternula elliptica,GloBI,eats;preysOn,,12.34,5.0,ComteOlden,GlobTherm,7.34
Trematomus pennellii,Notothenia coriiceps,GloBI,preysOn,,12.34,18.9,ComteOlden,ComteOlden,6.559999999999999
Trematomus pennellii,Notothenia rossii,GloBI,preysOn,,12.34,17.61,ComteOlden,ComteOlden,5.27
Trematomus pennellii,Pachycara brachycephalum,GloBI,preysOn,,12.34,10.0,ComteOlden,GlobTherm,2.34
Trematomus pennellii,Trematomus bernacchii,GloBI,preysOn,,12.34,13.99,ComteOlden,ComteOlden,1.6500000000000004
Trematomus pennellii,Trematomus hansoni,GloBI,preysOn,,12.34,13.66,ComteOlden,ComteOlden,1.3200000000000003
Trimeresurus gracilis,Plestiodon elegans,GloBI,preysOn,,37.7,41.9,GlobTherm,GlobTherm,4.199999999999996
Trimeresurus gracilis,Sphenomorphus taiwanensis,GloBI,preysOn,,37.7,37.4,GlobTherm,GlobTherm,0.30000000000000426
Trimeresurus gracilis,Takydromus hsuehshanensis,GloBI,preysOn,,37.7,43.5,GlobTherm,GlobTherm,5.799999999999997
Trinectes maculatus,Gammarus tigrinus,GloBI,preysOn,,37.31,32.6985714285714,ComteOlden,ThermoFresh,4.611428571428604
Tylochromis polylepis,Electrona antarctica,GloBI,eats,,37.88,31.24,ComteOlden,ComteOlden,6.640000000000004
Tylochromis pulcher,Electrona antarctica,GloBI,eats,,40.0,31.24,ComteOlden,ComteOlden,8.760000000000002
Umbra limi,Chrosomus eos,GloBI,eats;preysOn,,37.68,31.09,ComteOlden,ComteOlden,6.59
Umbra pygmaea,Electrona antarctica,GloBI,eats,,40.29,31.24,ComteOlden,ComteOlden,9.05
Varanus gouldii,Ctenophorus nuchalis,GloBI,preysOn,,43.5,48.5,GlobTherm,GlobTherm,5.0
Varanus gouldii,Ctenophorus pictus,GloBI,preysOn,,43.5,45.0,GlobTherm,GlobTherm,1.5
Varanus gouldii,Ctenotus pantherinus,GloBI,preysOn,,43.5,36.9,GlobTherm,GlobTherm,6.600000000000001
Varanus gouldii,Ctenotus regius,GloBI,preysOn,,43.5,45.1,GlobTherm,GlobTherm,1.6000000000000014
Varanus gouldii,Moloch horridus,GloBI,preysOn,,43.5,42.5,GlobTherm,GlobTherm,1.0
Varanus gouldii,Rhinella marina,GloBI,eats,,43.5,41.8,GlobTherm,GlobTherm,1.7000000000000028
Wallago attu,Cyprinus carpio,GloBI,preysOn,,39.64,33.5484745762712,ComteOlden,ThermoFresh,6.091525423728804
Wallago attu,Labeo rohita,GloBI,preysOn,,39.64,43.1676923076923,ComteOlden,ThermoFresh,3.5276923076922984
Xiphias gladius,Anguilla anguilla,GloBI,preysOn,,34.29,35.12,ComteOlden,ComteOlden,0.8299999999999983
Xiphias gladius,Boops boops,GloBI,preysOn,,34.29,34.2,ComteOlden,ComteOlden,0.0899999999999963
Xiphias gladius,Centropristis striata,GloBI,preysOn,,34.29,34.65,ComteOlden,ComteOlden,0.35999999999999943
Xiphias gladius,Clupea harengus,GloBI,eats;preysOn,,34.29,25.43,ComteOlden,ComteOlden,8.86
Xiphias gladius,Electrona antarctica,GloBI,eats;preysOn,,34.29,31.24,ComteOlden,ComteOlden,3.0500000000000007
Xiphias gladius,Engraulis mordax,GloBI,eats;preysOn,,34.29,33.4,ComteOlden,ComteOlden,0.8900000000000006
Xiphias gladius,Gadus morhua,GloBI,preysOn,,34.29,25.39,ComteOlden,ComteOlden,8.899999999999999
Xiphias gladius,Petromyzon marinus,GloBI,preysOn,,34.29,33.8833333333333,ComteOlden,ThermoFresh,0.4066666666667018
Xiphias gladius,Salmo salar,GloBI,preysOn,,34.29,30.3326495726496,ComteOlden,ThermoFresh,3.9573504273503985
Xiphias gladius,Scomber scombrus,GloBI,eats;preysOn,,34.29,33.2066666666667,ComteOlden,ComteOlden,1.0833333333333002
Xiphias gladius,Stenotomus chrysops,GloBI,preysOn,,34.29,34.38,ComteOlden,ComteOlden,0.09000000000000341
Xyrauchen texanus,Electrona antarctica,GloBI,eats,,38.8,31.24,ThermoFresh,ComteOlden,7.559999999999999
Xyrichtys novacula,Crangon crangon,GloBI,eats;preysOn,,37.27,34.1133333333333,ComteOlden,ThermoFresh,3.156666666666702
Zoarces viviparus,Carcinus maenas,GloBI,preysOn,,27.725,34.07,ThermoFresh,ThermoFresh,6.344999999999999
Zoarces viviparus,Clupea harengus,GloBI,preysOn,,27.725,25.43,ThermoFresh,ComteOlden,2.2950000000000017
Zoarces viviparus,Corophium volutator,GloBI,preysOn,,27.725,33.1452777775,ThermoFresh,ThermoFresh,5.420277777499997
Zoarces viviparus,Crangon crangon,GloBI,preysOn,,27.725,34.1133333333333,ThermoFresh,ThermoFresh,6.3883333333333
Zoarces viviparus,Marinogammarus marinus,GloBI,preysOn,,27.725,32.7002467833333,ThermoFresh,ThermoFresh,4.975246783333297
Zoarces viviparus,Osmerus eperlanus,GloBI,preysOn,,27.725,27.8,ThermoFresh,ComteOlden,0.07499999999999929
Zoarces viviparus,Potamopyrgus antipodarum,GloBI,preysOn,,27.725,27.9033333333333,ThermoFresh,ThermoFresh,0.17833333333329904
Zora spinimana,Euophrys frontalis,GloBI,preysOn,,41.8,45.7,GlobTherm,GlobTherm,3.9000000000000057
Zora spinimana,Oedothorax apicatus,GloBI,preysOn,,41.8,40.8,GlobTherm,GlobTherm,1.0
Zora spinimana,Phrurolithus festivus,GloBI,preysOn,,41.8,45.6,GlobTherm,GlobTherm,3.8000000000000043
Zora spinimana,Prinerigone vagans,GloBI,preysOn,,41.8,35.9,GlobTherm,GlobTherm,5.899999999999999
