metric,edges,predators,prey,obs_mean_absdiff,null_mean,null_sd,z,p_one_sided
ctmax,2487,304,543,3.2920167257637325,4.735998377100954,0.05341192969431122,-27.034815248231276,0.0
