metric,edges,predators,prey,obs_mean_absdiff,null_mean,null_sd,z,p_one_sided
ltmax,40,12,25,2.412074945887445,4.038616917748917,0.36776172245041633,-4.422814753595711,0.001
