metric,edges,predators,prey,obs_mean_absdiff,null_mean,null_sd,z,p_one_sided
ctmin,37,14,25,1.8465990990990993,3.470176522522522,0.3714074398289829,-4.371418688249784,0.0
