species_alias,species_raw_names,kingdom_local,phylum_local,class_local,order_local,family_local,habitat_sources,group_local,trait_sources,consumer_taxon_status,queried_as_consumer,exclusion_reason
Aaptosyax grypus,Aaptosyax grypus,Animalia,Chordata,Actinopterygii,,Cyprinidae,freshwater,fish,ComteOlden,animal,TRUE,""
Abra tenuis,Abra tenuis,,Mollusca,Bivalvia,Veneroida,Semelidae,"",,GlobTherm,animal,TRUE,""
Abramis brama,Abramis brama,Animalia,Chordata,Actinopterygii,,Cyprinidae,freshwater,fish,ComteOlden,animal,TRUE,""
Abrotanella patearoa,Abrotanella patearoa,,Streptophyta,Spermatophyta,Asterales,Asteraceae,"",,GlobTherm,non_animal,FALSE,Taxon is not an animal
Abudefduf declivifrons,Abudefduf declivifrons,Animalia,Chordata,Actinopterygii,,Pomacentridae,marine,fish,ComteOlden,animal,TRUE,""
Abudefduf saxatilis,Abudefduf saxatilis,Animalia,Chordata,Actinopterygii,,Pomacentridae,marine,fish,ComteOlden,animal,TRUE,""
Abudefduf sordidus,Abudefduf sordidus,Animalia,Chordata,Actinopterygii,,Pomacentridae,marine,fish,ComteOlden,animal,TRUE,""
Abudefduf troschelii,Abudefduf troschelii,Animalia,Chordata,Actinopterygii,,Pomacentridae,marine,fish,ComteOlden,animal,TRUE,""
Acacia melanoxylon,Acacia melanoxylon,,Streptophyta,Spermatophyta,Fabales,Fabaceae,"",,GlobTherm,non_animal,FALSE,Taxon is not an animal
Acantharchus pomotis,Acantharchus pomotis,Animalia,Chordata,Actinopterygii,,Centrarchidae,freshwater,fish,ComteOlden,animal,TRUE,""
Acanthobrama lissneri,Acanthobrama lissneri,Animalia,Chordata,Actinopterygii,,Cyprinidae,freshwater,fish,ComteOlden,animal,TRUE,""
Acanthobrama marmid,Acanthobrama marmid,Animalia,Chordata,Actinopterygii,,Cyprinidae,freshwater,fish,ComteOlden,animal,TRUE,""
Acanthobrama microlepis,Acanthobrama microlepis,Animalia,Chordata,Actinopterygii,,Cyprinidae,freshwater,fish,ComteOlden,animal,TRUE,""
Acanthobrama terraesanctae,Acanthobrama terraesanctae,Animalia,Chordata,Actinopterygii,,Cyprinidae,freshwater,fish,ComteOlden,animal,TRUE,""
Acanthocobitis botia,Acanthocobitis botia,Animalia,Chordata,Actinopterygii,,Balitoridae,freshwater,fish,ComteOlden,animal,TRUE,""
Acanthocobitis pavonacea,Acanthocobitis pavonacea,Animalia,Chordata,Actinopterygii,,Balitoridae,freshwater,fish,ComteOlden,animal,TRUE,""
Acanthocobitis zonalternans,Acanthocobitis zonalternans,Animalia,Chordata,Actinopterygii,,Balitoridae,freshwater,fish,ComteOlden,animal,TRUE,""
Acanthocybium solandri,Acanthocybium solandri,Animalia,Chordata,Actinopterygii,,Scombridae,marine,fish,ComteOlden,animal,TRUE,""
Acanthodactylus erythrurus,Acanthodactylus erythrurus,,Chordata,Lepidosauria,Squamata,Lacertidae,"",,GlobTherm,animal,TRUE,""
Acanthogobius flavimanus,Acanthogobius flavimanus,Animalia,Chordata,Actinopterygii,,Gobiidae,freshwater,fish,ComteOlden,animal,TRUE,""
Acanthopagrus australis,Acanthopagrus australis,Animalia,Chordata,Actinopterygii,,Sparidae,marine,fish,ComteOlden,animal,TRUE,""
Acanthopagrus berda,Acanthopagrus berda,Animalia,Chordata,Actinopterygii,,Sparidae,marine,fish,ComteOlden,animal,TRUE,""
Acanthopagrus bifasciatus,Acanthopagrus bifasciatus,Animalia,Chordata,Actinopterygii,,Sparidae,marine,fish,ComteOlden,animal,TRUE,""
Acanthopagrus butcheri,Acanthopagrus butcheri,Animalia,Chordata,Actinopterygii,,Sparidae,marine,fish,ComteOlden,animal,TRUE,""
Acanthopagrus chinshira,Acanthopagrus chinshira,Animalia,Chordata,Actinopterygii,,Sparidae,marine,fish,ComteOlden,animal,TRUE,""
Acanthopagrus latus,Acanthopagrus latus,Animalia,Chordata,Actinopterygii,,Sparidae,marine,fish,ComteOlden,animal,TRUE,""
Acanthopagrus schlegelii,Acanthopagrus schlegelii,Metazoa,Chordata,Actinopteri,Acanthomorphata,Sparidae,marine;mixed,fish,ComteOlden;ThermoFresh,animal,TRUE,""
Acanthopagrus sivicolus,Acanthopagrus sivicolus,Animalia,Chordata,Actinopterygii,,Sparidae,marine,fish,ComteOlden,animal,TRUE,""
Acanthopsoides gracilentus,Acanthopsoides gracilentus,Animalia,Chordata,Actinopterygii,,Cobitidae,freshwater,fish,ComteOlden,animal,TRUE,""
Acanthopsoides hapalias,Acanthopsoides hapalias,Animalia,Chordata,Actinopterygii,,Cobitidae,freshwater,fish,ComteOlden,animal,TRUE,""
Acanthurus blochii,Acanthurus blochii,Animalia,Chordata,Actinopterygii,,Acanthuridae,marine,fish,ComteOlden,animal,TRUE,""
Acanthurus chirurgus,Acanthurus chirurgus,Animalia,Chordata,Actinopterygii,,Acanthuridae,marine,fish,ComteOlden,animal,TRUE,""
Acanthurus coeruleus,Acanthurus coeruleus,Animalia,Chordata,Actinopterygii,,Acanthuridae,marine,fish,ComteOlden,animal,TRUE,""
Acanthurus dussumieri,Acanthurus dussumieri,Animalia,Chordata,Actinopterygii,,Acanthuridae,marine,fish,ComteOlden,animal,TRUE,""
Acanthurus guttatus,Acanthurus guttatus,Animalia,Chordata,Actinopterygii,,Acanthuridae,marine,fish,ComteOlden,animal,TRUE,""
Acanthurus japonicus,Acanthurus japonicus,Animalia,Chordata,Actinopterygii,,Acanthuridae,marine,fish,ComteOlden,animal,TRUE,""
Acanthurus mata,Acanthurus mata,Animalia,Chordata,Actinopterygii,,Acanthuridae,marine,fish,ComteOlden,animal,TRUE,""
Acanthurus nigricans,Acanthurus nigricans,Animalia,Chordata,Actinopterygii,,Acanthuridae,marine,fish,ComteOlden,animal,TRUE,""
Acanthurus nigroris,Acanthurus nigroris,Animalia,Chordata,Actinopterygii,,Acanthuridae,marine,fish,ComteOlden,animal,TRUE,""
Acanthurus nubilus,Acanthurus nubilus,Animalia,Chordata,Actinopterygii,,Acanthuridae,marine,fish,ComteOlden,animal,TRUE,""
Acanthurus thompsoni,Acanthurus thompsoni,Animalia,Chordata,Actinopterygii,,Acanthuridae,marine,fish,ComteOlden,animal,TRUE,""
Acanthurus triostegus,Acanthurus triostegus,Animalia,Chordata,Actinopterygii,,Acanthuridae,marine,fish,ComteOlden,animal,TRUE,""
Acanthurus xanthopterus,Acanthurus xanthopterus,Animalia,Chordata,Actinopterygii,,Acanthuridae,marine,fish,ComteOlden,animal,TRUE,""
Acar domingensis,Acar domingensis,,Mollusca,Bivalvia,Arcoida,Arcidae,"",,GlobTherm,animal,TRUE,""
Acca sellowiana,Acca sellowiana,,Streptophyta,Spermatophyta,Myrtales,Myrtaceae,"",,GlobTherm,non_animal,FALSE,Taxon is not an animal
Acer saccharum,Acer saccharum,,Streptophyta,Spermatophyta,Sapindales,Aceraceae,"",,GlobTherm,non_animal,FALSE,Taxon is not an animal
Acheilognathus barbatulus,Acheilognathus barbatulus,Animalia,Chordata,Actinopterygii,,Cyprinidae,freshwater,fish,ComteOlden,animal,TRUE,""
Acheilognathus macropterus,Acheilognathus macropterus,Animalia,Chordata,Actinopterygii,,Cyprinidae,freshwater,fish,ComteOlden,animal,TRUE,""
Acheilognathus tonkinensis,Acheilognathus tonkinensis,Animalia,Chordata,Actinopterygii,,Cyprinidae,freshwater,fish,ComteOlden,animal,TRUE,""
Achoerodus viridis,Achoerodus viridis,Animalia,Chordata,Actinopterygii,,Labridae,marine,fish,ComteOlden,animal,TRUE,""
Achondrostoma arcasii,Achondrostoma arcasii,Animalia,Chordata,Actinopterygii,,Cyprinidae,freshwater,fish,ComteOlden,animal,TRUE,""
Achondrostoma occidentale,Achondrostoma occidentale,Animalia,Chordata,Actinopterygii,,Cyprinidae,freshwater,fish,ComteOlden,animal,TRUE,""
Achondrostoma oligolepis,Achondrostoma oligolepis,Animalia,Chordata,Actinopterygii,,Cyprinidae,freshwater,fish,ComteOlden,animal,TRUE,""
Acipenser baerii,Acipenser baerii,Metazoa,Chordata,Actinopteri,Acipenseriformes,Acipenseridae,freshwater;mixed,fish,ComteOlden;ThermoFresh,animal,TRUE,""
Acipenser brevirostrum,Acipenser brevirostrum,Metazoa,Chordata,Actinopteri,Acipenseriformes,Acipenseridae,freshwater;mixed,fish,ComteOlden;ThermoFresh,animal,TRUE,""
Acipenser fulvescens,Acipenser fulvescens,Metazoa,Chordata,Actinopteri,Acipenseriformes,Acipenseridae,freshwater;mixed,fish,ComteOlden;ThermoFresh,animal,TRUE,""
Acipenser gueldenstaedtii,Acipenser gueldenstaedtii,Animalia,Chordata,Actinopterygii,,Acipenseridae,freshwater,fish,ComteOlden,animal,TRUE,""
Acipenser medirostris,Acipenser medirostris,Metazoa,Chordata,Actinopteri,Acipenseriformes,Acipenseridae,freshwater;mixed,fish,ComteOlden;ThermoFresh,animal,TRUE,""
Acipenser naccarii,Acipenser naccarii,Animalia,Chordata,Actinopterygii,,Acipenseridae,freshwater,fish,ComteOlden,animal,TRUE,""
Acipenser nudiventris,Acipenser nudiventris,Animalia,Chordata,Actinopterygii,,Acipenseridae,freshwater,fish,ComteOlden,animal,TRUE,""
Acipenser oxyrinchus,Acipenser oxyrinchus,Animalia,Chordata,Actinopterygii,,Acipenseridae,freshwater,fish,ComteOlden,animal,TRUE,""
Acipenser persicus,Acipenser persicus,Animalia,Chordata,Actinopterygii,,Acipenseridae,freshwater,fish,ComteOlden,animal,TRUE,""
Acipenser ruthenus,Acipenser ruthenus,Animalia,Chordata,Actinopterygii,,Acipenseridae,freshwater,fish,ComteOlden,animal,TRUE,""
Acipenser stellatus,Acipenser stellatus,Animalia,Chordata,Actinopterygii,,Acipenseridae,freshwater,fish,ComteOlden,animal,TRUE,""
Acipenser sturio,Acipenser sturio,Animalia,Chordata,Actinopterygii,,Acipenseridae,freshwater,fish,ComteOlden,animal,TRUE,""
Acipenser transmontanus,Acipenser transmontanus,Metazoa,Chordata,Actinopteri,Acipenseriformes,Acipenseridae,freshwater;mixed,fish,ComteOlden;ThermoFresh,animal,TRUE,""
Aciphylla hectorii,Aciphylla hectorii,,Streptophyta,Spermatophyta,Apiales,Apiaceae,"",,GlobTherm,non_animal,FALSE,Taxon is not an animal
Ackama rosifolia,Ackama rosifolia,,Streptophyta,Spermatophyta,Oxalidales,Cunoniaceae,"",,GlobTherm,non_animal,FALSE,Taxon is not an animal
Acmadenia heterophylla,Acmadenia heterophylla,,Streptophyta,Spermatophyta,Sapindales,Rutaceae,"",,GlobTherm,non_animal,FALSE,Taxon is not an animal
Acmena smithii,Acmena smithii,,Streptophyta,Spermatophyta,Myrtales,Myrtaceae,"",,GlobTherm,non_animal,FALSE,Taxon is not an animal
Acmispon glaber,Acmispon glaber,,Streptophyta,Spermatophyta,Fabales,Fabaceae,"",,GlobTherm,non_animal,FALSE,Taxon is not an animal
Acontias meleagris,Acontias meleagris,,Chordata,Lepidosauria,Squamata,Scincidae,"",,GlobTherm,animal,TRUE,""
Acradenia frankliniae,Acradenia frankliniae,,Streptophyta,Spermatophyta,Sapindales,Rutaceae,"",,GlobTherm,non_animal,FALSE,Taxon is not an animal
Acris crepitans,Acris crepitans,,Chordata,Amphibia,Anura,Hylidae,"",,GlobTherm,animal,TRUE,""
Acrocheilus alutaceus,Acrocheilus alutaceus,Animalia,Chordata,Actinopterygii,,Cyprinidae,freshwater,fish,ComteOlden,animal,TRUE,""
Acroneuria lycorias,Acroneuria lycorias,Metazoa,Arthropoda,Insecta,Plecoptera,Perlidae,freshwater,invertebrate,ThermoFresh,animal,TRUE,""
Adamussium colbecki,Adamussium colbecki,,Mollusca,Bivalvia,Pectinoida,Pectinidae,"",,GlobTherm,animal,TRUE,""
Adelotus brevis,Adelotus brevis,,Chordata,Amphibia,Anura,Myobatrachidae,"",,GlobTherm,animal,TRUE,""
Adenandra uniflora,Adenandra uniflora,,Streptophyta,Spermatophyta,Sapindales,Rutaceae,"",,GlobTherm,non_animal,FALSE,Taxon is not an animal
Adenophlebia peringueyella,Adenophlebia peringueyella,Metazoa,Arthropoda,Insecta,Ephemeroptera,Leptophlebiidae,freshwater,invertebrate,ThermoFresh,animal,TRUE,""
Adenostoma fasciculatum,Adenostoma fasciculatum,,Streptophyta,Spermatophyta,Rosales,Rosaceae,"",,GlobTherm,non_animal,FALSE,Taxon is not an animal
Aedes aegypti,Aedes aegypti,Metazoa,Arthropoda,Insecta,Diptera,Culicidae,freshwater,invertebrate,ThermoFresh,animal,TRUE,""
Aegopodium podagraria,Aegopodium podagraria,,Streptophyta,Spermatophyta,Apiales,Apiaceae,"",,GlobTherm,non_animal,FALSE,Taxon is not an animal
Aequidens pallidus,Aequidens pallidus,Metazoa,Chordata,Actinopteri,Acanthomorphata,Cichlidae,freshwater,fish,ThermoFresh,animal,TRUE,""
Aeshna canadensis,Aeshna canadensis,Metazoa,Arthropoda,Insecta,Odonata,Aeshnidae,freshwater,invertebrate,ThermoFresh,animal,TRUE,""
Aeshna eremita,Aeshna eremita,Metazoa,Arthropoda,Insecta,Odonata,Aeshnidae,freshwater,invertebrate,ThermoFresh,animal,TRUE,""
Aeshna interrupta,Aeshna interrupta,Metazoa,Arthropoda,Insecta,Odonata,Aeshnidae,freshwater,invertebrate,ThermoFresh,animal,TRUE,""
Aeshna umbrosa,Aeshna umbrosa,Metazoa,Arthropoda,Insecta,Odonata,Aeshnidae,freshwater,invertebrate,ThermoFresh,animal,TRUE,""
Afronurus barnardi,Afronurus barnardi,Metazoa,Arthropoda,Insecta,Ephemeroptera,Heptageniidae,freshwater,invertebrate,ThermoFresh,animal,TRUE,""
Agabus bipustulatus,Agabus bipustulatus,Metazoa,Arthropoda,Insecta,Coleoptera,Dytiscidae,freshwater,invertebrate,ThermoFresh,animal,TRUE,""
Agapetus fuscipes,Agapetus fuscipes,Metazoa,Arthropoda,Insecta,Trichoptera,Glossosomatidae,freshwater,invertebrate,ThermoFresh,animal,TRUE,""
Agkistrodon contortrix,Agkistrodon contortrix,,Chordata,Lepidosauria,Squamata,Viperidae,"",,GlobTherm,animal,TRUE,""
Agnetina capitata,Agnetina capitata,Metazoa,Arthropoda,Insecta,Plecoptera,Perlidae,freshwater,invertebrate,ThermoFresh,animal,TRUE,""
Agonis flexuosa,Agonis flexuosa,,Streptophyta,Spermatophyta,Myrtales,Myrtaceae,"",,GlobTherm,non_animal,FALSE,Taxon is not an animal
Agonostomus telfairii,Agonostomus telfairii,Animalia,Chordata,Actinopterygii,,Mugilidae,freshwater,fish,ComteOlden,animal,TRUE,""
Agosia chrysogaster,Agosia chrysogaster,Metazoa,Chordata,Actinopteri,Cypriniformes,Cyprinidae,freshwater,fish,ComteOlden;GlobTherm;ThermoFresh,animal,TRUE,""
Agroeca proxima,Agroeca proxima,,Arthropoda,Arachnida,Araneae,Liocranidae,"",,GlobTherm,animal,TRUE,""
Aidablennius sphynx,Aidablennius sphynx,Animalia,Chordata,Actinopterygii,,Blenniidae,marine,fish,ComteOlden,animal,TRUE,""
Ailia coila,Ailia coila,Animalia,Chordata,Actinopterygii,,Schilbeidae,freshwater,fish,ComteOlden,animal,TRUE,""
Akrokolioplax bicornis,Akrokolioplax bicornis,Animalia,Chordata,Actinopterygii,,Cyprinidae,freshwater,fish,ComteOlden,animal,TRUE,""
Akysis prashadi,Akysis prashadi,Animalia,Chordata,Actinopterygii,,Akysidae,freshwater,fish,ComteOlden,animal,TRUE,""
Alasmidonta varicosa,Alasmidonta varicosa,Metazoa,Mollusca,Bivalvia,Unionida,Unionidae,freshwater,invertebrate,ThermoFresh,animal,TRUE,""
Albula glossodonta,Albula glossodonta,Animalia,Chordata,Actinopterygii,,Albulidae,marine,fish,ComteOlden,animal,TRUE,""
Albula vulpes,Albula vulpes,Animalia,Chordata,Actinopterygii,,Albulidae,marine,fish,ComteOlden,animal,TRUE,""
Alburnus albidus,Alburnus albidus,Animalia,Chordata,Actinopterygii,,Cyprinidae,freshwater,fish,ComteOlden,animal,TRUE,""
Alburnus alburnus,Alburnus alburnus,Metazoa,Chordata,Actinopteri,Cypriniformes,Cyprinidae,freshwater;mixed,fish,ComteOlden;ThermoFresh,animal,TRUE,""
Alburnus arborella,Alburnus arborella,Animalia,Chordata,Actinopterygii,,Cyprinidae,freshwater,fish,ComteOlden,animal,TRUE,""
Alburnus baliki,Alburnus baliki,Animalia,Chordata,Actinopterygii,,Cyprinidae,freshwater,fish,ComteOlden,animal,TRUE,""
Alburnus chalcoides,Alburnus chalcoides,Animalia,Chordata,Actinopterygii,Cypriniformes,Cyprinidae,freshwater;mixed,fish,ComteOlden;ThermoFresh,animal,TRUE,""
Alburnus escherichii,Alburnus escherichii,Animalia,Chordata,Actinopterygii,,Cyprinidae,freshwater,fish,ComteOlden,animal,TRUE,""
Alburnus filippii,Alburnus filippii,Animalia,Chordata,Actinopterygii,,Cyprinidae,freshwater,fish,ComteOlden,animal,TRUE,""
Alburnus neretvae,Alburnus neretvae,Animalia,Chordata,Actinopterygii,,Cyprinidae,freshwater,fish,ComteOlden,animal,TRUE,""
Alburnus orontis,Alburnus orontis,Animalia,Chordata,Actinopterygii,,Cyprinidae,freshwater,fish,ComteOlden,animal,TRUE,""
Alburnus scoranza,Alburnus scoranza,Animalia,Chordata,Actinopterygii,,Cyprinidae,freshwater,fish,ComteOlden,animal,TRUE,""
Alburnus tarichi,Alburnus tarichi,Animalia,Chordata,Actinopterygii,,Cyprinidae,freshwater,fish,ComteOlden,animal,TRUE,""
Alcolapia alcalica,Alcolapia alcalica,Animalia,Chordata,Actinopterygii,,Cichlidae,freshwater,fish,ComteOlden,animal,TRUE,""
Alcolapia latilabris,Alcolapia latilabris,Animalia,Chordata,Actinopterygii,,Cichlidae,freshwater,fish,ComteOlden,animal,TRUE,""
Alcolapia ndalalani,Alcolapia ndalalani,Animalia,Chordata,Actinopterygii,,Cichlidae,freshwater,fish,ComteOlden,animal,TRUE,""
Aldrichetta forsteri,Aldrichetta forsteri,Animalia,Chordata,Actinopterygii,,Mugilidae,freshwater,fish,ComteOlden,animal,TRUE,""
Alectoria ochroleuca,Alectoria ochroleuca,,Ascomycota,Lecanoromycetes,Lecanorineae,Parmeliaceae,"",,GlobTherm,non_animal,FALSE,Taxon is not an animal
Alestes baremoze,Alestes baremoze,Animalia,Chordata,Actinopterygii,,Alestidae,freshwater,fish,ComteOlden,animal,TRUE,""
Alestes macrophthalmus,Alestes macrophthalmus,Animalia,Chordata,Actinopterygii,,Alestidae,freshwater,fish,ComteOlden,animal,TRUE,""
Alestopetersius caudalis,Alestopetersius caudalis,Animalia,Chordata,Actinopterygii,,Alestidae,freshwater,fish,ComteOlden,animal,TRUE,""
Alestopetersius hilgendorfi,Alestopetersius hilgendorfi,Animalia,Chordata,Actinopterygii,,Alestidae,freshwater,fish,ComteOlden,animal,TRUE,""
Allocapnia granulata,Allocapnia granulata,Metazoa,Arthropoda,Insecta,Plecoptera,Capniidae,freshwater,invertebrate,ThermoFresh,animal,TRUE,""
Allodessus bistrigatus,Allodessus bistrigatus,Metazoa,Arthropoda,Insecta,Coleoptera,Dytiscidae,freshwater,invertebrate,ThermoFresh,animal,TRUE,""
Allothunnus fallai,Allothunnus fallai,Animalia,Chordata,Actinopterygii,,Scombridae,marine,fish,ComteOlden,animal,TRUE,""
Alosa aestivalis,Alosa aestivalis,Animalia,Chordata,Actinopterygii,,Clupeidae,freshwater,fish,ComteOlden,animal,TRUE,""
Alosa alabamae,Alosa alabamae,Animalia,Chordata,Actinopterygii,,Clupeidae,freshwater,fish,ComteOlden,animal,TRUE,""
Alosa alosa,Alosa alosa,Animalia,Chordata,Actinopterygii,,Clupeidae,freshwater,fish,ComteOlden,animal,TRUE,""
Alosa caspia,Alosa caspia caspia,Animalia,Chordata,Actinopterygii,,Clupeidae,freshwater,fish,ComteOlden,animal,TRUE,""
Alosa fallax,Alosa fallax,Animalia,Chordata,Actinopterygii,,Clupeidae,freshwater,fish,ComteOlden,animal,TRUE,""
Alosa immaculata,Alosa immaculata,Animalia,Chordata,Actinopterygii,,Clupeidae,freshwater,fish,ComteOlden,animal,TRUE,""
Alosa macedonica,Alosa macedonica,Animalia,Chordata,Actinopterygii,,Clupeidae,freshwater,fish,ComteOlden,animal,TRUE,""
Alosa mediocris,Alosa mediocris,Animalia,Chordata,Actinopterygii,,Clupeidae,freshwater,fish,ComteOlden,animal,TRUE,""
Alosa pseudoharengus,Alosa pseudoharengus,Metazoa,Chordata,Actinopteri,Clupeiformes,Clupeidae,freshwater;mixed,fish,ComteOlden;GlobTherm;ThermoFresh,animal,TRUE,""
Alosa sapidissima,Alosa sapidissima,Animalia,Chordata,Actinopterygii,Clupeiformes,Clupeidae,freshwater;mixed,fish,ComteOlden;ThermoFresh,animal,TRUE,""
Altolamprologus calvus,Altolamprologus calvus,Animalia,Chordata,Actinopterygii,,Cichlidae,freshwater,fish,ComteOlden,animal,TRUE,""
Altolamprologus compressiceps,Altolamprologus compressiceps,Animalia,Chordata,Actinopterygii,,Cichlidae,freshwater,fish,ComteOlden,animal,TRUE,""
Alyxia buxifolia,Alyxia buxifolia,,Streptophyta,Spermatophyta,Gentianales,Apocynaceae,"",,GlobTherm,non_animal,FALSE,Taxon is not an animal
Ambassis agrammus,Ambassis agrammus,Animalia,Chordata,Actinopterygii,,Ambassidae,freshwater,fish,ComteOlden,animal,TRUE,""
Ambassis commersoni,Ambassis commersoni,Metazoa,Chordata,Actinopteri,Acanthomorphata,Ambassidae,mixed,fish,ThermoFresh,animal,TRUE,""
Ambastaia nigrolineata,Ambastaia nigrolineata,Animalia,Chordata,Actinopterygii,,Cobitidae,freshwater,fish,ComteOlden,animal,TRUE,""
Ambastaia sidthimunki,Ambastaia sidthimunki,Animalia,Chordata,Actinopterygii,,Cobitidae,freshwater,fish,ComteOlden,animal,TRUE,""
Amblema plicata,Amblema plicata,Metazoa,Mollusca,Bivalvia,Unionida,Unionidae,freshwater,invertebrate,ThermoFresh,animal,TRUE,""
Ambloplites ariommus,Ambloplites ariommus,Animalia,Chordata,Actinopterygii,,Centrarchidae,freshwater,fish,ComteOlden,animal,TRUE,""
Ambloplites cavifrons,Ambloplites cavifrons,Animalia,Chordata,Actinopterygii,,Centrarchidae,freshwater,fish,ComteOlden,animal,TRUE,""
Ambloplites constellatus,Ambloplites constellatus,Animalia,Chordata,Actinopterygii,,Centrarchidae,freshwater,fish,ComteOlden,animal,TRUE,""
Ambloplites rupestris,Ambloplites rupestris,Animalia,Chordata,Actinopterygii,,Centrarchidae,freshwater,fish,ComteOlden,animal,TRUE,""
Amblyceps apangi,Amblyceps apangi,Animalia,Chordata,Actinopterygii,,Amblycipitidae,freshwater,fish,ComteOlden,animal,TRUE,""
Amblyceps caecutiens,Amblyceps caecutiens,Animalia,Chordata,Actinopterygii,,Amblycipitidae,freshwater,fish,ComteOlden,animal,TRUE,""
Amblyceps foratum,Amblyceps foratum,Animalia,Chordata,Actinopterygii,,Amblycipitidae,freshwater,fish,ComteOlden,animal,TRUE,""
Amblyceps mangois,Amblyceps mangois,Animalia,Chordata,Actinopterygii,,Amblycipitidae,freshwater,fish,ComteOlden,animal,TRUE,""
Amblyceps serratum,Amblyceps serratum,Animalia,Chordata,Actinopterygii,,Amblycipitidae,freshwater,fish,ComteOlden,animal,TRUE,""
Amblygobius phalaena,Amblygobius phalaena,Animalia,Chordata,Actinopterygii,,Gobiidae,marine,fish,ComteOlden,animal,TRUE,""
Amblyopone pallipes,Amblyopone pallipes,,Arthropoda,Insecta,Hymenoptera,Formicidae,"",,GlobTherm,animal,TRUE,""
Amblypharyngodon chulabhornae,Amblypharyngodon chulabhornae,Animalia,Chordata,Actinopterygii,,Cyprinidae,freshwater,fish,ComteOlden,animal,TRUE,""
Amblypharyngodon melettinus,Amblypharyngodon melettinus,Animalia,Chordata,Actinopterygii,,Cyprinidae,freshwater,fish,ComteOlden,animal,TRUE,""
Amblypharyngodon mola,Amblypharyngodon mola,Animalia,Chordata,Actinopterygii,,Cyprinidae,freshwater,fish,ComteOlden,animal,TRUE,""
Ambystoma jeffersonianum,Ambystoma jeffersonianum,,Chordata,Amphibia,Caudata,Ambystomatidae,"",,GlobTherm,animal,TRUE,""
Ambystoma macrodactylum,Ambystoma macrodactylum,,Chordata,Amphibia,Caudata,Ambystomatidae,"",,GlobTherm,animal,TRUE,""
Ambystoma maculatum,Ambystoma maculatum,,Chordata,Amphibia,Caudata,Ambystomatidae,"",,GlobTherm,animal,TRUE,""
Ameiurus brunneus,Ameiurus brunneus,Animalia,Chordata,Actinopterygii,,Ictaluridae,freshwater,fish,ComteOlden,animal,TRUE,""
Ameiurus catus,Ameiurus catus,Animalia,Chordata,Actinopterygii,,Ictaluridae,freshwater,fish,ComteOlden,animal,TRUE,""
Ameiurus melas,Ameiurus melas,Metazoa,Chordata,Actinopteri,Siluriformes,Ictaluridae,freshwater,fish,ComteOlden;GlobTherm;ThermoFresh,animal,TRUE,""
Ameiurus natalis,Ameiurus natalis,Metazoa,Chordata,Actinopteri,Siluriformes,Ictaluridae,freshwater,fish,ComteOlden;GlobTherm;ThermoFresh,animal,TRUE,""
Ameiurus nebulosus,Ameiurus nebulosus,Animalia,Chordata,Actinopterygii,,Ictaluridae,freshwater,fish,ComteOlden,animal,TRUE,""
Ameiurus platycephalus,Ameiurus platycephalus,Animalia,Chordata,Actinopterygii,,Ictaluridae,freshwater,fish,ComteOlden,animal,TRUE,""
Ameiurus serracanthus,Ameiurus serracanthus,Animalia,Chordata,Actinopterygii,,Ictaluridae,freshwater,fish,ComteOlden,animal,TRUE,""
Ameiva festiva,Ameiva festiva,,Chordata,Lepidosauria,Squamata,Teiidae,"",,GlobTherm,animal,TRUE,""
Ameiva quadrilineata,Ameiva quadrilineata,,Chordata,Lepidosauria,Squamata,Teiidae,"",,GlobTherm,animal,TRUE,""
Ameletus celer,Ameletus celer,Metazoa,Arthropoda,Insecta,Ephemeroptera,Ameletidae,freshwater,invertebrate,ThermoFresh,animal,TRUE,""
Ameletus cooki,Ameletus cooki,Metazoa,Arthropoda,Insecta,Ephemeroptera,Ameletidae,freshwater,invertebrate,ThermoFresh,animal,TRUE,""
Amia calva,Amia calva,Animalia,Chordata,Actinopterygii,,Amiidae,freshwater,fish,ComteOlden,animal,TRUE,""
Ammocrypta beanii,Ammocrypta beanii,Animalia,Chordata,Actinopterygii,,Percidae,freshwater,fish,ComteOlden,animal,TRUE,""
Ammocrypta bifascia,Ammocrypta bifascia,Animalia,Chordata,Actinopterygii,,Percidae,freshwater,fish,ComteOlden,animal,TRUE,""
Ammocrypta clara,Ammocrypta clara,Animalia,Chordata,Actinopterygii,,Percidae,freshwater,fish,ComteOlden,animal,TRUE,""
Ammocrypta meridiana,Ammocrypta meridiana,Animalia,Chordata,Actinopterygii,,Percidae,freshwater,fish,ComteOlden,animal,TRUE,""
Ammocrypta pellucida,Ammocrypta pellucida,Metazoa,Chordata,Actinopteri,Acanthomorphata,Percidae,freshwater,fish,ThermoFresh,animal,TRUE,""
Ammocrypta vivax,Ammocrypta vivax,Animalia,Chordata,Actinopterygii,,Percidae,freshwater,fish,ComteOlden,animal,TRUE,""
Amphibolurus muricatus,Amphibolurus muricatus,,Chordata,Lepidosauria,Squamata,Agamidae,"",,GlobTherm,animal,TRUE,""
Amphichaetodon howensis,Amphichaetodon howensis,Animalia,Chordata,Actinopterygii,,Chaetodontidae,marine,fish,ComteOlden,animal,TRUE,""
Amphichaetodon melbae,Amphichaetodon melbae,Animalia,Chordata,Actinopterygii,,Chaetodontidae,marine,fish,ComteOlden,animal,TRUE,""
Amphilius atesuensis,Amphilius atesuensis,Animalia,Chordata,Actinopterygii,,Amphiliidae,freshwater,fish,ComteOlden,animal,TRUE,""
Amphilius jacksonii,Amphilius jacksonii,Animalia,Chordata,Actinopterygii,,Amphiliidae,freshwater,fish,ComteOlden,animal,TRUE,""
Amphilius platychir,Amphilius platychir,Animalia,Chordata,Actinopterygii,,Amphiliidae,freshwater,fish,ComteOlden,animal,TRUE,""
Amphilius rheophilus,Amphilius rheophilus,Animalia,Chordata,Actinopterygii,,Amphiliidae,freshwater,fish,ComteOlden,animal,TRUE,""
Anabas testudineus,Anabas testudineus,Metazoa,Chordata,Actinopteri,Acanthomorphata,Anabantidae,freshwater;mixed,fish,ComteOlden;ThermoFresh,animal,TRUE,""
Anablepsoides compressus,Anablepsoides compressus,Metazoa,Chordata,Actinopteri,Acanthomorphata,,freshwater,fish,ThermoFresh,animal,TRUE,""
Anacroneuria cajas,Anacroneuria cajas,Metazoa,Arthropoda,Insecta,Plecoptera,Perlidae,freshwater,invertebrate,ThermoFresh,animal,TRUE,""
Anacroneuria guambiana,Anacroneuria guambiana,Metazoa,Arthropoda,Insecta,Plecoptera,Perlidae,freshwater,invertebrate,ThermoFresh,animal,TRUE,""
Anacroneuria rawlinsi,Anacroneuria rawlinsi,Metazoa,Arthropoda,Insecta,Plecoptera,Perlidae,freshwater,invertebrate,ThermoFresh,animal,TRUE,""
Anaecypris hispanica,Anaecypris hispanica,Animalia,Chordata,Actinopterygii,,Cyprinidae,freshwater,fish,ComteOlden,animal,TRUE,""
Anampses caeruleopunctatus,Anampses caeruleopunctatus,Animalia,Chordata,Actinopterygii,,Labridae,marine,fish,ComteOlden,animal,TRUE,""
Anampses geographicus,Anampses geographicus,Animalia,Chordata,Actinopterygii,,Labridae,marine,fish,ComteOlden,animal,TRUE,""
Anampses meleagrides,Anampses meleagrides,Animalia,Chordata,Actinopterygii,,Labridae,marine,fish,ComteOlden,animal,TRUE,""
Anampses neoguinaicus,Anampses neoguinaicus,Animalia,Chordata,Actinopterygii,,Labridae,marine,fish,ComteOlden,animal,TRUE,""
Anampses twistii,Anampses twistii,Animalia,Chordata,Actinopterygii,,Labridae,marine,fish,ComteOlden,animal,TRUE,""
Anaptychia leucomelaena,Anaptychia leucomelaena,,Ascomycota,Lecanoromycetes,Caliciales,Physciaceae,"",,GlobTherm,non_animal,FALSE,Taxon is not an animal
Anax imperator,Anax imperator,Metazoa,Arthropoda,Insecta,Odonata,Aeshnidae,freshwater,invertebrate,ThermoFresh,animal,TRUE,""
Anax junius,Anax junius,,Arthropoda,Insecta,Odonata,Aeshnidae,"",,GlobTherm,animal,TRUE,""
Anax longipes,Anax longipes,Metazoa,Arthropoda,Insecta,Odonata,Aeshnidae,freshwater,invertebrate,ThermoFresh,animal,TRUE,""
Anaxyrus compactilis,Anaxyrus compactilis,,Chordata,Amphibia,Anura,Bufonidae,"",,GlobTherm,animal,TRUE,""
Ancherythroculter daovantieni,Ancherythroculter daovantieni,Animalia,Chordata,Actinopterygii,,Cyprinidae,freshwater,fish,ComteOlden,animal,TRUE,""
Anchoa mitchilli,Anchoa mitchilli,Animalia,Chordata,Actinopterygii,,Engraulidae,freshwater,fish,ComteOlden,animal,TRUE,""
Ancylus fluviatilis,Ancylus fluviatilis,Metazoa,Mollusca,Gastropoda,Hygrophila,Planorbidae,freshwater,invertebrate,ThermoFresh,animal,TRUE,""
Anematichthys armatus,Anematichthys armatus,Animalia,Chordata,Actinopterygii,,Cyprinidae,freshwater,fish,ComteOlden,animal,TRUE,""
Anematichthys repasson,Anematichthys repasson,Animalia,Chordata,Actinopterygii,,Cyprinidae,freshwater,fish,ComteOlden,animal,TRUE,""
Anguilla anguilla,Anguilla anguilla,Animalia,Chordata,Actinopterygii,Anguilliformes,Anguillidae,freshwater;mixed,fish,ComteOlden;ThermoFresh,animal,TRUE,""
Anguilla australis,Anguilla australis,Metazoa,Chordata,Actinopteri,Anguilliformes,Anguillidae,mixed,fish,GlobTherm;ThermoFresh,animal,TRUE,""
Anguilla bicolor,Anguilla bicolor,Animalia,Chordata,Actinopterygii,,Anguillidae,freshwater,fish,ComteOlden,animal,TRUE,""
Anguilla dieffenbachii,Anguilla dieffenbachii,Animalia,Chordata,Actinopterygii,Anguilliformes,Anguillidae,freshwater;mixed,fish,ComteOlden;GlobTherm;ThermoFresh,animal,TRUE,""
Anguilla marmorata,Anguilla marmorata,Animalia,Chordata,Actinopterygii,,Anguillidae,freshwater,fish,ComteOlden,animal,TRUE,""
Anguilla mossambica,Anguilla mossambica,Animalia,Chordata,Actinopterygii,,Anguillidae,freshwater,fish,ComteOlden,animal,TRUE,""
Anguilla rostrata,Anguilla rostrata,Animalia,Chordata,Actinopterygii,,Anguillidae,freshwater,fish,ComteOlden,animal,TRUE,""
Anisocentropus latifascia,Anisocentropus latifascia,Metazoa,Arthropoda,Insecta,Trichoptera,Calamoceratidae,freshwater,invertebrate,ThermoFresh,animal,TRUE,""
Anisops sardeus,Anisops sardeus,Metazoa,Arthropoda,Insecta,Hemiptera,Notonectidae,freshwater,invertebrate,ThermoFresh,animal,TRUE,""
Anisotome imbricata,Anisotome imbricata,,Streptophyta,Spermatophyta,Apiales,Apiaceae,"",,GlobTherm,non_animal,FALSE,Taxon is not an animal
Anniella pulchra,Anniella pulchra,,Chordata,Lepidosauria,Squamata,Anniellidae,"",,GlobTherm,animal,TRUE,""
Anodontia bullula,Anodontia bullula,,Mollusca,Bivalvia,Lucinoida,Lucinidae,"",,GlobTherm,animal,TRUE,""
Anolis auratus,Anolis auratus,,Chordata,Lepidosauria,Squamata,Iguanidae,"",,GlobTherm,animal,TRUE,""
Anolis barbouri,Anolis barbouri,,Chordata,Lepidosauria,Squamata,Iguanidae,"",,GlobTherm,animal,TRUE,""
Anolis carolinensis,Anolis carolinensis,,Chordata,Lepidosauria,Squamata,Iguanidae,"",,GlobTherm,animal,TRUE,""
Anolis cooki,Anolis cooki,,Chordata,Lepidosauria,Squamata,Iguanidae,"",,GlobTherm,animal,TRUE,""
Anolis cristatellus,Anolis cristatellus,,Chordata,Lepidosauria,Squamata,Iguanidae,"",,GlobTherm,animal,TRUE,""
Anolis cupreus,Anolis cupreus,,Chordata,Lepidosauria,Squamata,Iguanidae,"",,GlobTherm,animal,TRUE,""
Anolis cybotes,Anolis cybotes,,Chordata,Lepidosauria,Squamata,Iguanidae,"",,GlobTherm,animal,TRUE,""
Anolis distichus,Anolis distichus,,Chordata,Lepidosauria,Squamata,Iguanidae,"",,GlobTherm,animal,TRUE,""
Anolis evermanni,Anolis evermanni,,Chordata,Lepidosauria,Squamata,Iguanidae,"",,GlobTherm,animal,TRUE,""
Anolis frenatus,Anolis frenatus,,Chordata,Lepidosauria,Squamata,Iguanidae,"",,GlobTherm,animal,TRUE,""
Anolis gundlachi,Anolis gundlachi,,Chordata,Lepidosauria,Squamata,Iguanidae,"",,GlobTherm,animal,TRUE,""
Anolis humilis,Anolis humilis,,Chordata,Lepidosauria,Squamata,Iguanidae,"",,GlobTherm,animal,TRUE,""
Anolis intermedius,Anolis intermedius,,Chordata,Lepidosauria,Squamata,Iguanidae,"",,GlobTherm,animal,TRUE,""
Anolis krugi,Anolis krugi,,Chordata,Lepidosauria,Squamata,Iguanidae,"",,GlobTherm,animal,TRUE,""
Anolis lemurinus,Anolis lemurinus,,Chordata,Lepidosauria,Squamata,Iguanidae,"",,GlobTherm,animal,TRUE,""
Anolis limifrons,Anolis limifrons,,Chordata,Lepidosauria,Squamata,Iguanidae,"",,GlobTherm,animal,TRUE,""
Anolis lionotus,Anolis lionotus,,Chordata,Lepidosauria,Squamata,Iguanidae,"",,GlobTherm,animal,TRUE,""
Anolis oculatus,Anolis oculatus,,Chordata,Lepidosauria,Squamata,Iguanidae,"",,GlobTherm,animal,TRUE,""
Anolis pentaprion,Anolis pentaprion,,Chordata,Lepidosauria,Squamata,Iguanidae,"",,GlobTherm,animal,TRUE,""
Anolis pulchellus,Anolis pulchellus,,Chordata,Lepidosauria,Squamata,Iguanidae,"",,GlobTherm,animal,TRUE,""
Anolis roquet,Anolis roquet,,Chordata,Lepidosauria,Squamata,Iguanidae,"",,GlobTherm,animal,TRUE,""
Anolis sagrei,Anolis sagrei,,Chordata,Lepidosauria,Squamata,Iguanidae,"",,GlobTherm,animal,TRUE,""
Anolis semilineatus,Anolis semilineatus,,Chordata,Lepidosauria,Squamata,Iguanidae,"",,GlobTherm,animal,TRUE,""
Anolis shrevei,Anolis shrevei,,Chordata,Lepidosauria,Squamata,Iguanidae,"",,GlobTherm,animal,TRUE,""
Anolis stratulus,Anolis stratulus,,Chordata,Lepidosauria,Squamata,Iguanidae,"",,GlobTherm,animal,TRUE,""
Anolis tropidogaster,Anolis tropidogaster,,Chordata,Lepidosauria,Squamata,Iguanidae,"",,GlobTherm,animal,TRUE,""
Anolis tropidolepis,Anolis tropidolepis,,Chordata,Lepidosauria,Squamata,Iguanidae,"",,GlobTherm,animal,TRUE,""
Anomalocardia squamosa,Anomalocardia squamosa,,Mollusca,Bivalvia,Veneroida,Veneridae,"",,GlobTherm,animal,TRUE,""
Anomalopus brevicollis,Anomalopus brevicollis,,Chordata,Lepidosauria,Squamata,Scincidae,"",,GlobTherm,animal,TRUE,""
Anomalopus leuckartii,Anomalopus leuckartii,,Chordata,Lepidosauria,Squamata,Scincidae,"",,GlobTherm,animal,TRUE,""
Anopheles plumbeus,Anopheles plumbeus,Metazoa,Arthropoda,Insecta,Diptera,Culicidae,freshwater,invertebrate,ThermoFresh,animal,TRUE,""
Anopheles quadriannulatus,Anopheles quadriannulatus,Metazoa,Arthropoda,Insecta,Diptera,Culicidae,freshwater,invertebrate,ThermoFresh,animal,TRUE,""
Anoplarchus purpurescens,Anoplarchus purpurescens,Animalia,Chordata,Actinopterygii,,Stichaeidae,freshwater,fish,ComteOlden,animal,TRUE,""
Anoplolepis gracilipes,Anoplolepis gracilipes,,Arthropoda,Insecta,Hymenoptera,Formicidae,"",,GlobTherm,animal,TRUE,""
Anopterus glandulosus,Anopterus glandulosus,,Streptophyta,Spermatophyta,Escalloniales,Escalloniaceae,"",,GlobTherm,non_animal,FALSE,Taxon is not an animal
Antarctopsocus jeanneli,Antarctopsocus jeanneli,,Arthropoda,Insecta,Psocoptera,Elipsocidae,"",,GlobTherm,animal,TRUE,""
Aoteapsyche colonica,Aoteapsyche colonica,Metazoa,Arthropoda,Insecta,Trichoptera,Hydropsychidae,freshwater,invertebrate,ThermoFresh,animal,TRUE,""
Apalone ferox,Apalone ferox,,Chordata,Archelosauria,Testudines,Trionychidae,"",,GlobTherm,animal,TRUE,""
Apeltes quadracus,Apeltes quadracus,Animalia,Chordata,Actinopterygii,,Gasterosteidae,freshwater,fish,ComteOlden,animal,TRUE,""
Apeltes quadracusa,Apeltes quadracus<a0>,,Chordata,Actinopteri,Perciformes,Gasterosteidae,"",,GlobTherm,animal,TRUE,""
Aphaenogaster carolinensis,Aphaenogaster carolinensis,,Arthropoda,Insecta,Hymenoptera,Formicidae,"",,GlobTherm,animal,TRUE,""
Aphaenogaster fulva,Aphaenogaster fulva,,Arthropoda,Insecta,Hymenoptera,Formicidae,"",,GlobTherm,animal,TRUE,""
Aphaenogaster lamellidens,Aphaenogaster lamellidens,,Arthropoda,Insecta,Hymenoptera,Formicidae,"",,GlobTherm,animal,TRUE,""
Aphaenogaster rudis,Aphaenogaster rudis,,Arthropoda,Insecta,Hymenoptera,Formicidae,"",,GlobTherm,animal,TRUE,""
Aphanenogaster senilis,Aphanenogaster senilis,,Arthropoda,Insecta,Hymenoptera,Formicidae,"",,GlobTherm,animal,TRUE,""
Aphanicerca capensis,Aphanicerca capensis,Metazoa,Arthropoda,Insecta,Plecoptera,Notonemouridae,freshwater,invertebrate,ThermoFresh,animal,TRUE,""
Aphanicercopsis tabularis,Aphanicercopsis tabularis,Metazoa,Arthropoda,Insecta,Plecoptera,Notonemouridae,freshwater,invertebrate,ThermoFresh,animal,TRUE,""
Aphanius anatoliae,Aphanius anatoliae,Animalia,Chordata,Actinopterygii,,Cyprinodontidae,freshwater,fish,ComteOlden,animal,TRUE,""
Aphanius asquamatus,Aphanius asquamatus,Animalia,Chordata,Actinopterygii,,Cyprinodontidae,freshwater,fish,ComteOlden,animal,TRUE,""
Aphanius danfordii,Aphanius danfordii,Animalia,Chordata,Actinopterygii,,Cyprinodontidae,freshwater,fish,ComteOlden,animal,TRUE,""
Aphanius fasciatus,Aphanius fasciatus,Animalia,Chordata,Actinopterygii,,Cyprinodontidae,freshwater,fish,ComteOlden,animal,TRUE,""
Aphanius iberus,Aphanius iberus,Animalia,Chordata,Actinopterygii,,Cyprinodontidae,freshwater,fish,ComteOlden,animal,TRUE,""
Aphanius mento,Aphanius mento,Animalia,Chordata,Actinopterygii,,Cyprinodontidae,freshwater,fish,ComteOlden,animal,TRUE,""
Aphelocheirus aestivalis,Aphelocheirus aestivalis,Metazoa,Arthropoda,Insecta,Hemiptera,Aphelocheiridae,freshwater,invertebrate,ThermoFresh,animal,TRUE,""
Aphredoderus sayanus,Aphredoderus sayanus,Animalia,Chordata,Actinopterygii,,Aphredoderidae,freshwater,fish,ComteOlden,animal,TRUE,""
Aphyocypris chinensis,Aphyocypris chinensis,Metazoa,Chordata,Actinopteri,Cypriniformes,Cyprinidae,freshwater,fish,ThermoFresh,animal,TRUE,""
Aphyosemion ahli,Aphyosemion ahli,Animalia,Chordata,Actinopterygii,,Nothobranchiidae,freshwater,fish,ComteOlden,animal,TRUE,""
Aphyosemion alpha,Aphyosemion alpha,Animalia,Chordata,Actinopterygii,,Nothobranchiidae,freshwater,fish,ComteOlden,animal,TRUE,""
Aphyosemion aureum,Aphyosemion aureum,Animalia,Chordata,Actinopterygii,,Nothobranchiidae,freshwater,fish,ComteOlden,animal,TRUE,""
Aphyosemion australe,Aphyosemion australe,Animalia,Chordata,Actinopterygii,,Nothobranchiidae,freshwater,fish,ComteOlden,animal,TRUE,""
Aphyosemion bamilekorum,Aphyosemion bamilekorum,Animalia,Chordata,Actinopterygii,,Nothobranchiidae,freshwater,fish,ComteOlden,animal,TRUE,""
Aphyosemion batesii,Aphyosemion batesii,Animalia,Chordata,Actinopterygii,,Nothobranchiidae,freshwater,fish,ComteOlden,animal,TRUE,""
Aphyosemion bitaeniatum,Aphyosemion bitaeniatum,Animalia,Chordata,Actinopterygii,,Nothobranchiidae,freshwater,fish,ComteOlden,animal,TRUE,""
Aphyosemion bivittatum,Aphyosemion bivittatum,Animalia,Chordata,Actinopterygii,,Nothobranchiidae,freshwater,fish,ComteOlden,animal,TRUE,""
Aphyosemion bualanum,Aphyosemion bualanum,Animalia,Chordata,Actinopterygii,,Nothobranchiidae,freshwater,fish,ComteOlden,animal,TRUE,""
Aphyosemion calliurum,Aphyosemion calliurum,Animalia,Chordata,Actinopterygii,,Nothobranchiidae,freshwater,fish,ComteOlden,animal,TRUE,""
Aphyosemion cameronense,Aphyosemion cameronense,Animalia,Chordata,Actinopterygii,,Nothobranchiidae,freshwater,fish,ComteOlden,animal,TRUE,""
Aphyosemion christyi,Aphyosemion christyi,Animalia,Chordata,Actinopterygii,,Nothobranchiidae,freshwater,fish,ComteOlden,animal,TRUE,""
Aphyosemion citrineipinnis,Aphyosemion citrineipinnis,Animalia,Chordata,Actinopterygii,,Nothobranchiidae,freshwater,fish,ComteOlden,animal,TRUE,""
Aphyosemion coeleste,Aphyosemion coeleste,Animalia,Chordata,Actinopterygii,,Nothobranchiidae,freshwater,fish,ComteOlden,animal,TRUE,""
Aphyosemion cognatum,Aphyosemion cognatum,Animalia,Chordata,Actinopterygii,,Nothobranchiidae,freshwater,fish,ComteOlden,animal,TRUE,""
Aphyosemion congicum,Aphyosemion congicum,Animalia,Chordata,Actinopterygii,,Nothobranchiidae,freshwater,fish,ComteOlden,animal,TRUE,""
Aphyosemion decorsei,Aphyosemion decorsei,Animalia,Chordata,Actinopterygii,,Nothobranchiidae,freshwater,fish,ComteOlden,animal,TRUE,""
Aphyosemion edeanum,Aphyosemion edeanum,Animalia,Chordata,Actinopterygii,,Nothobranchiidae,freshwater,fish,ComteOlden,animal,TRUE,""
Aphyosemion elberti,Aphyosemion elberti,Animalia,Chordata,Actinopterygii,,Nothobranchiidae,freshwater,fish,ComteOlden,animal,TRUE,""
Aphyosemion elegans,Aphyosemion elegans,Animalia,Chordata,Actinopterygii,,Nothobranchiidae,freshwater,fish,ComteOlden,animal,TRUE,""
Aphyosemion etsamense,Aphyosemion etsamense,Animalia,Chordata,Actinopterygii,,Nothobranchiidae,freshwater,fish,ComteOlden,animal,TRUE,""
Aphyosemion exigoideum,Aphyosemion exigoideum,Animalia,Chordata,Actinopterygii,,Nothobranchiidae,freshwater,fish,ComteOlden,animal,TRUE,""
Aphyosemion exiguum,Aphyosemion exiguum,Animalia,Chordata,Actinopterygii,,Nothobranchiidae,freshwater,fish,ComteOlden,animal,TRUE,""
Aphyosemion franzwerneri,Aphyosemion franzwerneri,Animalia,Chordata,Actinopterygii,,Nothobranchiidae,freshwater,fish,ComteOlden,animal,TRUE,""
Aphyosemion heinemanni,Aphyosemion heinemanni,Animalia,Chordata,Actinopterygii,,Nothobranchiidae,freshwater,fish,ComteOlden,animal,TRUE,""
Aphyosemion herzogi,Aphyosemion herzogi,Animalia,Chordata,Actinopterygii,,Nothobranchiidae,freshwater,fish,ComteOlden,animal,TRUE,""
Aphyosemion kouamense,Aphyosemion kouamense,Animalia,Chordata,Actinopterygii,,Nothobranchiidae,freshwater,fish,ComteOlden,animal,TRUE,""
Aphyosemion labarrei,Aphyosemion labarrei,Animalia,Chordata,Actinopterygii,,Nothobranchiidae,freshwater,fish,ComteOlden,animal,TRUE,""
Aphyosemion lamberti,Aphyosemion lamberti,Animalia,Chordata,Actinopterygii,,Nothobranchiidae,freshwater,fish,ComteOlden,animal,TRUE,""
Aphyosemion loennbergii,Aphyosemion loennbergii,Animalia,Chordata,Actinopterygii,,Nothobranchiidae,freshwater,fish,ComteOlden,animal,TRUE,""
Aphyosemion louessense,Aphyosemion louessense,Animalia,Chordata,Actinopterygii,,Nothobranchiidae,freshwater,fish,ComteOlden,animal,TRUE,""
Aphyosemion lugens,Aphyosemion lugens,Animalia,Chordata,Actinopterygii,,Nothobranchiidae,freshwater,fish,ComteOlden,animal,TRUE,""
Aphyosemion maculatum,Aphyosemion maculatum,Animalia,Chordata,Actinopterygii,,Nothobranchiidae,freshwater,fish,ComteOlden,animal,TRUE,""
Aphyosemion mimbon,Aphyosemion mimbon,Animalia,Chordata,Actinopterygii,,Nothobranchiidae,freshwater,fish,ComteOlden,animal,TRUE,""
Aphyosemion ocellatum,Aphyosemion ocellatum,Animalia,Chordata,Actinopterygii,,Nothobranchiidae,freshwater,fish,ComteOlden,animal,TRUE,""
Aphyosemion poliaki,Aphyosemion poliaki,Animalia,Chordata,Actinopterygii,,Nothobranchiidae,freshwater,fish,ComteOlden,animal,TRUE,""
Aphyosemion primigenium,Aphyosemion primigenium,Animalia,Chordata,Actinopterygii,,Nothobranchiidae,freshwater,fish,ComteOlden,animal,TRUE,""
Aphyosemion punctatum,Aphyosemion punctatum,Animalia,Chordata,Actinopterygii,,Nothobranchiidae,freshwater,fish,ComteOlden,animal,TRUE,""
Aphyosemion rectogoense,Aphyosemion rectogoense,Animalia,Chordata,Actinopterygii,,Nothobranchiidae,freshwater,fish,ComteOlden,animal,TRUE,""
Aphyosemion riggenbachi,Aphyosemion riggenbachi,Animalia,Chordata,Actinopterygii,,Nothobranchiidae,freshwater,fish,ComteOlden,animal,TRUE,""
Aphyosemion splendopleure,Aphyosemion splendopleure,Animalia,Chordata,Actinopterygii,,Nothobranchiidae,freshwater,fish,ComteOlden,animal,TRUE,""
Aphyosemion striatum,Aphyosemion striatum,Animalia,Chordata,Actinopterygii,,Nothobranchiidae,freshwater,fish,ComteOlden,animal,TRUE,""
Aphyosemion volcanum,Aphyosemion volcanum,Animalia,Chordata,Actinopterygii,,Nothobranchiidae,freshwater,fish,ComteOlden,animal,TRUE,""
Aphyosemion wildekampi,Aphyosemion wildekampi,Animalia,Chordata,Actinopterygii,,Nothobranchiidae,freshwater,fish,ComteOlden,animal,TRUE,""
Apistogramma agassizii,Apistogramma agassizii,Metazoa,Chordata,Actinopteri,Acanthomorphata,Cichlidae,freshwater,fish,ThermoFresh,animal,TRUE,""
Apistogramma borellii,Apistogramma borellii,Metazoa,Chordata,Actinopteri,Acanthomorphata,Cichlidae,freshwater,fish,ThermoFresh,animal,TRUE,""
Apistogramma hippolytae,Apistogramma hippolytae,Metazoa,Chordata,Actinopteri,Acanthomorphata,Cichlidae,freshwater,fish,ThermoFresh,animal,TRUE,""
Apistogramma viejita,Apistogramma viejita,Metazoa,Chordata,Actinopteri,Acanthomorphata,Cichlidae,freshwater,fish,ThermoFresh,animal,TRUE,""
Aplocheilus blockii,Aplocheilus blockii,Animalia,Chordata,Actinopterygii,,Aplocheilidae,freshwater,fish,ComteOlden,animal,TRUE,""
Aplocheilus lineatus,Aplocheilus lineatus,Animalia,Chordata,Actinopterygii,,Aplocheilidae,freshwater,fish,ComteOlden,animal,TRUE,""
Aplocheilus panchax,Aplocheilus panchax,Animalia,Chordata,Actinopterygii,,Aplocheilidae,freshwater,fish,ComteOlden,animal,TRUE,""
Aplodinotus grunniens,Aplodinotus grunniens,Animalia,Chordata,Actinopterygii,Acanthomorphata,Sciaenidae,freshwater,fish,ComteOlden;ThermoFresh,animal,TRUE,""
Apogon dovii,Apogon dovii,,Chordata,Actinopteri,Kurtiformes,Apogonidae,"",,GlobTherm,animal,TRUE,""
Apogon maculatus,Apogon maculatus,Animalia,Chordata,Actinopterygii,,Apogonidae,marine,fish,ComteOlden,animal,TRUE,""
Apogon novemfasciatus,Apogon novemfasciatus,,Chordata,Actinopteri,Kurtiformes,Apogonidae,"",,GlobTherm,animal,TRUE,""
Apogon pacifici,Apogon pacifici,,Chordata,Actinopteri,Kurtiformes,Apogonidae,"",,GlobTherm,animal,TRUE,""
Apogon pacificus,Apogon pacificus,Animalia,Chordata,Actinopterygii,,Apogonidae,marine,fish,ComteOlden,animal,TRUE,""
Apolemichthys trimaculatus,Apolemichthys trimaculatus,Animalia,Chordata,Actinopterygii,,Pomacanthidae,marine,fish,ComteOlden,animal,TRUE,""
Apolemichthys xanthurus,Apolemichthys xanthurus,Animalia,Chordata,Actinopterygii,,Pomacanthidae,marine,fish,ComteOlden,animal,TRUE,""
Apophloea lyallii,Apophloea lyallii,,Rhodophyta,Florideophyceae,Hildenbrandiales,Hildenbrandiaceae,"",,GlobTherm,non_animal,FALSE,Taxon is not an animal
Aprionyx peterseni,Aprionyx peterseni,Metazoa,Arthropoda,Insecta,Ephemeroptera,Leptophlebiidae,freshwater,invertebrate,ThermoFresh,animal,TRUE,""
Aquarius paludum,Aquarius paludum,Metazoa,Arthropoda,Insecta,Hemiptera,Gerridae,freshwater,invertebrate,ThermoFresh,animal,TRUE,""
Archiaphyosemion guineense,Archiaphyosemion guineense,Animalia,Chordata,Actinopterygii,,Nothobranchiidae,freshwater,fish,ComteOlden,animal,TRUE,""
Archoplites interruptus,Archoplites interruptus,Animalia,Chordata,Actinopterygii,,Centrarchidae,freshwater,fish,ComteOlden,animal,TRUE,""
Archosargus probatocephalus,Archosargus probatocephalus,Animalia,Chordata,Actinopterygii,,Sparidae,marine,fish,ComteOlden,animal,TRUE,""
Archosargus rhomboidalis,Archosargus rhomboidalis,Metazoa,Chordata,Actinopteri,Acanthomorphata,Sparidae,mixed,fish,ThermoFresh,animal,TRUE,""
Arctopsyche grandis,Arctopsyche grandis,Metazoa,Arthropoda,Insecta,Trichoptera,Hydropsychidae,freshwater,invertebrate,ThermoFresh,animal,TRUE,""
Argia vivida,Argia vivida,Metazoa,Arthropoda,Insecta,Odonata,Coenagrionidae,freshwater,invertebrate,ThermoFresh,animal,TRUE,""
Argopecten purpuratus,Argopecten purpuratus,,Mollusca,Bivalvia,Pectinoida,Pectinidae,"",,GlobTherm,animal,TRUE,""
Argyrops bleekeri,Argyrops bleekeri,Animalia,Chordata,Actinopterygii,,Sparidae,marine,fish,ComteOlden,animal,TRUE,""
Argyrotegium mackayi,Argyrotegium mackayi,,Streptophyta,Spermatophyta,Asterales,Asteraceae,"",,GlobTherm,non_animal,FALSE,Taxon is not an animal
Argyrozona argyrozona,Argyrozona argyrozona,Animalia,Chordata,Actinopterygii,,Sparidae,marine,fish,ComteOlden,animal,TRUE,""
Aristochromis christyi,Aristochromis christyi,Animalia,Chordata,Actinopterygii,,Cichlidae,freshwater,fish,ComteOlden,animal,TRUE,""
Arius arius,Arius arius,Animalia,Chordata,Actinopterygii,,Ariidae,freshwater,fish,ComteOlden,animal,TRUE,""
Arius gagora,Arius gagora,Animalia,Chordata,Actinopterygii,,Ariidae,freshwater,fish,ComteOlden,animal,TRUE,""
Arius madagascariensis,Arius madagascariensis,Animalia,Chordata,Actinopterygii,,Ariidae,freshwater,fish,ComteOlden,animal,TRUE,""
Arizona elegans,Arizona elegans,,Chordata,Lepidosauria,Squamata,Colubridae,"",,GlobTherm,animal,TRUE,""
Armadillidium vulgare,Armadillidium vulgare,,Arthropoda,Malacostraca,Isopoda,Armadillidiidae,"",,GlobTherm,animal,TRUE,""
Arnoldichthys spilopterus,Arnoldichthys spilopterus,Animalia,Chordata,Actinopterygii,,Alestidae,freshwater,fish,ComteOlden,animal,TRUE,""
Arothron hispidus,Arothron hispidus,Animalia,Chordata,Actinopterygii,,Tetraodontidae,marine,fish,ComteOlden,animal,TRUE,""
Arothron immaculatus,Arothron immaculatus,Animalia,Chordata,Actinopterygii,,Tetraodontidae,marine,fish,ComteOlden,animal,TRUE,""
Arothron manilensis,Arothron manilensis,Animalia,Chordata,Actinopterygii,,Tetraodontidae,freshwater,fish,ComteOlden,animal,TRUE,""
Arothron mappa,Arothron mappa,Animalia,Chordata,Actinopterygii,,Tetraodontidae,marine,fish,ComteOlden,animal,TRUE,""
Arothron nigropunctatus,Arothron nigropunctatus,Animalia,Chordata,Actinopterygii,,Tetraodontidae,marine,fish,ComteOlden,animal,TRUE,""
Arothron stellatus,Arothron stellatus,Animalia,Chordata,Actinopterygii,,Tetraodontidae,marine,fish,ComteOlden,animal,TRUE,""
Artemisia californica,Artemisia californica,,Streptophyta,Spermatophyta,Asterales,Asteraceae,"",,GlobTherm,non_animal,FALSE,Taxon is not an animal
Asarum europaeum,Asarum europaeum,,Streptophyta,Spermatophyta,Piperales,Aristolochiaceae,"",,GlobTherm,non_animal,FALSE,Taxon is not an animal
Ascidia ceratodes,Ascidia ceratodes,,Chordata,Ascidiacea,Enterogona,Ascidiidae,"",,GlobTherm,animal,TRUE,""
Asellus aquaticus,Asellus aquaticus,Metazoa,Arthropoda,Malacostraca,Isopoda,Asellidae,mixed,invertebrate,ThermoFresh,animal,TRUE,""
Astacus astacus,Astacus astacus,Metazoa,Arthropoda,Malacostraca,Decapoda,Astacidae,freshwater,invertebrate,ThermoFresh,animal,TRUE,""
Astartea fasciculatus,Astartea fasciculatus,,Streptophyta,Spermatophyta,Myrtales,Myrtaceae,"",,GlobTherm,non_animal,FALSE,Taxon is not an animal
Astatoreochromis alluaudi,Astatoreochromis alluaudi,Animalia,Chordata,Actinopterygii,,Cichlidae,freshwater,fish,ComteOlden,animal,TRUE,""
Astatotilapia bloyeti,Astatotilapia bloyeti,Animalia,Chordata,Actinopterygii,,Cichlidae,freshwater,fish,ComteOlden,animal,TRUE,""
Astatotilapia burtoni,Astatotilapia burtoni,Animalia,Chordata,Actinopterygii,,Cichlidae,freshwater,fish,ComteOlden,animal,TRUE,""
Astatotilapia calliptera,Astatotilapia calliptera,Animalia,Chordata,Actinopterygii,,Cichlidae,freshwater,fish,ComteOlden,animal,TRUE,""
Astyanax asuncionensis,Astyanax asuncionensis,Metazoa,Chordata,Actinopteri,Characiformes,Characidae,freshwater,fish,ThermoFresh,animal,TRUE,""
Astyanax bimaculatus,Astyanax bimaculatus,Animalia,Chordata,Actinopterygii,,Characidae,freshwater,fish,ComteOlden,animal,TRUE,""
Astyanax eigenmanniorum,Astyanax eigenmanniorum,Metazoa,Chordata,Actinopteri,Characiformes,Characidae,freshwater,fish,ThermoFresh,animal,TRUE,""
Astyanax lacustris,Astyanax lacustris,Metazoa,Chordata,Actinopteri,Characiformes,Characidae,freshwater,fish,ThermoFresh,animal,TRUE,""
Astyanax lineatus,Astyanax lineatus,Metazoa,Chordata,Actinopteri,Characiformes,Characidae,freshwater,fish,ThermoFresh,animal,TRUE,""
Astyanax mexicanus,Astyanax mexicanus,Animalia,Chordata,Actinopterygii,,Characidae,freshwater,fish,ComteOlden,animal,TRUE,""
Atherina boyeri,Atherina boyeri,Animalia,Chordata,Actinopterygii,,Atherinidae,freshwater,fish,ComteOlden,animal,TRUE,""
Atherinella brasiliensis,Atherinella brasiliensis,Metazoa,Chordata,Actinopteri,Acanthomorphata,Atherinopsidae,mixed,fish,ThermoFresh,animal,TRUE,""
Atherinops affinis,Atherinops affinis,Animalia,Chordata,Actinopterygii,Acanthomorphata,Atherinopsidae,freshwater;mixed,fish,ComteOlden;GlobTherm;ThermoFresh,animal,TRUE,""
Atherix variegata,Atherix variegata,Metazoa,Arthropoda,Insecta,Diptera,Athericidae,freshwater,invertebrate,ThermoFresh,animal,TRUE,""
Athrotaxis cupressoides,Athrotaxis cupressoides,,Streptophyta,Spermatophyta,Cupressales,Cupressaceae,"",,GlobTherm,non_animal,FALSE,Taxon is not an animal
Atopochilus savorgnani,Atopochilus savorgnani,Animalia,Chordata,Actinopterygii,,Mochokidae,freshwater,fish,ComteOlden,animal,TRUE,""
Atopsyche davidsoni,Atopsyche davidsoni,Metazoa,Arthropoda,Insecta,Trichoptera,Hydrobiosidae,freshwater,invertebrate,ThermoFresh,animal,TRUE,""
Atractosteus spatula,Atractosteus spatula,Metazoa,Chordata,Actinopteri,Semionotiformes,Lepisosteidae,mixed,fish,ThermoFresh,animal,TRUE,""
Atrichum undulatum,Atrichum undulatum,,Streptophyta,Polytrichopsida,Polytrichales,Polytrichaceae,"",,GlobTherm,non_animal,FALSE,Taxon is not an animal
Atriplex hymenelytra,Atriplex hymenelytra,,Streptophyta,Spermatophyta,Caryophyllales,Amaranthaceae,"",,GlobTherm,non_animal,FALSE,Taxon is not an animal
Atriplex leucophylla,Atriplex leucophylla,,Streptophyta,Spermatophyta,Caryophyllales,Amaranthaceae,"",,GlobTherm,non_animal,FALSE,Taxon is not an animal
Atyaephyra desmarestii,Atyaephyra desmarestii,Metazoa,Arthropoda,Malacostraca,Decapoda,Atyidae,mixed,invertebrate,ThermoFresh,animal,TRUE,""
Aubertoperla kuscheli,Aubertoperla kuscheli,Metazoa,Arthropoda,Insecta,Plecoptera,Gripopterygidae,freshwater,invertebrate,ThermoFresh,animal,TRUE,""
Aulacomya atraa,Aulacomya atra<a0>,,Mollusca,Bivalvia,Mytiloida,Mytilidae,"",,GlobTherm,animal,TRUE,""
Aulonocara stuartgranti,Aulonocara stuartgranti,Metazoa,Chordata,Actinopteri,Acanthomorphata,Cichlidae,freshwater,fish,ComteOlden;ThermoFresh,animal,TRUE,""
Aulonocranus dewindti,Aulonocranus dewindti,Animalia,Chordata,Actinopterygii,,Cichlidae,freshwater,fish,ComteOlden,animal,TRUE,""
Aulopyge huegelii,Aulopyge huegelii,Animalia,Chordata,Actinopterygii,,Cyprinidae,freshwater,fish,ComteOlden,animal,TRUE,""
Aurigequula fasciata,Aurigequula fasciata,Animalia,Chordata,Actinopterygii,,Leiognathidae,freshwater,fish,ComteOlden,animal,TRUE,""
Australoheros facetus,Australoheros facetus,Metazoa,Chordata,Actinopteri,Acanthomorphata,Cichlidae,freshwater,fish,ThermoFresh,animal,TRUE,""
Australopelopia prionoptera,Australopelopia prionoptera,Metazoa,Arthropoda,Insecta,Diptera,Chironomidae,freshwater,invertebrate,ThermoFresh,animal,TRUE,""
Austrelaps superbus,Austrelaps superbus,,Chordata,Lepidosauria,Squamata,Elapidae,"",,GlobTherm,animal,TRUE,""
Austroaeschna anacantha,Austroaeschna anacantha,Metazoa,Arthropoda,Insecta,Odonata,Aeshnidae,freshwater,invertebrate,ThermoFresh,animal,TRUE,""
Austroglanis gilli,Austroglanis gilli,Metazoa,Chordata,Actinopteri,Siluriformes,Austroglanididae,freshwater,fish,ThermoFresh,animal,TRUE,""
Austrolabrus maculatus,Austrolabrus maculatus,Animalia,Chordata,Actinopterygii,,Labridae,marine,fish,ComteOlden,animal,TRUE,""
Auxis rochei,Auxis rochei,Animalia,Chordata,Actinopterygii,,Scombridae,marine,fish,ComteOlden,animal,TRUE,""
Auxis thazard,Auxis thazard,Animalia,Chordata,Actinopterygii,,Scombridae,marine,fish,ComteOlden,animal,TRUE,""
Awaous commersoni,Awaous commersoni,Animalia,Chordata,Actinopterygii,,Gobiidae,freshwater,fish,ComteOlden,animal,TRUE,""
Awaous guamensis,Awaous guamensis,Animalia,Chordata,Actinopterygii,,Gobiidae,freshwater,fish,ComteOlden,animal,TRUE,""
Azara integrifolia,Azara integrifolia,,Streptophyta,Spermatophyta,Malpighiales,Salicaceae,"",,GlobTherm,non_animal,FALSE,Taxon is not an animal
Azara microphylla,Azara microphylla,,Streptophyta,Spermatophyta,Malpighiales,Salicaceae,"",,GlobTherm,non_animal,FALSE,Taxon is not an animal
Azurina hirundo,Azurina hirundo,Animalia,Chordata,Actinopterygii,,Pomacentridae,marine,fish,ComteOlden,animal,TRUE,""
Babka gymnotrachelus,Babka gymnotrachelus,Animalia,Chordata,Actinopterygii,,Gobiidae,freshwater,fish,ComteOlden,animal,TRUE,""
Baccharis pilularis,Baccharis pilularis,,Streptophyta,Spermatophyta,Asterales,Asteraceae,"",,GlobTherm,non_animal,FALSE,Taxon is not an animal
Badis assamensis,Badis assamensis,Animalia,Chordata,Actinopterygii,,Badidae,freshwater,fish,ComteOlden,animal,TRUE,""
Badis badis,Badis badis,Animalia,Chordata,Actinopterygii,,Badidae,freshwater,fish,ComteOlden,animal,TRUE,""
Badis blosyrus,Badis blosyrus,Animalia,Chordata,Actinopterygii,,Badidae,freshwater,fish,ComteOlden,animal,TRUE,""
Badis corycaeus,Badis corycaeus,Animalia,Chordata,Actinopterygii,,Badidae,freshwater,fish,ComteOlden,animal,TRUE,""
Badis kanabos,Badis kanabos,Animalia,Chordata,Actinopterygii,,Badidae,freshwater,fish,ComteOlden,animal,TRUE,""
Badis khwae,Badis khwae,Animalia,Chordata,Actinopterygii,,Badidae,freshwater,fish,ComteOlden,animal,TRUE,""
Badis ruber,Badis ruber,Animalia,Chordata,Actinopterygii,,Badidae,freshwater,fish,ComteOlden,animal,TRUE,""
Badis siamensis,Badis siamensis,Animalia,Chordata,Actinopterygii,,Badidae,freshwater,fish,ComteOlden,animal,TRUE,""
Baetis bicaudatus,Baetis bicaudatus,Metazoa,Arthropoda,Insecta,Ephemeroptera,Baetidae,freshwater,invertebrate,ThermoFresh,animal,TRUE,""
Baetis flavistriga,Baetis flavistriga,Metazoa,Arthropoda,Insecta,Ephemeroptera,Baetidae,freshwater,invertebrate,ThermoFresh,animal,TRUE,""
Baetis harrisoni,Baetis harrisoni,Metazoa,Arthropoda,Insecta,Ephemeroptera,Baetidae,freshwater,invertebrate,ThermoFresh,animal,TRUE,""
Baetis rhodani,Baetis rhodani,Metazoa,Arthropoda,Insecta,Ephemeroptera,Baetidae,freshwater,invertebrate,ThermoFresh,animal,TRUE,""
Baetis tricaudatus,Baetis tricaudatus,Metazoa,Arthropoda,Insecta,Ephemeroptera,Baetidae,freshwater,invertebrate,ThermoFresh,animal,TRUE,""
Baetis vernus,Baetis vernus,Metazoa,Arthropoda,Insecta,Ephemeroptera,Baetidae,freshwater,invertebrate,ThermoFresh,animal,TRUE,""
Bagarius bagarius,Bagarius bagarius,Animalia,Chordata,Actinopterygii,,Sisoridae,freshwater,fish,ComteOlden,animal,TRUE,""
Bagarius yarrelli,Bagarius yarrelli,Animalia,Chordata,Actinopterygii,,Sisoridae,freshwater,fish,ComteOlden,animal,TRUE,""
Bagrus docmak,Bagrus docmak,Animalia,Chordata,Actinopterygii,,Bagridae,freshwater,fish,ComteOlden,animal,TRUE,""
Baileychromis centropomoides,Baileychromis centropomoides,Animalia,Chordata,Actinopterygii,,Cichlidae,freshwater,fish,ComteOlden,animal,TRUE,""
Balanus crenatus,Balanus crenatus,,Arthropoda,Maxillopoda,Sessilia,Balanidae,"",,GlobTherm,animal,TRUE,""
Balitora annamitica,Balitora annamitica,Animalia,Chordata,Actinopterygii,,Balitoridae,freshwater,fish,ComteOlden,animal,TRUE,""
Balitora kwangsiensis,Balitora kwangsiensis,Animalia,Chordata,Actinopterygii,,Balitoridae,freshwater,fish,ComteOlden,animal,TRUE,""
Ballerus ballerus,Ballerus ballerus,Animalia,Chordata,Actinopterygii,,Cyprinidae,freshwater,fish,ComteOlden,animal,TRUE,""
Ballerus sapa,Ballerus sapa,Animalia,Chordata,Actinopterygii,,Cyprinidae,freshwater,fish,ComteOlden,animal,TRUE,""
Bangana ariza,Bangana ariza,Animalia,Chordata,Actinopterygii,,Cyprinidae,freshwater,fish,ComteOlden,animal,TRUE,""
Bangana behri,Bangana behri,Animalia,Chordata,Actinopterygii,,Cyprinidae,freshwater,fish,ComteOlden,animal,TRUE,""
Bangana lemassoni,Bangana lemassoni,Animalia,Chordata,Actinopterygii,,Cyprinidae,freshwater,fish,ComteOlden,animal,TRUE,""
Bangana lippus,Bangana lippus,Animalia,Chordata,Actinopterygii,,Cyprinidae,freshwater,fish,ComteOlden,animal,TRUE,""
Bangana tonkinensis,Bangana tonkinensis,Animalia,Chordata,Actinopterygii,,Cyprinidae,freshwater,fish,ComteOlden,animal,TRUE,""
Banksia aemula,Banksia aemula,,Streptophyta,Spermatophyta,Proteales,Proteaceae,"",,GlobTherm,non_animal,FALSE,Taxon is not an animal
Banksia marginata,Banksia marginata,,Streptophyta,Spermatophyta,Proteales,Proteaceae,"",,GlobTherm,non_animal,FALSE,Taxon is not an animal
Barbarochthon brunneum,Barbarochthon brunneum,Metazoa,Arthropoda,Insecta,Trichoptera,Barbarochthonidae,freshwater,invertebrate,ThermoFresh,animal,TRUE,""
Barbatia pistachia,Barbatia pistachia,,Mollusca,Bivalvia,Arcoida,Arcidae,"",,GlobTherm,animal,TRUE,""
Barbatula barbatula,Barbatula barbatula,Metazoa,Chordata,Actinopteri,Cypriniformes,Nemacheilidae,freshwater,fish,ComteOlden;ThermoFresh,animal,TRUE,""
Barbonymus gonionotus,Barbonymus gonionotus,Metazoa,Chordata,Actinopteri,Cypriniformes,Cyprinidae,freshwater,fish,ComteOlden;ThermoFresh,animal,TRUE,""
Barbonymus schwanefeldii,Barbonymus schwanefeldii,Metazoa,Chordata,Actinopteri,Cypriniformes,Cyprinidae,freshwater,fish,ThermoFresh,animal,TRUE,""
Barbonymus schwanenfeldii,Barbonymus schwanenfeldii,Animalia,Chordata,Actinopterygii,,Cyprinidae,freshwater,fish,ComteOlden,animal,TRUE,""
Barbucca diabolica,Barbucca diabolica,Animalia,Chordata,Actinopterygii,,Balitoridae,freshwater,fish,ComteOlden,animal,TRUE,""
Barbus ablabes,Barbus ablabes,Animalia,Chordata,Actinopterygii,,Cyprinidae,freshwater,fish,ComteOlden,animal,TRUE,""
Barbus albanicus,Barbus albanicus,Animalia,Chordata,Actinopterygii,,Cyprinidae,freshwater,fish,ComteOlden,animal,TRUE,""
Barbus andrewi,Barbus andrewi,Animalia,Chordata,Actinopterygii,,Cyprinidae,freshwater,fish,ComteOlden,animal,TRUE,""
Barbus anoplus,Barbus anoplus,Animalia,Chordata,Actinopterygii,,Cyprinidae,freshwater,fish,ComteOlden,animal,TRUE,""
Barbus balcanicus,Barbus balcanicus,Animalia,Chordata,Actinopterygii,,Cyprinidae,freshwater,fish,ComteOlden,animal,TRUE,""
Barbus barbus,Barbus barbus,Metazoa,Chordata,Actinopteri,Cypriniformes,Cyprinidae,freshwater,fish,ComteOlden;ThermoFresh,animal,TRUE,""
Barbus bigornei,Barbus bigornei,Animalia,Chordata,Actinopterygii,,Cyprinidae,freshwater,fish,ComteOlden,animal,TRUE,""
Barbus bynni,Barbus bynni,Animalia,Chordata,Actinopterygii,,Cyprinidae,freshwater,fish,ComteOlden,animal,TRUE,""
Barbus cadenati,Barbus cadenati,Animalia,Chordata,Actinopterygii,,Cyprinidae,freshwater,fish,ComteOlden,animal,TRUE,""
Barbus calidus,Barbus calidus,Metazoa,Chordata,Actinopteri,Cypriniformes,Cyprinidae,freshwater,fish,ComteOlden;ThermoFresh,animal,TRUE,""
Barbus callensis,Barbus callensis,Animalia,Chordata,Actinopterygii,,Cyprinidae,freshwater,fish,ComteOlden,animal,TRUE,""
Barbus callipterus,Barbus callipterus,Animalia,Chordata,Actinopterygii,,Cyprinidae,freshwater,fish,ComteOlden,animal,TRUE,""
Barbus caninus,Barbus caninus,Animalia,Chordata,Actinopterygii,,Cyprinidae,freshwater,fish,ComteOlden,animal,TRUE,""
Barbus ciscaucasicus,Barbus ciscaucasicus,Animalia,Chordata,Actinopterygii,,Cyprinidae,freshwater,fish,ComteOlden,animal,TRUE,""
Barbus cyclolepis,Barbus cyclolepis,Animalia,Chordata,Actinopterygii,,Cyprinidae,freshwater,fish,ComteOlden,animal,TRUE,""
Barbus erubescens,Barbus erubescens,Animalia,Chordata,Actinopterygii,,Cyprinidae,freshwater,fish,ComteOlden,animal,TRUE,""
Barbus ethiopicus,Barbus ethiopicus,Animalia,Chordata,Actinopterygii,,Cyprinidae,freshwater,fish,ComteOlden,animal,TRUE,""
Barbus euboicus,Barbus euboicus,Animalia,Chordata,Actinopterygii,,Cyprinidae,freshwater,fish,ComteOlden,animal,TRUE,""
Barbus fasciolatus,Barbus fasciolatus,Animalia,Chordata,Actinopterygii,,Cyprinidae,freshwater,fish,ComteOlden,animal,TRUE,""
Barbus fritschii,Barbus fritschii,Animalia,Chordata,Actinopterygii,,Cyprinidae,freshwater,fish,ComteOlden,animal,TRUE,""
Barbus gruveli,Barbus gruveli,Animalia,Chordata,Actinopterygii,,Cyprinidae,freshwater,fish,ComteOlden,animal,TRUE,""
Barbus grypus,Barbus grypus,Animalia,Chordata,Actinopterygii,,Cyprinidae,freshwater,fish,ComteOlden,animal,TRUE,""
Barbus guineensis,Barbus guineensis,Animalia,Chordata,Actinopterygii,,Cyprinidae,freshwater,fish,ComteOlden,animal,TRUE,""
Barbus gurneyi,Barbus gurneyi,Animalia,Chordata,Actinopterygii,,Cyprinidae,freshwater,fish,ComteOlden,animal,TRUE,""
Barbus haasi,Barbus haasi,Animalia,Chordata,Actinopterygii,,Cyprinidae,freshwater,fish,ComteOlden,animal,TRUE,""
Barbus harterti,Barbus harterti,Animalia,Chordata,Actinopterygii,,Cyprinidae,freshwater,fish,ComteOlden,animal,TRUE,""
Barbus kerstenii,Barbus kerstenii,Animalia,Chordata,Actinopterygii,,Cyprinidae,freshwater,fish,ComteOlden,animal,TRUE,""
Barbus lacerta,Barbus lacerta,Animalia,Chordata,Actinopterygii,,Cyprinidae,freshwater,fish,ComteOlden,animal,TRUE,""
Barbus leonensis,Barbus leonensis,Animalia,Chordata,Actinopterygii,,Cyprinidae,freshwater,fish,ComteOlden,animal,TRUE,""
Barbus longiceps,Barbus longiceps,Animalia,Chordata,Actinopterygii,,Cyprinidae,freshwater,fish,ComteOlden,animal,TRUE,""
Barbus macrops,Barbus macrops,Animalia,Chordata,Actinopterygii,,Cyprinidae,freshwater,fish,ComteOlden,animal,TRUE,""
Barbus mattozi,Barbus mattozi,Animalia,Chordata,Actinopterygii,,Cyprinidae,freshwater,fish,ComteOlden,animal,TRUE,""
Barbus meridionalis,Barbus meridionalis,Animalia,Chordata,Actinopterygii,,Cyprinidae,freshwater,fish,ComteOlden,animal,TRUE,""
Barbus motebensis,Barbus motebensis,Animalia,Chordata,Actinopterygii,,Cyprinidae,freshwater,fish,ComteOlden,animal,TRUE,""
Barbus nasus,Barbus nasus,Animalia,Chordata,Actinopterygii,,Cyprinidae,freshwater,fish,ComteOlden,animal,TRUE,""
Barbus nyanzae,Barbus nyanzae,Animalia,Chordata,Actinopterygii,,Cyprinidae,freshwater,fish,ComteOlden,animal,TRUE,""
Barbus oxyrhynchus,Barbus oxyrhynchus,Animalia,Chordata,Actinopterygii,,Cyprinidae,freshwater,fish,ComteOlden,animal,TRUE,""
Barbus paludinosus,Barbus paludinosus,Animalia,Chordata,Actinopterygii,,Cyprinidae,freshwater,fish,ComteOlden,animal,TRUE,""
Barbus peloponnesius,Barbus peloponnesius,Animalia,Chordata,Actinopterygii,,Cyprinidae,freshwater,fish,ComteOlden,animal,TRUE,""
Barbus petitjeani,Barbus petitjeani,Animalia,Chordata,Actinopterygii,,Cyprinidae,freshwater,fish,ComteOlden,animal,TRUE,""
Barbus plebejus,Barbus plebejus,Animalia,Chordata,Actinopterygii,,Cyprinidae,freshwater,fish,ComteOlden,animal,TRUE,""
Barbus pleurogramma,Barbus pleurogramma,Animalia,Chordata,Actinopterygii,,Cyprinidae,freshwater,fish,ComteOlden,animal,TRUE,""
Barbus prespensis,Barbus prespensis,Animalia,Chordata,Actinopterygii,,Cyprinidae,freshwater,fish,ComteOlden,animal,TRUE,""
Barbus sacratus,Barbus sacratus,Animalia,Chordata,Actinopterygii,,Cyprinidae,freshwater,fish,ComteOlden,animal,TRUE,""
Barbus serra,Barbus serra,Animalia,Chordata,Actinopterygii,,Cyprinidae,freshwater,fish,ComteOlden,animal,TRUE,""
Barbus sublineatus,Barbus sublineatus,Animalia,Chordata,Actinopterygii,,Cyprinidae,freshwater,fish,ComteOlden,animal,TRUE,""
Barbus tanapelagius,Barbus tanapelagius,Animalia,Chordata,Actinopterygii,,Cyprinidae,freshwater,fish,ComteOlden,animal,TRUE,""
Barbus tauricus,Barbus tauricus,Animalia,Chordata,Actinopterygii,,Cyprinidae,freshwater,fish,ComteOlden,animal,TRUE,""
Barbus trevelyani,Barbus trevelyani,Animalia,Chordata,Actinopterygii,,Cyprinidae,freshwater,fish,ComteOlden,animal,TRUE,""
Barbus trimaculatus,Barbus trimaculatus,Animalia,Chordata,Actinopterygii,,Cyprinidae,freshwater,fish,ComteOlden,animal,TRUE,""
Barbus tyberinus,Barbus tyberinus,Animalia,Chordata,Actinopterygii,,Cyprinidae,freshwater,fish,ComteOlden,animal,TRUE,""
Barbus wurtzi,Barbus wurtzi,Animalia,Chordata,Actinopterygii,,Cyprinidae,freshwater,fish,ComteOlden,animal,TRUE,""
Barilius bakeri,Barilius bakeri,Animalia,Chordata,Actinopterygii,,Cyprinidae,freshwater,fish,ComteOlden,animal,TRUE,""
Barilius barila,Barilius barila,Animalia,Chordata,Actinopterygii,,Cyprinidae,freshwater,fish,ComteOlden,animal,TRUE,""
Barilius bendelisis,Barilius bendelisis,Metazoa,Chordata,Actinopteri,Cypriniformes,Cyprinidae,freshwater,fish,ComteOlden;ThermoFresh,animal,TRUE,""
Barilius canarensis,Barilius canarensis,Animalia,Chordata,Actinopterygii,,Cyprinidae,freshwater,fish,ComteOlden,animal,TRUE,""
Barilius caudiocellatus,Barilius caudiocellatus,Animalia,Chordata,Actinopterygii,,Cyprinidae,freshwater,fish,ComteOlden,animal,TRUE,""
Barilius shacra,Barilius shacra,Animalia,Chordata,Actinopterygii,,Cyprinidae,freshwater,fish,ComteOlden,animal,TRUE,""
Barilius vagra,Barilius vagra,Animalia,Chordata,Actinopterygii,,Cyprinidae,freshwater,fish,ComteOlden,animal,TRUE,""
Barytelphusa cunicularis,Barytelphusa cunicularis,Metazoa,Arthropoda,Malacostraca,Decapoda,Gecarcinucidae,freshwater,invertebrate,ThermoFresh,animal,TRUE,""
Basiliscus vittatus,Basiliscus vittatus,,Chordata,Lepidosauria,Squamata,Iguanidae,"",,GlobTherm,animal,TRUE,""
Bassiana duperreyi,Bassiana duperreyi,,Chordata,Lepidosauria,Squamata,Scincidae,"",,GlobTherm,animal,TRUE,""
Bassiana platynota,Bassiana platynota,,Chordata,Lepidosauria,Squamata,Scincidae,"",,GlobTherm,animal,TRUE,""
Batasio batasio,Batasio batasio,Animalia,Chordata,Actinopterygii,,Bagridae,freshwater,fish,ComteOlden,animal,TRUE,""
Batasio tengana,Batasio tengana,Animalia,Chordata,Actinopterygii,,Bagridae,freshwater,fish,ComteOlden,animal,TRUE,""
Batasio tigrinus,Batasio tigrinus,Animalia,Chordata,Actinopterygii,,Bagridae,freshwater,fish,ComteOlden,animal,TRUE,""
Bathyaethiops breuseghemi,Bathyaethiops breuseghemi,Animalia,Chordata,Actinopterygii,,Alestidae,freshwater,fish,ComteOlden,animal,TRUE,""
Bathybagrus tetranema,Bathybagrus tetranema,Animalia,Chordata,Actinopterygii,,Claroteidae,freshwater,fish,ComteOlden,animal,TRUE,""
Bathybates fasciatus,Bathybates fasciatus,Animalia,Chordata,Actinopterygii,,Cichlidae,freshwater,fish,ComteOlden,animal,TRUE,""
Bathybates ferox,Bathybates ferox,Animalia,Chordata,Actinopterygii,,Cichlidae,freshwater,fish,ComteOlden,animal,TRUE,""
Bathybates graueri,Bathybates graueri,Animalia,Chordata,Actinopterygii,,Cichlidae,freshwater,fish,ComteOlden,animal,TRUE,""
Bathybates hornii,Bathybates hornii,Animalia,Chordata,Actinopterygii,,Cichlidae,freshwater,fish,ComteOlden,animal,TRUE,""
Bathybates leo,Bathybates leo,Animalia,Chordata,Actinopterygii,,Cichlidae,freshwater,fish,ComteOlden,animal,TRUE,""
Bathybates minor,Bathybates minor,Animalia,Chordata,Actinopterygii,,Cichlidae,freshwater,fish,ComteOlden,animal,TRUE,""
Bathybates vittatus,Bathybates vittatus,Animalia,Chordata,Actinopterygii,,Cichlidae,freshwater,fish,ComteOlden,animal,TRUE,""
Bathyclarias nyasensis,Bathyclarias nyasensis,Animalia,Chordata,Actinopterygii,,Clariidae,freshwater,fish,ComteOlden,animal,TRUE,""
Bathyclarias worthingtoni,Bathyclarias worthingtoni,Animalia,Chordata,Actinopterygii,,Clariidae,freshwater,fish,ComteOlden,animal,TRUE,""
Bathygobius fuscus,Bathygobius fuscus,Metazoa,Chordata,Actinopteri,Acanthomorphata,Gobiidae,freshwater;mixed,fish,ComteOlden;GlobTherm;ThermoFresh,animal,TRUE,""
Bathygobius ramosus,Bathygobius ramosus,,Chordata,Actinopteri,Perciformes,Gobiidae,"",,GlobTherm,animal,TRUE,""
Bathygobius soporator,Bathygobius soporator,Metazoa,Chordata,Actinopteri,Acanthomorphata,Gobiidae,marine;mixed,fish,ComteOlden;GlobTherm;ThermoFresh,animal,TRUE,""
Bauera rubioides,Bauera rubioides,,Streptophyta,Spermatophyta,Oxalidales,Cunoniaceae,"",,GlobTherm,non_animal,FALSE,Taxon is not an animal
Bedotia geayi,Bedotia geayi,Animalia,Chordata,Actinopterygii,,Bedotiidae,freshwater,fish,ComteOlden,animal,TRUE,""
Bedotia longianalis,Bedotia longianalis,Animalia,Chordata,Actinopterygii,,Bedotiidae,freshwater,fish,ComteOlden,animal,TRUE,""
Bedotia madagascariensis,Bedotia madagascariensis,Animalia,Chordata,Actinopterygii,,Bedotiidae,freshwater,fish,ComteOlden,animal,TRUE,""
Bedotia marojejy,Bedotia marojejy,Animalia,Chordata,Actinopterygii,,Bedotiidae,freshwater,fish,ComteOlden,animal,TRUE,""
Bedotia tricolor,Bedotia tricolor,Animalia,Chordata,Actinopterygii,,Bedotiidae,freshwater,fish,ComteOlden,animal,TRUE,""
Belodontichthys truncatus,Belodontichthys truncatus,Animalia,Chordata,Actinopterygii,,Siluridae,freshwater,fish,ComteOlden,animal,TRUE,""
Belonesox belizanus,Belonesox belizanus,Animalia,Chordata,Actinopterygii,Acanthomorphata,Poeciliidae,freshwater;mixed,fish,ComteOlden;ThermoFresh,animal,TRUE,""
Belonoglanis tenuis,Belonoglanis tenuis,Animalia,Chordata,Actinopterygii,,Amphiliidae,freshwater,fish,ComteOlden,animal,TRUE,""
Benthochromis melanoides,Benthochromis melanoides,Animalia,Chordata,Actinopterygii,,Cichlidae,freshwater,fish,ComteOlden,animal,TRUE,""
Benthochromis tricoti,Benthochromis tricoti,Animalia,Chordata,Actinopterygii,,Cichlidae,freshwater,fish,ComteOlden,animal,TRUE,""
Benthophilus granulosus,Benthophilus granulosus,Animalia,Chordata,Actinopterygii,,Gobiidae,freshwater,fish,ComteOlden,animal,TRUE,""
Benthophilus magistri,Benthophilus magistri,Animalia,Chordata,Actinopterygii,,Gobiidae,freshwater,fish,ComteOlden,animal,TRUE,""
Benthophilus mahmudbejovi,Benthophilus mahmudbejovi,Animalia,Chordata,Actinopterygii,,Gobiidae,freshwater,fish,ComteOlden,animal,TRUE,""
Benthophilus stellatus,Benthophilus stellatus,Animalia,Chordata,Actinopterygii,,Gobiidae,freshwater,fish,ComteOlden,animal,TRUE,""
Berberis congesta,Berberis congesta,,Streptophyta,Spermatophyta,Ranunculales,Berberidaceae,"",,GlobTherm,non_animal,FALSE,Taxon is not an animal
Berberis empetrifolia,Berberis empetrifolia,,Streptophyta,Spermatophyta,Ranunculales,Berberidaceae,"",,GlobTherm,non_animal,FALSE,Taxon is not an animal
Betta imbellis,Betta imbellis,Animalia,Chordata,Actinopterygii,,Osphronemidae,freshwater,fish,ComteOlden,animal,TRUE,""
Betta prima,Betta prima,Animalia,Chordata,Actinopterygii,,Osphronemidae,freshwater,fish,ComteOlden,animal,TRUE,""
Betta simplex,Betta simplex,Animalia,Chordata,Actinopterygii,,Osphronemidae,freshwater,fish,ComteOlden,animal,TRUE,""
Betta smaragdina,Betta smaragdina,Animalia,Chordata,Actinopterygii,,Osphronemidae,freshwater,fish,ComteOlden,animal,TRUE,""
Betta splendens,Betta splendens,Animalia,Chordata,Actinopterygii,,Osphronemidae,freshwater,fish,ComteOlden,animal,TRUE,""
Bidyanus bidyanus,Bidyanus bidyanus,Metazoa,Chordata,Actinopteri,Acanthomorphata,Terapontidae,freshwater,fish,ThermoFresh,animal,TRUE,""
Bithynia tentaculata,Bithynia tentaculata,Metazoa,Mollusca,Gastropoda,Littorinimorpha,Bithyniidae,freshwater,invertebrate,ThermoFresh,animal,TRUE,""
Blechnum penna-marina,Blechnum penna-marina,,Streptophyta,Tracheophyta,Polypodiales,Blechnaceae,"",,GlobTherm,non_animal,FALSE,Taxon is not an animal
Blennius ocellaris,Blennius ocellaris,Animalia,Chordata,Actinopterygii,,Blenniidae,marine,fish,ComteOlden,animal,TRUE,""
Blicca bjoerkna,Blicca bjoerkna,Animalia,Chordata,Actinopterygii,,Cyprinidae,freshwater,fish,ComteOlden,animal,TRUE,""
Bodianus mesothorax,Bodianus mesothorax,Animalia,Chordata,Actinopterygii,,Labridae,marine,fish,ComteOlden,animal,TRUE,""
Bodianus rufus,Bodianus rufus,Animalia,Chordata,Actinopterygii,,Labridae,marine,fish,ComteOlden,animal,TRUE,""
Bodianus scrofa,Bodianus scrofa,Animalia,Chordata,Actinopterygii,,Labridae,marine,fish,ComteOlden,animal,TRUE,""
Bolbometopon muricatum,Bolbometopon muricatum,Animalia,Chordata,Actinopterygii,,Labridae,marine,fish,ComteOlden,animal,TRUE,""
Boops boops,Boops boops,Animalia,Chordata,Actinopterygii,,Sparidae,marine,fish,ComteOlden,animal,TRUE,""
Boopsoidea inornata,Boopsoidea inornata,Animalia,Chordata,Actinopterygii,,Sparidae,marine,fish,ComteOlden,animal,TRUE,""
Boraras maculatus,Boraras maculatus,Animalia,Chordata,Actinopterygii,,Cyprinidae,freshwater,fish,ComteOlden,animal,TRUE,""
Boraras micros,Boraras micros,Animalia,Chordata,Actinopterygii,,Cyprinidae,freshwater,fish,ComteOlden,animal,TRUE,""
Boraras urophthalmoides,Boraras urophthalmoides,Animalia,Chordata,Actinopterygii,,Cyprinidae,freshwater,fish,ComteOlden,animal,TRUE,""
Boreogadus saida,Boreogadus saida,,Chordata,Actinopteri,Gadiformes,Gadidae,"",,GlobTherm,animal,TRUE,""
Bostrychia arbuscula,Bostrychia arbuscula,,Rhodophyta,Florideophyceae,Ceramiales,Rhodomelaceae,"",,GlobTherm,non_animal,FALSE,Taxon is not an animal
Bostrychus sinensis,Bostrychus sinensis,Animalia,Chordata,Actinopterygii,,Eleotridae,freshwater,fish,ComteOlden,animal,TRUE,""
Bothrometopus brevis,Bothrometopus brevis,,Arthropoda,Insecta,Coleoptera,Brachyceridae,"",,GlobTherm,animal,TRUE,""
Bothrometopus elongatus,Bothrometopus elongatus,,Arthropoda,Insecta,Coleoptera,Brachyceridae,"",,GlobTherm,animal,TRUE,""
Bothrometopus gracilipes,Bothrometopus gracilipes,,Arthropoda,Insecta,Coleoptera,Brachyceridae,"",,GlobTherm,animal,TRUE,""
Bothrometopus parvulusparvulus,Bothrometopus parvulus_parvulus,,Arthropoda,Insecta,Coleoptera,Brachyceridae,"",,GlobTherm,animal,TRUE,""
Bothrometopus randi,Bothrometopus randi,,Arthropoda,Insecta,Coleoptera,Brachyceridae,"",,GlobTherm,animal,TRUE,""
Botia almorhae,Botia almorhae,Animalia,Chordata,Actinopterygii,,Cobitidae,freshwater,fish,ComteOlden,animal,TRUE,""
Botia histrionica,Botia histrionica,Animalia,Chordata,Actinopterygii,,Cobitidae,freshwater,fish,ComteOlden,animal,TRUE,""
Botia kubotai,Botia kubotai,Animalia,Chordata,Actinopterygii,,Cobitidae,freshwater,fish,ComteOlden,animal,TRUE,""
Botia rostrata,Botia rostrata,Animalia,Chordata,Actinopterygii,,Cobitidae,freshwater,fish,ComteOlden,animal,TRUE,""
Botia striata,Botia striata,Animalia,Chordata,Actinopterygii,,Cobitidae,freshwater,fish,ComteOlden,animal,TRUE,""
Boulengerochromis microlepis,Boulengerochromis microlepis,Animalia,Chordata,Actinopterygii,,Cichlidae,freshwater,fish,ComteOlden,animal,TRUE,""
Boulengeromyrus knoepffleri,Boulengeromyrus knoepffleri,Animalia,Chordata,Actinopterygii,,Mormyridae,freshwater,fish,ComteOlden,animal,TRUE,""
Bovichtus variegatus,Bovichtus variegatus,Animalia,Chordata,Actinopterygii,,Bovichtidae,marine,fish,ComteOlden,animal,TRUE,""
Boyeria vinosa,Boyeria vinosa,Metazoa,Arthropoda,Insecta,Odonata,Aeshnidae,freshwater,invertebrate,ThermoFresh,animal,TRUE,""
Brachycentrus americanus,Brachycentrus americanus,Metazoa,Arthropoda,Insecta,Trichoptera,Brachycentridae,freshwater,invertebrate,ThermoFresh,animal,TRUE,""
Brachycentrus lateralis,Brachycentrus lateralis,Metazoa,Arthropoda,Insecta,Trichoptera,Brachycentridae,freshwater,invertebrate,ThermoFresh,animal,TRUE,""
Brachycentrus occidentalis,Brachycentrus occidentalis,Metazoa,Arthropoda,Insecta,Trichoptera,Brachycentridae,freshwater,invertebrate,ThermoFresh,animal,TRUE,""
Brachygobius doriae,Brachygobius doriae,Animalia,Chordata,Actinopterygii,,Gobiidae,freshwater,fish,ComteOlden,animal,TRUE,""
Brachygobius kabiliensis,Brachygobius kabiliensis,Animalia,Chordata,Actinopterygii,,Gobiidae,freshwater,fish,ComteOlden,animal,TRUE,""
Brachygobius xanthomelas,Brachygobius xanthomelas,Animalia,Chordata,Actinopterygii,,Gobiidae,freshwater,fish,ComteOlden,animal,TRUE,""
Brachythecium rutabulum,Brachythecium rutabulum,,Streptophyta,Bryopsida,Hypnales,Brachytheciaceae,"",,GlobTherm,non_animal,FALSE,Taxon is not an animal
Branchipodopsis tridens,Branchipodopsis tridens,Metazoa,Arthropoda,Branchiopoda,Anostraca,Branchipodidae,freshwater,invertebrate,ThermoFresh,animal,TRUE,""
Branchipus schaefferi,Branchipus schaefferi,Metazoa,Arthropoda,Branchiopoda,Anostraca,Branchipodidae,freshwater,invertebrate,ThermoFresh,animal,TRUE,""
Brevimyrus niger,Brevimyrus niger,Animalia,Chordata,Actinopterygii,,Mormyridae,freshwater,fish,ComteOlden,animal,TRUE,""
Brienomyrus brachyistius,Brienomyrus brachyistius,Animalia,Chordata,Actinopterygii,,Mormyridae,freshwater,fish,ComteOlden,animal,TRUE,""
Brodoa intestiniformis,Brodoa intestiniformis,,Ascomycota,Lecanoromycetes,Lecanorineae,Parmeliaceae,"",,GlobTherm,non_animal,FALSE,Taxon is not an animal
Bromus rubens,Bromus rubens,,Streptophyta,Spermatophyta,Poales,Poaceae,"",,GlobTherm,non_animal,FALSE,Taxon is not an animal
Bromus tectorum,Bromus tectorum,,Streptophyta,Spermatophyta,Poales,Poaceae,"",,GlobTherm,non_animal,FALSE,Taxon is not an animal
Brycinus affinis,Brycinus affinis,Animalia,Chordata,Actinopterygii,,Alestidae,freshwater,fish,ComteOlden,animal,TRUE,""
Brycinus carolinae,Brycinus carolinae,Animalia,Chordata,Actinopterygii,,Alestidae,freshwater,fish,ComteOlden,animal,TRUE,""
Brycinus imberi,Brycinus imberi,Animalia,Chordata,Actinopterygii,,Alestidae,freshwater,fish,ComteOlden,animal,TRUE,""
Brycinus kingsleyae,Brycinus kingsleyae,Animalia,Chordata,Actinopterygii,,Alestidae,freshwater,fish,ComteOlden,animal,TRUE,""
Brycinus lateralis,Brycinus lateralis,Animalia,Chordata,Actinopterygii,,Alestidae,freshwater,fish,ComteOlden,animal,TRUE,""
Brycinus longipinnis,Brycinus longipinnis,Animalia,Chordata,Actinopterygii,,Alestidae,freshwater,fish,ComteOlden,animal,TRUE,""
Brycinus macrolepidotus,Brycinus macrolepidotus,Animalia,Chordata,Actinopterygii,,Alestidae,freshwater,fish,ComteOlden,animal,TRUE,""
Brycinus nurse,Brycinus nurse,Animalia,Chordata,Actinopterygii,,Alestidae,freshwater,fish,ComteOlden,animal,TRUE,""
Brycinus opisthotaenia,Brycinus opisthotaenia,Animalia,Chordata,Actinopterygii,,Alestidae,freshwater,fish,ComteOlden,animal,TRUE,""
Brycinus taeniurus,Brycinus taeniurus,Animalia,Chordata,Actinopterygii,,Alestidae,freshwater,fish,ComteOlden,animal,TRUE,""
Brycon amazonicus,Brycon amazonicus,Metazoa,Chordata,Actinopteri,Characiformes,Bryconidae,freshwater,fish,ThermoFresh,animal,TRUE,""
Bryconaethiops macrops,Bryconaethiops macrops,Animalia,Chordata,Actinopterygii,,Alestidae,freshwater,fish,ComteOlden,animal,TRUE,""
Bryconaethiops microstoma,Bryconaethiops microstoma,Animalia,Chordata,Actinopterygii,,Alestidae,freshwater,fish,ComteOlden,animal,TRUE,""
Buellia epipolia,Buellia epipolia,,Ascomycota,Lecanoromycetes,Caliciales,Caliciaceae,"",,GlobTherm,non_animal,FALSE,Taxon is not an animal
Bufo alvarius,Bufo alvarius,,Chordata,Amphibia,Anura,Bufonidae,"",,GlobTherm,animal,TRUE,""
Bufo boreas,Bufo boreas,,Chordata,Amphibia,Anura,Bufonidae,"",,GlobTherm,animal,TRUE,""
Bufo canaliferus,Bufo canaliferus,,Chordata,Amphibia,Anura,Bufonidae,"",,GlobTherm,animal,TRUE,""
Bufo canorus,Bufo canorus,,Chordata,Amphibia,Anura,Bufonidae,"",,GlobTherm,animal,TRUE,""
Bufo cognatus,Bufo cognatus,,Chordata,Amphibia,Anura,Bufonidae,"",,GlobTherm,animal,TRUE,""
Bufo debilis,Bufo debilis,,Chordata,Amphibia,Anura,Bufonidae,"",,GlobTherm,animal,TRUE,""
Bufo exsul,Bufo exsul,,Chordata,Amphibia,Anura,Bufonidae,"",,GlobTherm,animal,TRUE,""
Bufo haemititicus,Bufo haemititicus,,Chordata,Amphibia,Anura,Bufonidae,"",,GlobTherm,animal,TRUE,""
Bufo luetkenii,Bufo luetkenii,,Chordata,Amphibia,Anura,Bufonidae,"",,GlobTherm,animal,TRUE,""
Bufo marinus,Bufo marinus,,Chordata,Amphibia,Anura,Bufonidae,"",,GlobTherm,animal,TRUE,""
Bufo marmoreus,Bufo marmoreus,,Chordata,Amphibia,Anura,Bufonidae,"",,GlobTherm,animal,TRUE,""
Bufo mazatlanensis,Bufo mazatlanensis,,Chordata,Amphibia,Anura,Bufonidae,"",,GlobTherm,animal,TRUE,""
Bufo nelsoni,Bufo nelsoni,,Chordata,Amphibia,Anura,Bufonidae,"",,GlobTherm,animal,TRUE,""
Bufo woodhousiifowleri,Bufo woodhousii_fowleri,,Chordata,Amphibia,Anura,Bufonidae,"",,GlobTherm,animal,TRUE,""
Bugula californica,Bugula californica,,Bryozoa,Gymnolaemata,Cheilostomatida,Bugulidae,"",,GlobTherm,animal,TRUE,""
Bujurquina vittata,Bujurquina vittata,Metazoa,Chordata,Actinopteri,Acanthomorphata,Cichlidae,freshwater,fish,ComteOlden;ThermoFresh,animal,TRUE,""
Bullia rhodostoma,Bullia rhodostoma,,Mollusca,Gastropoda,Neogastropoda,Nassariidae,"",,GlobTherm,animal,TRUE,""
Bursaria spinosa,Bursaria spinosa,,Streptophyta,Spermatophyta,Apiales,Pittosporaceae,"",,GlobTherm,non_animal,FALSE,Taxon is not an animal
Butis amboinensis,Butis amboinensis,Animalia,Chordata,Actinopterygii,,Eleotridae,freshwater,fish,ComteOlden,animal,TRUE,""
Butis butis,Butis butis,Animalia,Chordata,Actinopterygii,,Eleotridae,freshwater,fish,ComteOlden,animal,TRUE,""
Cabdio morar,Cabdio morar,Animalia,Chordata,Actinopterygii,,Cyprinidae,freshwater,fish,ComteOlden,animal,TRUE,""
Caenis latipennis,Caenis latipennis,Metazoa,Arthropoda,Insecta,Ephemeroptera,Caenidae,freshwater,invertebrate,ThermoFresh,animal,TRUE,""
Caenis luctuosa,Caenis luctuosa,Metazoa,Arthropoda,Insecta,Ephemeroptera,Caenidae,freshwater,invertebrate,ThermoFresh,animal,TRUE,""
Calamus brachysomus,Calamus brachysomus,Animalia,Chordata,Actinopterygii,,Sparidae,marine,fish,ComteOlden,animal,TRUE,""
Calamus nodosus,Calamus nodosus,Animalia,Chordata,Actinopterygii,,Sparidae,marine,fish,ComteOlden,animal,TRUE,""
Calamus penna,Calamus penna,Animalia,Chordata,Actinopterygii,,Sparidae,marine,fish,ComteOlden,animal,TRUE,""
Calathus melanocephalus,Calathus melanocephalus,,Arthropoda,Insecta,Coleoptera,Carabidae,"",,GlobTherm,animal,TRUE,""
Callichthys callichthys,Callichthys callichthys,Metazoa,Chordata,Actinopteri,Siluriformes,Callichthyidae,freshwater,fish,ComteOlden;ThermoFresh,animal,TRUE,""
Callicoma serratifolia,Callicoma serratifolia,,Streptophyta,Spermatophyta,Oxalidales,Cunoniaceae,"",,GlobTherm,non_animal,FALSE,Taxon is not an animal
Callinectes danae,Callinectes danae,Metazoa,Arthropoda,Malacostraca,Decapoda,Portunidae,mixed,invertebrate,ThermoFresh,animal,TRUE,""
Callistemon viridiflorus,Callistemon viridiflorus,,Streptophyta,Spermatophyta,Myrtales,Myrtaceae,"",,GlobTherm,non_animal,FALSE,Taxon is not an animal
Callitris endlicheri,Callitris endlicheri,,Streptophyta,Spermatophyta,Cupressales,Cupressaceae,"",,GlobTherm,non_animal,FALSE,Taxon is not an animal
Callochromis macrops,Callochromis macrops,Animalia,Chordata,Actinopterygii,,Cichlidae,freshwater,fish,ComteOlden,animal,TRUE,""
Callochromis melanostigma,Callochromis melanostigma,Animalia,Chordata,Actinopterygii,,Cichlidae,freshwater,fish,ComteOlden,animal,TRUE,""
Callochromis pleurospilus,Callochromis pleurospilus,Animalia,Chordata,Actinopterygii,,Cichlidae,freshwater,fish,ComteOlden,animal,TRUE,""
Callopanchax monroviae,Callopanchax monroviae,Animalia,Chordata,Actinopterygii,,Nothobranchiidae,freshwater,fish,ComteOlden,animal,TRUE,""
Callopanchax occidentalis,Callopanchax occidentalis,Animalia,Chordata,Actinopterygii,,Nothobranchiidae,freshwater,fish,ComteOlden,animal,TRUE,""
Callopanchax toddi,Callopanchax toddi,Animalia,Chordata,Actinopterygii,,Nothobranchiidae,freshwater,fish,ComteOlden,animal,TRUE,""
Caloplaca aurantia,Caloplaca aurantia,,Ascomycota,Lecanoromycetes,Teloschistales,Teloschistaceae,"",,GlobTherm,non_animal,FALSE,Taxon is not an animal
Caloplaca ferrugineaa,Caloplaca ferruginea<a0>,,Ascomycota,Lecanoromycetes,Teloschistales,Teloschistaceae,"",,GlobTherm,non_animal,FALSE,Taxon is not an animal
Calopteryx virgo,Calopteryx virgo,Metazoa,Arthropoda,Insecta,Odonata,Calopterygidae,freshwater,invertebrate,ThermoFresh,animal,TRUE,""
Calotomus carolinus,Calotomus carolinus,Animalia,Chordata,Actinopterygii,,Labridae,marine,fish,ComteOlden,animal,TRUE,""
Calotomus spinidens,Calotomus spinidens,Animalia,Chordata,Actinopterygii,,Labridae,marine,fish,ComteOlden,animal,TRUE,""
Calyptotis temporalis,Calyptotis temporalis,,Chordata,Lepidosauria,Squamata,Scincidae,"",,GlobTherm,animal,TRUE,""
Camponotus americanus,Camponotus americanus,,Arthropoda,Insecta,Hymenoptera,Formicidae,"",,GlobTherm,animal,TRUE,""
Camponotus castaneus,Camponotus castaneus,,Arthropoda,Insecta,Hymenoptera,Formicidae,"",,GlobTherm,animal,TRUE,""
Camponotus chromaiodes,Camponotus chromaiodes,,Arthropoda,Insecta,Hymenoptera,Formicidae,"",,GlobTherm,animal,TRUE,""
Camponotus cruentatus,Camponotus cruentatus,,Arthropoda,Insecta,Hymenoptera,Formicidae,"",,GlobTherm,animal,TRUE,""
Camponotus detritus,Camponotus detritus,,Arthropoda,Insecta,Hymenoptera,Formicidae,"",,GlobTherm,animal,TRUE,""
Camponotus foreli,Camponotus foreli,,Arthropoda,Insecta,Hymenoptera,Formicidae,"",,GlobTherm,animal,TRUE,""
Camponotus herculeanus,Camponotus herculeanus,,Arthropoda,Insecta,Hymenoptera,Formicidae,"",,GlobTherm,animal,TRUE,""
Camponotus novaeboracensis,Camponotus novaeboracensis,,Arthropoda,Insecta,Hymenoptera,Formicidae,"",,GlobTherm,animal,TRUE,""
Camponotus pennsylvanicus,Camponotus pennsylvanicus,,Arthropoda,Insecta,Hymenoptera,Formicidae,"",,GlobTherm,animal,TRUE,""
Camponotus sylvaticus,Camponotus sylvaticus,,Arthropoda,Insecta,Hymenoptera,Formicidae,"",,GlobTherm,animal,TRUE,""
Campostoma anomalum,Campostoma anomalum,Metazoa,Chordata,Actinopteri,Cypriniformes,Cyprinidae,freshwater,fish,ComteOlden;GlobTherm;ThermoFresh,animal,TRUE,""
Campostoma oligolepis,Campostoma oligolepis,Animalia,Chordata,Actinopterygii,,Cyprinidae,freshwater,fish,ComteOlden,animal,TRUE,""
Campostoma pauciradii,Campostoma pauciradii,Animalia,Chordata,Actinopterygii,,Cyprinidae,freshwater,fish,ComteOlden,animal,TRUE,""
Campylomormyrus curvirostris,Campylomormyrus curvirostris,Animalia,Chordata,Actinopterygii,,Mormyridae,freshwater,fish,ComteOlden,animal,TRUE,""
Campylomormyrus elephas,Campylomormyrus elephas,Animalia,Chordata,Actinopterygii,,Mormyridae,freshwater,fish,ComteOlden,animal,TRUE,""
Campylomormyrus numenius,Campylomormyrus numenius,Animalia,Chordata,Actinopterygii,,Mormyridae,freshwater,fish,ComteOlden,animal,TRUE,""
Campylomormyrus rhynchophorus,Campylomormyrus rhynchophorus,Animalia,Chordata,Actinopterygii,,Mormyridae,freshwater,fish,ComteOlden,animal,TRUE,""
Campylomormyrus tamandua,Campylomormyrus tamandua,Animalia,Chordata,Actinopterygii,,Mormyridae,freshwater,fish,ComteOlden,animal,TRUE,""
Campylomormyrus tshokwe,Campylomormyrus tshokwe,Animalia,Chordata,Actinopterygii,,Mormyridae,freshwater,fish,ComteOlden,animal,TRUE,""
Canonopsis sericeus,Canonopsis sericeus,,Arthropoda,Insecta,Coleoptera,Curculionidae,"",,GlobTherm,animal,TRUE,""
Canthigaster amboinensis,Canthigaster amboinensis,Animalia,Chordata,Actinopterygii,,Tetraodontidae,marine,fish,ComteOlden,animal,TRUE,""
Canthigaster bennetti,Canthigaster bennetti,Animalia,Chordata,Actinopterygii,,Tetraodontidae,marine,fish,ComteOlden,animal,TRUE,""
Canthigaster jactator,Canthigaster jactator,Animalia,Chordata,Actinopterygii,,Tetraodontidae,marine,fish,ComteOlden,animal,TRUE,""
Canthigaster janthinoptera,Canthigaster janthinoptera,Animalia,Chordata,Actinopterygii,,Tetraodontidae,marine,fish,ComteOlden,animal,TRUE,""
Canthigaster rostrata,Canthigaster rostrata,Animalia,Chordata,Actinopterygii,,Tetraodontidae,marine,fish,ComteOlden,animal,TRUE,""
Canthigaster solandri,Canthigaster solandri,Animalia,Chordata,Actinopterygii,,Tetraodontidae,marine,fish,ComteOlden,animal,TRUE,""
Canthigaster valentini,Canthigaster valentini,Animalia,Chordata,Actinopterygii,,Tetraodontidae,marine,fish,ComteOlden,animal,TRUE,""
Canthophrys gongota,Canthophrys gongota,Animalia,Chordata,Actinopterygii,,Cobitidae,freshwater,fish,ComteOlden,animal,TRUE,""
Cantua buxifolia,Cantua buxifolia,,Streptophyta,Spermatophyta,Ericales,Polemoniaceae,"",,GlobTherm,non_animal,FALSE,Taxon is not an animal
Capoeta angorae,Capoeta angorae,Animalia,Chordata,Actinopterygii,,Cyprinidae,freshwater,fish,ComteOlden,animal,TRUE,""
Capoeta antalyensis,Capoeta antalyensis,Animalia,Chordata,Actinopterygii,,Cyprinidae,freshwater,fish,ComteOlden,animal,TRUE,""
Capoeta baliki,Capoeta baliki,Animalia,Chordata,Actinopterygii,,Cyprinidae,freshwater,fish,ComteOlden,animal,TRUE,""
Capoeta banarescui,Capoeta banarescui,Animalia,Chordata,Actinopterygii,,Cyprinidae,freshwater,fish,ComteOlden,animal,TRUE,""
Capoeta barroisi,Capoeta barroisi,Animalia,Chordata,Actinopterygii,,Cyprinidae,freshwater,fish,ComteOlden,animal,TRUE,""
Capoeta capoeta,Capoeta capoeta capoeta,Animalia,Chordata,Actinopterygii,,Cyprinidae,freshwater,fish,ComteOlden,animal,TRUE,""
Capoeta damascina,Capoeta damascina,Animalia,Chordata,Actinopterygii,,Cyprinidae,freshwater,fish,ComteOlden,animal,TRUE,""
Capoeta ekmekciae,Capoeta ekmekciae,Animalia,Chordata,Actinopterygii,,Cyprinidae,freshwater,fish,ComteOlden,animal,TRUE,""
Capoeta pestai,Capoeta pestai,Animalia,Chordata,Actinopterygii,,Cyprinidae,freshwater,fish,ComteOlden,animal,TRUE,""
Capoeta tinca,Capoeta tinca,Animalia,Chordata,Actinopterygii,,Cyprinidae,freshwater,fish,ComteOlden,animal,TRUE,""
Capoeta trutta,Capoeta trutta,Animalia,Chordata,Actinopterygii,,Cyprinidae,freshwater,fish,ComteOlden,animal,TRUE,""
Carasobarbus canis,Carasobarbus canis,Animalia,Chordata,Actinopterygii,,Cyprinidae,freshwater,fish,ComteOlden,animal,TRUE,""
Carasobarbus chantrei,Carasobarbus chantrei,Animalia,Chordata,Actinopterygii,,Cyprinidae,freshwater,fish,ComteOlden,animal,TRUE,""
Carasobarbus kosswigi,Carasobarbus kosswigi,Animalia,Chordata,Actinopterygii,,Cyprinidae,freshwater,fish,ComteOlden,animal,TRUE,""
Carasobarbus luteus,Carasobarbus luteus,Animalia,Chordata,Actinopterygii,,Cyprinidae,freshwater,fish,ComteOlden,animal,TRUE,""
Carassius auratus,Carassius auratus,Metazoa,Chordata,Actinopteri,Cypriniformes,Cyprinidae,freshwater;mixed,fish,ComteOlden;ThermoFresh,animal,TRUE,""
Carassius carassius,Carassius carassius,Metazoa,Chordata,Actinopteri,Cypriniformes,Cyprinidae,freshwater;mixed,fish,ComteOlden;ThermoFresh,animal,TRUE,""
Carassius gibelio,Carassius gibelio,Metazoa,Chordata,Actinopteri,Cypriniformes,Cyprinidae,mixed,fish,ThermoFresh,animal,TRUE,""
Carcinus maenas,Carcinus maenas,Metazoa,Arthropoda,Malacostraca,Decapoda,Carcinidae,mixed,invertebrate,GlobTherm;ThermoFresh,animal,TRUE,""
Cardiopharynx schoutedeni,Cardiopharynx schoutedeni,Animalia,Chordata,Actinopterygii,,Cichlidae,freshwater,fish,ComteOlden,animal,TRUE,""
Carlia foliorum,Carlia foliorum,,Chordata,Lepidosauria,Squamata,Scincidae,"",,GlobTherm,animal,TRUE,""
Carlia longipes,Carlia longipes,,Chordata,Lepidosauria,Squamata,Scincidae,"",,GlobTherm,animal,TRUE,""
Carlia munda,Carlia munda,,Chordata,Lepidosauria,Squamata,Scincidae,"",,GlobTherm,animal,TRUE,""
Carlia pectoralis,Carlia pectoralis,,Chordata,Lepidosauria,Squamata,Scincidae,"",,GlobTherm,animal,TRUE,""
Carlia rhomboidalis,Carlia rhomboidalis,,Chordata,Lepidosauria,Squamata,Scincidae,"",,GlobTherm,animal,TRUE,""
Carlia schmeltzi,Carlia schmeltzi,,Chordata,Lepidosauria,Squamata,Scincidae,"",,GlobTherm,animal,TRUE,""
Carlia vivax,Carlia vivax,,Chordata,Lepidosauria,Squamata,Scincidae,"",,GlobTherm,animal,TRUE,""
Carnegiella strigata,Carnegiella strigata,Metazoa,Chordata,Actinopteri,Characiformes,Gasteropelecidae,freshwater,fish,ThermoFresh,animal,TRUE,""
Carpiodes carpio,Carpiodes carpio,Animalia,Chordata,Actinopterygii,Cypriniformes,Catostomidae,freshwater,fish,ComteOlden;ThermoFresh,animal,TRUE,""
Carpiodes cyprinus,Carpiodes cyprinus,Metazoa,Chordata,Actinopteri,Cypriniformes,Catostomidae,freshwater,fish,GlobTherm;ThermoFresh,animal,TRUE,""
Carpiodes velifer,Carpiodes velifer,Animalia,Chordata,Actinopterygii,,Catostomidae,freshwater,fish,ComteOlden,animal,TRUE,""
Caspiosoma caspium,Caspiosoma caspium,Animalia,Chordata,Actinopterygii,,Gobiidae,freshwater,fish,ComteOlden,animal,TRUE,""
Castanea dentata,Castanea dentata,,Streptophyta,Spermatophyta,Fagales,Fagaceae,"",,GlobTherm,non_animal,FALSE,Taxon is not an animal
Castanophlebia calida,Castanophlebia calida,Metazoa,Arthropoda,Insecta,Ephemeroptera,Leptophlebiidae,freshwater,invertebrate,ThermoFresh,animal,TRUE,""
Cataglyphis bicolor,Cataglyphis bicolor,,Arthropoda,Insecta,Hymenoptera,Formicidae,"",,GlobTherm,animal,TRUE,""
Cataglyphis bombycina,Cataglyphis bombycina,,Arthropoda,Insecta,Hymenoptera,Formicidae,"",,GlobTherm,animal,TRUE,""
Cataglyphis cursor,Cataglyphis cursor,,Arthropoda,Insecta,Hymenoptera,Formicidae,"",,GlobTherm,animal,TRUE,""
Cataulacus horridus,Cataulacus horridus,,Arthropoda,Insecta,Hymenoptera,Formicidae,"",,GlobTherm,animal,TRUE,""
Catla catla,Catla catla,Animalia,Chordata,Actinopterygii,,Cyprinidae,freshwater,fish,ComteOlden,animal,TRUE,""
Catlocarpio siamensis,Catlocarpio siamensis,Animalia,Chordata,Actinopterygii,,Cyprinidae,freshwater,fish,ComteOlden,animal,TRUE,""
Catostomus catostomus,Catostomus catostomus,Animalia,Chordata,Actinopterygii,,Catostomidae,freshwater,fish,ComteOlden,animal,TRUE,""
Catostomus clarkii,Catostomus clarkii,Metazoa,Chordata,Actinopteri,Cypriniformes,Catostomidae,freshwater,fish,GlobTherm;ThermoFresh,animal,TRUE,""
Catostomus columbianus,Catostomus columbianus,Animalia,Chordata,Actinopterygii,,Catostomidae,freshwater,fish,ComteOlden,animal,TRUE,""
Catostomus commersoni,Catostomus commersoni,,Chordata,Actinopteri,Cypriniformes,Catostomidae,"",,GlobTherm,animal,TRUE,""
Catostomus commersonii,Catostomus commersonii,Metazoa,Chordata,Actinopteri,Cypriniformes,Catostomidae,freshwater;mixed,fish,ComteOlden;ThermoFresh,animal,TRUE,""
Catostomus discobolus,Catostomus discobolus,Metazoa,Chordata,Actinopteri,Cypriniformes,Catostomidae,freshwater,fish,ThermoFresh,animal,TRUE,""
Catostomus latipinnis,Catostomus latipinnis,Metazoa,Chordata,Actinopteri,Cypriniformes,Catostomidae,freshwater,fish,ThermoFresh,animal,TRUE,""
Catostomus macrocheilus,Catostomus macrocheilus,Animalia,Chordata,Actinopterygii,,Catostomidae,freshwater,fish,ComteOlden,animal,TRUE,""
Catostomus microps,Catostomus microps,Animalia,Chordata,Actinopterygii,,Catostomidae,freshwater,fish,ComteOlden,animal,TRUE,""
Catostomus occidentalis,Catostomus occidentalis,Animalia,Chordata,Actinopterygii,,Catostomidae,freshwater,fish,ComteOlden,animal,TRUE,""
Catostomus platyrhynchus,Catostomus platyrhynchus,Metazoa,Chordata,Actinopteri,Cypriniformes,Catostomidae,freshwater,fish,ThermoFresh,animal,TRUE,""
Catostomus plebeius,Catostomus plebeius,Animalia,Chordata,Actinopterygii,,Catostomidae,freshwater,fish,ComteOlden,animal,TRUE,""
Catostomus rimiculus,Catostomus rimiculus,Animalia,Chordata,Actinopterygii,,Catostomidae,freshwater,fish,ComteOlden,animal,TRUE,""
Catostomus snyderi,Catostomus snyderi,Animalia,Chordata,Actinopterygii,Cypriniformes,Catostomidae,freshwater,fish,ComteOlden;GlobTherm,animal,TRUE,""
Catostomus tahoensis,Catostomus tahoensis,Animalia,Chordata,Actinopterygii,,Catostomidae,freshwater,fish,ComteOlden,animal,TRUE,""
Ceanothus cuneatus,Ceanothus cuneatus,,Streptophyta,Spermatophyta,Rosales,Rhamnaceae,"",,GlobTherm,non_animal,FALSE,Taxon is not an animal
Ceanothus oliganthus,Ceanothus oliganthus,,Streptophyta,Spermatophyta,Rosales,Rhamnaceae,"",,GlobTherm,non_animal,FALSE,Taxon is not an animal
Cedrus atlantica,Cedrus atlantica,,Streptophyta,Spermatophyta,Pinales,Pinaceae,"",,GlobTherm,non_animal,FALSE,Taxon is not an animal
Celatoblatta quinquemaculata,Celatoblatta quinquemaculata,,Arthropoda,Insecta,Blattodea,Blattidae,"",,GlobTherm,animal,TRUE,""
Celmisia argentea,Celmisia argentea,,Streptophyta,Spermatophyta,Asterales,Asteraceae,"",,GlobTherm,non_animal,FALSE,Taxon is not an animal
Celmisia brevifolia,Celmisia brevifolia,,Streptophyta,Spermatophyta,Asterales,Asteraceae,"",,GlobTherm,non_animal,FALSE,Taxon is not an animal
Celmisia haastii,Celmisia haastii,,Streptophyta,Spermatophyta,Asterales,Asteraceae,"",,GlobTherm,non_animal,FALSE,Taxon is not an animal
Celmisia prorepens,Celmisia prorepens,,Streptophyta,Spermatophyta,Asterales,Asteraceae,"",,GlobTherm,non_animal,FALSE,Taxon is not an animal
Celmisia viscosa,Celmisia viscosa,,Streptophyta,Spermatophyta,Asterales,Asteraceae,"",,GlobTherm,non_animal,FALSE,Taxon is not an animal
Centrarchus macropterus,Centrarchus macropterus,Animalia,Chordata,Actinopterygii,,Centrarchidae,freshwater,fish,ComteOlden,animal,TRUE,""
Centrolabrus caeruleus,Centrolabrus caeruleus,Animalia,Chordata,Actinopterygii,,Labridae,marine,fish,ComteOlden,animal,TRUE,""
Centrolabrus exoletus,Centrolabrus exoletus,Animalia,Chordata,Actinopterygii,,Labridae,marine,fish,ComteOlden,animal,TRUE,""
Centrolabrus trutta,Centrolabrus trutta,Animalia,Chordata,Actinopterygii,,Labridae,marine,fish,ComteOlden,animal,TRUE,""
Centropristis striata,Centropristis striata,Animalia,Chordata,Actinopterygii,,Serranidae,marine,fish,ComteOlden,animal,TRUE,""
Centropyge aurantia,Centropyge aurantia,Animalia,Chordata,Actinopterygii,,Pomacanthidae,marine,fish,ComteOlden,animal,TRUE,""
Centropyge aurantonotus,Centropyge aurantonotus,Animalia,Chordata,Actinopterygii,,Pomacanthidae,marine,fish,ComteOlden,animal,TRUE,""
Centropyge eibli,Centropyge eibli,Animalia,Chordata,Actinopterygii,,Pomacanthidae,marine,fish,ComteOlden,animal,TRUE,""
Centropyge ferrugata,Centropyge ferrugata,Animalia,Chordata,Actinopterygii,,Pomacanthidae,marine,fish,ComteOlden,animal,TRUE,""
Centropyge fisheri,Centropyge fisheri,Animalia,Chordata,Actinopterygii,,Pomacanthidae,marine,fish,ComteOlden,animal,TRUE,""
Centropyge flavissima,Centropyge flavissima,Animalia,Chordata,Actinopterygii,,Pomacanthidae,marine,fish,ComteOlden,animal,TRUE,""
Centropyge loriculus,Centropyge loriculus,Animalia,Chordata,Actinopterygii,,Pomacanthidae,marine,fish,ComteOlden,animal,TRUE,""
Centropyge multispinis,Centropyge multispinis,Animalia,Chordata,Actinopterygii,,Pomacanthidae,marine,fish,ComteOlden,animal,TRUE,""
Centropyge nox,Centropyge nox,Animalia,Chordata,Actinopterygii,,Pomacanthidae,marine,fish,ComteOlden,animal,TRUE,""
Centropyge potteri,Centropyge potteri,Animalia,Chordata,Actinopterygii,,Pomacanthidae,marine,fish,ComteOlden,animal,TRUE,""
Centropyge venusta,Centropyge venusta,Animalia,Chordata,Actinopterygii,,Pomacanthidae,marine,fish,ComteOlden,animal,TRUE,""
Centropyge vrolikii,Centropyge vrolikii,Animalia,Chordata,Actinopterygii,,Pomacanthidae,marine,fish,ComteOlden,animal,TRUE,""
Ceramium rubrum,Ceramium rubrum,,Rhodophyta,Florideophyceae,Ceramiales,Ceramiaceae,"",,GlobTherm,non_animal,FALSE,Taxon is not an animal
Cerastoderma edule,Cerastoderma edule,,Mollusca,Bivalvia,Veneroida,Cardiidae,"",,GlobTherm,animal,TRUE,""
Ceratopsyche centra,Ceratopsyche centra,Metazoa,Arthropoda,Insecta,Trichoptera,Hydropsychidae,freshwater,invertebrate,ThermoFresh,animal,TRUE,""
Ceratopsyche morosa,Ceratopsyche morosa,Metazoa,Arthropoda,Insecta,Trichoptera,Hydropsychidae,freshwater,invertebrate,ThermoFresh,animal,TRUE,""
Ceratopsyche oslari,Ceratopsyche oslari,Metazoa,Arthropoda,Insecta,Trichoptera,Hydropsychidae,freshwater,invertebrate,ThermoFresh,animal,TRUE,""
Ceratopsyche slossonae,Ceratopsyche slossonae,Metazoa,Arthropoda,Insecta,Trichoptera,Hydropsychidae,freshwater,invertebrate,ThermoFresh,animal,TRUE,""
Cercocarpus betuloides,Cercocarpus betuloides,,Streptophyta,Spermatophyta,Rosales,Rosaceae,"",,GlobTherm,non_animal,FALSE,Taxon is not an animal
Cerithidea cingulata,Cerithidea cingulata,Metazoa,Mollusca,Gastropoda,,Potamididae,mixed,invertebrate,ThermoFresh,animal,TRUE,""
Cetoscarus bicolor,Cetoscarus bicolor,Animalia,Chordata,Actinopterygii,,Labridae,marine,fish,ComteOlden,animal,TRUE,""
Cetraria aculeata,Cetraria aculeata,,Ascomycota,Lecanoromycetes,Lecanorineae,Parmeliaceae,"",,GlobTherm,non_animal,FALSE,Taxon is not an animal
Chaenobryttus gulosus,Chaenobryttus gulosus,Metazoa,Chordata,Actinopteri,Acanthomorphata,Centrarchidae,freshwater,fish,ThermoFresh,animal,TRUE,""
Chaenocephalus aceratus,Chaenocephalus aceratus,Animalia,Chordata,Actinopterygii,,Channichthyidae,marine,fish,ComteOlden,animal,TRUE,""
Chaetodon adiergastos,Chaetodon adiergastos,Animalia,Chordata,Actinopterygii,,Chaetodontidae,marine,fish,ComteOlden,animal,TRUE,""
Chaetodon auriga,Chaetodon auriga,Animalia,Chordata,Actinopterygii,,Chaetodontidae,marine,fish,ComteOlden,animal,TRUE,""
Chaetodon auripes,Chaetodon auripes,Animalia,Chordata,Actinopterygii,,Chaetodontidae,marine,fish,ComteOlden,animal,TRUE,""
Chaetodon austriacus,Chaetodon austriacus,Animalia,Chordata,Actinopterygii,,Chaetodontidae,marine,fish,ComteOlden,animal,TRUE,""
Chaetodon baronessa,Chaetodon baronessa,Animalia,Chordata,Actinopterygii,,Chaetodontidae,marine,fish,ComteOlden,animal,TRUE,""
Chaetodon bennetti,Chaetodon bennetti,Animalia,Chordata,Actinopterygii,,Chaetodontidae,marine,fish,ComteOlden,animal,TRUE,""
Chaetodon capistratus,Chaetodon capistratus,Animalia,Chordata,Actinopterygii,,Chaetodontidae,marine,fish,ComteOlden,animal,TRUE,""
Chaetodon citrinellus,Chaetodon citrinellus,Animalia,Chordata,Actinopterygii,,Chaetodontidae,marine,fish,ComteOlden,animal,TRUE,""
Chaetodon collare,Chaetodon collare,Animalia,Chordata,Actinopterygii,,Chaetodontidae,marine,fish,ComteOlden,animal,TRUE,""
Chaetodon decussatus,Chaetodon decussatus,Animalia,Chordata,Actinopterygii,,Chaetodontidae,marine,fish,ComteOlden,animal,TRUE,""
Chaetodon dolosus,Chaetodon dolosus,Animalia,Chordata,Actinopterygii,,Chaetodontidae,marine,fish,ComteOlden,animal,TRUE,""
Chaetodon ephippium,Chaetodon ephippium,Animalia,Chordata,Actinopterygii,,Chaetodontidae,marine,fish,ComteOlden,animal,TRUE,""
Chaetodon falcula,Chaetodon falcula,Animalia,Chordata,Actinopterygii,,Chaetodontidae,marine,fish,ComteOlden,animal,TRUE,""
Chaetodon fasciatus,Chaetodon fasciatus,Animalia,Chordata,Actinopterygii,,Chaetodontidae,marine,fish,ComteOlden,animal,TRUE,""
Chaetodon flavirostris,Chaetodon flavirostris,Animalia,Chordata,Actinopterygii,,Chaetodontidae,marine,fish,ComteOlden,animal,TRUE,""
Chaetodon fremblii,Chaetodon fremblii,Animalia,Chordata,Actinopterygii,,Chaetodontidae,marine,fish,ComteOlden,animal,TRUE,""
Chaetodon guentheri,Chaetodon guentheri,Animalia,Chordata,Actinopterygii,,Chaetodontidae,marine,fish,ComteOlden,animal,TRUE,""
Chaetodon guttatissimus,Chaetodon guttatissimus,Animalia,Chordata,Actinopterygii,,Chaetodontidae,marine,fish,ComteOlden,animal,TRUE,""
Chaetodon hoefleri,Chaetodon hoefleri,Animalia,Chordata,Actinopterygii,,Chaetodontidae,marine,fish,ComteOlden,animal,TRUE,""
Chaetodon humeralis,Chaetodon humeralis,Animalia,Chordata,Actinopterygii,,Chaetodontidae,marine,fish,ComteOlden,animal,TRUE,""
Chaetodon interruptus,Chaetodon interruptus,Animalia,Chordata,Actinopterygii,,Chaetodontidae,marine,fish,ComteOlden,animal,TRUE,""
Chaetodon lineolatus,Chaetodon lineolatus,Animalia,Chordata,Actinopterygii,,Chaetodontidae,marine,fish,ComteOlden,animal,TRUE,""
Chaetodon lunula,Chaetodon lunula,Animalia,Chordata,Actinopterygii,,Chaetodontidae,marine,fish,ComteOlden,animal,TRUE,""
Chaetodon madagaskariensis,Chaetodon madagaskariensis,Animalia,Chordata,Actinopterygii,,Chaetodontidae,marine,fish,ComteOlden,animal,TRUE,""
Chaetodon marleyi,Chaetodon marleyi,Metazoa,Chordata,Actinopteri,Acanthomorphata,Chaetodontidae,mixed,fish,ThermoFresh,animal,TRUE,""
Chaetodon melannotus,Chaetodon melannotus,Animalia,Chordata,Actinopterygii,,Chaetodontidae,marine,fish,ComteOlden,animal,TRUE,""
Chaetodon melapterus,Chaetodon melapterus,Animalia,Chordata,Actinopterygii,,Chaetodontidae,marine,fish,ComteOlden,animal,TRUE,""
Chaetodon mertensii,Chaetodon mertensii,Animalia,Chordata,Actinopterygii,,Chaetodontidae,marine,fish,ComteOlden,animal,TRUE,""
Chaetodon mesoleucos,Chaetodon mesoleucos,Animalia,Chordata,Actinopterygii,,Chaetodontidae,marine,fish,ComteOlden,animal,TRUE,""
Chaetodon meyeri,Chaetodon meyeri,Animalia,Chordata,Actinopterygii,,Chaetodontidae,marine,fish,ComteOlden,animal,TRUE,""
Chaetodon miliaris,Chaetodon miliaris,Animalia,Chordata,Actinopterygii,,Chaetodontidae,marine,fish,ComteOlden,animal,TRUE,""
Chaetodon multicinctus,Chaetodon multicinctus,Animalia,Chordata,Actinopterygii,,Chaetodontidae,marine,fish,ComteOlden,animal,TRUE,""
Chaetodon ocellatus,Chaetodon ocellatus,Animalia,Chordata,Actinopterygii,,Chaetodontidae,marine,fish,ComteOlden,animal,TRUE,""
Chaetodon ocellicaudus,Chaetodon ocellicaudus,Animalia,Chordata,Actinopterygii,,Chaetodontidae,marine,fish,ComteOlden,animal,TRUE,""
Chaetodon octofasciatus,Chaetodon octofasciatus,Animalia,Chordata,Actinopterygii,,Chaetodontidae,marine,fish,ComteOlden,animal,TRUE,""
Chaetodon ornatissimus,Chaetodon ornatissimus,Animalia,Chordata,Actinopterygii,,Chaetodontidae,marine,fish,ComteOlden,animal,TRUE,""
Chaetodon oxycephalus,Chaetodon oxycephalus,Animalia,Chordata,Actinopterygii,,Chaetodontidae,marine,fish,ComteOlden,animal,TRUE,""
Chaetodon paucifasciatus,Chaetodon paucifasciatus,Animalia,Chordata,Actinopterygii,,Chaetodontidae,marine,fish,ComteOlden,animal,TRUE,""
Chaetodon pelewensis,Chaetodon pelewensis,Animalia,Chordata,Actinopterygii,,Chaetodontidae,marine,fish,ComteOlden,animal,TRUE,""
Chaetodon plebeius,Chaetodon plebeius,Animalia,Chordata,Actinopterygii,,Chaetodontidae,marine,fish,ComteOlden,animal,TRUE,""
Chaetodon punctatofasciatus,Chaetodon punctatofasciatus,Animalia,Chordata,Actinopterygii,,Chaetodontidae,marine,fish,ComteOlden,animal,TRUE,""
Chaetodon quadrimaculatus,Chaetodon quadrimaculatus,Animalia,Chordata,Actinopterygii,,Chaetodontidae,marine,fish,ComteOlden,animal,TRUE,""
Chaetodon rafflesii,Chaetodon rafflesii,Animalia,Chordata,Actinopterygii,,Chaetodontidae,marine,fish,ComteOlden,animal,TRUE,""
Chaetodon robustus,Chaetodon robustus,Animalia,Chordata,Actinopterygii,,Chaetodontidae,marine,fish,ComteOlden,animal,TRUE,""
Chaetodon sanctaehelenae,Chaetodon sanctaehelenae,Animalia,Chordata,Actinopterygii,,Chaetodontidae,marine,fish,ComteOlden,animal,TRUE,""
Chaetodon sedentarius,Chaetodon sedentarius,Animalia,Chordata,Actinopterygii,,Chaetodontidae,marine,fish,ComteOlden,animal,TRUE,""
Chaetodon selene,Chaetodon selene,Animalia,Chordata,Actinopterygii,,Chaetodontidae,marine,fish,ComteOlden,animal,TRUE,""
Chaetodon semeion,Chaetodon semeion,Animalia,Chordata,Actinopterygii,,Chaetodontidae,marine,fish,ComteOlden,animal,TRUE,""
Chaetodon semilarvatus,Chaetodon semilarvatus,Animalia,Chordata,Actinopterygii,,Chaetodontidae,marine,fish,ComteOlden,animal,TRUE,""
Chaetodon speculum,Chaetodon speculum,Animalia,Chordata,Actinopterygii,,Chaetodontidae,marine,fish,ComteOlden,animal,TRUE,""
Chaetodon striatus,Chaetodon striatus,Animalia,Chordata,Actinopterygii,,Chaetodontidae,marine,fish,ComteOlden,animal,TRUE,""
Chaetodon tinkeri,Chaetodon tinkeri,Animalia,Chordata,Actinopterygii,,Chaetodontidae,marine,fish,ComteOlden,animal,TRUE,""
Chaetodon trichrous,Chaetodon trichrous,Animalia,Chordata,Actinopterygii,,Chaetodontidae,marine,fish,ComteOlden,animal,TRUE,""
Chaetodon tricinctus,Chaetodon tricinctus,Animalia,Chordata,Actinopterygii,,Chaetodontidae,marine,fish,ComteOlden,animal,TRUE,""
Chaetodon trifascialis,Chaetodon trifascialis,Animalia,Chordata,Actinopterygii,,Chaetodontidae,marine,fish,ComteOlden,animal,TRUE,""
Chaetodon trifasciatus,Chaetodon trifasciatus,Animalia,Chordata,Actinopterygii,,Chaetodontidae,marine,fish,ComteOlden,animal,TRUE,""
Chaetodon ulietensis,Chaetodon ulietensis,Animalia,Chordata,Actinopterygii,,Chaetodontidae,marine,fish,ComteOlden,animal,TRUE,""
Chaetodon unimaculatus,Chaetodon unimaculatus,Animalia,Chordata,Actinopterygii,,Chaetodontidae,marine,fish,ComteOlden,animal,TRUE,""
Chaetodon vagabundus,Chaetodon vagabundus,Animalia,Chordata,Actinopterygii,,Chaetodontidae,marine,fish,ComteOlden,animal,TRUE,""
Chaetodon xanthurus,Chaetodon xanthurus,Animalia,Chordata,Actinopterygii,,Chaetodontidae,marine,fish,ComteOlden,animal,TRUE,""
Chaetodontoplus caeruleopunctatus,Chaetodontoplus caeruleopunctatus,Animalia,Chordata,Actinopterygii,,Pomacanthidae,marine,fish,ComteOlden,animal,TRUE,""
Chaetodontoplus duboulayi,Chaetodontoplus duboulayi,Animalia,Chordata,Actinopterygii,,Pomacanthidae,marine,fish,ComteOlden,animal,TRUE,""
Chaetodontoplus melanosoma,Chaetodontoplus melanosoma,Animalia,Chordata,Actinopterygii,,Pomacanthidae,marine,fish,ComteOlden,animal,TRUE,""
Chaetodontoplus meredithi,Chaetodontoplus meredithi,Animalia,Chordata,Actinopterygii,,Pomacanthidae,marine,fish,ComteOlden,animal,TRUE,""
Chaetodontoplus mesoleucus,Chaetodontoplus mesoleucus,Animalia,Chordata,Actinopterygii,,Pomacanthidae,marine,fish,ComteOlden,animal,TRUE,""
Chalinochromis brichardi,Chalinochromis brichardi,Animalia,Chordata,Actinopterygii,,Cichlidae,freshwater,fish,ComteOlden,animal,TRUE,""
Chamaeleo bitaeniatus,Chamaeleo bitaeniatus,,Chordata,Lepidosauria,Squamata,Chamaeleonidae,"",,GlobTherm,animal,TRUE,""
Chamaeleo dilepis,Chamaeleo dilepis,,Chordata,Lepidosauria,Squamata,Chamaeleonidae,"",,GlobTherm,animal,TRUE,""
Chamaeleo ellioti,Chamaeleo ellioti,,Chordata,Lepidosauria,Squamata,Chamaeleonidae,"",,GlobTherm,animal,TRUE,""
Chamaeleo hoehnelii,Chamaeleo hoehnelii,,Chordata,Lepidosauria,Squamata,Chamaeleonidae,"",,GlobTherm,animal,TRUE,""
Chamaeleo jacksonii,Chamaeleo jacksonii,,Chordata,Lepidosauria,Squamata,Chamaeleonidae,"",,GlobTherm,animal,TRUE,""
Chamaeleo schubotzi,Chamaeleo schubotzi,,Chordata,Lepidosauria,Squamata,Chamaeleonidae,"",,GlobTherm,animal,TRUE,""
Chandramara chandramara,Chandramara chandramara,Animalia,Chordata,Actinopterygii,,Bagridae,freshwater,fish,ComteOlden,animal,TRUE,""
Channa asiatica,Channa asiatica,Animalia,Chordata,Actinopterygii,,Channidae,freshwater,fish,ComteOlden,animal,TRUE,""
Channa aurantimaculata,Channa aurantimaculata,Animalia,Chordata,Actinopterygii,,Channidae,freshwater,fish,ComteOlden,animal,TRUE,""
Channa bleheri,Channa bleheri,Animalia,Chordata,Actinopterygii,,Channidae,freshwater,fish,ComteOlden,animal,TRUE,""
Channa gachua,Channa gachua,Metazoa,Chordata,Actinopteri,Acanthomorphata,Channidae,freshwater,fish,ComteOlden;ThermoFresh,animal,TRUE,""
Channa lucius,Channa lucius,Animalia,Chordata,Actinopterygii,,Channidae,freshwater,fish,ComteOlden,animal,TRUE,""
Channa maculata,Channa maculata,Animalia,Chordata,Actinopterygii,,Channidae,freshwater,fish,ComteOlden,animal,TRUE,""
Channa marulioides,Channa marulioides,Animalia,Chordata,Actinopterygii,,Channidae,freshwater,fish,ComteOlden,animal,TRUE,""
Channa marulius,Channa marulius,Animalia,Chordata,Actinopterygii,,Channidae,freshwater,fish,ComteOlden,animal,TRUE,""
Channa melasoma,Channa melasoma,Animalia,Chordata,Actinopterygii,,Channidae,freshwater,fish,ComteOlden,animal,TRUE,""
Channa micropeltes,Channa micropeltes,Animalia,Chordata,Actinopterygii,,Channidae,freshwater,fish,ComteOlden,animal,TRUE,""
Channa punctata,Channa punctata,Animalia,Chordata,Actinopterygii,,Channidae,freshwater,fish,ComteOlden,animal,TRUE,""
Channa striata,Channa striata,Animalia,Chordata,Actinopterygii,,Channidae,freshwater,fish,ComteOlden,animal,TRUE,""
Channallabes apus,Channallabes apus,Animalia,Chordata,Actinopterygii,,Clariidae,freshwater,fish,ComteOlden,animal,TRUE,""
Chanodichthys erythropterus,Chanodichthys erythropterus,Animalia,Chordata,Actinopterygii,,Cyprinidae,freshwater,fish,ComteOlden,animal,TRUE,""
Chanodichthys mongolicus,Chanodichthys mongolicus,Animalia,Chordata,Actinopterygii,,Cyprinidae,freshwater,fish,ComteOlden,animal,TRUE,""
Chanos chanos,Chanos chanos,Metazoa,Chordata,Actinopteri,Gonorynchiformes,Chanidae,marine;mixed,fish,ComteOlden;ThermoFresh,animal,TRUE,""
Characidium pteroides,Characidium pteroides,Metazoa,Chordata,Actinopteri,Characiformes,Crenuchidae,freshwater,fish,ThermoFresh,animal,TRUE,""
Charina bottae,Charina bottae,,Chordata,Lepidosauria,Squamata,Boidae,"",,GlobTherm,animal,TRUE,""
Chasmistes brevirostris,Chasmistes brevirostris,Animalia,Chordata,Actinopterygii,Cypriniformes,Catostomidae,freshwater,fish,ComteOlden;GlobTherm;ThermoFresh,animal,TRUE,""
Chasmodes saburrae,Chasmodes saburrae,Animalia,Chordata,Actinopterygii,,Blenniidae,marine,fish,ComteOlden,animal,TRUE,""
Cheilinus chlorourus,Cheilinus chlorourus,Animalia,Chordata,Actinopterygii,,Labridae,marine,fish,ComteOlden,animal,TRUE,""
Cheilinus fasciatus,Cheilinus fasciatus,Animalia,Chordata,Actinopterygii,,Labridae,marine,fish,ComteOlden,animal,TRUE,""
Cheilinus trilobatus,Cheilinus trilobatus,Animalia,Chordata,Actinopterygii,,Labridae,marine,fish,ComteOlden,animal,TRUE,""
Cheilio inermis,Cheilio inermis,Animalia,Chordata,Actinopterygii,,Labridae,marine,fish,ComteOlden,animal,TRUE,""
Cheimarrichthys fosteri,Cheimarrichthys fosteri,Animalia,Chordata,Actinopterygii,Acanthomorphata,Cheimarrichthyidae,freshwater;mixed,fish,ComteOlden;GlobTherm;ThermoFresh,animal,TRUE,""
Cheimerius matsubarai,Cheimerius matsubarai,Animalia,Chordata,Actinopterygii,,Sparidae,marine,fish,ComteOlden,animal,TRUE,""
Chela cachius,Chela cachius,Animalia,Chordata,Actinopterygii,,Cyprinidae,freshwater,fish,ComteOlden,animal,TRUE,""
Chelaethiops bibie,Chelaethiops bibie,Animalia,Chordata,Actinopterygii,,Cyprinidae,freshwater,fish,ComteOlden,animal,TRUE,""
Chelmon marginalis,Chelmon marginalis,Animalia,Chordata,Actinopterygii,,Chaetodontidae,marine,fish,ComteOlden,animal,TRUE,""
Chelmon muelleri,Chelmon muelleri,Animalia,Chordata,Actinopterygii,,Chaetodontidae,marine,fish,ComteOlden,animal,TRUE,""
Chelmon rostratus,Chelmon rostratus,Animalia,Chordata,Actinopterygii,,Chaetodontidae,marine,fish,ComteOlden,animal,TRUE,""
Chelmonops curiosus,Chelmonops curiosus,Animalia,Chordata,Actinopterygii,,Chaetodontidae,marine,fish,ComteOlden,animal,TRUE,""
Chelon dumerili,Chelon dumerili,Metazoa,Chordata,Actinopteri,Acanthomorphata,Mugilidae,mixed,fish,ThermoFresh,animal,TRUE,""
Chelon macrolepis,Chelon macrolepis,Animalia,Chordata,Actinopterygii,,Mugilidae,freshwater,fish,ComteOlden,animal,TRUE,""
Chelon planiceps,Chelon planiceps,Animalia,Chordata,Actinopterygii,,Mugilidae,freshwater,fish,ComteOlden,animal,TRUE,""
Chelon ramada,Chelon ramada,Metazoa,Chordata,Actinopteri,Acanthomorphata,Mugilidae,mixed,fish,ThermoFresh,animal,TRUE,""
Chelon richardsonii,Chelon richardsonii,Metazoa,Chordata,Actinopteri,Acanthomorphata,Mugilidae,mixed,fish,ThermoFresh,animal,TRUE,""
Chelonodon patoca,Chelonodon patoca,Animalia,Chordata,Actinopterygii,,Tetraodontidae,freshwater,fish,ComteOlden,animal,TRUE,""
Chetia brevicauda,Chetia brevicauda,Animalia,Chordata,Actinopterygii,,Cichlidae,freshwater,fish,ComteOlden,animal,TRUE,""
Chetia brevis,Chetia brevis,Animalia,Chordata,Actinopterygii,,Cichlidae,freshwater,fish,ComteOlden,animal,TRUE,""
Chetia flaviventris,Chetia flaviventris,Animalia,Chordata,Actinopterygii,,Cichlidae,freshwater,fish,ComteOlden,animal,TRUE,""
Cheumatopsyche modica,Cheumatopsyche modica,Metazoa,Arthropoda,Insecta,Trichoptera,Hydropsychidae,freshwater,invertebrate,ThermoFresh,animal,TRUE,""
Chilochromis duponti,Chilochromis duponti,Animalia,Chordata,Actinopterygii,,Cichlidae,freshwater,fish,ComteOlden,animal,TRUE,""
Chiloglanis asymetricaudalis,Chiloglanis asymetricaudalis,Animalia,Chordata,Actinopterygii,,Mochokidae,freshwater,fish,ComteOlden,animal,TRUE,""
Chimarra ambulans,Chimarra ambulans,Metazoa,Arthropoda,Insecta,Trichoptera,Philopotamidae,freshwater,invertebrate,ThermoFresh,animal,TRUE,""
Chimarra aterrima,Chimarra aterrima,Metazoa,Arthropoda,Insecta,Trichoptera,Philopotamidae,freshwater,invertebrate,ThermoFresh,animal,TRUE,""
Chimarra obscura,Chimarra obscura,Metazoa,Arthropoda,Insecta,Trichoptera,Philopotamidae,freshwater,invertebrate,ThermoFresh,animal,TRUE,""
Chionactis occipitalis,Chionactis occipitalis,,Chordata,Lepidosauria,Squamata,Colubridae,"",,GlobTherm,animal,TRUE,""
Chionodraco rastrospinosus,Chionodraco rastrospinosus,Animalia,Chordata,Actinopterygii,,Channichthyidae,marine,fish,ComteOlden,animal,TRUE,""
Chionohebe thomsonii,Chionohebe thomsonii,,Streptophyta,Spermatophyta,Lamiales,Plantaginaceae,"",,GlobTherm,non_animal,FALSE,Taxon is not an animal
Chirodica chalcoptera,Chirodica chalcoptera,,Arthropoda,Insecta,Coleoptera,Chrysomelidae,"",,GlobTherm,animal,TRUE,""
Chironomus crassicaudatus,Chironomus crassicaudatus,Metazoa,Arthropoda,Insecta,Diptera,Chironomidae,mixed,invertebrate,ThermoFresh,animal,TRUE,""
Chironomus longistylus,Chironomus longistylus,Metazoa,Arthropoda,Insecta,Diptera,Chironomidae,freshwater,invertebrate,ThermoFresh,animal,TRUE,""
Chironomus thummi,Chironomus thummi,Metazoa,Arthropoda,Insecta,Diptera,Chironomidae,freshwater,invertebrate,ThermoFresh,animal,TRUE,""
Chitala chitala,Chitala chitala,Animalia,Chordata,Actinopterygii,,Notopteridae,freshwater,fish,ComteOlden,animal,TRUE,""
Chitala ornata,Chitala ornata,Animalia,Chordata,Actinopterygii,,Notopteridae,freshwater,fish,ComteOlden,animal,TRUE,""
Chloroniella peringueyi,Chloroniella peringueyi,Metazoa,Arthropoda,Insecta,Megaloptera,Corydalidae,freshwater,invertebrate,ThermoFresh,animal,TRUE,""
Chlorurus bleekeri,Chlorurus bleekeri,Animalia,Chordata,Actinopterygii,,Labridae,marine,fish,ComteOlden,animal,TRUE,""
Chlorurus bowersi,Chlorurus bowersi,Animalia,Chordata,Actinopterygii,,Labridae,marine,fish,ComteOlden,animal,TRUE,""
Chlorurus japanensis,Chlorurus japanensis,Animalia,Chordata,Actinopterygii,,Labridae,marine,fish,ComteOlden,animal,TRUE,""
Chlorurus microrhinos,Chlorurus microrhinos,Animalia,Chordata,Actinopterygii,,Labridae,marine,fish,ComteOlden,animal,TRUE,""
Chlorurus oedema,Chlorurus oedema,Animalia,Chordata,Actinopterygii,,Labridae,marine,fish,ComteOlden,animal,TRUE,""
Chlorurus sordidus,Chlorurus sordidus,Animalia,Chordata,Actinopterygii,,Labridae,marine,fish,ComteOlden,animal,TRUE,""
Choerodon anchorago,Choerodon anchorago,Animalia,Chordata,Actinopterygii,,Labridae,marine,fish,ComteOlden,animal,TRUE,""
Choerodon fasciatus,Choerodon fasciatus,Animalia,Chordata,Actinopterygii,,Labridae,marine,fish,ComteOlden,animal,TRUE,""
Choerodon oligacanthus,Choerodon oligacanthus,Animalia,Chordata,Actinopterygii,,Labridae,marine,fish,ComteOlden,animal,TRUE,""
Chologaster cornuta,Chologaster cornuta,Animalia,Chordata,Actinopterygii,,Amblyopsidae,freshwater,fish,ComteOlden,animal,TRUE,""
Chondrodactylus angulifer,Chondrodactylus angulifer,,Chordata,Lepidosauria,Squamata,Gekkonidae,"",,GlobTherm,animal,TRUE,""
Chondrodactylus bibronii,Chondrodactylus bibronii,,Chordata,Lepidosauria,Squamata,Gekkonidae,"",,GlobTherm,animal,TRUE,""
Chondrostoma angorense,Chondrostoma angorense,Animalia,Chordata,Actinopterygii,,Cyprinidae,freshwater,fish,ComteOlden,animal,TRUE,""
Chondrostoma fahirae,Chondrostoma fahirae,Animalia,Chordata,Actinopterygii,,Cyprinidae,freshwater,fish,ComteOlden,animal,TRUE,""
Chondrostoma holmwoodii,Chondrostoma holmwoodii,Animalia,Chordata,Actinopterygii,,Cyprinidae,freshwater,fish,ComteOlden,animal,TRUE,""
Chondrostoma knerii,Chondrostoma knerii,Animalia,Chordata,Actinopterygii,,Cyprinidae,freshwater,fish,ComteOlden,animal,TRUE,""
Chondrostoma nasus,Chondrostoma nasus,Animalia,Chordata,Actinopterygii,,Cyprinidae,freshwater,fish,ComteOlden,animal,TRUE,""
Chondrostoma oxyrhynchum,Chondrostoma oxyrhynchum,Animalia,Chordata,Actinopterygii,,Cyprinidae,freshwater,fish,ComteOlden,animal,TRUE,""
Chondrostoma phoxinus,Chondrostoma phoxinus,Animalia,Chordata,Actinopterygii,,Cyprinidae,freshwater,fish,ComteOlden,animal,TRUE,""
Chondrostoma prespense,Chondrostoma prespense,Animalia,Chordata,Actinopterygii,,Cyprinidae,freshwater,fish,ComteOlden,animal,TRUE,""
Chondrostoma soetta,Chondrostoma soetta,Animalia,Chordata,Actinopterygii,,Cyprinidae,freshwater,fish,ComteOlden,animal,TRUE,""
Chondrostoma vardarense,Chondrostoma vardarense,Animalia,Chordata,Actinopterygii,,Cyprinidae,freshwater,fish,ComteOlden,animal,TRUE,""
Choromytilus chorus,Choromytilus chorus,,Mollusca,Bivalvia,Mytiloida,Mytilidae,"",,GlobTherm,animal,TRUE,""
Chromis alpha,Chromis alpha,Animalia,Chordata,Actinopterygii,,Pomacentridae,marine,fish,ComteOlden,animal,TRUE,""
Chromis alta,Chromis alta,Animalia,Chordata,Actinopterygii,,Pomacentridae,marine,fish,ComteOlden,animal,TRUE,""
Chromis atrilobata,Chromis atrilobata,Animalia,Chordata,Actinopterygii,Perciformes,Pomacentridae,marine,fish,ComteOlden;GlobTherm,animal,TRUE,""
Chromis cyanea,Chromis cyanea,Animalia,Chordata,Actinopterygii,,Pomacentridae,marine,fish,ComteOlden,animal,TRUE,""
Chromis punctipinnis,Chromis punctipinnis,Animalia,Chordata,Actinopterygii,,Pomacentridae,marine,fish,ComteOlden,animal,TRUE,""
Chrosomus cumberlandensis,Chrosomus cumberlandensis,Animalia,Chordata,Actinopterygii,,Cyprinidae,freshwater,fish,ComteOlden,animal,TRUE,""
Chrosomus eos,Chrosomus eos,Animalia,Chordata,Actinopterygii,,Cyprinidae,freshwater,fish,ComteOlden,animal,TRUE,""
Chrosomus erythrogaster,Chrosomus erythrogaster,Metazoa,Chordata,Actinopteri,Cypriniformes,Cyprinidae,freshwater,fish,ComteOlden;ThermoFresh,animal,TRUE,""
Chrosomus neogaeus,Chrosomus neogaeus,Animalia,Chordata,Actinopterygii,,Cyprinidae,freshwater,fish,ComteOlden,animal,TRUE,""
Chrosomus oreas,Chrosomus oreas,Animalia,Chordata,Actinopterygii,,Cyprinidae,freshwater,fish,ComteOlden,animal,TRUE,""
Chrosomus saylori,Chrosomus saylori,Animalia,Chordata,Actinopterygii,,Cyprinidae,freshwater,fish,ComteOlden,animal,TRUE,""
Chrosomus tennesseensis,Chrosomus tennesseensis,Animalia,Chordata,Actinopterygii,,Cyprinidae,freshwater,fish,ComteOlden,animal,TRUE,""
Chrysemys picta,Chrysemys picta,,Chordata,Archelosauria,Testudines,Emydidae,"",,GlobTherm,animal,TRUE,""
Chrysoblephus anglicus,Chrysoblephus anglicus,Animalia,Chordata,Actinopterygii,,Sparidae,marine,fish,ComteOlden,animal,TRUE,""
Chrysoblephus cristiceps,Chrysoblephus cristiceps,Animalia,Chordata,Actinopterygii,,Sparidae,marine,fish,ComteOlden,animal,TRUE,""
Chrysomela aeneicollis,Chrysomela aeneicollis,,Arthropoda,Insecta,Coleoptera,Chrysomelidae,"",,GlobTherm,animal,TRUE,""
Cichlasoma urophthalmum,Cichlasoma urophthalmum,Animalia,Chordata,Actinopterygii,Acanthomorphata,Cichlidae,freshwater;mixed,fish,ComteOlden;ThermoFresh,animal,TRUE,""
Cineraria saxifraga,Cineraria saxifraga,,Streptophyta,Spermatophyta,Asterales,Asteraceae,"",,GlobTherm,non_animal,FALSE,Taxon is not an animal
Cinygmula par,Cinygmula par,Metazoa,Arthropoda,Insecta,Ephemeroptera,Heptageniidae,freshwater,invertebrate,ThermoFresh,animal,TRUE,""
Cirrhilabrus lubbocki,Cirrhilabrus lubbocki,Animalia,Chordata,Actinopterygii,,Labridae,marine,fish,ComteOlden,animal,TRUE,""
Cirrhinus cirrhosus,Cirrhinus cirrhosus,Animalia,Chordata,Actinopterygii,,Cyprinidae,freshwater,fish,ComteOlden,animal,TRUE,""
Cirrhinus microlepis,Cirrhinus microlepis,Animalia,Chordata,Actinopterygii,,Cyprinidae,freshwater,fish,ComteOlden,animal,TRUE,""
Cirrhinus molitorella,Cirrhinus molitorella,Animalia,Chordata,Actinopterygii,,Cyprinidae,freshwater,fish,ComteOlden,animal,TRUE,""
Cirrhinus mrigala,Cirrhinus mrigala,Metazoa,Chordata,Actinopteri,Cypriniformes,Cyprinidae,freshwater,fish,ThermoFresh,animal,TRUE,""
Cirrhitichthys oxycephalus,Cirrhitichthys oxycephalus,,Chordata,Actinopteri,Perciformes,Cirrhitidae,"",,GlobTherm,animal,TRUE,""
Cladonia convoluta,Cladonia convoluta,,Ascomycota,Lecanoromycetes,Lecanorineae,Cladoniaceae,"",,GlobTherm,non_animal,FALSE,Taxon is not an animal
Cladonia elongata,Cladonia elongata,,Ascomycota,Lecanoromycetes,Lecanorineae,Cladoniaceae,"",,GlobTherm,non_animal,FALSE,Taxon is not an animal
Cladonia foliacea,Cladonia foliacea,,Ascomycota,Lecanoromycetes,Lecanorineae,Cladoniaceae,"",,GlobTherm,non_animal,FALSE,Taxon is not an animal
Cladonia furcata,Cladonia furcata,,Ascomycota,Lecanoromycetes,Lecanorineae,Cladoniaceae,"",,GlobTherm,non_animal,FALSE,Taxon is not an animal
Cladonia rangiformis,Cladonia rangiformis,,Ascomycota,Lecanoromycetes,Lecanorineae,Cladoniaceae,"",,GlobTherm,non_animal,FALSE,Taxon is not an animal
Clariallabes longicauda,Clariallabes longicauda,Animalia,Chordata,Actinopterygii,,Clariidae,freshwater,fish,ComteOlden,animal,TRUE,""
Clarias agboyiensis,Clarias agboyiensis,Animalia,Chordata,Actinopterygii,,Clariidae,freshwater,fish,ComteOlden,animal,TRUE,""
Clarias anguillaris,Clarias anguillaris,Animalia,Chordata,Actinopterygii,,Clariidae,freshwater,fish,ComteOlden,animal,TRUE,""
Clarias batrachus,Clarias batrachus,Animalia,Chordata,Actinopterygii,,Clariidae,freshwater,fish,ComteOlden,animal,TRUE,""
Clarias buettikoferi,Clarias buettikoferi,Animalia,Chordata,Actinopterygii,,Clariidae,freshwater,fish,ComteOlden,animal,TRUE,""
Clarias buthupogon,Clarias buthupogon,Animalia,Chordata,Actinopterygii,,Clariidae,freshwater,fish,ComteOlden,animal,TRUE,""
Clarias camerunensis,Clarias camerunensis,Animalia,Chordata,Actinopterygii,,Clariidae,freshwater,fish,ComteOlden,animal,TRUE,""
Clarias dussumieri,Clarias dussumieri,Animalia,Chordata,Actinopterygii,,Clariidae,freshwater,fish,ComteOlden,animal,TRUE,""
Clarias ebriensis,Clarias ebriensis,Animalia,Chordata,Actinopterygii,,Clariidae,freshwater,fish,ComteOlden,animal,TRUE,""
Clarias fuscus,Clarias fuscus,Animalia,Chordata,Actinopterygii,,Clariidae,freshwater,fish,ComteOlden,animal,TRUE,""
Clarias gabonensis,Clarias gabonensis,Animalia,Chordata,Actinopterygii,,Clariidae,freshwater,fish,ComteOlden,animal,TRUE,""
Clarias gariepinus,Clarias gariepinus,Animalia,Chordata,Actinopterygii,,Clariidae,freshwater,fish,ComteOlden,animal,TRUE,""
Clarias jaensis,Clarias jaensis,Animalia,Chordata,Actinopterygii,,Clariidae,freshwater,fish,ComteOlden,animal,TRUE,""
Clarias macrocephalus,Clarias macrocephalus,Animalia,Chordata,Actinopterygii,,Clariidae,freshwater,fish,ComteOlden,animal,TRUE,""
Clarias meladerma,Clarias meladerma,Animalia,Chordata,Actinopterygii,,Clariidae,freshwater,fish,ComteOlden,animal,TRUE,""
Clarias ngamensis,Clarias ngamensis,Animalia,Chordata,Actinopterygii,,Clariidae,freshwater,fish,ComteOlden,animal,TRUE,""
Clarias nieuhofii,Clarias nieuhofii,Animalia,Chordata,Actinopterygii,,Clariidae,freshwater,fish,ComteOlden,animal,TRUE,""
Clarias pachynema,Clarias pachynema,Animalia,Chordata,Actinopterygii,,Clariidae,freshwater,fish,ComteOlden,animal,TRUE,""
Clarias stappersii,Clarias stappersii,Animalia,Chordata,Actinopterygii,,Clariidae,freshwater,fish,ComteOlden,animal,TRUE,""
Clarias theodorae,Clarias theodorae,Animalia,Chordata,Actinopterygii,,Clariidae,freshwater,fish,ComteOlden,animal,TRUE,""
Clarias werneri,Clarias werneri,Animalia,Chordata,Actinopterygii,,Clariidae,freshwater,fish,ComteOlden,animal,TRUE,""
Clarotes laticeps,Clarotes laticeps,Animalia,Chordata,Actinopterygii,,Claroteidae,freshwater,fish,ComteOlden,animal,TRUE,""
Clea nigricans,Clea nigricans,Metazoa,Mollusca,Gastropoda,Neogastropoda,Nassariidae,freshwater,invertebrate,ThermoFresh,animal,TRUE,""
Cleptelmis addenda,Cleptelmis addenda,Metazoa,Arthropoda,Insecta,Coleoptera,Elmidae,freshwater,invertebrate,ThermoFresh,animal,TRUE,""
Clepticus parrae,Clepticus parrae,Animalia,Chordata,Actinopterygii,,Labridae,marine,fish,ComteOlden,animal,TRUE,""
Clibanarius virescens,Clibanarius virescens,Metazoa,Arthropoda,Malacostraca,Decapoda,Diogenidae,mixed,invertebrate,ThermoFresh,animal,TRUE,""
Clinocottus analis,Clinocottus analis,Animalia,Chordata,Actinopterygii,,Cottidae,marine,fish,ComteOlden,animal,TRUE,""
Clinostomus elongatus,Clinostomus elongatus,Metazoa,Chordata,Actinopteri,Cypriniformes,Cyprinidae,freshwater,fish,ComteOlden;ThermoFresh,animal,TRUE,""
Clinostomus funduloides,Clinostomus funduloides,Metazoa,Chordata,Actinopteri,Cypriniformes,Cyprinidae,freshwater,fish,ComteOlden;ThermoFresh,animal,TRUE,""
Cloeon dipterum,Cloeon dipterum,Metazoa,Arthropoda,Insecta,Ephemeroptera,Baetidae,freshwater,invertebrate,ThermoFresh,animal,TRUE,""
Clubiona diversa,Clubiona diversa,,Arthropoda,Arachnida,Araneae,Clubionidae,"",,GlobTherm,animal,TRUE,""
Clubiona similis,Clubiona similis,,Arthropoda,Arachnida,Araneae,Clubionidae,"",,GlobTherm,animal,TRUE,""
Clubiona trivialis,Clubiona trivialis,,Arthropoda,Arachnida,Araneae,Clubionidae,"",,GlobTherm,animal,TRUE,""
Clupea harengus,Clupea harengus,Animalia,Chordata,Actinopterygii,,Clupeidae,marine,fish,ComteOlden,animal,TRUE,""
Clupea pallasii,Clupea pallasii;Clupea pallasii pallasii,Metazoa,Chordata,Actinopteri,Clupeiformes,Clupeidae,marine;mixed,fish,ComteOlden;ThermoFresh,animal,TRUE,""
Clupisoma garua,Clupisoma garua,Animalia,Chordata,Actinopterygii,,Schilbeidae,freshwater,fish,ComteOlden,animal,TRUE,""
Cnemidocarpa bicornuta,Cnemidocarpa bicornuta,,Chordata,Ascidiacea,Stolidobranchia,Styelidae,"",,GlobTherm,animal,TRUE,""
Cnemidophorus sexlineatus,Cnemidophorus sexlineatus,,Chordata,Lepidosauria,Squamata,Teiidae,"",,GlobTherm,animal,TRUE,""
Cnemidophorus tigris,Cnemidophorus tigris,,Chordata,Lepidosauria,Squamata,Teiidae,"",,GlobTherm,animal,TRUE,""
Cnephia ornithophilia,Cnephia ornithophilia,Metazoa,Arthropoda,Insecta,Diptera,Simuliidae,freshwater,invertebrate,ThermoFresh,animal,TRUE,""
Cnesterodon decemmaculatus,Cnesterodon decemmaculatus,Metazoa,Chordata,Actinopteri,Acanthomorphata,Poeciliidae,freshwater;mixed,fish,ComteOlden;ThermoFresh,animal,TRUE,""
Cobitis arachthosensis,Cobitis arachthosensis,Animalia,Chordata,Actinopterygii,,Cobitidae,freshwater,fish,ComteOlden,animal,TRUE,""
Cobitis bilineata,Cobitis bilineata,Animalia,Chordata,Actinopterygii,,Cobitidae,freshwater,fish,ComteOlden,animal,TRUE,""
Cobitis bilseli,Cobitis bilseli,Animalia,Chordata,Actinopterygii,,Cobitidae,freshwater,fish,ComteOlden,animal,TRUE,""
Cobitis calderoni,Cobitis calderoni,Animalia,Chordata,Actinopterygii,,Cobitidae,freshwater,fish,ComteOlden,animal,TRUE,""
Cobitis elazigensis,Cobitis elazigensis,Animalia,Chordata,Actinopterygii,,Cobitidae,freshwater,fish,ComteOlden,animal,TRUE,""
Cobitis elongata,Cobitis elongata,Animalia,Chordata,Actinopterygii,,Cobitidae,freshwater,fish,ComteOlden,animal,TRUE,""
Cobitis elongatoides,Cobitis elongatoides,Animalia,Chordata,Actinopterygii,,Cobitidae,freshwater,fish,ComteOlden,animal,TRUE,""
Cobitis fahirae,Cobitis fahirae,Animalia,Chordata,Actinopterygii,,Cobitidae,freshwater,fish,ComteOlden,animal,TRUE,""
Cobitis hellenica,Cobitis hellenica,Animalia,Chordata,Actinopterygii,,Cobitidae,freshwater,fish,ComteOlden,animal,TRUE,""
Cobitis levantina,Cobitis levantina,Animalia,Chordata,Actinopterygii,,Cobitidae,freshwater,fish,ComteOlden,animal,TRUE,""
Cobitis maroccana,Cobitis maroccana,Animalia,Chordata,Actinopterygii,,Cobitidae,freshwater,fish,ComteOlden,animal,TRUE,""
Cobitis melanoleuca,Cobitis melanoleuca,Animalia,Chordata,Actinopterygii,,Cobitidae,freshwater,fish,ComteOlden,animal,TRUE,""
Cobitis meridionalis,Cobitis meridionalis,Animalia,Chordata,Actinopterygii,,Cobitidae,freshwater,fish,ComteOlden,animal,TRUE,""
Cobitis paludica,Cobitis paludica,Animalia,Chordata,Actinopterygii,,Cobitidae,freshwater,fish,ComteOlden,animal,TRUE,""
Cobitis puncticulata,Cobitis puncticulata,Animalia,Chordata,Actinopterygii,,Cobitidae,freshwater,fish,ComteOlden,animal,TRUE,""
Cobitis sinensis,Cobitis sinensis,Animalia,Chordata,Actinopterygii,,Cobitidae,freshwater,fish,ComteOlden,animal,TRUE,""
Cobitis stephanidisi,Cobitis stephanidisi,Animalia,Chordata,Actinopterygii,,Cobitidae,freshwater,fish,ComteOlden,animal,TRUE,""
Cobitis strumicae,Cobitis strumicae,Animalia,Chordata,Actinopterygii,,Cobitidae,freshwater,fish,ComteOlden,animal,TRUE,""
Cobitis taenia,Cobitis taenia,Animalia,Chordata,Actinopterygii,,Cobitidae,freshwater,fish,ComteOlden,animal,TRUE,""
Cobitis trichonica,Cobitis trichonica,Animalia,Chordata,Actinopterygii,,Cobitidae,freshwater,fish,ComteOlden,animal,TRUE,""
Cobitis turcica,Cobitis turcica,Animalia,Chordata,Actinopterygii,,Cobitidae,freshwater,fish,ComteOlden,animal,TRUE,""
Cobitis vardarensis,Cobitis vardarensis,Animalia,Chordata,Actinopterygii,,Cobitidae,freshwater,fish,ComteOlden,animal,TRUE,""
Cobitis vettonica,Cobitis vettonica,Animalia,Chordata,Actinopterygii,,Cobitidae,freshwater,fish,ComteOlden,animal,TRUE,""
Cobitis zanandreai,Cobitis zanandreai,Animalia,Chordata,Actinopterygii,,Cobitidae,freshwater,fish,ComteOlden,animal,TRUE,""
Coenagrion puella,Coenagrion puella,Metazoa,Arthropoda,Insecta,Odonata,Coenagrionidae,freshwater,invertebrate,ThermoFresh,animal,TRUE,""
Coilia grayii,Coilia grayii,Animalia,Chordata,Actinopterygii,,Engraulidae,freshwater,fish,ComteOlden,animal,TRUE,""
Coleonyx brevis,Coleonyx brevis,,Chordata,Lepidosauria,Squamata,Eublepharidae,"",,GlobTherm,animal,TRUE,""
Coleonyx variegatus,Coleonyx variegatus,,Chordata,Lepidosauria,Squamata,Eublepharidae,"",,GlobTherm,animal,TRUE,""
Collema auriculatum,Collema auriculatum,,Ascomycota,Lecanoromycetes,Peltigerales,Collemataceae,"",,GlobTherm,non_animal,FALSE,Taxon is not an animal
Colossoma macropomum,Colossoma macropomum,Metazoa,Chordata,Actinopteri,Characiformes,Serrasalmidae,freshwater,fish,ThermoFresh,animal,TRUE,""
Coluber constrictor,Coluber constrictor,,Chordata,Lepidosauria,Squamata,Colubridae,"",,GlobTherm,animal,TRUE,""
Congolapia bilineata,Congolapia bilineata,Animalia,Chordata,Actinopterygii,,Cichlidae,freshwater,fish,ComteOlden,animal,TRUE,""
Congresox talabonoides,Congresox talabonoides,Animalia,Chordata,Actinopterygii,,Muraenesocidae,marine,fish,ComteOlden,animal,TRUE,""
Cookia sulcata,Cookia sulcata,,Mollusca,Gastropoda,Vetigastropoda,Turbinidae,"",,GlobTherm,animal,TRUE,""
Copadichromis borleyi,Copadichromis borleyi,Animalia,Chordata,Actinopterygii,,Cichlidae,freshwater,fish,ComteOlden,animal,TRUE,""
Cophixalis ornatus,Cophixalis ornatus,,Chordata,Amphibia,Anura,Microhylidae,"",,GlobTherm,animal,TRUE,""
Cophixalus aenigma,Cophixalus aenigma,,Chordata,Amphibia,Anura,Microhylidae,"",,GlobTherm,animal,TRUE,""
Cophixalus bombiens,Cophixalus bombiens,,Chordata,Amphibia,Anura,Microhylidae,"",,GlobTherm,animal,TRUE,""
Cophixalus exiguus,Cophixalus exiguus,,Chordata,Amphibia,Anura,Microhylidae,"",,GlobTherm,animal,TRUE,""
Cophixalus hosmeri,Cophixalus hosmeri,,Chordata,Amphibia,Anura,Microhylidae,"",,GlobTherm,animal,TRUE,""
Cophixalus infacetus,Cophixalus infacetus,,Chordata,Amphibia,Anura,Microhylidae,"",,GlobTherm,animal,TRUE,""
Cophixalus mcdonaldi,Cophixalus mcdonaldi,,Chordata,Amphibia,Anura,Microhylidae,"",,GlobTherm,animal,TRUE,""
Cophixalus neglectus,Cophixalus neglectus,,Chordata,Amphibia,Anura,Microhylidae,"",,GlobTherm,animal,TRUE,""
Cophosaurus texanus,Cophosaurus texanus,,Chordata,Lepidosauria,Squamata,Iguanidae,"",,GlobTherm,animal,TRUE,""
Coprosma lucida,Coprosma lucida,,Streptophyta,Spermatophyta,Gentianales,Rubiaceae,"",,GlobTherm,non_animal,FALSE,Taxon is not an animal
Coprosma perpusilla,Coprosma perpusilla,,Streptophyta,Spermatophyta,Gentianales,Rubiaceae,"",,GlobTherm,non_animal,FALSE,Taxon is not an animal
Coprosma repens,Coprosma repens,,Streptophyta,Spermatophyta,Gentianales,Rubiaceae,"",,GlobTherm,non_animal,FALSE,Taxon is not an animal
Coptotermes formosanus,Coptotermes formosanus,,Arthropoda,Insecta,Isoptera,Rhinotermitidae,"",,GlobTherm,animal,TRUE,""
Cora pavonia,Cora pavonia,,Basidiomycota,Agaricomycetes,Agaricales,Hygrophoraceae,"",,GlobTherm,non_animal,FALSE,Taxon is not an animal
Coradion chrysozonus,Coradion chrysozonus,Animalia,Chordata,Actinopterygii,,Chaetodontidae,marine,fish,ComteOlden,animal,TRUE,""
Coradion melanopus,Coradion melanopus,Animalia,Chordata,Actinopterygii,,Chaetodontidae,marine,fish,ComteOlden,animal,TRUE,""
Corallina officinalis,Corallina officinalis,,Rhodophyta,Florideophyceae,Corallinales,Corallinaceae,"",,GlobTherm,non_animal,FALSE,Taxon is not an animal
Corbicula fluminea,Corbicula fluminea,Metazoa,Mollusca,Bivalvia,Venerida,Cyrenidae,freshwater,invertebrate,ThermoFresh,animal,TRUE,""
Cordulegaster boltonii,Cordulegaster boltonii,Metazoa,Arthropoda,Insecta,Odonata,Cordulegastridae,freshwater,invertebrate,ThermoFresh,animal,TRUE,""
Cordulia shurtleffii,Cordulia shurtleffii,Metazoa,Arthropoda,Insecta,Odonata,Corduliidae,freshwater,invertebrate,ThermoFresh,animal,TRUE,""
Cordylus cordylus,Cordylus cordylus,,Chordata,Lepidosauria,Squamata,Cordylidae,"",,GlobTherm,animal,TRUE,""
Cordylus niger,Cordylus niger,,Chordata,Lepidosauria,Squamata,Cordylidae,"",,GlobTherm,animal,TRUE,""
Cordylus oelofseni,Cordylus oelofseni,,Chordata,Lepidosauria,Squamata,Cordylidae,"",,GlobTherm,animal,TRUE,""
Coregonus albula,Coregonus albula,Animalia,Chordata,Actinopterygii,,Salmonidae,freshwater,fish,ComteOlden,animal,TRUE,""
Coregonus artedi,Coregonus artedi,Metazoa,Chordata,Actinopteri,Salmoniformes,Salmonidae,freshwater;mixed,fish,ComteOlden;ThermoFresh,animal,TRUE,""
Coregonus autumnalis,Coregonus autumnalis,Animalia,Chordata,Actinopterygii,,Salmonidae,freshwater,fish,ComteOlden,animal,TRUE,""
Coregonus clupeaformis,Coregonus clupeaformis,Metazoa,Chordata,Actinopteri,Salmoniformes,Salmonidae,freshwater;mixed,fish,ComteOlden;ThermoFresh,animal,TRUE,""
Coregonus lavaretus,Coregonus lavaretus,Animalia,Chordata,Actinopterygii,,Salmonidae,freshwater,fish,ComteOlden,animal,TRUE,""
Coregonus muksun,Coregonus muksun,Animalia,Chordata,Actinopterygii,,Salmonidae,freshwater,fish,ComteOlden,animal,TRUE,""
Coregonus nasus,Coregonus nasus,Metazoa,Chordata,Actinopteri,Salmoniformes,Salmonidae,freshwater;mixed,fish,ComteOlden;ThermoFresh,animal,TRUE,""
Coregonus peled,Coregonus peled,Animalia,Chordata,Actinopterygii,,Salmonidae,freshwater,fish,ComteOlden,animal,TRUE,""
Coregonus sardinella,Coregonus sardinella,Metazoa,Chordata,Actinopteri,Salmoniformes,Salmonidae,freshwater;mixed,fish,ComteOlden;ThermoFresh,animal,TRUE,""
Coregonus widegreni,Coregonus widegreni,Animalia,Chordata,Actinopterygii,,Salmonidae,freshwater,fish,ComteOlden,animal,TRUE,""
Coreoperca whiteheadi,Coreoperca whiteheadi,Animalia,Chordata,Actinopterygii,,Percichthyidae,freshwater,fish,ComteOlden,animal,TRUE,""
Coris aurilineata,Coris aurilineata,Animalia,Chordata,Actinopterygii,,Labridae,marine,fish,ComteOlden,animal,TRUE,""
Coris aygula,Coris aygula,Animalia,Chordata,Actinopterygii,,Labridae,marine,fish,ComteOlden,animal,TRUE,""
Coris dorsomacula,Coris dorsomacula,Animalia,Chordata,Actinopterygii,,Labridae,marine,fish,ComteOlden,animal,TRUE,""
Coris flavovittata,Coris flavovittata,Animalia,Chordata,Actinopterygii,,Labridae,marine,fish,ComteOlden,animal,TRUE,""
Coris gaimard,Coris gaimard,Animalia,Chordata,Actinopterygii,,Labridae,marine,fish,ComteOlden,animal,TRUE,""
Coris julis,Coris julis,Animalia,Chordata,Actinopterygii,,Labridae,marine,fish,ComteOlden,animal,TRUE,""
Coris picta,Coris picta,Animalia,Chordata,Actinopterygii,,Labridae,marine,fish,ComteOlden,animal,TRUE,""
Coris pictoides,Coris pictoides,Animalia,Chordata,Actinopterygii,,Labridae,marine,fish,ComteOlden,animal,TRUE,""
Corophium volutator,Corophium volutator,Metazoa,Arthropoda,Malacostraca,Amphipoda,Corophiidae,mixed,invertebrate,ThermoFresh,animal,TRUE,""
Correa decumbens,Correa decumbens,,Streptophyta,Spermatophyta,Sapindales,Rutaceae,"",,GlobTherm,non_animal,FALSE,Taxon is not an animal
Corydoras ehrhardti,Corydoras ehrhardti,Animalia,Chordata,Actinopterygii,,Callichthyidae,freshwater,fish,ComteOlden,animal,TRUE,""
Corydoras julii,Corydoras julii,Metazoa,Chordata,Actinopteri,Siluriformes,Callichthyidae,freshwater,fish,ThermoFresh,animal,TRUE,""
Corydoras paleatus,Corydoras paleatus,Metazoa,Chordata,Actinopteri,Siluriformes,Callichthyidae,freshwater,fish,ComteOlden;ThermoFresh,animal,TRUE,""
Corydoras schwartzi,Corydoras schwartzi,Metazoa,Chordata,Actinopteri,Siluriformes,Callichthyidae,freshwater,fish,ThermoFresh,animal,TRUE,""
Coryphoblennius galerita,Coryphoblennius galerita,Animalia,Chordata,Actinopterygii,,Blenniidae,marine,fish,ComteOlden,animal,TRUE,""
Coryphopterus urospilus,Coryphopterus urospilus,,Chordata,Actinopteri,Perciformes,Gobiidae,"",,GlobTherm,animal,TRUE,""
Corythoichthys intestinalis,Corythoichthys intestinalis,Animalia,Chordata,Actinopterygii,,Syngnathidae,marine,fish,ComteOlden,animal,TRUE,""
Cottus aleuticus,Cottus aleuticus,Animalia,Chordata,Actinopterygii,,Cottidae,freshwater,fish,ComteOlden,animal,TRUE,""
Cottus asper,Cottus asper,Animalia,Chordata,Actinopterygii,,Cottidae,freshwater,fish,ComteOlden,animal,TRUE,""
Cottus asperrimus,Cottus asperrimus,Animalia,Chordata,Actinopterygii,,Cottidae,freshwater,fish,ComteOlden,animal,TRUE,""
Cottus baileyi,Cottus baileyi,Animalia,Chordata,Actinopterygii,,Cottidae,freshwater,fish,ComteOlden,animal,TRUE,""
Cottus bairdi,Cottus bairdi,,Chordata,Actinopteri,Perciformes,Cottidae,"",,GlobTherm,animal,TRUE,""
Cottus bairdii,Cottus bairdii,Metazoa,Chordata,Actinopteri,Acanthomorphata,Cottidae,freshwater,fish,ComteOlden;ThermoFresh,animal,TRUE,""
Cottus beldingii,Cottus beldingii,Animalia,Chordata,Actinopterygii,,Cottidae,freshwater,fish,ComteOlden,animal,TRUE,""
Cottus caeruleomentum,Cottus caeruleomentum,Animalia,Chordata,Actinopterygii,,Cottidae,freshwater,fish,ComteOlden,animal,TRUE,""
Cottus carolinae,Cottus carolinae,Metazoa,Chordata,Actinopteri,Acanthomorphata,Cottidae,freshwater,fish,ComteOlden;ThermoFresh,animal,TRUE,""
Cottus cognatus,Cottus cognatus,Metazoa,Chordata,Actinopteri,Acanthomorphata,Cottidae,freshwater;mixed,fish,ComteOlden;GlobTherm;ThermoFresh,animal,TRUE,""
Cottus confusus,Cottus confusus,Animalia,Chordata,Actinopterygii,,Cottidae,freshwater,fish,ComteOlden,animal,TRUE,""
Cottus extensus,Cottus extensus,Animalia,Chordata,Actinopterygii,,Cottidae,freshwater,fish,ComteOlden,animal,TRUE,""
Cottus girardi,Cottus girardi,Animalia,Chordata,Actinopterygii,,Cottidae,freshwater,fish,ComteOlden,animal,TRUE,""
Cottus gobio,Cottus gobio,Animalia,Chordata,Actinopterygii,,Cottidae,freshwater,fish,ComteOlden,animal,TRUE,""
Cottus greenei,Cottus greenei,Animalia,Chordata,Actinopterygii,,Cottidae,freshwater,fish,ComteOlden,animal,TRUE,""
Cottus gulosus,Cottus gulosus,Animalia,Chordata,Actinopterygii,,Cottidae,freshwater,fish,ComteOlden,animal,TRUE,""
Cottus hubbsi,Cottus hubbsi,Animalia,Chordata,Actinopterygii,,Cottidae,freshwater,fish,ComteOlden,animal,TRUE,""
Cottus hypselurus,Cottus hypselurus,Metazoa,Chordata,Actinopteri,Acanthomorphata,Cottidae,freshwater,fish,ComteOlden;ThermoFresh,animal,TRUE,""
Cottus klamathensis,Cottus klamathensis,Animalia,Chordata,Actinopterygii,,Cottidae,freshwater,fish,ComteOlden,animal,TRUE,""
Cottus leiopomus,Cottus leiopomus,Animalia,Chordata,Actinopterygii,,Cottidae,freshwater,fish,ComteOlden,animal,TRUE,""
Cottus marginatus,Cottus marginatus,Animalia,Chordata,Actinopterygii,,Cottidae,freshwater,fish,ComteOlden,animal,TRUE,""
Cottus paulus,Cottus paulus,Metazoa,Chordata,Actinopteri,Acanthomorphata,Cottidae,freshwater,fish,ComteOlden;ThermoFresh,animal,TRUE,""
Cottus perplexus,Cottus perplexus,Animalia,Chordata,Actinopterygii,,Cottidae,freshwater,fish,ComteOlden,animal,TRUE,""
Cottus pitensis,Cottus pitensis,Animalia,Chordata,Actinopterygii,,Cottidae,freshwater,fish,ComteOlden,animal,TRUE,""
Cottus poecilopus,Cottus poecilopus,Animalia,Chordata,Actinopterygii,,Cottidae,freshwater,fish,ComteOlden,animal,TRUE,""
Cottus princeps,Cottus princeps,Animalia,Chordata,Actinopterygii,,Cottidae,freshwater,fish,ComteOlden,animal,TRUE,""
Cottus rhotheus,Cottus rhotheus,Animalia,Chordata,Actinopterygii,,Cottidae,freshwater,fish,ComteOlden,animal,TRUE,""
Cottus ricei,Cottus ricei,Animalia,Chordata,Actinopterygii,,Cottidae,freshwater,fish,ComteOlden,animal,TRUE,""
Cottus tallapoosae,Cottus tallapoosae,Metazoa,Chordata,Actinopteri,Acanthomorphata,Cottidae,freshwater,fish,ThermoFresh,animal,TRUE,""
Couesius plumbeus,Couesius plumbeus,Metazoa,Chordata,Actinopteri,Cypriniformes,Cyprinidae,freshwater,fish,ComteOlden;ThermoFresh,animal,TRUE,""
Crangon crangon,Crangon crangon,Metazoa,Arthropoda,Malacostraca,Decapoda,Crangonidae,mixed,invertebrate,GlobTherm;ThermoFresh,animal,TRUE,""
Crangonyx pseudogracilis,Crangonyx pseudogracilis,Metazoa,Arthropoda,Malacostraca,Amphipoda,Crangonyctidae,freshwater,invertebrate,ThermoFresh,animal,TRUE,""
Cranopsis coccifer,Cranopsis coccifer,,Chordata,Amphibia,Anura,Bufonidae,"",,GlobTherm,animal,TRUE,""
Craterocephalus stercusmuscarum,Craterocephalus stercusmuscarum,Animalia,Chordata,Actinopterygii,,Atherinidae,freshwater,fish,ComteOlden,animal,TRUE,""
Cratinus agassizii,Cratinus agassizii,Animalia,Chordata,Actinopterygii,,Serranidae,marine,fish,ComteOlden,animal,TRUE,""
Craugastor fitzingeri,Craugastor fitzingeri,,Chordata,Amphibia,Anura,Craugastoridae,"",,GlobTherm,animal,TRUE,""
Craugastor fleischmanni,Craugastor fleischmanni,,Chordata,Amphibia,Anura,Craugastoridae,"",,GlobTherm,animal,TRUE,""
Crematogaster inflata,Crematogaster inflata,,Arthropoda,Insecta,Hymenoptera,Formicidae,"",,GlobTherm,animal,TRUE,""
Crematogaster lineolata,Crematogaster lineolata,,Arthropoda,Insecta,Hymenoptera,Formicidae,"",,GlobTherm,animal,TRUE,""
Crematogaster physocremasp,Crematogaster Physocremasp,,Arthropoda,Insecta,Hymenoptera,Formicidae,"",,GlobTherm,animal,TRUE,""
Crenichthys baileyi,Crenichthys baileyi baileyi,Animalia,Chordata,Actinopterygii,,Cyprinodontidae,freshwater,fish,ComteOlden,animal,TRUE,""
Crenobia alpina,Crenobia alpina,Metazoa,Platyhelminthes,Rhabditophora,Seriata,Planariidae,freshwater,invertebrate,ThermoFresh,animal,TRUE,""
Crenuchus spilurus,Crenuchus spilurus,Metazoa,Chordata,Actinopteri,Characiformes,Crenuchidae,freshwater,fish,ThermoFresh,animal,TRUE,""
Creteuchiloglanis kamengensis,Creteuchiloglanis kamengensis,Animalia,Chordata,Actinopterygii,,Sisoridae,freshwater,fish,ComteOlden,animal,TRUE,""
Crinia darlingtoni,Crinia darlingtoni,,Chordata,Amphibia,Anura,Myobatrachidae,"",,GlobTherm,animal,TRUE,""
Crinia laevis,Crinia laevis,,Chordata,Amphibia,Anura,Myobatrachidae,"",,GlobTherm,animal,TRUE,""
Crinia parainsignifera,Crinia parainsignifera,,Chordata,Amphibia,Anura,Myobatrachidae,"",,GlobTherm,animal,TRUE,""
Crinia signifera,Crinia signifera,,Chordata,Amphibia,Anura,Myobatrachidae,"",,GlobTherm,animal,TRUE,""
Crinia victoriana,Crinia victoriana,,Chordata,Amphibia,Anura,Myobatrachidae,"",,GlobTherm,animal,TRUE,""
Crinodendron hookerianum,Crinodendron hookerianum,,Streptophyta,Spermatophyta,Oxalidales,Elaeocarpaceae,"",,GlobTherm,non_animal,FALSE,Taxon is not an animal
Crossocheilus burmanicus,Crossocheilus burmanicus,Animalia,Chordata,Actinopterygii,,Cyprinidae,freshwater,fish,ComteOlden,animal,TRUE,""
Crossocheilus latius,Crossocheilus latius,Animalia,Chordata,Actinopterygii,,Cyprinidae,freshwater,fish,ComteOlden,animal,TRUE,""
Crossocheilus reticulatus,Crossocheilus reticulatus,Animalia,Chordata,Actinopterygii,,Cyprinidae,freshwater,fish,ComteOlden,animal,TRUE,""
Crotalus atrox,Crotalus atrox,,Chordata,Lepidosauria,Squamata,Viperidae,"",,GlobTherm,animal,TRUE,""
Crotalus cerastes,Crotalus cerastes,,Chordata,Lepidosauria,Squamata,Viperidae,"",,GlobTherm,animal,TRUE,""
Crotalus scutulatus,Crotalus scutulatus,,Chordata,Lepidosauria,Squamata,Viperidae,"",,GlobTherm,animal,TRUE,""
Crotalus viridis,Crotalus viridis,,Chordata,Lepidosauria,Squamata,Viperidae,"",,GlobTherm,animal,TRUE,""
Crotaphytus collaris,Crotaphytus collaris,,Chordata,Lepidosauria,Squamata,Iguanidae,"",,GlobTherm,animal,TRUE,""
Crustulina guttata,Crustulina guttata,,Arthropoda,Arachnida,Araneae,Theridiidae,"",,GlobTherm,animal,TRUE,""
Cryphiops caementarius,Cryphiops caementarius,Metazoa,Arthropoda,Malacostraca,Decapoda,Palaemonidae,freshwater,invertebrate,ThermoFresh,animal,TRUE,""
Cryptoblepharus litoralis,Cryptoblepharus litoralis,,Chordata,Lepidosauria,Squamata,Scincidae,"",,GlobTherm,animal,TRUE,""
Cryptoblepharus plagiocephalus,Cryptoblepharus plagiocephalus,,Chordata,Lepidosauria,Squamata,Scincidae,"",,GlobTherm,animal,TRUE,""
Cryptoblepharus virgatus,Cryptoblepharus virgatus,,Chordata,Lepidosauria,Squamata,Scincidae,"",,GlobTherm,animal,TRUE,""
Cryptopygus antarcticustravei,Cryptopygus antarcticustravei,,Arthropoda,Collembola,Entomobryomorpha,Isotomidae,"",,GlobTherm,animal,TRUE,""
Cryptopygus cisantarcticus,Cryptopygus cisantarcticus,,Arthropoda,Collembola,Entomobryomorpha,Isotomidae,"",,GlobTherm,animal,TRUE,""
Cryptotomus roseus,Cryptotomus roseus,Animalia,Chordata,Actinopterygii,,Labridae,marine,fish,ComteOlden,animal,TRUE,""
Crystallaria asprella,Crystallaria asprella,Animalia,Chordata,Actinopterygii,,Percidae,freshwater,fish,ComteOlden,animal,TRUE,""
Ctenochaetus binotatus,Ctenochaetus binotatus,Animalia,Chordata,Actinopterygii,,Acanthuridae,marine,fish,ComteOlden,animal,TRUE,""
Ctenochaetus cyanocheilus,Ctenochaetus cyanocheilus,Animalia,Chordata,Actinopterygii,,Acanthuridae,marine,fish,ComteOlden,animal,TRUE,""
Ctenochaetus striatus,Ctenochaetus striatus,Animalia,Chordata,Actinopterygii,,Acanthuridae,marine,fish,ComteOlden,animal,TRUE,""
Ctenochaetus strigosus,Ctenochaetus strigosus,Animalia,Chordata,Actinopterygii,,Acanthuridae,marine,fish,ComteOlden,animal,TRUE,""
Ctenochromis horei,Ctenochromis horei,Animalia,Chordata,Actinopterygii,,Cichlidae,freshwater,fish,ComteOlden,animal,TRUE,""
Ctenochromis oligacanthus,Ctenochromis oligacanthus,Animalia,Chordata,Actinopterygii,,Cichlidae,freshwater,fish,ComteOlden,animal,TRUE,""
Ctenochromis polli,Ctenochromis polli,Animalia,Chordata,Actinopterygii,,Cichlidae,freshwater,fish,ComteOlden,animal,TRUE,""
Ctenogobius sagittula,Ctenogobius sagittula,Animalia,Chordata,Actinopterygii,,Gobiidae,marine,fish,ComteOlden,animal,TRUE,""
Ctenolabrus rupestris,Ctenolabrus rupestris,Animalia,Chordata,Actinopterygii,,Labridae,marine,fish,ComteOlden,animal,TRUE,""
Ctenopharyngodon idella,Ctenopharyngodon idella,Metazoa,Chordata,Actinopteri,Cypriniformes,Cyprinidae,freshwater;mixed,fish,ComteOlden;ThermoFresh,animal,TRUE,""
Ctenophorus cristatus,Ctenophorus cristatus,,Chordata,Lepidosauria,Squamata,Agamidae,"",,GlobTherm,animal,TRUE,""
Ctenophorus decresii,Ctenophorus decresii,,Chordata,Lepidosauria,Squamata,Agamidae,"",,GlobTherm,animal,TRUE,""
Ctenophorus fordi,Ctenophorus fordi,,Chordata,Lepidosauria,Squamata,Agamidae,"",,GlobTherm,animal,TRUE,""
Ctenophorus maculosus,Ctenophorus maculosus,,Chordata,Lepidosauria,Squamata,Agamidae,"",,GlobTherm,animal,TRUE,""
Ctenophorus nuchalis,Ctenophorus nuchalis,,Chordata,Lepidosauria,Squamata,Agamidae,"",,GlobTherm,animal,TRUE,""
Ctenophorus pictus,Ctenophorus pictus,,Chordata,Lepidosauria,Squamata,Agamidae,"",,GlobTherm,animal,TRUE,""
Ctenophorus reticulatus,Ctenophorus reticulatus,,Chordata,Lepidosauria,Squamata,Agamidae,"",,GlobTherm,animal,TRUE,""
Ctenopoma acutirostre,Ctenopoma acutirostre,Animalia,Chordata,Actinopterygii,,Anabantidae,freshwater,fish,ComteOlden,animal,TRUE,""
Ctenopoma kingsleyae,Ctenopoma kingsleyae,Animalia,Chordata,Actinopterygii,,Anabantidae,freshwater,fish,ComteOlden,animal,TRUE,""
Ctenopoma muriei,Ctenopoma muriei,Animalia,Chordata,Actinopterygii,,Anabantidae,freshwater,fish,ComteOlden,animal,TRUE,""
Ctenopoma nebulosum,Ctenopoma nebulosum,Animalia,Chordata,Actinopterygii,,Anabantidae,freshwater,fish,ComteOlden,animal,TRUE,""
Ctenopoma nigropannosum,Ctenopoma nigropannosum,Animalia,Chordata,Actinopterygii,,Anabantidae,freshwater,fish,ComteOlden,animal,TRUE,""
Ctenopoma ocellatum,Ctenopoma ocellatum,Animalia,Chordata,Actinopterygii,,Anabantidae,freshwater,fish,ComteOlden,animal,TRUE,""
Ctenopoma petherici,Ctenopoma petherici,Animalia,Chordata,Actinopterygii,,Anabantidae,freshwater,fish,ComteOlden,animal,TRUE,""
Ctenops nobilis,Ctenops nobilis,Animalia,Chordata,Actinopterygii,,Osphronemidae,freshwater,fish,ComteOlden,animal,TRUE,""
Ctenotus essingtoni,Ctenotus essingtoni,,Chordata,Lepidosauria,Squamata,Scincidae,"",,GlobTherm,animal,TRUE,""
Ctenotus pantherinus,Ctenotus pantherinus,,Chordata,Lepidosauria,Squamata,Scincidae,"",,GlobTherm,animal,TRUE,""
Ctenotus regius,Ctenotus regius,,Chordata,Lepidosauria,Squamata,Scincidae,"",,GlobTherm,animal,TRUE,""
Ctenotus spaldingi,Ctenotus spaldingi,,Chordata,Lepidosauria,Squamata,Scincidae,"",,GlobTherm,animal,TRUE,""
Ctenotus taeniolatus,Ctenotus taeniolatus,,Chordata,Lepidosauria,Squamata,Scincidae,"",,GlobTherm,animal,TRUE,""
Ctenotus uber,Ctenotus uber,,Chordata,Lepidosauria,Squamata,Scincidae,"",,GlobTherm,animal,TRUE,""
Cucujus clavipes,Cucujus clavipes,,Arthropoda,Insecta,Coleoptera,Cucujidae,"",,GlobTherm,animal,TRUE,""
Culaea inconstans,Culaea inconstans,Animalia,Chordata,Actinopterygii,,Gasterosteidae,freshwater,fish,ComteOlden,animal,TRUE,""
Culex erethyzonfer,Culex erethyzonfer,Metazoa,Arthropoda,Insecta,Diptera,Culicidae,freshwater,invertebrate,ThermoFresh,animal,TRUE,""
Culex pipiens,Culex pipiens,Metazoa,Arthropoda,Insecta,Diptera,Culicidae,freshwater,invertebrate,ThermoFresh,animal,TRUE,""
Cultus aestivalis,Cultus aestivalis,Metazoa,Arthropoda,Insecta,Plecoptera,Perlodidae,freshwater,invertebrate,ThermoFresh,animal,TRUE,""
Cunningtonia longiventralis,Cunningtonia longiventralis,Animalia,Chordata,Actinopterygii,,Cichlidae,freshwater,fish,ComteOlden,animal,TRUE,""
Cunonia capensis,Cunonia capensis,,Streptophyta,Spermatophyta,Oxalidales,Cunoniaceae,"",,GlobTherm,non_animal,FALSE,Taxon is not an animal
Cupressus sempervirens,Cupressus sempervirens,,Streptophyta,Spermatophyta,Cupressales,Cupressaceae,"",,GlobTherm,non_animal,FALSE,Taxon is not an animal
Cussonia paniculata,Cussonia paniculata,,Streptophyta,Spermatophyta,Apiales,Araliaceae,"",,GlobTherm,non_animal,FALSE,Taxon is not an animal
Cyathopharynx furcifer,Cyathopharynx furcifer,Animalia,Chordata,Actinopterygii,,Cichlidae,freshwater,fish,ComteOlden,animal,TRUE,""
Cybiosarda elegans,Cybiosarda elegans,Animalia,Chordata,Actinopterygii,,Scombridae,marine,fish,ComteOlden,animal,TRUE,""
Cycleptus elongatus,Cycleptus elongatus,Animalia,Chordata,Actinopterygii,,Catostomidae,freshwater,fish,ComteOlden,animal,TRUE,""
Cycleptus meridionalis,Cycleptus meridionalis,Animalia,Chordata,Actinopterygii,,Catostomidae,freshwater,fish,ComteOlden,animal,TRUE,""
Cyclocheilichthys apogon,Cyclocheilichthys apogon,Animalia,Chordata,Actinopterygii,,Cyprinidae,freshwater,fish,ComteOlden,animal,TRUE,""
Cyclodomorphus branchialis,Cyclodomorphus branchialis,,Chordata,Lepidosauria,Squamata,Scincidae,"",,GlobTherm,animal,TRUE,""
Cyclodomorphus melanops,Cyclodomorphus melanops,,Chordata,Lepidosauria,Squamata,Scincidae,"",,GlobTherm,animal,TRUE,""
Cyclonaias necki,Cyclonaias necki,Metazoa,Mollusca,Bivalvia,Unionida,Unionidae,freshwater,invertebrate,ThermoFresh,animal,TRUE,""
Cyclopharynx fwae,Cyclopharynx fwae,Animalia,Chordata,Actinopterygii,,Cichlidae,freshwater,fish,ComteOlden,animal,TRUE,""
Cyclorana alboguttatus,Cyclorana alboguttatus,,Chordata,Amphibia,Anura,Hylidae,"",,GlobTherm,animal,TRUE,""
Cyclorana brevipes,Cyclorana brevipes,,Chordata,Amphibia,Anura,Hylidae,"",,GlobTherm,animal,TRUE,""
Cymatoceps nasutus,Cymatoceps nasutus,Animalia,Chordata,Actinopterygii,,Sparidae,marine,fish,ComteOlden,animal,TRUE,""
Cymatogaster aggregata,Cymatogaster aggregata,Animalia,Chordata,Actinopterygii,,Embiotocidae,freshwater,fish,ComteOlden,animal,TRUE,""
Cymolutes praetextatus,Cymolutes praetextatus,Animalia,Chordata,Actinopterygii,,Labridae,marine,fish,ComteOlden,animal,TRUE,""
Cymolutes torquatus,Cymolutes torquatus,Animalia,Chordata,Actinopterygii,,Labridae,marine,fish,ComteOlden,animal,TRUE,""
Cynoscion nebulosus,Cynoscion nebulosus,Animalia,Chordata,Actinopterygii,,Sciaenidae,marine,fish,ComteOlden,animal,TRUE,""
Cyphomyrus discorhynchus,Cyphomyrus discorhynchus,Animalia,Chordata,Actinopterygii,,Mormyridae,freshwater,fish,ComteOlden,animal,TRUE,""
Cyphotilapia frontosa,Cyphotilapia frontosa,Animalia,Chordata,Actinopterygii,,Cichlidae,freshwater,fish,ComteOlden,animal,TRUE,""
Cyprichromis leptosoma,Cyprichromis leptosoma,Animalia,Chordata,Actinopterygii,,Cichlidae,freshwater,fish,ComteOlden,animal,TRUE,""
Cyprichromis microlepidotus,Cyprichromis microlepidotus,Animalia,Chordata,Actinopterygii,,Cichlidae,freshwater,fish,ComteOlden,animal,TRUE,""
Cyprinella analostana,Cyprinella analostana,Animalia,Chordata,Actinopterygii,,Cyprinidae,freshwater,fish,ComteOlden,animal,TRUE,""
Cyprinella caerulea,Cyprinella caerulea,Animalia,Chordata,Actinopterygii,,Cyprinidae,freshwater,fish,ComteOlden,animal,TRUE,""
Cyprinella callisema,Cyprinella callisema,Animalia,Chordata,Actinopterygii,,Cyprinidae,freshwater,fish,ComteOlden,animal,TRUE,""
Cyprinella callistia,Cyprinella callistia,Animalia,Chordata,Actinopterygii,,Cyprinidae,freshwater,fish,ComteOlden,animal,TRUE,""
Cyprinella callitaenia,Cyprinella callitaenia,Animalia,Chordata,Actinopterygii,,Cyprinidae,freshwater,fish,ComteOlden,animal,TRUE,""
Cyprinella camura,Cyprinella camura,Animalia,Chordata,Actinopterygii,,Cyprinidae,freshwater,fish,ComteOlden,animal,TRUE,""
Cyprinella chloristia,Cyprinella chloristia,Animalia,Chordata,Actinopterygii,,Cyprinidae,freshwater,fish,ComteOlden,animal,TRUE,""
Cyprinella formosa,Cyprinella formosa,Animalia,Chordata,Actinopterygii,,Cyprinidae,freshwater,fish,ComteOlden,animal,TRUE,""
Cyprinella galactura,Cyprinella galactura,Animalia,Chordata,Actinopterygii,,Cyprinidae,freshwater,fish,ComteOlden,animal,TRUE,""
Cyprinella gibbsi,Cyprinella gibbsi,Animalia,Chordata,Actinopterygii,,Cyprinidae,freshwater,fish,ComteOlden,animal,TRUE,""
Cyprinella labrosa,Cyprinella labrosa,Animalia,Chordata,Actinopterygii,,Cyprinidae,freshwater,fish,ComteOlden,animal,TRUE,""
Cyprinella leedsi,Cyprinella leedsi,Animalia,Chordata,Actinopterygii,,Cyprinidae,freshwater,fish,ComteOlden,animal,TRUE,""
Cyprinella lepida,Cyprinella lepida,Animalia,Chordata,Actinopterygii,,Cyprinidae,freshwater,fish,ComteOlden,animal,TRUE,""
Cyprinella lutrensis,Cyprinella lutrensis,Metazoa,Chordata,Actinopteri,Cypriniformes,Cyprinidae,freshwater,fish,ComteOlden;GlobTherm;ThermoFresh,animal,TRUE,""
Cyprinella monacha,Cyprinella monacha,Animalia,Chordata,Actinopterygii,,Cyprinidae,freshwater,fish,ComteOlden,animal,TRUE,""
Cyprinella nivea,Cyprinella nivea,Animalia,Chordata,Actinopterygii,,Cyprinidae,freshwater,fish,ComteOlden,animal,TRUE,""
Cyprinella proserpina,Cyprinella proserpina,Animalia,Chordata,Actinopterygii,,Cyprinidae,freshwater,fish,ComteOlden,animal,TRUE,""
Cyprinella pyrrhomelas,Cyprinella pyrrhomelas,Animalia,Chordata,Actinopterygii,,Cyprinidae,freshwater,fish,ComteOlden,animal,TRUE,""
Cyprinella spiloptera,Cyprinella spiloptera,Metazoa,Chordata,Actinopteri,Cypriniformes,Cyprinidae,freshwater,fish,ComteOlden;ThermoFresh,animal,TRUE,""
Cyprinella spilopteraa,Cyprinella spiloptera<a0>,,Chordata,Actinopteri,Cypriniformes,Cyprinidae,"",,GlobTherm,animal,TRUE,""
Cyprinella trichroistia,Cyprinella trichroistia,Animalia,Chordata,Actinopterygii,,Cyprinidae,freshwater,fish,ComteOlden,animal,TRUE,""
Cyprinella venusta,Cyprinella venusta,Animalia,Chordata,Actinopterygii,,Cyprinidae,freshwater,fish,ComteOlden,animal,TRUE,""
Cyprinella whipplei,Cyprinella whipplei,Animalia,Chordata,Actinopterygii,,Cyprinidae,freshwater,fish,ComteOlden,animal,TRUE,""
Cyprinella xaenura,Cyprinella xaenura,Animalia,Chordata,Actinopterygii,,Cyprinidae,freshwater,fish,ComteOlden,animal,TRUE,""
Cyprinella zanema,Cyprinella zanema,Animalia,Chordata,Actinopterygii,,Cyprinidae,freshwater,fish,ComteOlden,animal,TRUE,""
Cyprinion kais,Cyprinion kais,Animalia,Chordata,Actinopterygii,,Cyprinidae,freshwater,fish,ComteOlden,animal,TRUE,""
Cyprinion macrostomum,Cyprinion macrostomum,Animalia,Chordata,Actinopterygii,Cypriniformes,Cyprinidae,freshwater,fish,ComteOlden;ThermoFresh,animal,TRUE,""
Cyprinodon artifrons,Cyprinodon artifrons,Metazoa,Chordata,Actinopteri,Acanthomorphata,Cyprinodontidae,freshwater;mixed,fish,ComteOlden;GlobTherm;ThermoFresh,animal,TRUE,""
Cyprinodon bovinus,Cyprinodon bovinus,Metazoa,Chordata,Actinopteri,Acanthomorphata,Cyprinodontidae,freshwater,fish,ThermoFresh,animal,TRUE,""
Cyprinodon dearborni,Cyprinodon dearborni,Metazoa,Chordata,Actinopteri,Acanthomorphata,Cyprinodontidae,freshwater;marine,fish,ComteOlden;GlobTherm;ThermoFresh,animal,TRUE,""
Cyprinodon diabolis,Cyprinodon diabolis,Animalia,Chordata,Actinopterygii,Acanthomorphata,Cyprinodontidae,freshwater,fish,ComteOlden;ThermoFresh,animal,TRUE,""
Cyprinodon elegans,Cyprinodon elegans,Animalia,Chordata,Actinopterygii,,Cyprinodontidae,freshwater,fish,ComteOlden,animal,TRUE,""
Cyprinodon eximius,Cyprinodon eximius,Animalia,Chordata,Actinopterygii,,Cyprinodontidae,freshwater,fish,ComteOlden,animal,TRUE,""
Cyprinodon macularius,Cyprinodon macularius,Metazoa,Chordata,Actinopteri,Acanthomorphata,Cyprinodontidae,freshwater,fish,ComteOlden;GlobTherm;ThermoFresh,animal,TRUE,""
Cyprinodon nevadensis,Cyprinodon nevadensis,Metazoa,Chordata,Actinopteri,Acanthomorphata,Cyprinodontidae,freshwater,fish,ComteOlden;ThermoFresh,animal,TRUE,""
Cyprinodon nevadensisamargosae,Cyprinodon nevadensis_amargosae,,Chordata,Actinopteri,Cyprinodontiformes,Cyprinodontidae,"",,GlobTherm,animal,TRUE,""
Cyprinodon radiosus,Cyprinodon radiosus,Animalia,Chordata,Actinopterygii,,Cyprinodontidae,freshwater,fish,ComteOlden,animal,TRUE,""
Cyprinodon rubrofluviatilis,Cyprinodon rubrofluviatilis,Metazoa,Chordata,Actinopteri,Acanthomorphata,Cyprinodontidae,freshwater,fish,ComteOlden;ThermoFresh,animal,TRUE,""
Cyprinodon tularosa,Cyprinodon tularosa,Animalia,Chordata,Actinopterygii,,Cyprinodontidae,freshwater,fish,ComteOlden,animal,TRUE,""
Cyprinodon variegatus,Cyprinodon variegatus;Cyprinodon variegatus variegatus,Metazoa,Chordata,Actinopteri,Acanthomorphata,Cyprinodontidae,freshwater;mixed,fish,ComteOlden;GlobTherm;ThermoFresh,animal,TRUE,""
Cyprinus carpio,Cyprinus carpio,Metazoa,Chordata,Actinopteri,Cypriniformes,Cyprinidae,freshwater;mixed,fish,ComteOlden;ThermoFresh,animal,TRUE,""
Cyprinus multitaeniata,Cyprinus multitaeniata,Animalia,Chordata,Actinopterygii,,Cyprinidae,freshwater,fish,ComteOlden,animal,TRUE,""
Cyrtocara moorii,Cyrtocara moorii,Metazoa,Chordata,Actinopteri,Acanthomorphata,Cichlidae,freshwater,fish,ComteOlden;ThermoFresh,animal,TRUE,""
Cyrtodactylus philippinicus,Cyrtodactylus philippinicus,,Chordata,Lepidosauria,Squamata,Gekkonidae,"",,GlobTherm,animal,TRUE,""
Cystophora torulosa,Cystophora torulosa,,Phaeophyceae,Phaeophyceae,Fucales,Sargassaceae,"",,GlobTherm,unresolved,FALSE,Insufficient taxonomy to verify an animal consumer
Dais cotinifolia,Dais cotinifolia,,Streptophyta,Spermatophyta,Malvales,Thymelaeaceae,"",,GlobTherm,non_animal,FALSE,Taxon is not an animal
Danio aesculapii,Danio aesculapii,Animalia,Chordata,Actinopterygii,,Cyprinidae,freshwater,fish,ComteOlden,animal,TRUE,""
Danio albolineatus,Danio albolineatus,Metazoa,Chordata,Actinopteri,Cypriniformes,Cyprinidae,freshwater,fish,ComteOlden;ThermoFresh,animal,TRUE,""
Danio choprae,Danio choprae,Animalia,Chordata,Actinopterygii,,Cyprinidae,freshwater,fish,ComteOlden,animal,TRUE,""
Danio choprai,Danio choprai,Metazoa,Chordata,Actinopteri,Cypriniformes,Cyprinidae,freshwater,fish,ThermoFresh,animal,TRUE,""
Danio dangila,Danio dangila,Metazoa,Chordata,Actinopteri,Cypriniformes,Cyprinidae,freshwater,fish,ComteOlden;ThermoFresh,animal,TRUE,""
Danio erythromicron,Danio erythromicron,Animalia,Chordata,Actinopterygii,,Cyprinidae,freshwater,fish,ComteOlden,animal,TRUE,""
Danio kerri,Danio kerri,Animalia,Chordata,Actinopterygii,,Cyprinidae,freshwater,fish,ComteOlden,animal,TRUE,""
Danio kyathit,Danio kyathit,Animalia,Chordata,Actinopterygii,,Cyprinidae,freshwater,fish,ComteOlden,animal,TRUE,""
Danio margaritatus,Danio margaritatus,Animalia,Chordata,Actinopterygii,,Cyprinidae,freshwater,fish,ComteOlden,animal,TRUE,""
Danio nigrofasciatus,Danio nigrofasciatus,Animalia,Chordata,Actinopterygii,,Cyprinidae,freshwater,fish,ComteOlden,animal,TRUE,""
Danio rerio,Danio rerio,Metazoa,Chordata,Actinopteri,Cypriniformes,Cyprinidae,freshwater,fish,ComteOlden;ThermoFresh,animal,TRUE,""
Danio roseus,Danio roseus,Animalia,Chordata,Actinopterygii,,Cyprinidae,freshwater,fish,ComteOlden,animal,TRUE,""
Danionella mirifica,Danionella mirifica,Animalia,Chordata,Actinopterygii,,Cyprinidae,freshwater,fish,ComteOlden,animal,TRUE,""
Danionella translucida,Danionella translucida,Animalia,Chordata,Actinopterygii,,Cyprinidae,freshwater,fish,ComteOlden,animal,TRUE,""
Daphnia galeata,Daphnia galeata,Metazoa,Arthropoda,Branchiopoda,Diplostraca,Daphniidae,freshwater,invertebrate,ThermoFresh,animal,TRUE,""
Daphnia magna,Daphnia magna,Metazoa,Arthropoda,Branchiopoda,Diplostraca,Daphniidae,mixed,invertebrate,ThermoFresh,animal,TRUE,""
Daphnia pulicaria,Daphnia pulicaria,Metazoa,Arthropoda,Branchiopoda,Diplostraca,Daphniidae,freshwater,invertebrate,ThermoFresh,animal,TRUE,""
Daphnia tenebrosa,Daphnia tenebrosa,Metazoa,Arthropoda,Branchiopoda,Diplostraca,Daphniidae,freshwater,invertebrate,ThermoFresh,animal,TRUE,""
Dario dario,Dario dario,Animalia,Chordata,Actinopterygii,,Badidae,freshwater,fish,ComteOlden,animal,TRUE,""
Dario hysginon,Dario hysginon,Animalia,Chordata,Actinopterygii,,Badidae,freshwater,fish,ComteOlden,animal,TRUE,""
Dascyllus aruanus,Dascyllus aruanus,Animalia,Chordata,Actinopterygii,Perciformes,Pomacentridae,marine,fish,ComteOlden;GlobTherm,animal,TRUE,""
Dasyatis sabina,Dasyatis sabina,Metazoa,Chordata,Chondrichthyes,Myliobatiformes,Dasyatidae,mixed,fish,GlobTherm;ThermoFresh,animal,TRUE,""
Datnioides polota,Datnioides polota,Animalia,Chordata,Actinopterygii,,Datnioididae,freshwater,fish,ComteOlden,animal,TRUE,""
Dawkinsia arulius,Dawkinsia arulius,Animalia,Chordata,Actinopterygii,,Cyprinidae,freshwater,fish,ComteOlden,animal,TRUE,""
Dawkinsia filamentosa,Dawkinsia filamentosa,Animalia,Chordata,Actinopterygii,,Cyprinidae,freshwater,fish,ComteOlden,animal,TRUE,""
Decodon melasma,Decodon melasma,Animalia,Chordata,Actinopterygii,,Labridae,marine,fish,ComteOlden,animal,TRUE,""
Delminichthys adspersus,Delminichthys adspersus,Animalia,Chordata,Actinopterygii,,Cyprinidae,freshwater,fish,ComteOlden,animal,TRUE,""
Delminichthys ghetaldii,Delminichthys ghetaldii,Animalia,Chordata,Actinopterygii,,Cyprinidae,freshwater,fish,ComteOlden,animal,TRUE,""
Delminichthys jadovensis,Delminichthys jadovensis,Animalia,Chordata,Actinopterygii,,Cyprinidae,freshwater,fish,ComteOlden,animal,TRUE,""
Delminichthys krbavensis,Delminichthys krbavensis,Animalia,Chordata,Actinopterygii,,Cyprinidae,freshwater,fish,ComteOlden,animal,TRUE,""
Deltistes luxatus,Deltistes luxatus,Animalia,Chordata,Actinopterygii,Cypriniformes,Catostomidae,freshwater,fish,ComteOlden;ThermoFresh,animal,TRUE,""
Demoreptus capensis,Demoreptus capensis,Metazoa,Arthropoda,Insecta,Ephemeroptera,Baetidae,freshwater,invertebrate,ThermoFresh,animal,TRUE,""
Dendrobates auratus,Dendrobates auratus,,Chordata,Amphibia,Anura,Dendrobatidae,"",,GlobTherm,animal,TRUE,""
Dentex abei,Dentex abei,Animalia,Chordata,Actinopterygii,,Sparidae,marine,fish,ComteOlden,animal,TRUE,""
Dentex angolensis,Dentex angolensis,Animalia,Chordata,Actinopterygii,,Sparidae,marine,fish,ComteOlden,animal,TRUE,""
Dentex canariensis,Dentex canariensis,Animalia,Chordata,Actinopterygii,,Sparidae,marine,fish,ComteOlden,animal,TRUE,""
Dentex dentex,Dentex dentex,Animalia,Chordata,Actinopterygii,,Sparidae,marine,fish,ComteOlden,animal,TRUE,""
Dentex macrophthalmus,Dentex macrophthalmus,Animalia,Chordata,Actinopterygii,,Sparidae,marine,fish,ComteOlden,animal,TRUE,""
Dentex tumifrons,Dentex tumifrons,Animalia,Chordata,Actinopterygii,,Sparidae,marine,fish,ComteOlden,animal,TRUE,""
Denticeps clupeoides,Denticeps clupeoides,Animalia,Chordata,Actinopterygii,,Denticipitidae,freshwater,fish,ComteOlden,animal,TRUE,""
Dermatocarpon fluviatile,Dermatocarpon fluviatile,,Ascomycota,Eurotiomycetes,Verrucariales,Verrucariaceae,"",,GlobTherm,non_animal,FALSE,Taxon is not an animal
Deronectes latus,Deronectes latus,Metazoa,Arthropoda,Insecta,Coleoptera,Dytiscidae,freshwater,invertebrate,ThermoFresh,animal,TRUE,""
Desfontainia spinosa,Desfontainia spinosa,,Streptophyta,Spermatophyta,Bruniales,Columelliaceae,"",,GlobTherm,non_animal,FALSE,Taxon is not an animal
Desmognathus fuscus,Desmognathus fuscus,,Chordata,Amphibia,Caudata,Plethodontidae,"",,GlobTherm,animal,TRUE,""
Desmognathus ochrophaeus,Desmognathus ochrophaeus,,Chordata,Amphibia,Caudata,Plethodontidae,"",,GlobTherm,animal,TRUE,""
Desmognathus quadramaculatus,Desmognathus quadramaculatus,,Chordata,Amphibia,Caudata,Plethodontidae,"",,GlobTherm,animal,TRUE,""
Desmopuntius johorensis,Desmopuntius johorensis,Animalia,Chordata,Actinopterygii,,Cyprinidae,freshwater,fish,ComteOlden,animal,TRUE,""
Devario aequipinnatus,Devario aequipinnatus,Animalia,Chordata,Actinopterygii,,Cyprinidae,freshwater,fish,ComteOlden,animal,TRUE,""
Devario annandalei,Devario annandalei,Animalia,Chordata,Actinopterygii,,Cyprinidae,freshwater,fish,ComteOlden,animal,TRUE,""
Devario anomalus,Devario anomalus,Animalia,Chordata,Actinopterygii,,Cyprinidae,freshwater,fish,ComteOlden,animal,TRUE,""
Devario auropurpureus,Devario auropurpureus,Animalia,Chordata,Actinopterygii,,Cyprinidae,freshwater,fish,ComteOlden,animal,TRUE,""
Devario chrysotaeniatus,Devario chrysotaeniatus,Animalia,Chordata,Actinopterygii,,Cyprinidae,freshwater,fish,ComteOlden,animal,TRUE,""
Devario devario,Devario devario,Animalia,Chordata,Actinopterygii,,Cyprinidae,freshwater,fish,ComteOlden,animal,TRUE,""
Devario kakhienensis,Devario kakhienensis,Animalia,Chordata,Actinopterygii,,Cyprinidae,freshwater,fish,ComteOlden,animal,TRUE,""
Devario laoensis,Devario laoensis,Animalia,Chordata,Actinopterygii,,Cyprinidae,freshwater,fish,ComteOlden,animal,TRUE,""
Devario maetaengensis,Devario maetaengensis,Animalia,Chordata,Actinopterygii,,Cyprinidae,freshwater,fish,ComteOlden,animal,TRUE,""
Devario regina,Devario regina,Metazoa,Chordata,Actinopteri,Cypriniformes,Cyprinidae,freshwater,fish,ComteOlden;ThermoFresh,animal,TRUE,""
Devario shanensis,Devario shanensis,Animalia,Chordata,Actinopterygii,,Cyprinidae,freshwater,fish,ComteOlden,animal,TRUE,""
Diapterus rhombeus,Diapterus rhombeus,Metazoa,Chordata,Actinopteri,Acanthomorphata,Gerreidae,mixed,fish,ThermoFresh,animal,TRUE,""
Dicentrarchus labrax,Dicentrarchus labrax,Metazoa,Chordata,Actinopteri,Acanthomorphata,Moronidae,freshwater;mixed,fish,ComteOlden;GlobTherm;ThermoFresh,animal,TRUE,""
Dikerogammarus villosus,Dikerogammarus villosus,Metazoa,Arthropoda,Malacostraca,Amphipoda,Gammaridae,mixed,invertebrate,ThermoFresh,animal,TRUE,""
Dimidiochromis strigatus,Dimidiochromis strigatus,Animalia,Chordata,Actinopterygii,,Cichlidae,freshwater,fish,ComteOlden,animal,TRUE,""
Dinocras cephalotes,Dinocras cephalotes,Metazoa,Arthropoda,Insecta,Plecoptera,Perlidae,freshwater,invertebrate,ThermoFresh,animal,TRUE,""
Dinotopterus cunningtoni,Dinotopterus cunningtoni,Animalia,Chordata,Actinopterygii,,Clariidae,freshwater,fish,ComteOlden,animal,TRUE,""
Dionda argentosa,Dionda argentosa,Animalia,Chordata,Actinopterygii,,Cyprinidae,freshwater,fish,ComteOlden,animal,TRUE,""
Dionda diaboli,Dionda diaboli,Metazoa,Chordata,Actinopteri,Cypriniformes,Cyprinidae,freshwater,fish,ComteOlden;ThermoFresh,animal,TRUE,""
Dionda episcopa,Dionda episcopa,Animalia,Chordata,Actinopterygii,,Cyprinidae,freshwater,fish,ComteOlden,animal,TRUE,""
Dionda nigrotaeniata,Dionda nigrotaeniata,Animalia,Chordata,Actinopterygii,,Cyprinidae,freshwater,fish,ComteOlden,animal,TRUE,""
Dionda serena,Dionda serena,Animalia,Chordata,Actinopterygii,,Cyprinidae,freshwater,fish,ComteOlden,animal,TRUE,""
Diosma ericoides,Diosma ericoides,,Streptophyta,Spermatophyta,Sapindales,Rutaceae,"",,GlobTherm,non_animal,FALSE,Taxon is not an animal
Diphetor hageni,Diphetor hageni,Metazoa,Arthropoda,Insecta,Ephemeroptera,Baetidae,freshwater,invertebrate,ThermoFresh,animal,TRUE,""
Diplectrum formosum,Diplectrum formosum,Animalia,Chordata,Actinopterygii,,Serranidae,marine,fish,ComteOlden,animal,TRUE,""
Diplectrum maximum,Diplectrum maximum,Animalia,Chordata,Actinopterygii,,Serranidae,marine,fish,ComteOlden,animal,TRUE,""
Diplectrum pacificum,Diplectrum pacificum,Animalia,Chordata,Actinopterygii,,Serranidae,marine,fish,ComteOlden,animal,TRUE,""
Diplodus argenteus,Diplodus argenteus argenteus,Animalia,Chordata,Actinopterygii,,Sparidae,marine,fish,ComteOlden,animal,TRUE,""
Diplodus bellottii,Diplodus bellottii,Animalia,Chordata,Actinopterygii,Spariformes,Sparidae,marine,fish,ComteOlden;GlobTherm,animal,TRUE,""
Diplodus bermudensis,Diplodus bermudensis,Animalia,Chordata,Actinopterygii,,Sparidae,marine,fish,ComteOlden,animal,TRUE,""
Diplodus cervinus,Diplodus cervinus,Animalia,Chordata,Actinopterygii,,Sparidae,marine,fish,ComteOlden,animal,TRUE,""
Diplodus fasciatus,Diplodus fasciatus,Animalia,Chordata,Actinopterygii,,Sparidae,marine,fish,ComteOlden,animal,TRUE,""
Diplodus holbrookii,Diplodus holbrookii,Animalia,Chordata,Actinopterygii,,Sparidae,marine,fish,ComteOlden,animal,TRUE,""
Diplodus noct,Diplodus noct,Animalia,Chordata,Actinopterygii,,Sparidae,marine,fish,ComteOlden,animal,TRUE,""
Diplodus prayensis,Diplodus prayensis,Animalia,Chordata,Actinopterygii,,Sparidae,marine,fish,ComteOlden,animal,TRUE,""
Diplodus puntazzo,Diplodus puntazzo,Animalia,Chordata,Actinopterygii,,Sparidae,marine,fish,ComteOlden,animal,TRUE,""
Diplodus sargus,Diplodus sargus;Diplodus sargus sargus,Metazoa,Chordata,Actinopteri,Acanthomorphata,Sparidae,marine;mixed,fish,ComteOlden;GlobTherm;ThermoFresh,animal,TRUE,""
Diplodus vulgaris,Diplodus vulgaris,Animalia,Chordata,Actinopterygii,Spariformes,Sparidae,marine,fish,ComteOlden;GlobTherm,animal,TRUE,""
Diploschistes gypsaceus,Diploschistes gypsaceus,,Ascomycota,Lecanoromycetes,Ostropales,Graphidaceae,"",,GlobTherm,non_animal,FALSE,Taxon is not an animal
Diplotaxodon greenwoodi,Diplotaxodon greenwoodi,Animalia,Chordata,Actinopterygii,,Cichlidae,freshwater,fish,ComteOlden,animal,TRUE,""
Diplotaxodon macrops,Diplotaxodon macrops,Animalia,Chordata,Actinopterygii,,Cichlidae,freshwater,fish,ComteOlden,animal,TRUE,""
Dipoena inornata,Dipoena inornata,,Arthropoda,Arachnida,Araneae,Theridiidae,"",,GlobTherm,animal,TRUE,""
Diproctacanthus xanthurus,Diproctacanthus xanthurus,Animalia,Chordata,Actinopterygii,,Labridae,marine,fish,ComteOlden,animal,TRUE,""
Dipsosaurus dorsalis,Dipsosaurus dorsalis,,Chordata,Lepidosauria,Squamata,Iguanidae,"",,GlobTherm,animal,TRUE,""
Dirca occidentalis,Dirca occidentalis,,Streptophyta,Spermatophyta,Malvales,Thymelaeaceae,"",,GlobTherm,non_animal,FALSE,Taxon is not an animal
Discocheilus wui,Discocheilus wui,Animalia,Chordata,Actinopterygii,,Cyprinidae,freshwater,fish,ComteOlden,animal,TRUE,""
Distaplia occidentalis,Distaplia occidentalis,,Chordata,Ascidiacea,Enterogona,Clavelinidae,"",,GlobTherm,animal,TRUE,""
Distichodus affinis,Distichodus affinis,Animalia,Chordata,Actinopterygii,,Distichodontidae,freshwater,fish,ComteOlden,animal,TRUE,""
Distichodus decemmaculatus,Distichodus decemmaculatus,Animalia,Chordata,Actinopterygii,,Distichodontidae,freshwater,fish,ComteOlden,animal,TRUE,""
Distichodus fasciolatus,Distichodus fasciolatus,Animalia,Chordata,Actinopterygii,,Distichodontidae,freshwater,fish,ComteOlden,animal,TRUE,""
Distichodus hypostomatus,Distichodus hypostomatus,Animalia,Chordata,Actinopterygii,,Distichodontidae,freshwater,fish,ComteOlden,animal,TRUE,""
Distichodus lusosso,Distichodus lusosso,Animalia,Chordata,Actinopterygii,,Distichodontidae,freshwater,fish,ComteOlden,animal,TRUE,""
Distichodus notospilus,Distichodus notospilus,Animalia,Chordata,Actinopterygii,,Distichodontidae,freshwater,fish,ComteOlden,animal,TRUE,""
Distichodus sexfasciatus,Distichodus sexfasciatus,Animalia,Chordata,Actinopterygii,,Distichodontidae,freshwater,fish,ComteOlden,animal,TRUE,""
Divaricella irpex,Divaricella irpex,,Mollusca,Bivalvia,Lucinoida,Lucinidae,"",,GlobTherm,animal,TRUE,""
Dodonaea viscosa,Dodonaea viscosa,,Streptophyta,Spermatophyta,Sapindales,Sapindaceae,"",,GlobTherm,non_animal,FALSE,Taxon is not an animal
Dolichoderus beccarii,Dolichoderus beccarii,,Arthropoda,Insecta,Hymenoptera,Formicidae,"",,GlobTherm,animal,TRUE,""
Dolichoderus cuspidatus,Dolichoderus cuspidatus,,Arthropoda,Insecta,Hymenoptera,Formicidae,"",,GlobTherm,animal,TRUE,""
Dolophilodes distinctus,Dolophilodes distinctus,Metazoa,Arthropoda,Insecta,Trichoptera,Philopotamidae,freshwater,invertebrate,ThermoFresh,animal,TRUE,""
Donax serra,Donax serra,,Mollusca,Bivalvia,Veneroida,Donacidae,"",,GlobTherm,animal,TRUE,""
Donax sordidus,Donax sordidus,,Mollusca,Bivalvia,Veneroida,Donacidae,"",,GlobTherm,animal,TRUE,""
Dorosoma cepedianum,Dorosoma cepedianum,Animalia,Chordata,Actinopterygii,Clupeiformes,Clupeidae,freshwater;mixed,fish,ComteOlden;ThermoFresh,animal,TRUE,""
Dorosoma petenense,Dorosoma petenense,Metazoa,Chordata,Actinopteri,Clupeiformes,Clupeidae,freshwater;mixed,fish,ComteOlden;ThermoFresh,animal,TRUE,""
Dovyalis caffra,Dovyalis caffra,,Streptophyta,Spermatophyta,Malpighiales,Salicaceae,"",,GlobTherm,non_animal,FALSE,Taxon is not an animal
Dracophyllum muscoides,Dracophyllum muscoides,,Streptophyta,Spermatophyta,Ericales,Ericaceae,"",,GlobTherm,non_animal,FALSE,Taxon is not an animal
Dreissena polymorpha,Dreissena polymorpha,Metazoa,Rotifera,Monogononta,Ploima,Brachionidae,mixed,invertebrate,ThermoFresh,animal,TRUE,""
Drimys winteri,Drimys winteri,,Streptophyta,Spermatophyta,Canellales,Winteraceae,"",,GlobTherm,non_animal,FALSE,Taxon is not an animal
Drosophila angularis,Drosophila angularis,,Arthropoda,Insecta,Diptera,Drosophilidae,"",,GlobTherm,animal,TRUE,""
Drosophila auraria,Drosophila auraria,,Arthropoda,Insecta,Diptera,Drosophilidae,"",,GlobTherm,animal,TRUE,""
Drosophila biauraria,Drosophila biauraria,,Arthropoda,Insecta,Diptera,Drosophilidae,"",,GlobTherm,animal,TRUE,""
Drosophila bipectinata,Drosophila bipectinata,,Arthropoda,Insecta,Diptera,Drosophilidae,"",,GlobTherm,animal,TRUE,""
Drosophila birchii,Drosophila birchii,,Arthropoda,Insecta,Diptera,Drosophilidae,"",,GlobTherm,animal,TRUE,""
Drosophila bizonata,Drosophila bizonata,,Arthropoda,Insecta,Diptera,Drosophilidae,"",,GlobTherm,animal,TRUE,""
Drosophila bocki,Drosophila bocki,,Arthropoda,Insecta,Diptera,Drosophilidae,"",,GlobTherm,animal,TRUE,""
Drosophila brachynephros,Drosophila brachynephros,,Arthropoda,Insecta,Diptera,Drosophilidae,"",,GlobTherm,animal,TRUE,""
Drosophila curviceps,Drosophila curviceps,,Arthropoda,Insecta,Diptera,Drosophilidae,"",,GlobTherm,animal,TRUE,""
Drosophila curvispina,Drosophila curvispina,,Arthropoda,Insecta,Diptera,Drosophilidae,"",,GlobTherm,animal,TRUE,""
Drosophila daruma,Drosophila daruma,,Arthropoda,Insecta,Diptera,Drosophilidae,"",,GlobTherm,animal,TRUE,""
Drosophila elegans,Drosophila elegans,,Arthropoda,Insecta,Diptera,Drosophilidae,"",,GlobTherm,animal,TRUE,""
Drosophila ficusphila,Drosophila ficusphila,,Arthropoda,Insecta,Diptera,Drosophilidae,"",,GlobTherm,animal,TRUE,""
Drosophila guttifera,Drosophila guttifera,,Arthropoda,Insecta,Diptera,Drosophilidae,"",,GlobTherm,animal,TRUE,""
Drosophila immigrans,Drosophila immigrans,,Arthropoda,Insecta,Diptera,Drosophilidae,"",,GlobTherm,animal,TRUE,""
Drosophila kanekoi,Drosophila kanekoi,,Arthropoda,Insecta,Diptera,Drosophilidae,"",,GlobTherm,animal,TRUE,""
Drosophila lacertosa,Drosophila lacertosa,,Arthropoda,Insecta,Diptera,Drosophilidae,"",,GlobTherm,animal,TRUE,""
Drosophila lacteicornis,Drosophila lacteicornis,,Arthropoda,Insecta,Diptera,Drosophilidae,"",,GlobTherm,animal,TRUE,""
Drosophila lutescens,Drosophila lutescens,,Arthropoda,Insecta,Diptera,Drosophilidae,"",,GlobTherm,animal,TRUE,""
Drosophila neotestacea,Drosophila neotestacea,,Arthropoda,Insecta,Diptera,Drosophilidae,"",,GlobTherm,animal,TRUE,""
Drosophila nigromaculata,Drosophila nigromaculata,,Arthropoda,Insecta,Diptera,Drosophilidae,"",,GlobTherm,animal,TRUE,""
Drosophila orientacea,Drosophila orientacea,,Arthropoda,Insecta,Diptera,Drosophilidae,"",,GlobTherm,animal,TRUE,""
Drosophila putrida,Drosophila putrida,,Arthropoda,Insecta,Diptera,Drosophilidae,"",,GlobTherm,animal,TRUE,""
Drosophila quadrilineata,Drosophila quadrilineata,,Arthropoda,Insecta,Diptera,Drosophilidae,"",,GlobTherm,animal,TRUE,""
Drosophila recens,Drosophila recens,,Arthropoda,Insecta,Diptera,Drosophilidae,"",,GlobTherm,animal,TRUE,""
Drosophila ruberrima,Drosophila ruberrima,,Arthropoda,Insecta,Diptera,Drosophilidae,"",,GlobTherm,animal,TRUE,""
Drosophila rufa,Drosophila rufa,,Arthropoda,Insecta,Diptera,Drosophilidae,"",,GlobTherm,animal,TRUE,""
Drosophila serrata,Drosophila serrata,,Arthropoda,Insecta,Diptera,Drosophilidae,"",,GlobTherm,animal,TRUE,""
Drosophila sternopleuralis,Drosophila sternopleuralis,,Arthropoda,Insecta,Diptera,Drosophilidae,"",,GlobTherm,animal,TRUE,""
Drosophila suzukii,Drosophila suzukii,,Arthropoda,Insecta,Diptera,Drosophilidae,"",,GlobTherm,animal,TRUE,""
Drosophila takahashii,Drosophila takahashii,,Arthropoda,Insecta,Diptera,Drosophilidae,"",,GlobTherm,animal,TRUE,""
Drosophila unispina,Drosophila unispina,,Arthropoda,Insecta,Diptera,Drosophilidae,"",,GlobTherm,animal,TRUE,""
Drosophila validus,Drosophila validus,,Arthropoda,Insecta,Diptera,Drosophilidae,"",,GlobTherm,animal,TRUE,""
Drunella coloradensis,Drunella coloradensis,Metazoa,Arthropoda,Insecta,Ephemeroptera,Ephemerellidae,freshwater,invertebrate,ThermoFresh,animal,TRUE,""
Drunella doddsi,Drunella doddsi,Metazoa,Arthropoda,Insecta,Ephemeroptera,Ephemerellidae,freshwater,invertebrate,ThermoFresh,animal,TRUE,""
Drunella doddsii,Drunella doddsii,Metazoa,Arthropoda,Insecta,Ephemeroptera,Ephemerellidae,freshwater,invertebrate,ThermoFresh,animal,TRUE,""
Drunella grandis,Drunella grandis,Metazoa,Arthropoda,Insecta,Ephemeroptera,Ephemerellidae,freshwater,invertebrate,ThermoFresh,animal,TRUE,""
Drusus annulatus,Drusus annulatus,Metazoa,Arthropoda,Insecta,Trichoptera,Limnephilidae,freshwater,invertebrate,ThermoFresh,animal,TRUE,""
Dugesia gonocephala,Dugesia gonocephala,Metazoa,Platyhelminthes,Rhabditophora,Seriata,Dugesiidae,freshwater,invertebrate,ThermoFresh,animal,TRUE,""
Ecdyonurus insignis,Ecdyonurus insignis,Metazoa,Arthropoda,Insecta,Ephemeroptera,Heptageniidae,freshwater,invertebrate,ThermoFresh,animal,TRUE,""
Ecdyonurus venosus,Ecdyonurus venosus,Metazoa,Arthropoda,Insecta,Ephemeroptera,Heptageniidae,freshwater,invertebrate,ThermoFresh,animal,TRUE,""
Echinocladius martini,Echinocladius martini,Metazoa,Arthropoda,Insecta,Diptera,Chironomidae,freshwater,invertebrate,ThermoFresh,animal,TRUE,""
Echinogammarus berilloni,Echinogammarus berilloni,Metazoa,Arthropoda,Malacostraca,Amphipoda,Gammaridae,mixed,invertebrate,ThermoFresh,animal,TRUE,""
Echinogammarus ischnus,Echinogammarus ischnus,Metazoa,Arthropoda,Malacostraca,Amphipoda,Gammaridae,mixed,invertebrate,ThermoFresh,animal,TRUE,""
Echinometra lucunter,Echinometra lucunter,,Echinodermata,Echinoidea,Echinoida,Echinometridae,"",,GlobTherm,animal,TRUE,""
Ecklonia maxima,Ecklonia maxima,,Phaeophyceae,Phaeophyceae,Laminariales,Lessoniaceae,"",,GlobTherm,unresolved,FALSE,Insufficient taxonomy to verify an animal consumer
Ecklonia radiata,Ecklonia radiata,,Phaeophyceae,Phaeophyceae,Laminariales,Lessoniaceae,"",,GlobTherm,unresolved,FALSE,Insufficient taxonomy to verify an animal consumer
Economidichthys pygmaeus,Economidichthys pygmaeus,Animalia,Chordata,Actinopterygii,,Gobiidae,freshwater,fish,ComteOlden,animal,TRUE,""
Ecsenius bicolor,Ecsenius bicolor,Animalia,Chordata,Actinopterygii,,Blenniidae,marine,fish,ComteOlden,animal,TRUE,""
Ecsenius midas,Ecsenius midas,Animalia,Chordata,Actinopterygii,,Blenniidae,marine,fish,ComteOlden,animal,TRUE,""
Ectemnorhinus marioni,Ectemnorhinus marioni,,Arthropoda,Insecta,Coleoptera,Brachyceridae,"",,GlobTherm,animal,TRUE,""
Ectemnorhinus similis,Ectemnorhinus similis,,Arthropoda,Insecta,Coleoptera,Brachyceridae,"",,GlobTherm,animal,TRUE,""
Ectemnorhinus viridis,Ectemnorhinus viridis,,Arthropoda,Insecta,Coleoptera,Brachyceridae,"",,GlobTherm,animal,TRUE,""
Ectodus descampsii,Ectodus descampsii,Animalia,Chordata,Actinopterygii,,Cichlidae,freshwater,fish,ComteOlden,animal,TRUE,""
Egernia cunninghami,Egernia cunninghami,,Chordata,Lepidosauria,Squamata,Scincidae,"",,GlobTherm,animal,TRUE,""
Egernia inornata,Egernia inornata,,Chordata,Lepidosauria,Squamata,Scincidae,"",,GlobTherm,animal,TRUE,""
Egernia saxatilis,Egernia saxatilis,,Chordata,Lepidosauria,Squamata,Scincidae,"",,GlobTherm,animal,TRUE,""
Egernia striolata,Egernia striolata,,Chordata,Lepidosauria,Squamata,Scincidae,"",,GlobTherm,animal,TRUE,""
Egernia whitii,Egernia whitii,,Chordata,Lepidosauria,Squamata,Scincidae,"",,GlobTherm,animal,TRUE,""
Elaeocarpus dentatus,Elaeocarpus dentatus,,Streptophyta,Spermatophyta,Oxalidales,Elaeocarpaceae,"",,GlobTherm,non_animal,FALSE,Taxon is not an animal
Elaeocarpus reticulatus,Elaeocarpus reticulatus,,Streptophyta,Spermatophyta,Oxalidales,Elaeocarpaceae,"",,GlobTherm,non_animal,FALSE,Taxon is not an animal
Elassoma alabamae,Elassoma alabamae,Animalia,Chordata,Actinopterygii,,Elassomatidae,freshwater,fish,ComteOlden,animal,TRUE,""
Elassoma boehlkei,Elassoma boehlkei,Animalia,Chordata,Actinopterygii,,Elassomatidae,freshwater,fish,ComteOlden,animal,TRUE,""
Elassoma evergladei,Elassoma evergladei,Animalia,Chordata,Actinopterygii,,Elassomatidae,freshwater,fish,ComteOlden,animal,TRUE,""
Elassoma gilberti,Elassoma gilberti,Animalia,Chordata,Actinopterygii,,Elassomatidae,freshwater,fish,ComteOlden,animal,TRUE,""
Elassoma okefenokee,Elassoma okefenokee,Animalia,Chordata,Actinopterygii,,Elassomatidae,freshwater,fish,ComteOlden,animal,TRUE,""
Elassoma zonatum,Elassoma zonatum,Animalia,Chordata,Actinopterygii,,Elassomatidae,freshwater,fish,ComteOlden,animal,TRUE,""
Elegia capensis,Elegia capensis,,Streptophyta,Spermatophyta,Poales,Restionaceae,"",,GlobTherm,non_animal,FALSE,Taxon is not an animal
Eleginus gracilis,Eleginus gracilis,Metazoa,Chordata,Actinopteri,Acanthomorphata,Gadidae,mixed,fish,ThermoFresh,animal,TRUE,""
Eleotris acanthopoma,Eleotris acanthopoma,Animalia,Chordata,Actinopterygii,,Eleotridae,freshwater,fish,ComteOlden,animal,TRUE,""
Eleotris fusca,Eleotris fusca,Animalia,Chordata,Actinopterygii,,Eleotridae,freshwater,fish,ComteOlden,animal,TRUE,""
Eleotris melanosoma,Eleotris melanosoma,Animalia,Chordata,Actinopterygii,,Eleotridae,freshwater,fish,ComteOlden,animal,TRUE,""
Eleotris oxycephala,Eleotris oxycephala,Animalia,Chordata,Actinopterygii,,Eleotridae,freshwater,fish,ComteOlden,animal,TRUE,""
Eleutherodactylus coqui,Eleutherodactylus coqui,,Chordata,Amphibia,Anura,Eleutherodactylidae,"",,GlobTherm,animal,TRUE,""
Eleutherodactylus portoricensus,Eleutherodactylus portoricensus,,Chordata,Amphibia,Anura,Eleutherodactylidae,"",,GlobTherm,animal,TRUE,""
Elgaria coerulea,Elgaria coerulea,,Chordata,Lepidosauria,Squamata,Anguidae,"",,GlobTherm,animal,TRUE,""
Elgaria multicarinata,Elgaria multicarinata,,Chordata,Lepidosauria,Squamata,Anguidae,"",,GlobTherm,animal,TRUE,""
Ellipsaria lineolata,Ellipsaria lineolata,Metazoa,Mollusca,Bivalvia,Unionida,Unionidae,freshwater,invertebrate,ThermoFresh,animal,TRUE,""
Elliptio complanata,Elliptio complanata,Metazoa,Mollusca,Bivalvia,Unionida,Unionidae,freshwater,invertebrate,ThermoFresh,animal,TRUE,""
Ellochelon vaigiensis,Ellochelon vaigiensis,Metazoa,Chordata,Actinopteri,Acanthomorphata,Mugilidae,mixed,fish,GlobTherm;ThermoFresh,animal,TRUE,""
Ellopostoma mystax,Ellopostoma mystax,Animalia,Chordata,Actinopterygii,,Ellopostomatidae,freshwater,fish,ComteOlden,animal,TRUE,""
Elmis aenea,Elmis aenea,Metazoa,Arthropoda,Insecta,Coleoptera,Elmidae,freshwater,invertebrate,ThermoFresh,animal,TRUE,""
Elopichthys bambusa,Elopichthys bambusa,Animalia,Chordata,Actinopterygii,,Cyprinidae,freshwater,fish,ComteOlden,animal,TRUE,""
Elops affinis,Elops affinis,Animalia,Chordata,Actinopterygii,,Elopidae,marine,fish,ComteOlden,animal,TRUE,""
Elops hawaiensis,Elops hawaiensis,Animalia,Chordata,Actinopterygii,,Elopidae,marine,fish,ComteOlden,animal,TRUE,""
Elops machnata,Elops machnata,Animalia,Chordata,Actinopterygii,,Elopidae,freshwater,fish,ComteOlden,animal,TRUE,""
Elops saurus,Elops saurus,Animalia,Chordata,Actinopterygii,,Elopidae,marine,fish,ComteOlden,animal,TRUE,""
Elpidelmis capensis,Elpidelmis capensis,Metazoa,Arthropoda,Insecta,Coleoptera,Elmidae,freshwater,invertebrate,ThermoFresh,animal,TRUE,""
Embothrium coccineum,Embothrium coccineum,,Streptophyta,Spermatophyta,Proteales,Proteaceae,"",,GlobTherm,non_animal,FALSE,Taxon is not an animal
Enallagma boreale,Enallagma boreale,Metazoa,Arthropoda,Insecta,Odonata,Coenagrionidae,freshwater,invertebrate,ThermoFresh,animal,TRUE,""
Enallagma ebrium,Enallagma ebrium,Metazoa,Arthropoda,Insecta,Odonata,Coenagrionidae,freshwater,invertebrate,ThermoFresh,animal,TRUE,""
Encella alifornica,Encella alifornica,,Streptophyta,Spermatophyta,Asterales,Asteraceae,"",,GlobTherm,non_animal,FALSE,Taxon is not an animal
Encella farinosa,Encella farinosa,,Streptophyta,Spermatophyta,Asterales,Asteraceae,"",,GlobTherm,non_animal,FALSE,Taxon is not an animal
Engraulis japonicus,Engraulis japonicus,Animalia,Chordata,Actinopterygii,Clupeiformes,Engraulidae,marine,fish,ComteOlden;GlobTherm,animal,TRUE,""
Engraulis mordax,Engraulis mordax,Animalia,Chordata,Actinopterygii,,Engraulidae,marine,fish,ComteOlden,animal,TRUE,""
Engystomops pustulosus,Engystomops pustulosus,,Chordata,Amphibia,Anura,Leptodactylidae,"",,GlobTherm,animal,TRUE,""
Enithares chinai,Enithares chinai,Metazoa,Arthropoda,Insecta,Hemiptera,Notonectidae,freshwater,invertebrate,ThermoFresh,animal,TRUE,""
Enneacanthus chaetodon,Enneacanthus chaetodon,Animalia,Chordata,Actinopterygii,,Centrarchidae,freshwater,fish,ComteOlden,animal,TRUE,""
Enneacanthus gloriosus,Enneacanthus gloriosus,Animalia,Chordata,Actinopterygii,,Centrarchidae,freshwater,fish,ComteOlden,animal,TRUE,""
Enneacanthus obesus,Enneacanthus obesus,Animalia,Chordata,Actinopterygii,,Centrarchidae,freshwater,fish,ComteOlden,animal,TRUE,""
Ensis macha,Ensis macha,,Mollusca,Bivalvia,Veneroida,Pharidae,"",,GlobTherm,animal,TRUE,""
Epalzeorhynchos bicolor,Epalzeorhynchos bicolor,Animalia,Chordata,Actinopterygii,,Cyprinidae,freshwater,fish,ComteOlden,animal,TRUE,""
Epalzeorhynchos frenatus,Epalzeorhynchos frenatus,Animalia,Chordata,Actinopterygii,,Cyprinidae,freshwater,fish,ComteOlden,animal,TRUE,""
Epalzeorhynchos kalopterus,Epalzeorhynchos kalopterus,Animalia,Chordata,Actinopterygii,,Cyprinidae,freshwater,fish,ComteOlden,animal,TRUE,""
Epeorus albertae,Epeorus albertae,Metazoa,Arthropoda,Insecta,Ephemeroptera,Heptageniidae,freshwater,invertebrate,ThermoFresh,animal,TRUE,""
Epeorus longimanus,Epeorus longimanus,Metazoa,Arthropoda,Insecta,Ephemeroptera,Heptageniidae,freshwater,invertebrate,ThermoFresh,animal,TRUE,""
Ephemera danica,Ephemera danica,Metazoa,Arthropoda,Insecta,Ephemeroptera,Ephemeridae,freshwater,invertebrate,ThermoFresh,animal,TRUE,""
Ephemerella dorothea,Ephemerella dorothea,Metazoa,Arthropoda,Insecta,Ephemeroptera,Ephemerellidae,freshwater,invertebrate,ThermoFresh,animal,TRUE,""
Ephemerella invaria,Ephemerella invaria,Metazoa,Arthropoda,Insecta,Ephemeroptera,Ephemerellidae,freshwater,invertebrate,ThermoFresh,animal,TRUE,""
Ephemerella maculata,Ephemerella maculata,Metazoa,Arthropoda,Insecta,Ephemeroptera,Ephemerellidae,freshwater,invertebrate,ThermoFresh,animal,TRUE,""
Ephemerella subvaria,Ephemerella subvaria,Metazoa,Arthropoda,Insecta,Ephemeroptera,Ephemerellidae,freshwater,invertebrate,ThermoFresh,animal,TRUE,""
Ephemerella tibialis,Ephemerella tibialis,Metazoa,Arthropoda,Insecta,Ephemeroptera,Ephemerellidae,freshwater,invertebrate,ThermoFresh,animal,TRUE,""
Ephemerellina barnardi,Ephemerellina barnardi,Metazoa,Arthropoda,Insecta,Ephemeroptera,Teloganodidae,freshwater,invertebrate,ThermoFresh,animal,TRUE,""
Epibulus brevis,Epibulus brevis,Animalia,Chordata,Actinopterygii,,Labridae,marine,fish,ComteOlden,animal,TRUE,""
Epibulus insidiator,Epibulus insidiator,Animalia,Chordata,Actinopterygii,,Labridae,marine,fish,ComteOlden,animal,TRUE,""
Epigomphus quadracies,Epigomphus quadracies,,Arthropoda,Insecta,Odonata,Gomphidae,"",,GlobTherm,animal,TRUE,""
Epinephelus coioides,Epinephelus coioides,Metazoa,Chordata,Actinopteri,Acanthomorphata,Serranidae,mixed,fish,ThermoFresh,animal,TRUE,""
Epinephelus fuscoguttatus,Epinephelus fuscoguttatus,Animalia,Chordata,Actinopterygii,,Serranidae,marine,fish,ComteOlden,animal,TRUE,""
Epinephelus tauvina,Epinephelus tauvina,Animalia,Chordata,Actinopterygii,,Serranidae,marine,fish,ComteOlden,animal,TRUE,""
Epiplatys chaperi,Epiplatys chaperi,Animalia,Chordata,Actinopterygii,,Nothobranchiidae,freshwater,fish,ComteOlden,animal,TRUE,""
Epiplatys maeseni,Epiplatys maeseni,Animalia,Chordata,Actinopterygii,,Nothobranchiidae,freshwater,fish,ComteOlden,animal,TRUE,""
Epiplatys multifasciatus,Epiplatys multifasciatus,Animalia,Chordata,Actinopterygii,,Nothobranchiidae,freshwater,fish,ComteOlden,animal,TRUE,""
Epiplatys roloffi,Epiplatys roloffi,Animalia,Chordata,Actinopterygii,,Nothobranchiidae,freshwater,fish,ComteOlden,animal,TRUE,""
Epiplatys sexfasciatus,Epiplatys sexfasciatus,Animalia,Chordata,Actinopterygii,,Nothobranchiidae,freshwater,fish,ComteOlden,animal,TRUE,""
Epiplatys singa,Epiplatys singa,Animalia,Chordata,Actinopterygii,,Nothobranchiidae,freshwater,fish,ComteOlden,animal,TRUE,""
Eremias argus,Eremias argus,,Chordata,Lepidosauria,Squamata,Lacertidae,"",,GlobTherm,animal,TRUE,""
Eremias brenchleyi,Eremias brenchleyi,,Chordata,Lepidosauria,Squamata,Lacertidae,"",,GlobTherm,animal,TRUE,""
Eremias multiocellata,Eremias multiocellata,,Chordata,Lepidosauria,Squamata,Lacertidae,"",,GlobTherm,animal,TRUE,""
Eremiascincus fasciolatus,Eremiascincus fasciolatus,,Chordata,Lepidosauria,Squamata,Scincidae,"",,GlobTherm,animal,TRUE,""
Eremiascincus richardsoni,Eremiascincus richardsoni,,Chordata,Lepidosauria,Squamata,Scincidae,"",,GlobTherm,animal,TRUE,""
Eretmodus cyanostictus,Eretmodus cyanostictus,Animalia,Chordata,Actinopterygii,,Cichlidae,freshwater,fish,ComteOlden,animal,TRUE,""
Erica cerinthoides,Erica cerinthoides,,Streptophyta,Spermatophyta,Ericales,Ericaceae,"",,GlobTherm,non_animal,FALSE,Taxon is not an animal
Erica cruenta,Erica cruenta,,Streptophyta,Spermatophyta,Ericales,Ericaceae,"",,GlobTherm,non_animal,FALSE,Taxon is not an animal
Erica hirtifolia,Erica hirtifolia,,Streptophyta,Spermatophyta,Ericales,Ericaceae,"",,GlobTherm,non_animal,FALSE,Taxon is not an animal
Erica melananthera,Erica melananthera,,Streptophyta,Spermatophyta,Ericales,Ericaceae,"",,GlobTherm,non_animal,FALSE,Taxon is not an animal
Ericymba buccata,Ericymba buccata,Metazoa,Chordata,Actinopteri,Cypriniformes,Cyprinidae,freshwater,fish,ComteOlden;GlobTherm;ThermoFresh,animal,TRUE,""
Erimystax cahni,Erimystax cahni,Animalia,Chordata,Actinopterygii,,Cyprinidae,freshwater,fish,ComteOlden,animal,TRUE,""
Erimystax dissimilis,Erimystax dissimilis,Animalia,Chordata,Actinopterygii,,Cyprinidae,freshwater,fish,ComteOlden,animal,TRUE,""
Erimystax harryi,Erimystax harryi,Animalia,Chordata,Actinopterygii,,Cyprinidae,freshwater,fish,ComteOlden,animal,TRUE,""
Erimystax insignis,Erimystax insignis,Animalia,Chordata,Actinopterygii,,Cyprinidae,freshwater,fish,ComteOlden,animal,TRUE,""
Erimyzon oblongus,Erimyzon oblongus,Animalia,Chordata,Actinopterygii,,Catostomidae,freshwater,fish,ComteOlden,animal,TRUE,""
Erimyzon sucetta,Erimyzon sucetta,Animalia,Chordata,Actinopterygii,,Catostomidae,freshwater,fish,ComteOlden,animal,TRUE,""
Erimyzon tenuis,Erimyzon tenuis,Animalia,Chordata,Actinopterygii,,Catostomidae,freshwater,fish,ComteOlden,animal,TRUE,""
Eriodictyon californicum,Eriodictyon californicum,,Streptophyta,Spermatophyta,Boraginales,Boraginaceae,"",,GlobTherm,non_animal,FALSE,Taxon is not an animal
Eriogonum fasciculatum,Eriogonum fasciculatum,,Streptophyta,Spermatophyta,Caryophyllales,Polygonaceae,"",,GlobTherm,non_animal,FALSE,Taxon is not an animal
Eriogonum latifolium,Eriogonum latifolium,,Streptophyta,Spermatophyta,Caryophyllales,Polygonaceae,"",,GlobTherm,non_animal,FALSE,Taxon is not an animal
Erromyzon sinensis,Erromyzon sinensis,Animalia,Chordata,Actinopterygii,,Balitoridae,freshwater,fish,ComteOlden,animal,TRUE,""
Erthemis simplicicollis,Erthemis simplicicollis,,Arthropoda,Insecta,Odonata,Libellulidae,"",,GlobTherm,animal,TRUE,""
Erythemis credula,Erythemis credula,,Arthropoda,Insecta,Odonata,Libellulidae,"",,GlobTherm,animal,TRUE,""
Erythemis plebeja,Erythemis plebeja,,Arthropoda,Insecta,Odonata,Libellulidae,"",,GlobTherm,animal,TRUE,""
Erythemis simplicicollis,Erythemis simplicicollis,Metazoa,Arthropoda,Insecta,Odonata,Libellulidae,freshwater,invertebrate,ThermoFresh,animal,TRUE,""
Esomus ahli,Esomus ahli,Animalia,Chordata,Actinopterygii,,Cyprinidae,freshwater,fish,ComteOlden,animal,TRUE,""
Esomus caudiocellatus,Esomus caudiocellatus,Animalia,Chordata,Actinopterygii,,Cyprinidae,freshwater,fish,ComteOlden,animal,TRUE,""
Esomus longimanus,Esomus longimanus,Animalia,Chordata,Actinopterygii,,Cyprinidae,freshwater,fish,ComteOlden,animal,TRUE,""
Esomus metallicus,Esomus metallicus,Animalia,Chordata,Actinopterygii,,Cyprinidae,freshwater,fish,ComteOlden,animal,TRUE,""
Esox americanus,Esox americanus americanus,Animalia,Chordata,Actinopterygii,,Esocidae,freshwater,fish,ComteOlden,animal,TRUE,""
Esox lucius,Esox lucius,Animalia,Chordata,Actinopterygii,Esociformes,Esocidae,freshwater;mixed,fish,ComteOlden;ThermoFresh,animal,TRUE,""
Esox masquinongy,Esox masquinongy,Metazoa,Chordata,Actinopteri,Esociformes,Esocidae,freshwater,fish,ComteOlden;ThermoFresh,animal,TRUE,""
Esox niger,Esox niger,Animalia,Chordata,Actinopterygii,,Esocidae,freshwater,fish,ComteOlden,animal,TRUE,""
Etheostoma acuticeps,Etheostoma acuticeps,Animalia,Chordata,Actinopterygii,,Percidae,freshwater,fish,ComteOlden,animal,TRUE,""
Etheostoma asprigene,Etheostoma asprigene,Animalia,Chordata,Actinopterygii,,Percidae,freshwater,fish,ComteOlden,animal,TRUE,""
Etheostoma baileyi,Etheostoma baileyi,Animalia,Chordata,Actinopterygii,,Percidae,freshwater,fish,ComteOlden,animal,TRUE,""
Etheostoma barbouri,Etheostoma barbouri,Animalia,Chordata,Actinopterygii,,Percidae,freshwater,fish,ComteOlden,animal,TRUE,""
Etheostoma barrenense,Etheostoma barrenense,Animalia,Chordata,Actinopterygii,,Percidae,freshwater,fish,ComteOlden,animal,TRUE,""
Etheostoma basilare,Etheostoma basilare,Animalia,Chordata,Actinopterygii,,Percidae,freshwater,fish,ComteOlden,animal,TRUE,""
Etheostoma bellator,Etheostoma bellator,Animalia,Chordata,Actinopterygii,,Percidae,freshwater,fish,ComteOlden,animal,TRUE,""
Etheostoma bellum,Etheostoma bellum,Animalia,Chordata,Actinopterygii,,Percidae,freshwater,fish,ComteOlden,animal,TRUE,""
Etheostoma bison,Etheostoma bison,Animalia,Chordata,Actinopterygii,,Percidae,freshwater,fish,ComteOlden,animal,TRUE,""
Etheostoma blennioides,Etheostoma blennioides,Metazoa,Chordata,Actinopteri,Acanthomorphata,Percidae,freshwater,fish,ComteOlden;GlobTherm;ThermoFresh,animal,TRUE,""
Etheostoma blennius,Etheostoma blennius,Animalia,Chordata,Actinopterygii,,Percidae,freshwater,fish,ComteOlden,animal,TRUE,""
Etheostoma brevirostrum,Etheostoma brevirostrum,Animalia,Chordata,Actinopterygii,,Percidae,freshwater,fish,ComteOlden,animal,TRUE,""
Etheostoma burri,Etheostoma burri,Animalia,Chordata,Actinopterygii,,Percidae,freshwater,fish,ComteOlden,animal,TRUE,""
Etheostoma caeruleum,Etheostoma caeruleum,Metazoa,Chordata,Actinopteri,Acanthomorphata,Percidae,freshwater,fish,ComteOlden;GlobTherm;ThermoFresh,animal,TRUE,""
Etheostoma camurum,Etheostoma camurum,Animalia,Chordata,Actinopterygii,,Percidae,freshwater,fish,ComteOlden,animal,TRUE,""
Etheostoma cervus,Etheostoma cervus,Animalia,Chordata,Actinopterygii,,Percidae,freshwater,fish,ComteOlden,animal,TRUE,""
Etheostoma chermocki,Etheostoma chermocki,Animalia,Chordata,Actinopterygii,,Percidae,freshwater,fish,ComteOlden,animal,TRUE,""
Etheostoma chienense,Etheostoma chienense,Animalia,Chordata,Actinopterygii,,Percidae,freshwater,fish,ComteOlden,animal,TRUE,""
Etheostoma chlorobranchium,Etheostoma chlorobranchium,Animalia,Chordata,Actinopterygii,,Percidae,freshwater,fish,ComteOlden,animal,TRUE,""
Etheostoma chlorosomum,Etheostoma chlorosomum,Animalia,Chordata,Actinopterygii,,Percidae,freshwater,fish,ComteOlden,animal,TRUE,""
Etheostoma chuckwachatte,Etheostoma chuckwachatte,Animalia,Chordata,Actinopterygii,,Percidae,freshwater,fish,ComteOlden,animal,TRUE,""
Etheostoma cinereum,Etheostoma cinereum,Animalia,Chordata,Actinopterygii,,Percidae,freshwater,fish,ComteOlden,animal,TRUE,""
Etheostoma collettei,Etheostoma collettei,Animalia,Chordata,Actinopterygii,,Percidae,freshwater,fish,ComteOlden,animal,TRUE,""
Etheostoma collis,Etheostoma collis,Animalia,Chordata,Actinopterygii,,Percidae,freshwater,fish,ComteOlden,animal,TRUE,""
Etheostoma colorosum,Etheostoma colorosum,Animalia,Chordata,Actinopterygii,,Percidae,freshwater,fish,ComteOlden,animal,TRUE,""
Etheostoma coosae,Etheostoma coosae,Animalia,Chordata,Actinopterygii,,Percidae,freshwater,fish,ComteOlden,animal,TRUE,""
Etheostoma corona,Etheostoma corona,Animalia,Chordata,Actinopterygii,,Percidae,freshwater,fish,ComteOlden,animal,TRUE,""
Etheostoma cragini,Etheostoma cragini,Metazoa,Chordata,Actinopteri,Acanthomorphata,Percidae,freshwater,fish,GlobTherm;ThermoFresh,animal,TRUE,""
Etheostoma crossopterum,Etheostoma crossopterum,Animalia,Chordata,Actinopterygii,,Percidae,freshwater,fish,ComteOlden,animal,TRUE,""
Etheostoma denoncourti,Etheostoma denoncourti,Animalia,Chordata,Actinopterygii,,Percidae,freshwater,fish,ComteOlden,animal,TRUE,""
Etheostoma derivativum,Etheostoma derivativum,Animalia,Chordata,Actinopterygii,,Percidae,freshwater,fish,ComteOlden,animal,TRUE,""
Etheostoma ditrema,Etheostoma ditrema,Animalia,Chordata,Actinopterygii,,Percidae,freshwater,fish,ComteOlden,animal,TRUE,""
Etheostoma douglasi,Etheostoma douglasi,Animalia,Chordata,Actinopterygii,,Percidae,freshwater,fish,ComteOlden,animal,TRUE,""
Etheostoma duryi,Etheostoma duryi,Animalia,Chordata,Actinopterygii,,Percidae,freshwater,fish,ComteOlden,animal,TRUE,""
Etheostoma edwini,Etheostoma edwini,Animalia,Chordata,Actinopterygii,,Percidae,freshwater,fish,ComteOlden,animal,TRUE,""
Etheostoma etnieri,Etheostoma etnieri,Animalia,Chordata,Actinopterygii,,Percidae,freshwater,fish,ComteOlden,animal,TRUE,""
Etheostoma etowahae,Etheostoma etowahae,Animalia,Chordata,Actinopterygii,,Percidae,freshwater,fish,ComteOlden,animal,TRUE,""
Etheostoma euzonum,Etheostoma euzonum,Animalia,Chordata,Actinopterygii,,Percidae,freshwater,fish,ComteOlden,animal,TRUE,""
Etheostoma exile,Etheostoma exile,Animalia,Chordata,Actinopterygii,,Percidae,freshwater,fish,ComteOlden,animal,TRUE,""
Etheostoma fabellare,Etheostoma fabellare,,Chordata,Actinopteri,Perciformes,Percidae,"",,GlobTherm,animal,TRUE,""
Etheostoma flabellare,Etheostoma flabellare,Metazoa,Chordata,Actinopteri,Acanthomorphata,Percidae,freshwater,fish,ComteOlden;ThermoFresh,animal,TRUE,""
Etheostoma flavum,Etheostoma flavum,Animalia,Chordata,Actinopterygii,,Percidae,freshwater,fish,ComteOlden,animal,TRUE,""
Etheostoma fonticola,Etheostoma fonticola,Metazoa,Chordata,Actinopteri,Acanthomorphata,Percidae,freshwater,fish,ComteOlden;ThermoFresh,animal,TRUE,""
Etheostoma forbesi,Etheostoma forbesi,Animalia,Chordata,Actinopterygii,,Percidae,freshwater,fish,ComteOlden,animal,TRUE,""
Etheostoma fragi,Etheostoma fragi,Animalia,Chordata,Actinopterygii,,Percidae,freshwater,fish,ComteOlden,animal,TRUE,""
Etheostoma fusiforme,Etheostoma fusiforme,Animalia,Chordata,Actinopterygii,,Percidae,freshwater,fish,ComteOlden,animal,TRUE,""
Etheostoma gracile,Etheostoma gracile,Animalia,Chordata,Actinopterygii,,Percidae,freshwater,fish,ComteOlden,animal,TRUE,""
Etheostoma histrio,Etheostoma histrio,Animalia,Chordata,Actinopterygii,,Percidae,freshwater,fish,ComteOlden,animal,TRUE,""
Etheostoma inscriptum,Etheostoma inscriptum,Animalia,Chordata,Actinopterygii,,Percidae,freshwater,fish,ComteOlden,animal,TRUE,""
Etheostoma jordani,Etheostoma jordani,Animalia,Chordata,Actinopterygii,,Percidae,freshwater,fish,ComteOlden,animal,TRUE,""
Etheostoma juliae,Etheostoma juliae,Animalia,Chordata,Actinopterygii,,Percidae,freshwater,fish,ComteOlden,animal,TRUE,""
Etheostoma kanawhae,Etheostoma kanawhae,Animalia,Chordata,Actinopterygii,,Percidae,freshwater,fish,ComteOlden,animal,TRUE,""
Etheostoma kantuckeense,Etheostoma kantuckeense,Animalia,Chordata,Actinopterygii,,Percidae,freshwater,fish,ComteOlden,animal,TRUE,""
Etheostoma kennicotti,Etheostoma kennicotti,Animalia,Chordata,Actinopterygii,,Percidae,freshwater,fish,ComteOlden,animal,TRUE,""
Etheostoma lachneri,Etheostoma lachneri,Animalia,Chordata,Actinopterygii,,Percidae,freshwater,fish,ComteOlden,animal,TRUE,""
Etheostoma lawrencei,Etheostoma lawrencei,Animalia,Chordata,Actinopterygii,,Percidae,freshwater,fish,ComteOlden,animal,TRUE,""
Etheostoma longimanum,Etheostoma longimanum,Animalia,Chordata,Actinopterygii,,Percidae,freshwater,fish,ComteOlden,animal,TRUE,""
Etheostoma luteovinctum,Etheostoma luteovinctum,Animalia,Chordata,Actinopterygii,,Percidae,freshwater,fish,ComteOlden,animal,TRUE,""
Etheostoma lynceum,Etheostoma lynceum,Animalia,Chordata,Actinopterygii,,Percidae,freshwater,fish,ComteOlden,animal,TRUE,""
Etheostoma maculatum,Etheostoma maculatum,Animalia,Chordata,Actinopterygii,,Percidae,freshwater,fish,ComteOlden,animal,TRUE,""
Etheostoma mariae,Etheostoma mariae,Animalia,Chordata,Actinopterygii,,Percidae,freshwater,fish,ComteOlden,animal,TRUE,""
Etheostoma microperca,Etheostoma microperca,Animalia,Chordata,Actinopterygii,,Percidae,freshwater,fish,ComteOlden,animal,TRUE,""
Etheostoma moorei,Etheostoma moorei,Animalia,Chordata,Actinopterygii,,Percidae,freshwater,fish,ComteOlden,animal,TRUE,""
Etheostoma neopterum,Etheostoma neopterum,Animalia,Chordata,Actinopterygii,,Percidae,freshwater,fish,ComteOlden,animal,TRUE,""
Etheostoma nianguae,Etheostoma nianguae,Animalia,Chordata,Actinopterygii,,Percidae,freshwater,fish,ComteOlden,animal,TRUE,""
Etheostoma nigripinne,Etheostoma nigripinne,Animalia,Chordata,Actinopterygii,,Percidae,freshwater,fish,ComteOlden,animal,TRUE,""
Etheostoma nigrum,Etheostoma nigrum,Metazoa,Chordata,Actinopteri,Acanthomorphata,Percidae,freshwater,fish,ComteOlden;GlobTherm;ThermoFresh,animal,TRUE,""
Etheostoma obeyense,Etheostoma obeyense,Animalia,Chordata,Actinopterygii,,Percidae,freshwater,fish,ComteOlden,animal,TRUE,""
Etheostoma olivaceum,Etheostoma olivaceum,Animalia,Chordata,Actinopterygii,,Percidae,freshwater,fish,ComteOlden,animal,TRUE,""
Etheostoma olmstedi,Etheostoma olmstedi,Animalia,Chordata,Actinopterygii,,Percidae,freshwater,fish,ComteOlden,animal,TRUE,""
Etheostoma oophylax,Etheostoma oophylax,Animalia,Chordata,Actinopterygii,,Percidae,freshwater,fish,ComteOlden,animal,TRUE,""
Etheostoma osburni,Etheostoma osburni,Animalia,Chordata,Actinopterygii,,Percidae,freshwater,fish,ComteOlden,animal,TRUE,""
Etheostoma parvipinne,Etheostoma parvipinne,Animalia,Chordata,Actinopterygii,,Percidae,freshwater,fish,ComteOlden,animal,TRUE,""
Etheostoma percnurum,Etheostoma percnurum,Animalia,Chordata,Actinopterygii,,Percidae,freshwater,fish,ComteOlden,animal,TRUE,""
Etheostoma perlongum,Etheostoma perlongum,Animalia,Chordata,Actinopterygii,,Percidae,freshwater,fish,ComteOlden,animal,TRUE,""
Etheostoma podostemone,Etheostoma podostemone,Animalia,Chordata,Actinopterygii,,Percidae,freshwater,fish,ComteOlden,animal,TRUE,""
Etheostoma proeliare,Etheostoma proeliare,Animalia,Chordata,Actinopterygii,,Percidae,freshwater,fish,ComteOlden,animal,TRUE,""
Etheostoma pseudovulatum,Etheostoma pseudovulatum,Animalia,Chordata,Actinopterygii,,Percidae,freshwater,fish,ComteOlden,animal,TRUE,""
Etheostoma punctulatum,Etheostoma punctulatum,Animalia,Chordata,Actinopterygii,,Percidae,freshwater,fish,ComteOlden,animal,TRUE,""
Etheostoma pyrrhogaster,Etheostoma pyrrhogaster,Animalia,Chordata,Actinopterygii,,Percidae,freshwater,fish,ComteOlden,animal,TRUE,""
Etheostoma radiosum,Etheostoma radiosum,Animalia,Chordata,Actinopterygii,,Percidae,freshwater,fish,ComteOlden,animal,TRUE,""
Etheostoma rafinesquei,Etheostoma rafinesquei,Animalia,Chordata,Actinopterygii,,Percidae,freshwater,fish,ComteOlden,animal,TRUE,""
Etheostoma ramseyi,Etheostoma ramseyi,Animalia,Chordata,Actinopterygii,,Percidae,freshwater,fish,ComteOlden,animal,TRUE,""
Etheostoma raneyi,Etheostoma raneyi,Animalia,Chordata,Actinopterygii,,Percidae,freshwater,fish,ComteOlden,animal,TRUE,""
Etheostoma rubrum,Etheostoma rubrum,Animalia,Chordata,Actinopterygii,,Percidae,freshwater,fish,ComteOlden,animal,TRUE,""
Etheostoma rufilineatum,Etheostoma rufilineatum,Animalia,Chordata,Actinopterygii,,Percidae,freshwater,fish,ComteOlden,animal,TRUE,""
Etheostoma rupestre,Etheostoma rupestre,Animalia,Chordata,Actinopterygii,,Percidae,freshwater,fish,ComteOlden,animal,TRUE,""
Etheostoma sagitta,Etheostoma sagitta,Animalia,Chordata,Actinopterygii,,Percidae,freshwater,fish,ComteOlden,animal,TRUE,""
Etheostoma scotti,Etheostoma scotti,Animalia,Chordata,Actinopterygii,,Percidae,freshwater,fish,ComteOlden,animal,TRUE,""
Etheostoma serrifer,Etheostoma serrifer,Animalia,Chordata,Actinopterygii,,Percidae,freshwater,fish,ComteOlden,animal,TRUE,""
Etheostoma simoterum,Etheostoma simoterum,Animalia,Chordata,Actinopterygii,,Percidae,freshwater,fish,ComteOlden,animal,TRUE,""
Etheostoma smithi,Etheostoma smithi,Animalia,Chordata,Actinopterygii,,Percidae,freshwater,fish,ComteOlden,animal,TRUE,""
Etheostoma spectabile,Etheostoma spectabile,Metazoa,Chordata,Actinopteri,Acanthomorphata,Percidae,freshwater,fish,ComteOlden;GlobTherm;ThermoFresh,animal,TRUE,""
Etheostoma squamiceps,Etheostoma squamiceps,Animalia,Chordata,Actinopterygii,,Percidae,freshwater,fish,ComteOlden,animal,TRUE,""
Etheostoma stigmaeum,Etheostoma stigmaeum,Animalia,Chordata,Actinopterygii,,Percidae,freshwater,fish,ComteOlden,animal,TRUE,""
Etheostoma striatulum,Etheostoma striatulum,Animalia,Chordata,Actinopterygii,,Percidae,freshwater,fish,ComteOlden,animal,TRUE,""
Etheostoma susanae,Etheostoma susanae,Animalia,Chordata,Actinopterygii,,Percidae,freshwater,fish,ComteOlden,animal,TRUE,""
Etheostoma swannanoa,Etheostoma swannanoa,Animalia,Chordata,Actinopterygii,,Percidae,freshwater,fish,ComteOlden,animal,TRUE,""
Etheostoma tallapoosae,Etheostoma tallapoosae,Animalia,Chordata,Actinopterygii,,Percidae,freshwater,fish,ComteOlden,animal,TRUE,""
Etheostoma tecumsehi,Etheostoma tecumsehi,Animalia,Chordata,Actinopterygii,,Percidae,freshwater,fish,ComteOlden,animal,TRUE,""
Etheostoma tetrazonum,Etheostoma tetrazonum,Animalia,Chordata,Actinopterygii,,Percidae,freshwater,fish,ComteOlden,animal,TRUE,""
Etheostoma thalassinum,Etheostoma thalassinum,Animalia,Chordata,Actinopterygii,,Percidae,freshwater,fish,ComteOlden,animal,TRUE,""
Etheostoma tippecanoe,Etheostoma tippecanoe,Animalia,Chordata,Actinopterygii,,Percidae,freshwater,fish,ComteOlden,animal,TRUE,""
Etheostoma tuscumbia,Etheostoma tuscumbia,Animalia,Chordata,Actinopterygii,,Percidae,freshwater,fish,ComteOlden,animal,TRUE,""
Etheostoma variatum,Etheostoma variatum,Animalia,Chordata,Actinopterygii,,Percidae,freshwater,fish,ComteOlden,animal,TRUE,""
Etheostoma virgatum,Etheostoma virgatum,Animalia,Chordata,Actinopterygii,,Percidae,freshwater,fish,ComteOlden,animal,TRUE,""
Etheostoma vulneratum,Etheostoma vulneratum,Animalia,Chordata,Actinopterygii,,Percidae,freshwater,fish,ComteOlden,animal,TRUE,""
Etheostoma wapiti,Etheostoma wapiti,Animalia,Chordata,Actinopterygii,,Percidae,freshwater,fish,ComteOlden,animal,TRUE,""
Etheostoma whipplei,Etheostoma whipplei,Animalia,Chordata,Actinopterygii,,Percidae,freshwater,fish,ComteOlden,animal,TRUE,""
Etheostoma zonale,Etheostoma zonale,Animalia,Chordata,Actinopterygii,,Percidae,freshwater,fish,ComteOlden,animal,TRUE,""
Etheostoma zonistium,Etheostoma zonistium,Animalia,Chordata,Actinopterygii,,Percidae,freshwater,fish,ComteOlden,animal,TRUE,""
Ethmalosa fimbriata,Ethmalosa fimbriata,Animalia,Chordata,Actinopterygii,,Clupeidae,freshwater,fish,ComteOlden,animal,TRUE,""
Etia nguti,Etia nguti,Animalia,Chordata,Actinopterygii,,Cichlidae,freshwater,fish,ComteOlden,animal,TRUE,""
Etroplus canarensis,Etroplus canarensis,Animalia,Chordata,Actinopterygii,,Cichlidae,freshwater,fish,ComteOlden,animal,TRUE,""
Etroplus maculatus,Etroplus maculatus,Animalia,Chordata,Actinopterygii,,Cichlidae,freshwater,fish,ComteOlden,animal,TRUE,""
Etroplus suratensis,Etroplus suratensis,Metazoa,Chordata,Actinopteri,Acanthomorphata,Cichlidae,freshwater;mixed,fish,ComteOlden;ThermoFresh,animal,TRUE,""
Eubleekeria splendens,Eubleekeria splendens,Animalia,Chordata,Actinopterygii,,Leiognathidae,freshwater,fish,ComteOlden,animal,TRUE,""
Eucidaris tribuloides,Eucidaris tribuloides,,Echinodermata,Echinoidea,Cidaroida,Cidaridae,"",,GlobTherm,animal,TRUE,""
Eucinostomus argenteus,Eucinostomus argenteus,Animalia,Chordata,Actinopterygii,,Gerreidae,marine,fish,ComteOlden,animal,TRUE,""
Eucinostomus gracilis,Eucinostomus gracilis,Metazoa,Chordata,Actinopteri,Acanthomorphata,Gerreidae,mixed,fish,GlobTherm;ThermoFresh,animal,TRUE,""
Eucinostomus melanopterus,Eucinostomus melanopterus,Metazoa,Chordata,Actinopteri,Acanthomorphata,Gerreidae,mixed,fish,ThermoFresh,animal,TRUE,""
Eucryphia cordifolia,Eucryphia cordifolia,,Streptophyta,Spermatophyta,Oxalidales,Cunoniaceae,"",,GlobTherm,non_animal,FALSE,Taxon is not an animal
Eucryphia lucida,Eucryphia lucida,,Streptophyta,Spermatophyta,Oxalidales,Cunoniaceae,"",,GlobTherm,non_animal,FALSE,Taxon is not an animal
Eucyclogobius newberryi,Eucyclogobius newberryi,Animalia,Chordata,Actinopterygii,,Gobiidae,freshwater,fish,ComteOlden,animal,TRUE,""
Eulamprus heatwolei,Eulamprus heatwolei,,Chordata,Lepidosauria,Squamata,Scincidae,"",,GlobTherm,animal,TRUE,""
Eulamprus kosciuskoi,Eulamprus kosciuskoi,,Chordata,Lepidosauria,Squamata,Scincidae,"",,GlobTherm,animal,TRUE,""
Eulamprus murrayi,Eulamprus murrayi,,Chordata,Lepidosauria,Squamata,Scincidae,"",,GlobTherm,animal,TRUE,""
Eulamprus quoyii,Eulamprus quoyii,,Chordata,Lepidosauria,Squamata,Scincidae,"",,GlobTherm,animal,TRUE,""
Eulamprus tenuis,Eulamprus tenuis,,Chordata,Lepidosauria,Squamata,Scincidae,"",,GlobTherm,animal,TRUE,""
Eulamprus tympanum,Eulamprus tympanum,,Chordata,Lepidosauria,Squamata,Scincidae,"",,GlobTherm,animal,TRUE,""
Euophrys frontalis,Euophrys frontalis,,Arthropoda,Arachnida,Araneae,Salticidae,"",,GlobTherm,animal,TRUE,""
Eurycea bislineata,Eurycea bislineata,,Chordata,Amphibia,Caudata,Plethodontidae,"",,GlobTherm,animal,TRUE,""
Eurycea longicauda,Eurycea longicauda,,Chordata,Amphibia,Caudata,Plethodontidae,"",,GlobTherm,animal,TRUE,""
Eurycea lucifuga,Eurycea lucifuga,,Chordata,Amphibia,Caudata,Plethodontidae,"",,GlobTherm,animal,TRUE,""
Eurycea multiplicata,Eurycea multiplicata,,Chordata,Amphibia,Caudata,Plethodontidae,"",,GlobTherm,animal,TRUE,""
Eurycea nana,Eurycea nana,,Chordata,Amphibia,Caudata,Plethodontidae,"",,GlobTherm,animal,TRUE,""
Euryops pectinatus,Euryops pectinatus,,Streptophyta,Spermatophyta,Asterales,Asteraceae,"",,GlobTherm,non_animal,FALSE,Taxon is not an animal
Euryops virgineus,Euryops virgineus,,Streptophyta,Spermatophyta,Asterales,Asteraceae,"",,GlobTherm,non_animal,FALSE,Taxon is not an animal
Eurypanopeus abbreviatus,Eurypanopeus abbreviatus,,Arthropoda,Malacostraca,Decapoda,Panopeidae,"",,GlobTherm,animal,TRUE,""
Euthynnus affinis,Euthynnus affinis,Animalia,Chordata,Actinopterygii,,Scombridae,marine,fish,ComteOlden,animal,TRUE,""
Euthynnus alletteratus,Euthynnus alletteratus,Animalia,Chordata,Actinopterygii,,Scombridae,marine,fish,ComteOlden,animal,TRUE,""
Eutropiichthys vacha,Eutropiichthys vacha,Animalia,Chordata,Actinopterygii,,Schilbeidae,freshwater,fish,ComteOlden,animal,TRUE,""
Exoglossum laurae,Exoglossum laurae,Animalia,Chordata,Actinopterygii,,Cyprinidae,freshwater,fish,ComteOlden,animal,TRUE,""
Exoglossum maxillingua,Exoglossum maxillingua,Animalia,Chordata,Actinopterygii,,Cyprinidae,freshwater,fish,ComteOlden,animal,TRUE,""
Exostoma labiatum,Exostoma labiatum,Animalia,Chordata,Actinopterygii,,Sisoridae,freshwater,fish,ComteOlden,animal,TRUE,""
Exyrias puntang,Exyrias puntang,Animalia,Chordata,Actinopterygii,,Gobiidae,freshwater,fish,ComteOlden,animal,TRUE,""
Faxonius rusticus,Faxonius rusticus,Metazoa,Arthropoda,Malacostraca,Decapoda,Cambaridae,freshwater,invertebrate,ThermoFresh,animal,TRUE,""
Felicia amelloides,Felicia amelloides,,Streptophyta,Spermatophyta,Asterales,Asteraceae,"",,GlobTherm,non_animal,FALSE,Taxon is not an animal
Fenerbahce formosus,Fenerbahce formosus,Animalia,Chordata,Actinopterygii,,Nothobranchiidae,freshwater,fish,ComteOlden,animal,TRUE,""
Ficafia verna,Ficafia verna,,Streptophyta,Spermatophyta,Ranunculales,Ranunculaceae,"",,GlobTherm,non_animal,FALSE,Taxon is not an animal
Filopaludina bengalensis,Filopaludina bengalensis,Metazoa,Mollusca,Gastropoda,Architaenioglossa,Viviparidae,freshwater,invertebrate,ThermoFresh,animal,TRUE,""
Floridichthys carpio,Floridichthys carpio,Metazoa,Chordata,Actinopteri,Acanthomorphata,Cyprinodontidae,marine;mixed,fish,ComteOlden;GlobTherm;ThermoFresh,animal,TRUE,""
Foerschichthys flavipinnis,Foerschichthys flavipinnis,Animalia,Chordata,Actinopterygii,,Nothobranchiidae,freshwater,fish,ComteOlden,animal,TRUE,""
Folifer brevifilis,Folifer brevifilis,Animalia,Chordata,Actinopterygii,,Cyprinidae,freshwater,fish,ComteOlden,animal,TRUE,""
Forcipiger longirostris,Forcipiger longirostris,Animalia,Chordata,Actinopterygii,,Chaetodontidae,marine,fish,ComteOlden,animal,TRUE,""
Formica aserva,Formica aserva,,Arthropoda,Insecta,Hymenoptera,Formicidae,"",,GlobTherm,animal,TRUE,""
Formica neogagates,Formica neogagates,,Arthropoda,Insecta,Hymenoptera,Formicidae,"",,GlobTherm,animal,TRUE,""
Formica obscuripes,Formica obscuripes,,Arthropoda,Insecta,Hymenoptera,Formicidae,"",,GlobTherm,animal,TRUE,""
Formica pallidefulva,Formica pallidefulva,,Arthropoda,Insecta,Hymenoptera,Formicidae,"",,GlobTherm,animal,TRUE,""
Formica pergandei,Formica pergandei,,Arthropoda,Insecta,Hymenoptera,Formicidae,"",,GlobTherm,animal,TRUE,""
Formica perpilosa,Formica perpilosa,,Arthropoda,Insecta,Hymenoptera,Formicidae,"",,GlobTherm,animal,TRUE,""
Formica podzolica,Formica podzolica,,Arthropoda,Insecta,Hymenoptera,Formicidae,"",,GlobTherm,animal,TRUE,""
Formica polyctena,Formica polyctena,,Arthropoda,Insecta,Hymenoptera,Formicidae,"",,GlobTherm,animal,TRUE,""
Formica sanguinea,Formica sanguinea,,Arthropoda,Insecta,Hymenoptera,Formicidae,"",,GlobTherm,animal,TRUE,""
Formica subsericea,Formica subsericea,,Arthropoda,Insecta,Hymenoptera,Formicidae,"",,GlobTherm,animal,TRUE,""
Friesea grisea,Friesea grisea,,Arthropoda,Collembola,Poduromorpha,Neanuridae,"",,GlobTherm,animal,TRUE,""
Fundulopanchax amieti,Fundulopanchax amieti,Animalia,Chordata,Actinopterygii,,Nothobranchiidae,freshwater,fish,ComteOlden,animal,TRUE,""
Fundulopanchax cinnamomeus,Fundulopanchax cinnamomeus,Animalia,Chordata,Actinopterygii,,Nothobranchiidae,freshwater,fish,ComteOlden,animal,TRUE,""
Fundulopanchax fallax,Fundulopanchax fallax,Animalia,Chordata,Actinopterygii,,Nothobranchiidae,freshwater,fish,ComteOlden,animal,TRUE,""
Fundulopanchax filamentosus,Fundulopanchax filamentosus,Animalia,Chordata,Actinopterygii,,Nothobranchiidae,freshwater,fish,ComteOlden,animal,TRUE,""
Fundulopanchax gardneri,Fundulopanchax gardneri,Animalia,Chordata,Actinopterygii,,Nothobranchiidae,freshwater,fish,ComteOlden,animal,TRUE,""
Fundulopanchax gularis,Fundulopanchax gularis,Animalia,Chordata,Actinopterygii,,Nothobranchiidae,freshwater,fish,ComteOlden,animal,TRUE,""
Fundulopanchax mirabilis,Fundulopanchax mirabilis,Animalia,Chordata,Actinopterygii,,Nothobranchiidae,freshwater,fish,ComteOlden,animal,TRUE,""
Fundulopanchax ndianus,Fundulopanchax ndianus,Animalia,Chordata,Actinopterygii,,Nothobranchiidae,freshwater,fish,ComteOlden,animal,TRUE,""
Fundulopanchax robertsoni,Fundulopanchax robertsoni,Animalia,Chordata,Actinopterygii,,Nothobranchiidae,freshwater,fish,ComteOlden,animal,TRUE,""
Fundulopanchax scheeli,Fundulopanchax scheeli,Animalia,Chordata,Actinopterygii,,Nothobranchiidae,freshwater,fish,ComteOlden,animal,TRUE,""
Fundulopanchax sjostedti,Fundulopanchax sjostedti,Animalia,Chordata,Actinopterygii,,Nothobranchiidae,freshwater,fish,ComteOlden,animal,TRUE,""
Fundulopanchax walkeri,Fundulopanchax walkeri,Animalia,Chordata,Actinopterygii,,Nothobranchiidae,freshwater,fish,ComteOlden,animal,TRUE,""
Fundulus blairae,Fundulus blairae,Animalia,Chordata,Actinopterygii,,Fundulidae,freshwater,fish,ComteOlden,animal,TRUE,""
Fundulus catenatus,Fundulus catenatus,Animalia,Chordata,Actinopterygii,,Fundulidae,freshwater,fish,ComteOlden,animal,TRUE,""
Fundulus chrysotus,Fundulus chrysotus,Animalia,Chordata,Actinopterygii,,Fundulidae,freshwater,fish,ComteOlden,animal,TRUE,""
Fundulus cingulatus,Fundulus cingulatus,Animalia,Chordata,Actinopterygii,,Fundulidae,freshwater,fish,ComteOlden,animal,TRUE,""
Fundulus diaphanus,Fundulus diaphanus,Animalia,Chordata,Actinopterygii,,Fundulidae,freshwater,fish,ComteOlden,animal,TRUE,""
Fundulus dispar,Fundulus dispar,Animalia,Chordata,Actinopterygii,,Fundulidae,freshwater,fish,ComteOlden,animal,TRUE,""
Fundulus escambiae,Fundulus escambiae,Animalia,Chordata,Actinopterygii,,Fundulidae,freshwater,fish,ComteOlden,animal,TRUE,""
Fundulus euryzonus,Fundulus euryzonus,Animalia,Chordata,Actinopterygii,,Fundulidae,freshwater,fish,ComteOlden,animal,TRUE,""
Fundulus grandis,Fundulus grandis,Metazoa,Chordata,Actinopteri,Acanthomorphata,Fundulidae,freshwater;mixed,fish,ComteOlden;ThermoFresh,animal,TRUE,""
Fundulus heteroclitus,Fundulus heteroclitus,Metazoa,Chordata,Actinopteri,Acanthomorphata,Fundulidae,mixed,fish,GlobTherm;ThermoFresh,animal,TRUE,""
Fundulus julisia,Fundulus julisia,Animalia,Chordata,Actinopterygii,,Fundulidae,freshwater,fish,ComteOlden,animal,TRUE,""
Fundulus kansae,Fundulus kansae,Animalia,Chordata,Actinopterygii,,Fundulidae,freshwater,fish,ComteOlden,animal,TRUE,""
Fundulus lineolatus,Fundulus lineolatus,Animalia,Chordata,Actinopterygii,,Fundulidae,freshwater,fish,ComteOlden,animal,TRUE,""
Fundulus luciae,Fundulus luciae,Animalia,Chordata,Actinopterygii,,Fundulidae,freshwater,fish,ComteOlden,animal,TRUE,""
Fundulus notatus,Fundulus notatus,Metazoa,Chordata,Actinopteri,Acanthomorphata,Fundulidae,freshwater,fish,ComteOlden;GlobTherm;ThermoFresh,animal,TRUE,""
Fundulus nottii,Fundulus nottii,Animalia,Chordata,Actinopterygii,,Fundulidae,freshwater,fish,ComteOlden,animal,TRUE,""
Fundulus olivaceus,Fundulus olivaceus,Metazoa,Chordata,Actinopteri,Acanthomorphata,Fundulidae,freshwater,fish,ComteOlden;GlobTherm;ThermoFresh,animal,TRUE,""
Fundulus parvipinnis,Fundulus parvipinnis,Metazoa,Chordata,Actinopteri,Acanthomorphata,Fundulidae,mixed,fish,GlobTherm;ThermoFresh,animal,TRUE,""
Fundulus rathbuni,Fundulus rathbuni,Animalia,Chordata,Actinopterygii,,Fundulidae,freshwater,fish,ComteOlden,animal,TRUE,""
Fundulus rubrifrons,Fundulus rubrifrons,Animalia,Chordata,Actinopterygii,,Fundulidae,freshwater,fish,ComteOlden,animal,TRUE,""
Fundulus sciadicus,Fundulus sciadicus,Metazoa,Chordata,Actinopteri,Acanthomorphata,Fundulidae,freshwater,fish,ComteOlden;GlobTherm;ThermoFresh,animal,TRUE,""
Fundulus seminolis,Fundulus seminolis,Animalia,Chordata,Actinopterygii,,Fundulidae,freshwater,fish,ComteOlden,animal,TRUE,""
Fundulus stellifer,Fundulus stellifer,Animalia,Chordata,Actinopterygii,,Fundulidae,freshwater,fish,ComteOlden,animal,TRUE,""
Fundulus zebrinus,Fundulus zebrinus,Metazoa,Chordata,Actinopteri,Acanthomorphata,Fundulidae,freshwater;mixed,fish,ComteOlden;ThermoFresh,animal,TRUE,""
Fusconaia mitchelli,Fusconaia mitchelli,Metazoa,Mollusca,Bivalvia,Unionida,Unionidae,freshwater,invertebrate,ThermoFresh,animal,TRUE,""
Gadus morhua,Gadus morhua,Animalia,Chordata,Actinopterygii,,Gadidae,marine,fish,ComteOlden,animal,TRUE,""
Gafrarium dispar,Gafrarium dispar,,Mollusca,Bivalvia,Veneroida,Veneridae,"",,GlobTherm,animal,TRUE,""
Gagata cenia,Gagata cenia,Animalia,Chordata,Actinopterygii,,Sisoridae,freshwater,fish,ComteOlden,animal,TRUE,""
Galaxias anomalus,Galaxias anomalus,Animalia,Chordata,Actinopterygii,,Galaxiidae,freshwater,fish,ComteOlden,animal,TRUE,""
Galaxias argenteus,Galaxias argenteus,Animalia,Chordata,Actinopterygii,,Galaxiidae,freshwater,fish,ComteOlden,animal,TRUE,""
Galaxias brevipinnis,Galaxias brevipinnis,Animalia,Chordata,Actinopterygii,,Galaxiidae,freshwater,fish,ComteOlden,animal,TRUE,""
Galaxias cobitinis,Galaxias cobitinis,Animalia,Chordata,Actinopterygii,,Galaxiidae,freshwater,fish,ComteOlden,animal,TRUE,""
Galaxias depressiceps,Galaxias depressiceps,Animalia,Chordata,Actinopterygii,,Galaxiidae,freshwater,fish,ComteOlden,animal,TRUE,""
Galaxias divergens,Galaxias divergens,Animalia,Chordata,Actinopterygii,,Galaxiidae,freshwater,fish,ComteOlden,animal,TRUE,""
Galaxias eldoni,Galaxias eldoni,Animalia,Chordata,Actinopterygii,,Galaxiidae,freshwater,fish,ComteOlden,animal,TRUE,""
Galaxias fasciatus,Galaxias fasciatus,Animalia,Chordata,Actinopterygii,Galaxiiformes,Galaxiidae,freshwater;mixed,fish,ComteOlden;GlobTherm;ThermoFresh,animal,TRUE,""
Galaxias gollumoides,Galaxias gollumoides,Animalia,Chordata,Actinopterygii,,Galaxiidae,freshwater,fish,ComteOlden,animal,TRUE,""
Galaxias maculatus,Galaxias maculatus,Metazoa,Chordata,Actinopteri,Galaxiiformes,Galaxiidae,freshwater;mixed,fish,ComteOlden;GlobTherm;ThermoFresh,animal,TRUE,""
Galaxias neocaledonicus,Galaxias neocaledonicus,Animalia,Chordata,Actinopterygii,,Galaxiidae,freshwater,fish,ComteOlden,animal,TRUE,""
Galaxias paucispondylus,Galaxias paucispondylus,Animalia,Chordata,Actinopterygii,,Galaxiidae,freshwater,fish,ComteOlden,animal,TRUE,""
Galaxias postvectis,Galaxias postvectis,Animalia,Chordata,Actinopterygii,,Galaxiidae,freshwater,fish,ComteOlden,animal,TRUE,""
Galaxias prognathus,Galaxias prognathus,Animalia,Chordata,Actinopterygii,,Galaxiidae,freshwater,fish,ComteOlden,animal,TRUE,""
Galaxias pullus,Galaxias pullus,Animalia,Chordata,Actinopterygii,,Galaxiidae,freshwater,fish,ComteOlden,animal,TRUE,""
Galaxias vulgaris,Galaxias vulgaris,Animalia,Chordata,Actinopterygii,,Galaxiidae,freshwater,fish,ComteOlden,animal,TRUE,""
Galaxias zebratus,Galaxias zebratus,Metazoa,Chordata,Actinopteri,Galaxiiformes,Galaxiidae,freshwater,fish,ComteOlden;ThermoFresh,animal,TRUE,""
Galba truncatula,Galba truncatula,Metazoa,Mollusca,Gastropoda,Hygrophila,Lymnaeidae,mixed,invertebrate,ThermoFresh,animal,TRUE,""
Gambelia wislizenii,Gambelia wislizenii,,Chordata,Lepidosauria,Squamata,Iguanidae,"",,GlobTherm,animal,TRUE,""
Gambusia affinis,Gambusia affinis,Metazoa,Chordata,Actinopteri,Acanthomorphata,Poeciliidae,freshwater;mixed,fish,ComteOlden;GlobTherm;ThermoFresh,animal,TRUE,""
Gambusia geiseri,Gambusia geiseri,Animalia,Chordata,Actinopterygii,,Poeciliidae,freshwater,fish,ComteOlden,animal,TRUE,""
Gambusia heterochir,Gambusia heterochir,Animalia,Chordata,Actinopterygii,,Poeciliidae,freshwater,fish,ComteOlden,animal,TRUE,""
Gambusia holbrooki,Gambusia holbrooki,Metazoa,Chordata,Actinopteri,Acanthomorphata,Poeciliidae,freshwater;mixed,fish,ComteOlden;GlobTherm;ThermoFresh,animal,TRUE,""
Gambusia yucatana,Gambusia yucatana,Metazoa,Chordata,Actinopteri,Acanthomorphata,Poeciliidae,freshwater,fish,ComteOlden;GlobTherm;ThermoFresh,animal,TRUE,""
Gammarus chevreuxi,Gammarus chevreuxi,Metazoa,Arthropoda,Malacostraca,Amphipoda,Gammaridae,mixed,invertebrate,ThermoFresh,animal,TRUE,""
Gammarus fasciatus,Gammarus fasciatus,Metazoa,Arthropoda,Malacostraca,Amphipoda,Gammaridae,freshwater,invertebrate,ThermoFresh,animal,TRUE,""
Gammarus fossarum,Gammarus fossarum,Metazoa,Arthropoda,Malacostraca,Amphipoda,Gammaridae,freshwater,invertebrate,ThermoFresh,animal,TRUE,""
Gammarus lacustris,Gammarus lacustris,Metazoa,Arthropoda,Malacostraca,Amphipoda,Gammaridae,mixed,invertebrate,ThermoFresh,animal,TRUE,""
Gammarus limnaeus,Gammarus limnaeus,Metazoa,Arthropoda,Malacostraca,Amphipoda,Gammaridae,freshwater,invertebrate,ThermoFresh,animal,TRUE,""
Gammarus pseudolimnaeus,Gammarus pseudolimnaeus,Metazoa,Arthropoda,Malacostraca,Amphipoda,Gammaridae,freshwater,invertebrate,ThermoFresh,animal,TRUE,""
Gammarus pulex,Gammarus pulex,Metazoa,Arthropoda,Malacostraca,Amphipoda,Gammaridae,freshwater,invertebrate,ThermoFresh,animal,TRUE,""
Gammarus roeselii,Gammarus roeselii,Metazoa,Arthropoda,Malacostraca,Amphipoda,Gammaridae,freshwater,invertebrate,ThermoFresh,animal,TRUE,""
Gammarus tigrinus,Gammarus tigrinus,Metazoa,Arthropoda,Malacostraca,Amphipoda,Gammaridae,mixed,invertebrate,ThermoFresh,animal,TRUE,""
Gari solida,Gari solida,,Mollusca,Bivalvia,Veneroida,Psammobiidae,"",,GlobTherm,animal,TRUE,""
Garra annandalei,Garra annandalei,Animalia,Chordata,Actinopterygii,,Cyprinidae,freshwater,fish,ComteOlden,animal,TRUE,""
Garra cambodgiensis,Garra cambodgiensis,Animalia,Chordata,Actinopterygii,,Cyprinidae,freshwater,fish,ComteOlden,animal,TRUE,""
Garra congoensis,Garra congoensis,Animalia,Chordata,Actinopterygii,,Cyprinidae,freshwater,fish,ComteOlden,animal,TRUE,""
Garra dembecha,Garra dembecha,Animalia,Chordata,Actinopterygii,,Cyprinidae,freshwater,fish,ComteOlden,animal,TRUE,""
Garra fasciacauda,Garra fasciacauda,Animalia,Chordata,Actinopterygii,,Cyprinidae,freshwater,fish,ComteOlden,animal,TRUE,""
Garra flavatra,Garra flavatra,Animalia,Chordata,Actinopterygii,,Cyprinidae,freshwater,fish,ComteOlden,animal,TRUE,""
Garra fuliginosa,Garra fuliginosa,Animalia,Chordata,Actinopterygii,,Cyprinidae,freshwater,fish,ComteOlden,animal,TRUE,""
Garra gotyla,Garra gotyla gotyla,Animalia,Chordata,Actinopterygii,,Cyprinidae,freshwater,fish,ComteOlden,animal,TRUE,""
Garra gravelyi,Garra gravelyi,Animalia,Chordata,Actinopterygii,,Cyprinidae,freshwater,fish,ComteOlden,animal,TRUE,""
Garra imberba,Garra imberba,Animalia,Chordata,Actinopterygii,,Cyprinidae,freshwater,fish,ComteOlden,animal,TRUE,""
Garra kempi,Garra kempi,Animalia,Chordata,Actinopterygii,,Cyprinidae,freshwater,fish,ComteOlden,animal,TRUE,""
Garra makiensis,Garra makiensis,Animalia,Chordata,Actinopterygii,,Cyprinidae,freshwater,fish,ComteOlden,animal,TRUE,""
Garra orientalis,Garra orientalis,Animalia,Chordata,Actinopterygii,,Cyprinidae,freshwater,fish,ComteOlden,animal,TRUE,""
Garra regressus,Garra regressus,Animalia,Chordata,Actinopterygii,,Cyprinidae,freshwater,fish,ComteOlden,animal,TRUE,""
Garra rufa,Garra rufa,Metazoa,Chordata,Actinopteri,Cypriniformes,Cyprinidae,freshwater,fish,ComteOlden;ThermoFresh,animal,TRUE,""
Garra spilota,Garra spilota,Animalia,Chordata,Actinopterygii,,Cyprinidae,freshwater,fish,ComteOlden,animal,TRUE,""
Garra tana,Garra tana,Animalia,Chordata,Actinopterygii,,Cyprinidae,freshwater,fish,ComteOlden,animal,TRUE,""
Garra variabilis,Garra variabilis,Animalia,Chordata,Actinopterygii,,Cyprinidae,freshwater,fish,ComteOlden,animal,TRUE,""
Gasterochisma melampus,Gasterochisma melampus,Animalia,Chordata,Actinopterygii,,Scombridae,marine,fish,ComteOlden,animal,TRUE,""
Gasteropelecus maculatus,Gasteropelecus maculatus,Metazoa,Chordata,Actinopteri,Characiformes,Gasteropelecidae,freshwater,fish,ThermoFresh,animal,TRUE,""
Gasterosteus aculeatus,Gasterosteus aculeatus,Metazoa,Chordata,Actinopteri,Acanthomorphata,Gasterosteidae,freshwater;mixed,fish,ComteOlden;GlobTherm;ThermoFresh,animal,TRUE,""
Gastrophyrne mazatlanensis,Gastrophyrne mazatlanensis,,Chordata,Amphibia,Anura,Microhylidae,"",,GlobTherm,animal,TRUE,""
Gazza minuta,Gazza minuta,Animalia,Chordata,Actinopterygii,,Leiognathidae,freshwater,fish,ComteOlden,animal,TRUE,""
Gehyra variegata,Gehyra variegata,,Chordata,Lepidosauria,Squamata,Gekkonidae,"",,GlobTherm,animal,TRUE,""
Gemma gemma,Gemma gemma,,Mollusca,Bivalvia,Veneroida,Veneridae,"",,GlobTherm,animal,TRUE,""
Genicanthus lamarck,Genicanthus lamarck,Animalia,Chordata,Actinopterygii,,Pomacanthidae,marine,fish,ComteOlden,animal,TRUE,""
Genicanthus melanospilos,Genicanthus melanospilos,Animalia,Chordata,Actinopterygii,,Pomacanthidae,marine,fish,ComteOlden,animal,TRUE,""
Gentiana divisa,Gentiana divisa,,Streptophyta,Spermatophyta,Gentianales,Gentianaceae,"",,GlobTherm,non_animal,FALSE,Taxon is not an animal
Genyomyrus donnyi,Genyomyrus donnyi,Animalia,Chordata,Actinopterygii,,Mormyridae,freshwater,fish,ComteOlden,animal,TRUE,""
Geophagus brasiliensis,Geophagus brasiliensis,Animalia,Chordata,Actinopterygii,Acanthomorphata,Cichlidae,freshwater;mixed,fish,ComteOlden;ThermoFresh,animal,TRUE,""
Geranium robertianum,Geranium robertianum,,Streptophyta,Spermatophyta,Geraniales,Geraniaceae,"",,GlobTherm,non_animal,FALSE,Taxon is not an animal
Gerres filamentosus,Gerres filamentosus,Animalia,Chordata,Actinopterygii,,Gerreidae,freshwater,fish,ComteOlden,animal,TRUE,""
Gerres oyena,Gerres oyena,Animalia,Chordata,Actinopterygii,,Gerreidae,marine,fish,ComteOlden,animal,TRUE,""
Gibbula cineraria,Gibbula cineraria,,Mollusca,Gastropoda,Trochoidea,Trochidae,"",,GlobTherm,animal,TRUE,""
Gila atraria,Gila atraria,Animalia,Chordata,Actinopterygii,,Cyprinidae,freshwater,fish,ComteOlden,animal,TRUE,""
Gila bicolormohavensis,Gila bicolor_mohavensis,,Chordata,Actinopteri,Cypriniformes,Cyprinidae,"",,GlobTherm,animal,TRUE,""
Gila coerulea,Gila coerulea,Animalia,Chordata,Actinopterygii,Cypriniformes,Cyprinidae,freshwater,fish,ComteOlden;GlobTherm,animal,TRUE,""
Gila cypha,Gila cypha,Animalia,Chordata,Actinopterygii,,Cyprinidae,freshwater,fish,ComteOlden,animal,TRUE,""
Gila elegans,Gila elegans,Metazoa,Chordata,Actinopteri,Cypriniformes,Cyprinidae,freshwater,fish,GlobTherm;ThermoFresh,animal,TRUE,""
Gila intermedia,Gila intermedia,Metazoa,Chordata,Actinopteri,Cypriniformes,Cyprinidae,freshwater,fish,GlobTherm;ThermoFresh,animal,TRUE,""
Gila nigra,Gila nigra,Animalia,Chordata,Actinopterygii,,Cyprinidae,freshwater,fish,ComteOlden,animal,TRUE,""
Gila nigrescens,Gila nigrescens,Animalia,Chordata,Actinopterygii,,Cyprinidae,freshwater,fish,ComteOlden,animal,TRUE,""
Gila orcuttii,Gila orcuttii,Animalia,Chordata,Actinopterygii,,Cyprinidae,freshwater,fish,ComteOlden,animal,TRUE,""
Gila pandora,Gila pandora,Animalia,Chordata,Actinopterygii,,Cyprinidae,freshwater,fish,ComteOlden,animal,TRUE,""
Gila robusta,Gila robusta,Metazoa,Chordata,Actinopteri,Cypriniformes,Cyprinidae,freshwater,fish,ComteOlden;GlobTherm;ThermoFresh,animal,TRUE,""
Gila seminuda,Gila seminuda,Metazoa,Chordata,Actinopteri,Cypriniformes,Cyprinidae,freshwater,fish,ThermoFresh,animal,TRUE,""
Gilchristella aestuaria,Gilchristella aestuaria,Animalia,Chordata,Actinopterygii,,Clupeidae,freshwater,fish,ComteOlden,animal,TRUE,""
Gillichthys mirabilis,Gillichthys mirabilis,Metazoa,Chordata,Actinopteri,Acanthomorphata,Gobiidae,marine;mixed,fish,ComteOlden;ThermoFresh,animal,TRUE,""
Girardia dorotocephala,Girardia dorotocephala,Metazoa,Platyhelminthes,Rhabditophora,Seriata,Dugesiidae,freshwater,invertebrate,ThermoFresh,animal,TRUE,""
Girardia tigrina,Girardia tigrina,Metazoa,Platyhelminthes,Rhabditophora,Seriata,Dugesiidae,freshwater,invertebrate,ThermoFresh,animal,TRUE,""
Girella nigricans,Girella nigricans,Animalia,Chordata,Actinopterygii,Perciformes,Kyphosidae,marine,fish,ComteOlden;GlobTherm,animal,TRUE,""
Glaphyromorphus punctulatus,Glaphyromorphus punctulatus,,Chordata,Lepidosauria,Squamata,Scincidae,"",,GlobTherm,animal,TRUE,""
Glaridoglanis andersonii,Glaridoglanis andersonii,Animalia,Chordata,Actinopterygii,,Sisoridae,freshwater,fish,ComteOlden,animal,TRUE,""
Glossina pallidipes,Glossina pallidipes,,Arthropoda,Insecta,Diptera,Glossinidae,"",,GlobTherm,animal,TRUE,""
Glossiphonia complanata,Glossiphonia complanata,Metazoa,Annelida,Clitellata,Hirudinida,Glossiphoniidae,freshwater,invertebrate,ThermoFresh,animal,TRUE,""
Glossogobius celebius,Glossogobius celebius,Animalia,Chordata,Actinopterygii,,Gobiidae,freshwater,fish,ComteOlden,animal,TRUE,""
Glossogobius olivaceus,Glossogobius olivaceus,Animalia,Chordata,Actinopterygii,,Gobiidae,freshwater,fish,ComteOlden,animal,TRUE,""
Glyptosternon maculatum,Glyptosternon maculatum,Animalia,Chordata,Actinopterygii,,Sisoridae,freshwater,fish,ComteOlden,animal,TRUE,""
Glyptothorax annandalei,Glyptothorax annandalei,Animalia,Chordata,Actinopterygii,,Sisoridae,freshwater,fish,ComteOlden,animal,TRUE,""
Glyptothorax cavia,Glyptothorax cavia,Animalia,Chordata,Actinopterygii,,Sisoridae,freshwater,fish,ComteOlden,animal,TRUE,""
Glyptothorax fokiensis,Glyptothorax fokiensis,Animalia,Chordata,Actinopterygii,,Sisoridae,freshwater,fish,ComteOlden,animal,TRUE,""
Glyptothorax gracilis,Glyptothorax gracilis,Animalia,Chordata,Actinopterygii,,Sisoridae,freshwater,fish,ComteOlden,animal,TRUE,""
Glyptothorax granulus,Glyptothorax granulus,Animalia,Chordata,Actinopterygii,,Sisoridae,freshwater,fish,ComteOlden,animal,TRUE,""
Glyptothorax ngapang,Glyptothorax ngapang,Animalia,Chordata,Actinopterygii,,Sisoridae,freshwater,fish,ComteOlden,animal,TRUE,""
Glyptothorax trilineatus,Glyptothorax trilineatus,Animalia,Chordata,Actinopterygii,,Sisoridae,freshwater,fish,ComteOlden,animal,TRUE,""
Glyptothorax ventrolineatus,Glyptothorax ventrolineatus,Animalia,Chordata,Actinopterygii,,Sisoridae,freshwater,fish,ComteOlden,animal,TRUE,""
Gm-- na,GM-10-261 NA,,Arthropoda,Insecta,Hymenoptera,Formicidae,"",,GlobTherm,animal,TRUE,""
Gmelinoides fasciatus,Gmelinoides fasciatus,Metazoa,Arthropoda,Malacostraca,Amphipoda,Micruropodidae,mixed,invertebrate,ThermoFresh,animal,TRUE,""
Gnathochromis permaxillaris,Gnathochromis permaxillaris,Animalia,Chordata,Actinopterygii,,Cichlidae,freshwater,fish,ComteOlden,animal,TRUE,""
Gnathochromis pfefferi,Gnathochromis pfefferi,Animalia,Chordata,Actinopterygii,,Cichlidae,freshwater,fish,ComteOlden,animal,TRUE,""
Gnatholepis anjerensis,Gnatholepis anjerensis,Animalia,Chordata,Actinopterygii,,Gobiidae,marine,fish,ComteOlden,animal,TRUE,""
Gnathonemus petersii,Gnathonemus petersii,Animalia,Chordata,Actinopterygii,,Mormyridae,freshwater,fish,ComteOlden,animal,TRUE,""
Gobiesox strumosus,Gobiesox strumosus,,Chordata,Actinopteri,Blenniiformes,Gobiesocidae,"",,GlobTherm,animal,TRUE,""
Gobio gobio,Gobio gobio,Metazoa,Chordata,Actinopteri,Cypriniformes,Cyprinidae,freshwater;mixed,fish,ComteOlden;ThermoFresh,animal,TRUE,""
Gobiobotia longibarba,Gobiobotia longibarba,Animalia,Chordata,Actinopterygii,,Cyprinidae,freshwater,fish,ComteOlden,animal,TRUE,""
Gobiocichla ethelwynnae,Gobiocichla ethelwynnae,Animalia,Chordata,Actinopterygii,,Cichlidae,freshwater,fish,ComteOlden,animal,TRUE,""
Gobiocichla wonderi,Gobiocichla wonderi,Animalia,Chordata,Actinopterygii,,Cichlidae,freshwater,fish,ComteOlden,animal,TRUE,""
Gobiocypris rarus,Gobiocypris rarus,Metazoa,Chordata,Actinopteri,Cypriniformes,Cyprinidae,freshwater,fish,ThermoFresh,animal,TRUE,""
Gobiomorphus basalis,Gobiomorphus basalis,Metazoa,Chordata,Actinopteri,Acanthomorphata,Eleotridae,freshwater,fish,ComteOlden;ThermoFresh,animal,TRUE,""
Gobiomorphus breviceps,Gobiomorphus breviceps,Animalia,Chordata,Actinopterygii,,Eleotridae,freshwater,fish,ComteOlden,animal,TRUE,""
Gobiomorphus cotidianus,Gobiomorphus cotidianus,Metazoa,Chordata,Actinopteri,Acanthomorphata,Eleotridae,freshwater;mixed,fish,ComteOlden;ThermoFresh,animal,TRUE,""
Gobiomorphus gobioides,Gobiomorphus gobioides,Animalia,Chordata,Actinopterygii,,Eleotridae,freshwater,fish,ComteOlden,animal,TRUE,""
Gobiomorphus hubbsi,Gobiomorphus hubbsi,Animalia,Chordata,Actinopterygii,,Eleotridae,freshwater,fish,ComteOlden,animal,TRUE,""
Gobiomorphus huttoni,Gobiomorphus huttoni,Animalia,Chordata,Actinopterygii,,Eleotridae,freshwater,fish,ComteOlden,animal,TRUE,""
Gobionotothen gibberifrons,Gobionotothen gibberifrons,Animalia,Chordata,Actinopterygii,,Nototheniidae,marine,fish,ComteOlden,animal,TRUE,""
Gobius cobitis,Gobius cobitis,Metazoa,Chordata,Actinopteri,Acanthomorphata,Gobiidae,freshwater;mixed,fish,ComteOlden;GlobTherm;ThermoFresh,animal,TRUE,""
Gobius niger,Gobius niger,Metazoa,Chordata,Actinopteri,Acanthomorphata,Gobiidae,mixed,fish,GlobTherm;ThermoFresh,animal,TRUE,""
Gobius paganellus,Gobius paganellus,Metazoa,Chordata,Actinopteri,Acanthomorphata,Gobiidae,marine;mixed,fish,ComteOlden;GlobTherm;ThermoFresh,animal,TRUE,""
Gogangra viridescens,Gogangra viridescens,Animalia,Chordata,Actinopterygii,,Sisoridae,freshwater,fish,ComteOlden,animal,TRUE,""
Gomphosus caeruleus,Gomphosus caeruleus,Animalia,Chordata,Actinopterygii,,Labridae,marine,fish,ComteOlden,animal,TRUE,""
Gomphosus varius,Gomphosus varius,Animalia,Chordata,Actinopterygii,,Labridae,marine,fish,ComteOlden,animal,TRUE,""
Gonocephalum simplex,Gonocephalum simplex,,Arthropoda,Insecta,Coleoptera,Tenebrionidae,"",,GlobTherm,animal,TRUE,""
Gopherus agassizii,Gopherus agassizii,,Chordata,Archelosauria,Testudines,Emydidae,"",,GlobTherm,animal,TRUE,""
Gracilaria secundata,Gracilaria secundata,,Rhodophyta,Florideophyceae,Gracilariales,Gracilariaceae,"",,GlobTherm,non_animal,FALSE,Taxon is not an animal
Grammatorcynus bilineatus,Grammatorcynus bilineatus,Animalia,Chordata,Actinopterygii,,Scombridae,marine,fish,ComteOlden,animal,TRUE,""
Grammatotria lemairii,Grammatotria lemairii,Animalia,Chordata,Actinopterygii,,Cichlidae,freshwater,fish,ComteOlden,animal,TRUE,""
Greenwoodochromis bellcrossi,Greenwoodochromis bellcrossi,Animalia,Chordata,Actinopterygii,,Cichlidae,freshwater,fish,ComteOlden,animal,TRUE,""
Greenwoodochromis christyi,Greenwoodochromis christyi,Animalia,Chordata,Actinopterygii,,Cichlidae,freshwater,fish,ComteOlden,animal,TRUE,""
Grevillea rosmarinifolia,Grevillea rosmarinifolia,,Streptophyta,Spermatophyta,Proteales,Proteaceae,"",,GlobTherm,non_animal,FALSE,Taxon is not an animal
Grevillea speciosa,Grevillea speciosa,,Streptophyta,Spermatophyta,Proteales,Proteaceae,"",,GlobTherm,non_animal,FALSE,Taxon is not an animal
Greyia sutherlandii,Greyia sutherlandii,,Streptophyta,Spermatophyta,Geraniales,Melianthaceae,"",,GlobTherm,non_animal,FALSE,Taxon is not an animal
Griselinia littoralis,Griselinia littoralis,,Streptophyta,Spermatophyta,Apiales,Griseliniaceae,"",,GlobTherm,non_animal,FALSE,Taxon is not an animal
Griselinia racemosa,Griselinia racemosa,,Streptophyta,Spermatophyta,Apiales,Griseliniaceae,"",,GlobTherm,non_animal,FALSE,Taxon is not an animal
Gymnallabes typus,Gymnallabes typus,Animalia,Chordata,Actinopterygii,,Clariidae,freshwater,fish,ComteOlden,animal,TRUE,""
Gymnarchus niloticus,Gymnarchus niloticus,Animalia,Chordata,Actinopterygii,,Gymnarchidae,freshwater,fish,ComteOlden,animal,TRUE,""
Gymnocephalus baloni,Gymnocephalus baloni,Animalia,Chordata,Actinopterygii,,Percidae,freshwater,fish,ComteOlden,animal,TRUE,""
Gymnocephalus cernua,Gymnocephalus cernua,Metazoa,Chordata,Actinopteri,Acanthomorphata,Percidae,freshwater;mixed,fish,ComteOlden;ThermoFresh,animal,TRUE,""
Gymnocephalus schraetser,Gymnocephalus schraetser,Animalia,Chordata,Actinopterygii,,Percidae,freshwater,fish,ComteOlden,animal,TRUE,""
Gymnocharacinus bergii,Gymnocharacinus bergii,Metazoa,Chordata,Actinopteri,Characiformes,Characidae,freshwater,fish,ThermoFresh,animal,TRUE,""
Gymnocrotaphus curvidens,Gymnocrotaphus curvidens,Animalia,Chordata,Actinopterygii,,Sparidae,marine,fish,ComteOlden,animal,TRUE,""
Gymnocypris przewalskii,Gymnocypris przewalskii,Metazoa,Chordata,Actinopteri,Cypriniformes,Cyprinidae,freshwater,fish,ThermoFresh,animal,TRUE,""
Gymnocypris waddellii,Gymnocypris waddellii,Animalia,Chordata,Actinopterygii,,Cyprinidae,freshwater,fish,ComteOlden,animal,TRUE,""
Gymnogeophagus meridionalis,Gymnogeophagus meridionalis,Metazoa,Chordata,Actinopteri,Acanthomorphata,Cichlidae,freshwater,fish,ThermoFresh,animal,TRUE,""
Gymnosarda unicolor,Gymnosarda unicolor,Animalia,Chordata,Actinopterygii,,Scombridae,marine,fish,ComteOlden,animal,TRUE,""
Gymnothorax polyuranodon,Gymnothorax polyuranodon,Animalia,Chordata,Actinopterygii,,Muraenidae,freshwater,fish,ComteOlden,animal,TRUE,""
Gyraulus connollyi,Gyraulus connollyi,Metazoa,Mollusca,Gastropoda,Hygrophila,Planorbidae,freshwater,invertebrate,ThermoFresh,animal,TRUE,""
Gyraulus gilberti,Gyraulus gilberti,Metazoa,Mollusca,Gastropoda,Hygrophila,Planorbidae,freshwater,invertebrate,GlobTherm;ThermoFresh,animal,TRUE,""
Gyrinocheilus aymonieri,Gyrinocheilus aymonieri,Animalia,Chordata,Actinopterygii,,Gyrinocheilidae,freshwater,fish,ComteOlden,animal,TRUE,""
Gyrinocheilus pennocki,Gyrinocheilus pennocki,Animalia,Chordata,Actinopterygii,,Gyrinocheilidae,freshwater,fish,ComteOlden,animal,TRUE,""
Haemulon flavolineatum,Haemulon flavolineatum,Animalia,Chordata,Actinopterygii,,Haemulidae,marine,fish,ComteOlden,animal,TRUE,""
Haemulon steindachneri,Haemulon steindachneri,Animalia,Chordata,Actinopterygii,Perciformes,Haemulidae,marine,fish,ComteOlden;GlobTherm,animal,TRUE,""
Hagenius brevistylus,Hagenius brevistylus,Metazoa,Arthropoda,Insecta,Odonata,Gomphidae,freshwater,invertebrate,ThermoFresh,animal,TRUE,""
Hakea salicifolia,Hakea salicifolia,,Streptophyta,Spermatophyta,Proteales,Proteaceae,"",,GlobTherm,non_animal,FALSE,Taxon is not an animal
Haletta semifasciata,Haletta semifasciata,Animalia,Chordata,Actinopterygii,,Labridae,marine,fish,ComteOlden,animal,TRUE,""
Halichoeres argus,Halichoeres argus,Animalia,Chordata,Actinopterygii,,Labridae,marine,fish,ComteOlden,animal,TRUE,""
Halichoeres bathyphilus,Halichoeres bathyphilus,Animalia,Chordata,Actinopterygii,,Labridae,marine,fish,ComteOlden,animal,TRUE,""
Halichoeres binotopsis,Halichoeres binotopsis,Animalia,Chordata,Actinopterygii,,Labridae,marine,fish,ComteOlden,animal,TRUE,""
Halichoeres biocellatus,Halichoeres biocellatus,Animalia,Chordata,Actinopterygii,,Labridae,marine,fish,ComteOlden,animal,TRUE,""
Halichoeres bivittatus,Halichoeres bivittatus,Animalia,Chordata,Actinopterygii,,Labridae,marine,fish,ComteOlden,animal,TRUE,""
Halichoeres brasiliensis,Halichoeres brasiliensis,Animalia,Chordata,Actinopterygii,,Labridae,marine,fish,ComteOlden,animal,TRUE,""
Halichoeres burekae,Halichoeres burekae,Animalia,Chordata,Actinopterygii,,Labridae,marine,fish,ComteOlden,animal,TRUE,""
Halichoeres chierchiae,Halichoeres chierchiae,Animalia,Chordata,Actinopterygii,,Labridae,marine,fish,ComteOlden,animal,TRUE,""
Halichoeres chloropterus,Halichoeres chloropterus,Animalia,Chordata,Actinopterygii,,Labridae,marine,fish,ComteOlden,animal,TRUE,""
Halichoeres chrysus,Halichoeres chrysus,Animalia,Chordata,Actinopterygii,,Labridae,marine,fish,ComteOlden,animal,TRUE,""
Halichoeres cyanocephalus,Halichoeres cyanocephalus,Animalia,Chordata,Actinopterygii,,Labridae,marine,fish,ComteOlden,animal,TRUE,""
Halichoeres dispilus,Halichoeres dispilus,Animalia,Chordata,Actinopterygii,Perciformes,Labridae,marine,fish,ComteOlden;GlobTherm,animal,TRUE,""
Halichoeres garnoti,Halichoeres garnoti,Animalia,Chordata,Actinopterygii,,Labridae,marine,fish,ComteOlden,animal,TRUE,""
Halichoeres hartzfeldii,Halichoeres hartzfeldii,Animalia,Chordata,Actinopterygii,,Labridae,marine,fish,ComteOlden,animal,TRUE,""
Halichoeres hortulanus,Halichoeres hortulanus,Animalia,Chordata,Actinopterygii,,Labridae,marine,fish,ComteOlden,animal,TRUE,""
Halichoeres lapillus,Halichoeres lapillus,Animalia,Chordata,Actinopterygii,,Labridae,marine,fish,ComteOlden,animal,TRUE,""
Halichoeres leucurus,Halichoeres leucurus,Animalia,Chordata,Actinopterygii,,Labridae,marine,fish,ComteOlden,animal,TRUE,""
Halichoeres maculipinna,Halichoeres maculipinna,Animalia,Chordata,Actinopterygii,,Labridae,marine,fish,ComteOlden,animal,TRUE,""
Halichoeres margaritaceus,Halichoeres margaritaceus,Animalia,Chordata,Actinopterygii,,Labridae,marine,fish,ComteOlden,animal,TRUE,""
Halichoeres melanotis,Halichoeres melanotis,Animalia,Chordata,Actinopterygii,,Labridae,marine,fish,ComteOlden,animal,TRUE,""
Halichoeres melanurus,Halichoeres melanurus,Animalia,Chordata,Actinopterygii,,Labridae,marine,fish,ComteOlden,animal,TRUE,""
Halichoeres melasmapomus,Halichoeres melasmapomus,Animalia,Chordata,Actinopterygii,,Labridae,marine,fish,ComteOlden,animal,TRUE,""
Halichoeres miniatus,Halichoeres miniatus,Animalia,Chordata,Actinopterygii,,Labridae,marine,fish,ComteOlden,animal,TRUE,""
Halichoeres nigrescens,Halichoeres nigrescens,Animalia,Chordata,Actinopterygii,,Labridae,marine,fish,ComteOlden,animal,TRUE,""
Halichoeres notospilus,Halichoeres notospilus,Animalia,Chordata,Actinopterygii,,Labridae,marine,fish,ComteOlden,animal,TRUE,""
Halichoeres papilionaceus,Halichoeres papilionaceus,Animalia,Chordata,Actinopterygii,,Labridae,marine,fish,ComteOlden,animal,TRUE,""
Halichoeres pictus,Halichoeres pictus,Animalia,Chordata,Actinopterygii,,Labridae,marine,fish,ComteOlden,animal,TRUE,""
Halichoeres podostigma,Halichoeres podostigma,Animalia,Chordata,Actinopterygii,,Labridae,marine,fish,ComteOlden,animal,TRUE,""
Halichoeres poeyi,Halichoeres poeyi,Animalia,Chordata,Actinopterygii,,Labridae,marine,fish,ComteOlden,animal,TRUE,""
Halichoeres prosopeion,Halichoeres prosopeion,Animalia,Chordata,Actinopterygii,,Labridae,marine,fish,ComteOlden,animal,TRUE,""
Halichoeres radiatus,Halichoeres radiatus,Animalia,Chordata,Actinopterygii,,Labridae,marine,fish,ComteOlden,animal,TRUE,""
Halichoeres richmondi,Halichoeres richmondi,Animalia,Chordata,Actinopterygii,,Labridae,marine,fish,ComteOlden,animal,TRUE,""
Halichoeres scapularis,Halichoeres scapularis,Animalia,Chordata,Actinopterygii,,Labridae,marine,fish,ComteOlden,animal,TRUE,""
Halichoeres semicinctus,Halichoeres semicinctus,Animalia,Chordata,Actinopterygii,,Labridae,marine,fish,ComteOlden,animal,TRUE,""
Halichoeres socialis,Halichoeres socialis,Animalia,Chordata,Actinopterygii,,Labridae,marine,fish,ComteOlden,animal,TRUE,""
Halichoeres solorensis,Halichoeres solorensis,Animalia,Chordata,Actinopterygii,,Labridae,marine,fish,ComteOlden,animal,TRUE,""
Halichoeres trimaculatus,Halichoeres trimaculatus,Animalia,Chordata,Actinopterygii,,Labridae,marine,fish,ComteOlden,animal,TRUE,""
Halleria lucida,Halleria lucida,,Streptophyta,Spermatophyta,Lamiales,Stilbaceae,"",,GlobTherm,non_animal,FALSE,Taxon is not an animal
Halmaeusa atriceps,Halmaeusa atriceps,,Arthropoda,Insecta,Coleoptera,Staphylinidae,"",,GlobTherm,animal,TRUE,""
Halocarpus biformis,Halocarpus biformis,,Streptophyta,Spermatophyta,Araucariales,Podocarpaceae,"",,GlobTherm,non_animal,FALSE,Taxon is not an animal
Halozetes belgicae,Halozetes belgicae,,Arthropoda,Arachnida,Oribatida,Ameronothridae,"",,GlobTherm,animal,TRUE,""
Halozetes fulvus,Halozetes fulvus,,Arthropoda,Arachnida,Oribatida,Ameronothridae,"",,GlobTherm,animal,TRUE,""
Halozetes marinus,Halozetes marinus,,Arthropoda,Arachnida,Oribatida,Ameronothridae,"",,GlobTherm,animal,TRUE,""
Halozetes marionensis,Halozetes marionensis,,Arthropoda,Arachnida,Oribatida,Ameronothridae,"",,GlobTherm,animal,TRUE,""
Hampala macrolepidota,Hampala macrolepidota,Animalia,Chordata,Actinopterygii,,Cyprinidae,freshwater,fish,ComteOlden,animal,TRUE,""
Haplochromis azureus,Haplochromis azureus,Animalia,Chordata,Actinopterygii,,Cichlidae,freshwater,fish,ComteOlden,animal,TRUE,""
Haplochromis brownae,Haplochromis brownae,Animalia,Chordata,Actinopterygii,,Cichlidae,freshwater,fish,ComteOlden,animal,TRUE,""
Haplochromis degeni,Haplochromis degeni,Animalia,Chordata,Actinopterygii,,Cichlidae,freshwater,fish,ComteOlden,animal,TRUE,""
Haplochromis ishmaeli,Haplochromis ishmaeli,Animalia,Chordata,Actinopterygii,,Cichlidae,freshwater,fish,ComteOlden,animal,TRUE,""
Haplochromis maculipinna,Haplochromis maculipinna,Animalia,Chordata,Actinopterygii,,Cichlidae,freshwater,fish,ComteOlden,animal,TRUE,""
Haplochromis nyererei,Haplochromis nyererei,Animalia,Chordata,Actinopterygii,,Cichlidae,freshwater,fish,ComteOlden,animal,TRUE,""
Haplochromis paludinosus,Haplochromis paludinosus,Animalia,Chordata,Actinopterygii,,Cichlidae,freshwater,fish,ComteOlden,animal,TRUE,""
Haplochromis phytophagus,Haplochromis phytophagus,Animalia,Chordata,Actinopterygii,,Cichlidae,freshwater,fish,ComteOlden,animal,TRUE,""
Haplochromis piceatus,Haplochromis piceatus,Animalia,Chordata,Actinopterygii,,Cichlidae,freshwater,fish,ComteOlden,animal,TRUE,""
Haplochromis pyrrhocephalus,Haplochromis pyrrhocephalus,Animalia,Chordata,Actinopterygii,,Cichlidae,freshwater,fish,ComteOlden,animal,TRUE,""
Haplochromis rudolfianus,Haplochromis rudolfianus,Animalia,Chordata,Actinopterygii,,Cichlidae,freshwater,fish,ComteOlden,animal,TRUE,""
Haplochromis squamipinnis,Haplochromis squamipinnis,Animalia,Chordata,Actinopterygii,,Cichlidae,freshwater,fish,ComteOlden,animal,TRUE,""
Haplotaxodon microlepis,Haplotaxodon microlepis,Animalia,Chordata,Actinopterygii,,Cichlidae,freshwater,fish,ComteOlden,animal,TRUE,""
Hazardia squarrosa,Hazardia squarrosa,,Streptophyta,Spermatophyta,Asterales,Asteraceae,"",,GlobTherm,non_animal,FALSE,Taxon is not an animal
Hebe odora,Hebe odora,,Streptophyta,Spermatophyta,Lamiales,Plantaginaceae,"",,GlobTherm,non_animal,FALSE,Taxon is not an animal
Hectorella caespitosa,Hectorella caespitosa,,Streptophyta,Spermatophyta,Caryophyllales,Montiaceae,"",,GlobTherm,non_animal,FALSE,Taxon is not an animal
Hedera helix,Hedera helix,,Streptophyta,Spermatophyta,Apiales,Araliaceae,"",,GlobTherm,non_animal,FALSE,Taxon is not an animal
Heimia myrtifolia,Heimia myrtifolia,,Streptophyta,Spermatophyta,Myrtales,Lythraceae,"",,GlobTherm,non_animal,FALSE,Taxon is not an animal
Helichrysum petiolare,Helichrysum petiolare,,Streptophyta,Spermatophyta,Asterales,Asteraceae,"",,GlobTherm,non_animal,FALSE,Taxon is not an animal
Helicophagus leptorhynchus,Helicophagus leptorhynchus,Animalia,Chordata,Actinopterygii,,Pangasiidae,freshwater,fish,ComteOlden,animal,TRUE,""
Helicopsyche tillyardi,Helicopsyche tillyardi,Metazoa,Arthropoda,Insecta,Trichoptera,Helicopsychidae,freshwater,invertebrate,ThermoFresh,animal,TRUE,""
Helleborus foetidus,Helleborus foetidus,,Streptophyta,Spermatophyta,Ranunculales,Ranunculaceae,"",,GlobTherm,non_animal,FALSE,Taxon is not an animal
Helobdella stagnalis,Helobdella stagnalis,Metazoa,Annelida,Clitellata,Hirudinida,Glossiphoniidae,freshwater,invertebrate,ThermoFresh,animal,TRUE,""
Heloderma suspectum,Heloderma suspectum,,Chordata,Lepidosauria,Squamata,Helodermatidae,"",,GlobTherm,animal,TRUE,""
Helostoma temminkii,Helostoma temminkii,Animalia,Chordata,Actinopterygii,,Helostomatidae,freshwater,fish,ComteOlden,animal,TRUE,""
Hemachatus haemachatus,Hemachatus haemachatus,,Chordata,Lepidosauria,Squamata,Elapidae,"",,GlobTherm,animal,TRUE,""
Hemanthias peruanus,Hemanthias peruanus,Animalia,Chordata,Actinopterygii,,Serranidae,marine,fish,ComteOlden,animal,TRUE,""
Hemanthias signifer,Hemanthias signifer,Animalia,Chordata,Actinopterygii,,Serranidae,marine,fish,ComteOlden,animal,TRUE,""
Hemibagrus guttatus,Hemibagrus guttatus,Animalia,Chordata,Actinopterygii,,Bagridae,freshwater,fish,ComteOlden,animal,TRUE,""
Hemibagrus nemurus,Hemibagrus nemurus,Animalia,Chordata,Actinopterygii,,Bagridae,freshwater,fish,ComteOlden,animal,TRUE,""
Hemibagrus wyckioides,Hemibagrus wyckioides,Animalia,Chordata,Actinopterygii,,Bagridae,freshwater,fish,ComteOlden,animal,TRUE,""
Hemibarbus umbrifer,Hemibarbus umbrifer,Animalia,Chordata,Actinopterygii,,Cyprinidae,freshwater,fish,ComteOlden,animal,TRUE,""
Hemibates stenosoma,Hemibates stenosoma,Animalia,Chordata,Actinopterygii,,Cichlidae,freshwater,fish,ComteOlden,animal,TRUE,""
Hemichromis bimaculatus,Hemichromis bimaculatus,Animalia,Chordata,Actinopterygii,,Cichlidae,freshwater,fish,ComteOlden,animal,TRUE,""
Hemichromis elongatus,Hemichromis elongatus,Animalia,Chordata,Actinopterygii,,Cichlidae,freshwater,fish,ComteOlden,animal,TRUE,""
Hemichromis fasciatus,Hemichromis fasciatus,Animalia,Chordata,Actinopterygii,,Cichlidae,freshwater,fish,ComteOlden,animal,TRUE,""
Hemichromis guttatus,Hemichromis guttatus,Metazoa,Chordata,Actinopteri,Acanthomorphata,Cichlidae,freshwater;mixed,fish,ComteOlden;ThermoFresh,animal,TRUE,""
Hemiculter leucisculus,Hemiculter leucisculus,Animalia,Chordata,Actinopterygii,,Cyprinidae,freshwater,fish,ComteOlden,animal,TRUE,""
Hemiculterella macrolepis,Hemiculterella macrolepis,Animalia,Chordata,Actinopterygii,,Cyprinidae,freshwater,fish,ComteOlden,animal,TRUE,""
Hemidactylus frenatus,Hemidactylus frenatus,,Chordata,Lepidosauria,Squamata,Gekkonidae,"",,GlobTherm,animal,TRUE,""
Hemidactylus turcicus,Hemidactylus turcicus,,Chordata,Lepidosauria,Squamata,Gekkonidae,"",,GlobTherm,animal,TRUE,""
Hemiergis decresiensis,Hemiergis decresiensis,,Chordata,Lepidosauria,Squamata,Scincidae,"",,GlobTherm,animal,TRUE,""
Hemiergis peroni,Hemiergis peroni,,Chordata,Lepidosauria,Squamata,Scincidae,"",,GlobTherm,animal,TRUE,""
Hemiergis quadrilineatum,Hemiergis quadrilineatum,,Chordata,Lepidosauria,Squamata,Scincidae,"",,GlobTherm,animal,TRUE,""
Hemigrammopetersius barnardi,Hemigrammopetersius barnardi,Animalia,Chordata,Actinopterygii,,Alestidae,freshwater,fish,ComteOlden,animal,TRUE,""
Hemigrammus geisleri,Hemigrammus geisleri,Metazoa,Chordata,Actinopteri,Characiformes,Characidae,freshwater,fish,ThermoFresh,animal,TRUE,""
Hemigrammus rhodostomus,Hemigrammus rhodostomus,Metazoa,Chordata,Actinopteri,Characiformes,Characidae,freshwater,fish,ThermoFresh,animal,TRUE,""
Hemigrapsus nudus,Hemigrapsus nudus,,Arthropoda,Malacostraca,Decapoda,Varunidae,"",,GlobTherm,animal,TRUE,""
Hemigrapsus penicillatus,Hemigrapsus penicillatus,Metazoa,Arthropoda,Malacostraca,Decapoda,Varunidae,mixed,invertebrate,ThermoFresh,animal,TRUE,""
Hemigymnus fasciatus,Hemigymnus fasciatus,Animalia,Chordata,Actinopterygii,,Labridae,marine,fish,ComteOlden,animal,TRUE,""
Hemigymnus melapterus,Hemigymnus melapterus,Animalia,Chordata,Actinopterygii,,Labridae,marine,fish,ComteOlden,animal,TRUE,""
Hemirhamphodon pogonognathus,Hemirhamphodon pogonognathus,Animalia,Chordata,Actinopterygii,,Hemiramphidae,freshwater,fish,ComteOlden,animal,TRUE,""
Hemisilurus mekongensis,Hemisilurus mekongensis,Animalia,Chordata,Actinopterygii,,Siluridae,freshwater,fish,ComteOlden,animal,TRUE,""
Hemistichodus vaillanti,Hemistichodus vaillanti,Animalia,Chordata,Actinopterygii,,Distichodontidae,freshwater,fish,ComteOlden,animal,TRUE,""
Hemitaurichthys zoster,Hemitaurichthys zoster,Animalia,Chordata,Actinopterygii,,Chaetodontidae,marine,fish,ComteOlden,animal,TRUE,""
Hemitremia flammea,Hemitremia flammea,Animalia,Chordata,Actinopterygii,,Cyprinidae,freshwater,fish,ComteOlden,animal,TRUE,""
Henicorhynchus lineatus,Henicorhynchus lineatus,Animalia,Chordata,Actinopterygii,,Cyprinidae,freshwater,fish,ComteOlden,animal,TRUE,""
Henicorhynchus lobatus,Henicorhynchus lobatus,Animalia,Chordata,Actinopterygii,,Cyprinidae,freshwater,fish,ComteOlden,animal,TRUE,""
Henicorhynchus siamensis,Henicorhynchus siamensis,Animalia,Chordata,Actinopterygii,,Cyprinidae,freshwater,fish,ComteOlden,animal,TRUE,""
Heniochus acuminatus,Heniochus acuminatus,Animalia,Chordata,Actinopterygii,,Chaetodontidae,marine,fish,ComteOlden,animal,TRUE,""
Heniochus diphreutes,Heniochus diphreutes,Animalia,Chordata,Actinopterygii,,Chaetodontidae,marine,fish,ComteOlden,animal,TRUE,""
Heniochus monoceros,Heniochus monoceros,Animalia,Chordata,Actinopterygii,,Chaetodontidae,marine,fish,ComteOlden,animal,TRUE,""
Heniochus pleurotaenia,Heniochus pleurotaenia,Animalia,Chordata,Actinopterygii,,Chaetodontidae,marine,fish,ComteOlden,animal,TRUE,""
Heniochus singularius,Heniochus singularius,Animalia,Chordata,Actinopterygii,,Chaetodontidae,marine,fish,ComteOlden,animal,TRUE,""
Heniochus varius,Heniochus varius,Animalia,Chordata,Actinopterygii,,Chaetodontidae,marine,fish,ComteOlden,animal,TRUE,""
Hepsetus odoe,Hepsetus odoe,Animalia,Chordata,Actinopterygii,,Hepsetidae,freshwater,fish,ComteOlden,animal,TRUE,""
Heptagenia sulphurea,Heptagenia sulphurea,Metazoa,Arthropoda,Insecta,Ephemeroptera,Heptageniidae,freshwater,invertebrate,ThermoFresh,animal,TRUE,""
Herichthys cyanoguttatus,Herichthys cyanoguttatus,Animalia,Chordata,Actinopterygii,,Cichlidae,freshwater,fish,ComteOlden,animal,TRUE,""
Hesperoleucus symmetricus,Hesperoleucus symmetricus,Animalia,Chordata,Actinopterygii,,Cyprinidae,freshwater,fish,ComteOlden,animal,TRUE,""
Hesperoperla pacifica,Hesperoperla pacifica,Metazoa,Arthropoda,Insecta,Plecoptera,Perlidae,freshwater,invertebrate,ThermoFresh,animal,TRUE,""
Heterandria formosa,Heterandria formosa,Animalia,Chordata,Actinopterygii,Acanthomorphata,Poeciliidae,freshwater;mixed,fish,ComteOlden;ThermoFresh,animal,TRUE,""
Heterelmis comalensis,Heterelmis comalensis,Metazoa,Arthropoda,Insecta,Coleoptera,Elmidae,freshwater,invertebrate,ThermoFresh,animal,TRUE,""
Heterelmis glabra,Heterelmis glabra,Metazoa,Arthropoda,Insecta,Coleoptera,Elmidae,freshwater,invertebrate,ThermoFresh,animal,TRUE,""
Heterelmis vulnerata,Heterelmis vulnerata,Metazoa,Arthropoda,Insecta,Coleoptera,Elmidae,freshwater,invertebrate,ThermoFresh,animal,TRUE,""
Heterlimnius corpulentus,Heterlimnius corpulentus,Metazoa,Arthropoda,Insecta,Coleoptera,Elmidae,freshwater,invertebrate,ThermoFresh,animal,TRUE,""
Heterobranchus bidorsalis,Heterobranchus bidorsalis,Animalia,Chordata,Actinopterygii,,Clariidae,freshwater,fish,ComteOlden,animal,TRUE,""
Heterobranchus isopterus,Heterobranchus isopterus,Animalia,Chordata,Actinopterygii,,Clariidae,freshwater,fish,ComteOlden,animal,TRUE,""
Heterobranchus longifilis,Heterobranchus longifilis,Animalia,Chordata,Actinopterygii,,Clariidae,freshwater,fish,ComteOlden,animal,TRUE,""
Heterochromis multidens,Heterochromis multidens,Animalia,Chordata,Actinopterygii,,Cichlidae,freshwater,fish,ComteOlden,animal,TRUE,""
Heteromeles arbutifolia,Heteromeles arbutifolia,,Streptophyta,Spermatophyta,Rosales,Rosaceae,"",,GlobTherm,non_animal,FALSE,Taxon is not an animal
Heteronotia binoei,Heteronotia binoei,,Chordata,Lepidosauria,Squamata,Gekkonidae,"",,GlobTherm,animal,TRUE,""
Heteropneustes fossilis,Heteropneustes fossilis,Animalia,Chordata,Actinopterygii,Siluriformes,Heteropneustidae,freshwater;mixed,fish,ComteOlden;ThermoFresh,animal,TRUE,""
Heteroscarus acroptilus,Heteroscarus acroptilus,Animalia,Chordata,Actinopterygii,,Labridae,marine,fish,ComteOlden,animal,TRUE,""
Heterotis niloticus,Heterotis niloticus,Animalia,Chordata,Actinopterygii,,Arapaimidae,freshwater,fish,ComteOlden,animal,TRUE,""
Hexagenia bilineata,Hexagenia bilineata,Metazoa,Arthropoda,Insecta,Ephemeroptera,Ephemeridae,freshwater,invertebrate,ThermoFresh,animal,TRUE,""
Hexagenia limbata,Hexagenia limbata,Metazoa,Arthropoda,Insecta,Ephemeroptera,Ephemeridae,freshwater,invertebrate,ThermoFresh,animal,TRUE,""
Hiodon alosoides,Hiodon alosoides,Animalia,Chordata,Actinopterygii,,Hiodontidae,freshwater,fish,ComteOlden,animal,TRUE,""
Hippichthys penicillus,Hippichthys penicillus,Animalia,Chordata,Actinopterygii,,Syngnathidae,freshwater,fish,ComteOlden,animal,TRUE,""
Hippolyte obliquimanus,Hippolyte obliquimanus,,Arthropoda,Malacostraca,Decapoda,Hippolytidae,"",,GlobTherm,animal,TRUE,""
Hippopotamyrus ansorgii,Hippopotamyrus ansorgii,Animalia,Chordata,Actinopterygii,,Mormyridae,freshwater,fish,ComteOlden,animal,TRUE,""
Hippopotamyrus pictus,Hippopotamyrus pictus,Animalia,Chordata,Actinopterygii,,Mormyridae,freshwater,fish,ComteOlden,animal,TRUE,""
Hippopotamyrus szaboi,Hippopotamyrus szaboi,Animalia,Chordata,Actinopterygii,,Mormyridae,freshwater,fish,ComteOlden,animal,TRUE,""
Hippopotamyrus wilverthi,Hippopotamyrus wilverthi,Animalia,Chordata,Actinopterygii,,Mormyridae,freshwater,fish,ComteOlden,animal,TRUE,""
Hipposcarus longiceps,Hipposcarus longiceps,Animalia,Chordata,Actinopterygii,,Labridae,marine,fish,ComteOlden,animal,TRUE,""
Hirtodrosophila histrioides,Hirtodrosophila histrioides,,Arthropoda,Insecta,Diptera,Drosophilidae,"",,GlobTherm,animal,TRUE,""
Hodotermes mossambicus,Hodotermes mossambicus,,Arthropoda,Insecta,Isoptera,Hodotermitidae,"",,GlobTherm,animal,TRUE,""
Holacanthus bermudensis,Holacanthus bermudensis,Animalia,Chordata,Actinopterygii,,Pomacanthidae,marine,fish,ComteOlden,animal,TRUE,""
Holacanthus passer,Holacanthus passer,Animalia,Chordata,Actinopterygii,,Pomacanthidae,marine,fish,ComteOlden,animal,TRUE,""
Holacanthus tricolor,Holacanthus tricolor,Animalia,Chordata,Actinopterygii,,Pomacanthidae,marine,fish,ComteOlden,animal,TRUE,""
Holbrookia maculata,Holbrookia maculata,,Chordata,Lepidosauria,Squamata,Iguanidae,"",,GlobTherm,animal,TRUE,""
Hologymnosus annulatus,Hologymnosus annulatus,Animalia,Chordata,Actinopterygii,,Labridae,marine,fish,ComteOlden,animal,TRUE,""
Hologymnosus doliatus,Hologymnosus doliatus,Animalia,Chordata,Actinopterygii,,Labridae,marine,fish,ComteOlden,animal,TRUE,""
Homaloptera leonardi,Homaloptera leonardi,Animalia,Chordata,Actinopterygii,,Balitoridae,freshwater,fish,ComteOlden,animal,TRUE,""
Homaloptera parclitella,Homaloptera parclitella,Animalia,Chordata,Actinopterygii,,Balitoridae,freshwater,fish,ComteOlden,animal,TRUE,""
Homaloptera smithi,Homaloptera smithi,Animalia,Chordata,Actinopterygii,,Balitoridae,freshwater,fish,ComteOlden,animal,TRUE,""
Homaloptera zollingeri,Homaloptera zollingeri,Animalia,Chordata,Actinopterygii,,Balitoridae,freshwater,fish,ComteOlden,animal,TRUE,""
Horabagrus brachysoma,Horabagrus brachysoma,Metazoa,Chordata,Actinopteri,Siluriformes,Bagridae,mixed,fish,ThermoFresh,animal,TRUE,""
Horabagrus nigricollaris,Horabagrus nigricollaris,Animalia,Chordata,Actinopterygii,,Bagridae,freshwater,fish,ComteOlden,animal,TRUE,""
Horadandia atukorali,Horadandia atukorali,Animalia,Chordata,Actinopterygii,,Cyprinidae,freshwater,fish,ComteOlden,animal,TRUE,""
Hormosira banksii,Hormosira banksii,,Rhodophyta,Florideophyceae,Fucales,Hormosiraceae,"",,GlobTherm,non_animal,FALSE,Taxon is not an animal
Hucho hucho,Hucho hucho,Animalia,Chordata,Actinopterygii,,Salmonidae,freshwater,fish,ComteOlden,animal,TRUE,""
Huso huso,Huso huso,Animalia,Chordata,Actinopterygii,,Acipenseridae,freshwater,fish,ComteOlden,animal,TRUE,""
Hyalella azteca,Hyalella azteca,Metazoa,Arthropoda,Malacostraca,Amphipoda,Hyalellidae,freshwater,invertebrate,ThermoFresh,animal,TRUE,""
Hyalella spinicauda,Hyalella spinicauda,Metazoa,Arthropoda,Malacostraca,Amphipoda,Hyalellidae,freshwater,invertebrate,ThermoFresh,animal,TRUE,""
Hyalella wellborni,Hyalella wellborni,Metazoa,Arthropoda,Malacostraca,Amphipoda,Hyalellidae,freshwater,invertebrate,ThermoFresh,animal,TRUE,""
Hyalinobatrachium fleischmanni,Hyalinobatrachium fleischmanni,,Chordata,Amphibia,Anura,Centrolenidae,"",,GlobTherm,animal,TRUE,""
Hybognathus amarus,Hybognathus amarus,Animalia,Chordata,Actinopterygii,,Cyprinidae,freshwater,fish,ComteOlden,animal,TRUE,""
Hybognathus argyritis,Hybognathus argyritis,Animalia,Chordata,Actinopterygii,,Cyprinidae,freshwater,fish,ComteOlden,animal,TRUE,""
Hybognathus hankinsoni,Hybognathus hankinsoni,Animalia,Chordata,Actinopterygii,,Cyprinidae,freshwater,fish,ComteOlden,animal,TRUE,""
Hybognathus hayi,Hybognathus hayi,Animalia,Chordata,Actinopterygii,,Cyprinidae,freshwater,fish,ComteOlden,animal,TRUE,""
Hybognathus nuchalis,Hybognathus nuchalis,Animalia,Chordata,Actinopterygii,,Cyprinidae,freshwater,fish,ComteOlden,animal,TRUE,""
Hybognathus placitus,Hybognathus placitus,Metazoa,Chordata,Actinopteri,Cypriniformes,Cyprinidae,freshwater;mixed,fish,ComteOlden;GlobTherm;ThermoFresh,animal,TRUE,""
Hybognathus regius,Hybognathus regius,Animalia,Chordata,Actinopterygii,,Cyprinidae,freshwater,fish,ComteOlden,animal,TRUE,""
Hybopsis amblops,Hybopsis amblops,Metazoa,Chordata,Actinopteri,Cypriniformes,Cyprinidae,freshwater,fish,ComteOlden;GlobTherm;ThermoFresh,animal,TRUE,""
Hybopsis amnis,Hybopsis amnis,Animalia,Chordata,Actinopterygii,,Cyprinidae,freshwater,fish,ComteOlden,animal,TRUE,""
Hybopsis dorsalis,Hybopsis dorsalis,Metazoa,Chordata,Actinopteri,Cypriniformes,Cyprinidae,freshwater,fish,ThermoFresh,animal,TRUE,""
Hybopsis hypsinotus,Hybopsis hypsinotus,Animalia,Chordata,Actinopterygii,,Cyprinidae,freshwater,fish,ComteOlden,animal,TRUE,""
Hybopsis lineapunctata,Hybopsis lineapunctata,Animalia,Chordata,Actinopterygii,,Cyprinidae,freshwater,fish,ComteOlden,animal,TRUE,""
Hybopsis rubrifrons,Hybopsis rubrifrons,Animalia,Chordata,Actinopterygii,,Cyprinidae,freshwater,fish,ComteOlden,animal,TRUE,""
Hybopsis winchelli,Hybopsis winchelli,Animalia,Chordata,Actinopterygii,,Cyprinidae,freshwater,fish,ComteOlden,animal,TRUE,""
Hydra vulgaris,Hydra vulgaris,Metazoa,Cnidaria,Hydrozoa,Anthoathecata,Hydridae,freshwater,invertebrate,ThermoFresh,animal,TRUE,""
Hydrocynus brevis,Hydrocynus brevis,Animalia,Chordata,Actinopterygii,,Alestidae,freshwater,fish,ComteOlden,animal,TRUE,""
Hydrocynus forskahlii,Hydrocynus forskahlii,Animalia,Chordata,Actinopterygii,,Alestidae,freshwater,fish,ComteOlden,animal,TRUE,""
Hydrocynus goliath,Hydrocynus goliath,Animalia,Chordata,Actinopterygii,,Alestidae,freshwater,fish,ComteOlden,animal,TRUE,""
Hydrocynus vittatus,Hydrocynus vittatus,Animalia,Chordata,Actinopterygii,,Alestidae,freshwater,fish,ComteOlden,animal,TRUE,""
Hydropsyche pellucidula,Hydropsyche pellucidula,Metazoa,Arthropoda,Insecta,Trichoptera,Hydropsychidae,freshwater,invertebrate,ThermoFresh,animal,TRUE,""
Hydropsyche simulans,Hydropsyche simulans,Metazoa,Arthropoda,Insecta,Trichoptera,Hydropsychidae,freshwater,invertebrate,ThermoFresh,animal,TRUE,""
Hyla alpina,Hyla alpina,,Chordata,Amphibia,Anura,Hylidae,"",,GlobTherm,animal,TRUE,""
Hyla aurea,Hyla aurea,,Chordata,Amphibia,Anura,Hylidae,"",,GlobTherm,animal,TRUE,""
Hyla bicolor,Hyla bicolor,,Chordata,Amphibia,Anura,Hylidae,"",,GlobTherm,animal,TRUE,""
Hyla caerulea,Hyla caerulea,,Chordata,Amphibia,Anura,Hylidae,"",,GlobTherm,animal,TRUE,""
Hyla chloris,Hyla chloris,,Chordata,Amphibia,Anura,Hylidae,"",,GlobTherm,animal,TRUE,""
Hyla chrysocelis,Hyla chrysocelis,,Chordata,Amphibia,Anura,Hylidae,"",,GlobTherm,animal,TRUE,""
Hyla cinerea,Hyla cinerea,,Chordata,Amphibia,Anura,Hylidae,"",,GlobTherm,animal,TRUE,""
Hyla citropa,Hyla citropa,,Chordata,Amphibia,Anura,Hylidae,"",,GlobTherm,animal,TRUE,""
Hyla ewingi,Hyla ewingi,,Chordata,Amphibia,Anura,Hylidae,"",,GlobTherm,animal,TRUE,""
Hyla freycineti,Hyla freycineti,,Chordata,Amphibia,Anura,Hylidae,"",,GlobTherm,animal,TRUE,""
Hyla glauerti,Hyla glauerti,,Chordata,Amphibia,Anura,Hylidae,"",,GlobTherm,animal,TRUE,""
Hyla gracilenta,Hyla gracilenta,,Chordata,Amphibia,Anura,Hylidae,"",,GlobTherm,animal,TRUE,""
Hyla gratiosa,Hyla gratiosa,,Chordata,Amphibia,Anura,Hylidae,"",,GlobTherm,animal,TRUE,""
Hyla labialis,Hyla labialis,,Chordata,Amphibia,Anura,Hylidae,"",,GlobTherm,animal,TRUE,""
Hyla lesueuri,Hyla lesueuri,,Chordata,Amphibia,Anura,Hylidae,"",,GlobTherm,animal,TRUE,""
Hyla peroni,Hyla peroni,,Chordata,Amphibia,Anura,Hylidae,"",,GlobTherm,animal,TRUE,""
Hyla phaeota,Hyla phaeota,,Chordata,Amphibia,Anura,Hylidae,"",,GlobTherm,animal,TRUE,""
Hyla phyllochroa,Hyla phyllochroa,,Chordata,Amphibia,Anura,Hylidae,"",,GlobTherm,animal,TRUE,""
Hyla regilla,Hyla regilla,,Chordata,Amphibia,Anura,Hylidae,"",,GlobTherm,animal,TRUE,""
Hyla rothi,Hyla rothi,,Chordata,Amphibia,Anura,Hylidae,"",,GlobTherm,animal,TRUE,""
Hyla rubella,Hyla rubella,,Chordata,Amphibia,Anura,Hylidae,"",,GlobTherm,animal,TRUE,""
Hyla squirella,Hyla squirella,,Chordata,Amphibia,Anura,Hylidae,"",,GlobTherm,animal,TRUE,""
Hyla verreauxi,Hyla verreauxi,,Chordata,Amphibia,Anura,Hylidae,"",,GlobTherm,animal,TRUE,""
Hyla walkeri,Hyla walkeri,,Chordata,Amphibia,Anura,Hylidae,"",,GlobTherm,animal,TRUE,""
Hylarana erythraea,Hylarana erythraea,,Chordata,Amphibia,Anura,Ranidae,"",,GlobTherm,animal,TRUE,""
Hylarana luzonensis,Hylarana luzonensis,,Chordata,Amphibia,Anura,Ranidae,"",,GlobTherm,animal,TRUE,""
Hypentelium etowanum,Hypentelium etowanum,Animalia,Chordata,Actinopterygii,,Catostomidae,freshwater,fish,ComteOlden,animal,TRUE,""
Hypentelium nigricans,Hypentelium nigricans,Metazoa,Chordata,Actinopteri,Cypriniformes,Catostomidae,freshwater,fish,ComteOlden;GlobTherm;ThermoFresh,animal,TRUE,""
Hypentelium roanokense,Hypentelium roanokense,Animalia,Chordata,Actinopterygii,,Catostomidae,freshwater,fish,ComteOlden,animal,TRUE,""
Hyperopisus bebe,Hyperopisus bebe,Animalia,Chordata,Actinopterygii,,Mormyridae,freshwater,fish,ComteOlden,animal,TRUE,""
Hyphessobrycon erythrostigma,Hyphessobrycon erythrostigma,Metazoa,Chordata,Actinopteri,Characiformes,Characidae,freshwater,fish,ThermoFresh,animal,TRUE,""
Hyphessobrycon herbertaxelrodi,Hyphessobrycon herbertaxelrodi,Metazoa,Chordata,Actinopteri,Characiformes,Characidae,freshwater,fish,ThermoFresh,animal,TRUE,""
Hyphessobrycon melazonatus,Hyphessobrycon melazonatus,Metazoa,Chordata,Actinopteri,Characiformes,Characidae,freshwater,fish,ThermoFresh,animal,TRUE,""
Hypnum cupressiforme,Hypnum cupressiforme,,Streptophyta,Bryopsida,Hypnales,Hypnaceae,"",,GlobTherm,non_animal,FALSE,Taxon is not an animal
Hypogymnia physodes,Hypogymnia physodes,,Ascomycota,Lecanoromycetes,Lecanorineae,Parmeliaceae,"",,GlobTherm,non_animal,FALSE,Taxon is not an animal
Hypomesus nipponensis,Hypomesus nipponensis,Metazoa,Chordata,Actinopteri,Osmeriformes,Osmeridae,freshwater;mixed,fish,ComteOlden;GlobTherm;ThermoFresh,animal,TRUE,""
Hypomesus olidus,Hypomesus olidus,Animalia,Chordata,Actinopterygii,,Osmeridae,freshwater,fish,ComteOlden,animal,TRUE,""
Hypomesus transpacificus,Hypomesus transpacificus,Metazoa,Chordata,Actinopteri,Osmeriformes,Osmeridae,freshwater;mixed,fish,ComteOlden;GlobTherm;ThermoFresh,animal,TRUE,""
Hypophthalmichthys molitrix,Hypophthalmichthys molitrix,Animalia,Chordata,Actinopterygii,,Cyprinidae,freshwater,fish,ComteOlden,animal,TRUE,""
Hypophthalmichthys nobilis,Hypophthalmichthys nobilis,Animalia,Chordata,Actinopterygii,Cypriniformes,Cyprinidae,freshwater;mixed,fish,ComteOlden;ThermoFresh,animal,TRUE,""
Hypoplectrus aberrans,Hypoplectrus aberrans,Animalia,Chordata,Actinopterygii,,Serranidae,marine,fish,ComteOlden,animal,TRUE,""
Hypoplectrus gemma,Hypoplectrus gemma,Animalia,Chordata,Actinopterygii,,Serranidae,marine,fish,ComteOlden,animal,TRUE,""
Hypoplectrus indigo,Hypoplectrus indigo,Animalia,Chordata,Actinopterygii,,Serranidae,marine,fish,ComteOlden,animal,TRUE,""
Hypoplectrus nigricans,Hypoplectrus nigricans,Animalia,Chordata,Actinopterygii,,Serranidae,marine,fish,ComteOlden,animal,TRUE,""
Hypoplectrus unicolor,Hypoplectrus unicolor,Animalia,Chordata,Actinopterygii,,Serranidae,marine,fish,ComteOlden,animal,TRUE,""
Hypostomus borellii,Hypostomus borellii,Metazoa,Chordata,Actinopteri,Siluriformes,Loricariidae,freshwater,fish,ThermoFresh,animal,TRUE,""
Hypostomus hemicochliodon,Hypostomus hemicochliodon,Metazoa,Chordata,Actinopteri,Siluriformes,Loricariidae,freshwater,fish,ThermoFresh,animal,TRUE,""
Hypostomus plecostomus,Hypostomus plecostomus,Metazoa,Chordata,Actinopteri,Siluriformes,Loricariidae,freshwater,fish,ThermoFresh,animal,TRUE,""
Hypseleotris galii,Hypseleotris galii,Animalia,Chordata,Actinopterygii,,Eleotridae,freshwater,fish,ComteOlden,animal,TRUE,""
Hypseleotris klunzingeri,Hypseleotris klunzingeri,Metazoa,Chordata,Actinopteri,Acanthomorphata,Eleotridae,freshwater,fish,ComteOlden;ThermoFresh,animal,TRUE,""
Hypsibarbus malcolmi,Hypsibarbus malcolmi,Animalia,Chordata,Actinopterygii,,Cyprinidae,freshwater,fish,ComteOlden,animal,TRUE,""
Hypsibarbus vernayi,Hypsibarbus vernayi,Animalia,Chordata,Actinopterygii,,Cyprinidae,freshwater,fish,ComteOlden,animal,TRUE,""
Hypsibarbus wetmorei,Hypsibarbus wetmorei,Animalia,Chordata,Actinopterygii,,Cyprinidae,freshwater,fish,ComteOlden,animal,TRUE,""
Hypsoblennius hentz,Hypsoblennius hentz,Animalia,Chordata,Actinopterygii,,Blenniidae,marine,fish,ComteOlden,animal,TRUE,""
Hypsurus caryi,Hypsurus caryi,Animalia,Chordata,Actinopterygii,,Embiotocidae,marine,fish,ComteOlden,animal,TRUE,""
Hypsypops rubicundus,Hypsypops rubicundus,Animalia,Chordata,Actinopterygii,,Pomacentridae,marine,fish,ComteOlden,animal,TRUE,""
Hysterocarpus traskii,Hysterocarpus traskii traskii,Animalia,Chordata,Actinopterygii,,Embiotocidae,freshwater,fish,ComteOlden,animal,TRUE,""
Iberochondrostoma almacai,Iberochondrostoma almacai,Animalia,Chordata,Actinopterygii,,Cyprinidae,freshwater,fish,ComteOlden,animal,TRUE,""
Iberochondrostoma lemmingii,Iberochondrostoma lemmingii,Animalia,Chordata,Actinopterygii,,Cyprinidae,freshwater,fish,ComteOlden,animal,TRUE,""
Iberochondrostoma lusitanicum,Iberochondrostoma lusitanicum,Animalia,Chordata,Actinopterygii,,Cyprinidae,freshwater,fish,ComteOlden,animal,TRUE,""
Iberochondrostoma oretanum,Iberochondrostoma oretanum,Animalia,Chordata,Actinopterygii,,Cyprinidae,freshwater,fish,ComteOlden,animal,TRUE,""
Iberocypris palaciosi,Iberocypris palaciosi,Animalia,Chordata,Actinopterygii,,Cyprinidae,freshwater,fish,ComteOlden,animal,TRUE,""
Ictalurus furcatus,Ictalurus furcatus,Animalia,Chordata,Actinopterygii,,Ictaluridae,freshwater,fish,ComteOlden,animal,TRUE,""
Ictalurus lupus,Ictalurus lupus,Animalia,Chordata,Actinopterygii,,Ictaluridae,freshwater,fish,ComteOlden,animal,TRUE,""
Ictalurus punctatus,Ictalurus punctatus,Metazoa,Chordata,Actinopteri,Siluriformes,Ictaluridae,freshwater,fish,ComteOlden;GlobTherm;ThermoFresh,animal,TRUE,""
Ictiobus bubalus,Ictiobus bubalus,Metazoa,Chordata,Actinopteri,Cypriniformes,Catostomidae,freshwater,fish,ComteOlden;GlobTherm;ThermoFresh,animal,TRUE,""
Ictiobus cyprinellus,Ictiobus cyprinellus,Animalia,Chordata,Actinopterygii,,Catostomidae,freshwater,fish,ComteOlden,animal,TRUE,""
Ictiobus niger,Ictiobus niger,Animalia,Chordata,Actinopterygii,,Catostomidae,freshwater,fish,ComteOlden,animal,TRUE,""
Iguanodectes geisleri,Iguanodectes geisleri,Metazoa,Chordata,Actinopteri,Characiformes,Iguanodectidae,freshwater,fish,ThermoFresh,animal,TRUE,""
Ilyocoris cimicoides,Ilyocoris cimicoides,Metazoa,Arthropoda,Insecta,Hemiptera,Naucoridae,freshwater,invertebrate,ThermoFresh,animal,TRUE,""
Impatiens parviflora,Impatiens parviflora,,Streptophyta,Spermatophyta,Ericales,Balsaminaceae,"",,GlobTherm,non_animal,FALSE,Taxon is not an animal
Indostomus paradoxus,Indostomus paradoxus,Animalia,Chordata,Actinopterygii,,Indostomidae,freshwater,fish,ComteOlden,animal,TRUE,""
Iniistius aneitensis,Iniistius aneitensis,Animalia,Chordata,Actinopterygii,,Labridae,marine,fish,ComteOlden,animal,TRUE,""
Iotichthys phlegethontis,Iotichthys phlegethontis,Animalia,Chordata,Actinopterygii,,Cyprinidae,freshwater,fish,ComteOlden,animal,TRUE,""
Ischnochiton australis,Ischnochiton australis,,Mollusca,Polyplacophora,Neoloricata,Ischnochitonidae,"",,GlobTherm,animal,TRUE,""
Ischnura elegans,Ischnura elegans,Metazoa,Arthropoda,Insecta,Odonata,Coenagrionidae,freshwater,invertebrate,ThermoFresh,animal,TRUE,""
Ischnura pumilio,Ischnura pumilio,Metazoa,Arthropoda,Insecta,Odonata,Coenagrionidae,freshwater,invertebrate,ThermoFresh,animal,TRUE,""
Ischnura verticalis,Ischnura verticalis,Metazoa,Arthropoda,Insecta,Odonata,Coenagrionidae,freshwater,invertebrate,ThermoFresh,animal,TRUE,""
Isichthys henryi,Isichthys henryi,Animalia,Chordata,Actinopterygii,,Mormyridae,freshwater,fish,ComteOlden,animal,TRUE,""
Isocoma acradenia,Isocoma acradenia,,Streptophyta,Spermatophyta,Asterales,Asteraceae,"",,GlobTherm,non_animal,FALSE,Taxon is not an animal
Isocoma menziesii,Isocoma menziesii,,Streptophyta,Spermatophyta,Asterales,Asteraceae,"",,GlobTherm,non_animal,FALSE,Taxon is not an animal
Isogenoides frontalis,Isogenoides frontalis,Metazoa,Arthropoda,Insecta,Plecoptera,Perlodidae,freshwater,invertebrate,ThermoFresh,animal,TRUE,""
Isoperla fulva,Isoperla fulva,Metazoa,Arthropoda,Insecta,Plecoptera,Perlodidae,freshwater,invertebrate,ThermoFresh,animal,TRUE,""
Isoperla namata,Isoperla namata,Metazoa,Arthropoda,Insecta,Plecoptera,Perlodidae,freshwater,invertebrate,ThermoFresh,animal,TRUE,""
Isoperla petersoni,Isoperla petersoni,Metazoa,Arthropoda,Insecta,Plecoptera,Perlodidae,freshwater,invertebrate,ThermoFresh,animal,TRUE,""
Isotoma klovstadi,Isotoma klovstadi,,Arthropoda,Collembola,Entomobryomorpha,Isotomidae,"",,GlobTherm,animal,TRUE,""
Istiompax indica,Istiompax indica,Animalia,Chordata,Actinopterygii,,Istiophoridae,marine,fish,ComteOlden,animal,TRUE,""
Istiophorus platypterus,Istiophorus platypterus,Animalia,Chordata,Actinopterygii,,Istiophoridae,marine,fish,ComteOlden,animal,TRUE,""
Ivindomyrus marchei,Ivindomyrus marchei,Animalia,Chordata,Actinopterygii,,Mormyridae,freshwater,fish,ComteOlden,animal,TRUE,""
Ivindomyrus opdenboschi,Ivindomyrus opdenboschi,Animalia,Chordata,Actinopterygii,,Mormyridae,freshwater,fish,ComteOlden,animal,TRUE,""
Jappa kutera,Jappa kutera,Metazoa,Arthropoda,Insecta,Ephemeroptera,Leptophlebiidae,freshwater,invertebrate,ThermoFresh,animal,TRUE,""
Jenynsia multidentata,Jenynsia multidentata,Metazoa,Chordata,Actinopteri,Acanthomorphata,Anablepidae,freshwater,fish,ThermoFresh,animal,TRUE,""
Johnrandallia nigrirostris,Johnrandallia nigrirostris,Animalia,Chordata,Actinopterygii,,Chaetodontidae,marine,fish,ComteOlden,animal,TRUE,""
Julidochromis marlieri,Julidochromis marlieri,Animalia,Chordata,Actinopterygii,,Cichlidae,freshwater,fish,ComteOlden,animal,TRUE,""
Julidochromis ornatus,Julidochromis ornatus,Animalia,Chordata,Actinopterygii,,Cichlidae,freshwater,fish,ComteOlden,animal,TRUE,""
Julidochromis regani,Julidochromis regani,Animalia,Chordata,Actinopterygii,,Cichlidae,freshwater,fish,ComteOlden,animal,TRUE,""
Kajikia albida,Kajikia albida,Animalia,Chordata,Actinopterygii,,Istiophoridae,marine,fish,ComteOlden,animal,TRUE,""
Kajikia audax,Kajikia audax,Animalia,Chordata,Actinopterygii,,Istiophoridae,marine,fish,ComteOlden,animal,TRUE,""
Kaloula kalingensis,Kaloula kalingensis,,Chordata,Amphibia,Anura,Microhylidae,"",,GlobTherm,animal,TRUE,""
Kareius bicoloratus,Kareius bicoloratus,Metazoa,Chordata,Actinopteri,Acanthomorphata,Pleuronectidae,mixed,fish,ThermoFresh,animal,TRUE,""
Katria katria,Katria katria,Animalia,Chordata,Actinopterygii,,Cichlidae,freshwater,fish,ComteOlden,animal,TRUE,""
Katsuwonus pelamis,Katsuwonus pelamis,Animalia,Chordata,Actinopterygii,,Scombridae,marine,fish,ComteOlden,animal,TRUE,""
Kerguelenella lateralis,Kerguelenella lateralis,,Mollusca,Gastropoda,Panpulmonata,Siphonariidae,"",,GlobTherm,animal,TRUE,""
Knipowitschia caucasica,Knipowitschia caucasica,Animalia,Chordata,Actinopterygii,,Gobiidae,freshwater,fish,ComteOlden,animal,TRUE,""
Knipowitschia milleri,Knipowitschia milleri,Animalia,Chordata,Actinopterygii,,Gobiidae,freshwater,fish,ComteOlden,animal,TRUE,""
Knipowitschia panizzae,Knipowitschia panizzae,Animalia,Chordata,Actinopterygii,,Gobiidae,freshwater,fish,ComteOlden,animal,TRUE,""
Knipowitschia punctatissima,Knipowitschia punctatissima,Animalia,Chordata,Actinopterygii,,Gobiidae,freshwater,fish,ComteOlden,animal,TRUE,""
Kogotus modestus,Kogotus modestus,Metazoa,Arthropoda,Insecta,Plecoptera,Perlodidae,freshwater,invertebrate,ThermoFresh,animal,TRUE,""
Konia dikume,Konia dikume,Animalia,Chordata,Actinopterygii,,Cichlidae,freshwater,fish,ComteOlden,animal,TRUE,""
Konia eisentrauti,Konia eisentrauti,Animalia,Chordata,Actinopterygii,,Cichlidae,freshwater,fish,ComteOlden,animal,TRUE,""
Kribia nana,Kribia nana,Animalia,Chordata,Actinopterygii,,Eleotridae,freshwater,fish,ComteOlden,animal,TRUE,""
Kryptopterus bicirrhis,Kryptopterus bicirrhis,Animalia,Chordata,Actinopterygii,,Siluridae,freshwater,fish,ComteOlden,animal,TRUE,""
Kryptopterus cryptopterus,Kryptopterus cryptopterus,Animalia,Chordata,Actinopterygii,,Siluridae,freshwater,fish,ComteOlden,animal,TRUE,""
Kryptopterus macrocephalus,Kryptopterus macrocephalus,Animalia,Chordata,Actinopterygii,,Siluridae,freshwater,fish,ComteOlden,animal,TRUE,""
Kryptopterus minor,Kryptopterus minor,Animalia,Chordata,Actinopterygii,,Siluridae,freshwater,fish,ComteOlden,animal,TRUE,""
Kuhlia mugil,Kuhlia mugil,Metazoa,Chordata,Actinopteri,Acanthomorphata,Kuhliidae,freshwater;mixed,fish,ComteOlden;ThermoFresh,animal,TRUE,""
Kuhlia rupestris,Kuhlia rupestris,Animalia,Chordata,Actinopterygii,,Kuhliidae,freshwater,fish,ComteOlden,animal,TRUE,""
Kuhlia sandvicensis,Kuhlia sandvicensis,Metazoa,Chordata,Actinopteri,Acanthomorphata,Kuhliidae,mixed,fish,GlobTherm;ThermoFresh,animal,TRUE,""
Kunzea ericoides,Kunzea ericoides,,Streptophyta,Spermatophyta,Myrtales,Myrtaceae,"",,GlobTherm,non_animal,FALSE,Taxon is not an animal
Labeo bata,Labeo bata,Animalia,Chordata,Actinopterygii,,Cyprinidae,freshwater,fish,ComteOlden,animal,TRUE,""
Labeo batesii,Labeo batesii,Animalia,Chordata,Actinopterygii,,Cyprinidae,freshwater,fish,ComteOlden,animal,TRUE,""
Labeo boga,Labeo boga,Animalia,Chordata,Actinopterygii,,Cyprinidae,freshwater,fish,ComteOlden,animal,TRUE,""
Labeo boggut,Labeo boggut,Animalia,Chordata,Actinopterygii,,Cyprinidae,freshwater,fish,ComteOlden,animal,TRUE,""
Labeo calbasu,Labeo calbasu,Animalia,Chordata,Actinopterygii,,Cyprinidae,freshwater,fish,ComteOlden,animal,TRUE,""
Labeo catla,Labeo catla,Metazoa,Chordata,Actinopteri,Cypriniformes,Cyprinidae,mixed,fish,ThermoFresh,animal,TRUE,""
Labeo chrysophekadion,Labeo chrysophekadion,Animalia,Chordata,Actinopterygii,,Cyprinidae,freshwater,fish,ComteOlden,animal,TRUE,""
Labeo coubie,Labeo coubie,Animalia,Chordata,Actinopterygii,,Cyprinidae,freshwater,fish,ComteOlden,animal,TRUE,""
Labeo dussumieri,Labeo dussumieri,Animalia,Chordata,Actinopterygii,,Cyprinidae,freshwater,fish,ComteOlden,animal,TRUE,""
Labeo dyocheilus,Labeo dyocheilus,Animalia,Chordata,Actinopterygii,,Cyprinidae,freshwater,fish,ComteOlden,animal,TRUE,""
Labeo fimbriatus,Labeo fimbriatus,Animalia,Chordata,Actinopterygii,,Cyprinidae,freshwater,fish,ComteOlden,animal,TRUE,""
Labeo forskalii,Labeo forskalii,Animalia,Chordata,Actinopterygii,,Cyprinidae,freshwater,fish,ComteOlden,animal,TRUE,""
Labeo gonius,Labeo gonius,Metazoa,Chordata,Actinopteri,Cypriniformes,Cyprinidae,freshwater,fish,ComteOlden;ThermoFresh,animal,TRUE,""
Labeo lineatus,Labeo lineatus,Animalia,Chordata,Actinopterygii,,Cyprinidae,freshwater,fish,ComteOlden,animal,TRUE,""
Labeo pierrei,Labeo pierrei,Metazoa,Chordata,Actinopteri,Cypriniformes,Cyprinidae,freshwater,fish,ThermoFresh,animal,TRUE,""
Labeo rohita,Labeo rohita,Metazoa,Chordata,Actinopteri,Cypriniformes,Cyprinidae,freshwater;mixed,fish,ComteOlden;ThermoFresh,animal,TRUE,""
Labeo senegalensis,Labeo senegalensis,Animalia,Chordata,Actinopterygii,,Cyprinidae,freshwater,fish,ComteOlden,animal,TRUE,""
Labeo sorex,Labeo sorex,Animalia,Chordata,Actinopterygii,,Cyprinidae,freshwater,fish,ComteOlden,animal,TRUE,""
Labeo stolizkae,Labeo stolizkae,Animalia,Chordata,Actinopterygii,,Cyprinidae,freshwater,fish,ComteOlden,animal,TRUE,""
Labeo victorianus,Labeo victorianus,Metazoa,Chordata,Actinopteri,Cypriniformes,Cyprinidae,freshwater,fish,ThermoFresh,animal,TRUE,""
Labeo weeksii,Labeo weeksii,Animalia,Chordata,Actinopterygii,,Cyprinidae,freshwater,fish,ComteOlden,animal,TRUE,""
Labeobarbus acutirostris,Labeobarbus acutirostris,Animalia,Chordata,Actinopterygii,,Cyprinidae,freshwater,fish,ComteOlden,animal,TRUE,""
Labeobarbus aeneus,Labeobarbus aeneus,Animalia,Chordata,Actinopterygii,,Cyprinidae,freshwater,fish,ComteOlden,animal,TRUE,""
Labeobarbus capensis,Labeobarbus capensis,Animalia,Chordata,Actinopterygii,,Cyprinidae,freshwater,fish,ComteOlden,animal,TRUE,""
Labeobarbus crassibarbis,Labeobarbus crassibarbis,Animalia,Chordata,Actinopterygii,,Cyprinidae,freshwater,fish,ComteOlden,animal,TRUE,""
Labeobarbus dainellii,Labeobarbus dainellii,Animalia,Chordata,Actinopterygii,,Cyprinidae,freshwater,fish,ComteOlden,animal,TRUE,""
Labeobarbus gorguari,Labeobarbus gorguari,Animalia,Chordata,Actinopterygii,,Cyprinidae,freshwater,fish,ComteOlden,animal,TRUE,""
Labeobarbus habereri,Labeobarbus habereri,Animalia,Chordata,Actinopterygii,,Cyprinidae,freshwater,fish,ComteOlden,animal,TRUE,""
Labeobarbus intermedius,Labeobarbus intermedius,Animalia,Chordata,Actinopterygii,,Cyprinidae,freshwater,fish,ComteOlden,animal,TRUE,""
Labeobarbus johnstonii,Labeobarbus johnstonii,Animalia,Chordata,Actinopterygii,,Cyprinidae,freshwater,fish,ComteOlden,animal,TRUE,""
Labeobarbus longissimus,Labeobarbus longissimus,Animalia,Chordata,Actinopterygii,,Cyprinidae,freshwater,fish,ComteOlden,animal,TRUE,""
Labeobarbus marequensis,Labeobarbus marequensis,Animalia,Chordata,Actinopterygii,,Cyprinidae,freshwater,fish,ComteOlden,animal,TRUE,""
Labeobarbus polylepis,Labeobarbus polylepis,Animalia,Chordata,Actinopterygii,,Cyprinidae,freshwater,fish,ComteOlden,animal,TRUE,""
Labeotropheus trewavasae,Labeotropheus trewavasae,Animalia,Chordata,Actinopterygii,,Cichlidae,freshwater,fish,ComteOlden,animal,TRUE,""
Labidesthes sicculus,Labidesthes sicculus,Metazoa,Chordata,Actinopteri,Acanthomorphata,Atherinopsidae,freshwater,fish,ComteOlden;GlobTherm;ThermoFresh,animal,TRUE,""
Labidochromis caeruleus,Labidochromis caeruleus,Metazoa,Chordata,Actinopteri,Acanthomorphata,Cichlidae,freshwater,fish,ComteOlden;ThermoFresh,animal,TRUE,""
Labrichthys unilineatus,Labrichthys unilineatus,Animalia,Chordata,Actinopterygii,,Labridae,marine,fish,ComteOlden,animal,TRUE,""
Labroides bicolor,Labroides bicolor,Animalia,Chordata,Actinopterygii,,Labridae,marine,fish,ComteOlden,animal,TRUE,""
Labroides dimidiatus,Labroides dimidiatus,Animalia,Chordata,Actinopterygii,,Labridae,marine,fish,ComteOlden,animal,TRUE,""
Labrus bergylta,Labrus bergylta,Animalia,Chordata,Actinopterygii,,Labridae,marine,fish,ComteOlden,animal,TRUE,""
Labrus mixtus,Labrus mixtus,Animalia,Chordata,Actinopterygii,,Labridae,marine,fish,ComteOlden,animal,TRUE,""
Lacerta agilis,Lacerta agilis,,Chordata,Lepidosauria,Squamata,Lacertidae,"",,GlobTherm,animal,TRUE,""
Lacerta monticola,Lacerta monticola,,Chordata,Lepidosauria,Squamata,Lacertidae,"",,GlobTherm,animal,TRUE,""
Lacerta schreiberi,Lacerta schreiberi,,Chordata,Lepidosauria,Squamata,Lacertidae,"",,GlobTherm,animal,TRUE,""
Lachnolaimus maximus,Lachnolaimus maximus,Animalia,Chordata,Actinopterygii,,Labridae,marine,fish,ComteOlden,animal,TRUE,""
Ladigesia roloffi,Ladigesia roloffi,Animalia,Chordata,Actinopterygii,,Alestidae,freshwater,fish,ComteOlden,animal,TRUE,""
Ladona deplanata,Ladona deplanata,Metazoa,Arthropoda,Insecta,Odonata,Libellulidae,freshwater,invertebrate,ThermoFresh,animal,TRUE,""
Ladona julia,Ladona julia,Metazoa,Arthropoda,Insecta,Odonata,Libellulidae,freshwater,invertebrate,ThermoFresh,animal,TRUE,""
Lagocephalus gloveri,Lagocephalus gloveri,Animalia,Chordata,Actinopterygii,,Tetraodontidae,marine,fish,ComteOlden,animal,TRUE,""
Lagocephalus inermis,Lagocephalus inermis,Animalia,Chordata,Actinopterygii,,Tetraodontidae,marine,fish,ComteOlden,animal,TRUE,""
Lagocephalus laevigatus,Lagocephalus laevigatus,Animalia,Chordata,Actinopterygii,,Tetraodontidae,marine,fish,ComteOlden,animal,TRUE,""
Lagocephalus lagocephalus,Lagocephalus lagocephalus,Animalia,Chordata,Actinopterygii,,Tetraodontidae,marine,fish,ComteOlden,animal,TRUE,""
Lagocephalus lunaris,Lagocephalus lunaris,Animalia,Chordata,Actinopterygii,,Tetraodontidae,marine,fish,ComteOlden,animal,TRUE,""
Lagocephalus sceleratus,Lagocephalus sceleratus,Animalia,Chordata,Actinopterygii,,Tetraodontidae,marine,fish,ComteOlden,animal,TRUE,""
Lagodon rhomboides,Lagodon rhomboides,Metazoa,Chordata,Actinopteri,Acanthomorphata,Sparidae,marine;mixed,fish,ComteOlden;ThermoFresh,animal,TRUE,""
Laides longibarbis,Laides longibarbis,Animalia,Chordata,Actinopterygii,,Schilbeidae,freshwater,fish,ComteOlden,animal,TRUE,""
Laminaria pallida,Laminaria pallida,,Phaeophyceae,Phaeophyceae,Laminariales,Laminariaceae,"",,GlobTherm,unresolved,FALSE,Insufficient taxonomy to verify an animal consumer
Laminaria setchellii,Laminaria setchellii,,Phaeophyceae,Phaeophyceae,Laminariales,Laminariaceae,"",,GlobTherm,unresolved,FALSE,Insufficient taxonomy to verify an animal consumer
Lamprologus callipterus,Lamprologus callipterus,Animalia,Chordata,Actinopterygii,,Cichlidae,freshwater,fish,ComteOlden,animal,TRUE,""
Lamprologus congoensis,Lamprologus congoensis,Animalia,Chordata,Actinopterygii,,Cichlidae,freshwater,fish,ComteOlden,animal,TRUE,""
Lamprologus kungweensis,Lamprologus kungweensis,Animalia,Chordata,Actinopterygii,,Cichlidae,freshwater,fish,ComteOlden,animal,TRUE,""
Lamprologus lemairii,Lamprologus lemairii,Animalia,Chordata,Actinopterygii,,Cichlidae,freshwater,fish,ComteOlden,animal,TRUE,""
Lamprologus mocquardi,Lamprologus mocquardi,Animalia,Chordata,Actinopterygii,,Cichlidae,freshwater,fish,ComteOlden,animal,TRUE,""
Lamprologus ornatipinnis,Lamprologus ornatipinnis,Animalia,Chordata,Actinopterygii,,Cichlidae,freshwater,fish,ComteOlden,animal,TRUE,""
Lamprologus signatus,Lamprologus signatus,Animalia,Chordata,Actinopterygii,,Cichlidae,freshwater,fish,ComteOlden,animal,TRUE,""
Lamprologus tigripictilis,Lamprologus tigripictilis,Animalia,Chordata,Actinopterygii,,Cichlidae,freshwater,fish,ComteOlden,animal,TRUE,""
Lamprologus werneri,Lamprologus werneri,Animalia,Chordata,Actinopterygii,,Cichlidae,freshwater,fish,ComteOlden,animal,TRUE,""
Lampropeltis getulus,Lampropeltis getulus,,Chordata,Lepidosauria,Squamata,Colubridae,"",,GlobTherm,animal,TRUE,""
Lampropeltis zonata,Lampropeltis zonata,,Chordata,Lepidosauria,Squamata,Colubridae,"",,GlobTherm,animal,TRUE,""
Lampropholis delicata,Lampropholis delicata,,Chordata,Lepidosauria,Squamata,Scincidae,"",,GlobTherm,animal,TRUE,""
Lampropholis guichenoti,Lampropholis guichenoti,,Chordata,Lepidosauria,Squamata,Scincidae,"",,GlobTherm,animal,TRUE,""
Lampsilis abrupta,Lampsilis abrupta,Metazoa,Mollusca,Bivalvia,Unionida,Unionidae,freshwater,invertebrate,ThermoFresh,animal,TRUE,""
Lampsilis cariosa,Lampsilis cariosa,Metazoa,Mollusca,Bivalvia,Unionida,Unionidae,freshwater,invertebrate,ThermoFresh,animal,TRUE,""
Lampsilis fasciola,Lampsilis fasciola,Metazoa,Mollusca,Bivalvia,Unionida,Unionidae,freshwater,invertebrate,ThermoFresh,animal,TRUE,""
Lampsilis radiata,Lampsilis radiata,Metazoa,Mollusca,Bivalvia,Unionida,Unionidae,freshwater,invertebrate,ThermoFresh,animal,TRUE,""
Lampsilis siliquoidea,Lampsilis siliquoidea,Metazoa,Mollusca,Bivalvia,Unionida,Unionidae,freshwater,invertebrate,ThermoFresh,animal,TRUE,""
Lancetes angusticollis,Lancetes angusticollis,Metazoa,Arthropoda,Insecta,Coleoptera,Dytiscidae,freshwater,invertebrate,ThermoFresh,animal,TRUE,""
Lapageria rosea,Lapageria rosea,,Streptophyta,Spermatophyta,Liliales,Smilacaceae,"",,GlobTherm,non_animal,FALSE,Taxon is not an animal
Lappanella fasciata,Lappanella fasciata,Animalia,Chordata,Actinopterygii,,Labridae,marine,fish,ComteOlden,animal,TRUE,""
Larabicus quadrilineatus,Larabicus quadrilineatus,Animalia,Chordata,Actinopterygii,,Labridae,marine,fish,ComteOlden,animal,TRUE,""
Larimichthys crocea,Larimichthys crocea,Metazoa,Chordata,Actinopteri,Acanthomorphata,Sciaenidae,freshwater;mixed,fish,ComteOlden;ThermoFresh,animal,TRUE,""
Larrea tridentata,Larrea tridentata,,Streptophyta,Spermatophyta,Zygophyllales,Zygophyllaceae,"",,GlobTherm,non_animal,FALSE,Taxon is not an animal
Lasius alienus,Lasius alienus,,Arthropoda,Insecta,Hymenoptera,Formicidae,"",,GlobTherm,animal,TRUE,""
Lasius fallax,Lasius fallax,,Arthropoda,Insecta,Hymenoptera,Formicidae,"",,GlobTherm,animal,TRUE,""
Lasius nearcticus,Lasius nearcticus,,Arthropoda,Insecta,Hymenoptera,Formicidae,"",,GlobTherm,animal,TRUE,""
Lasmigona complanata,Lasmigona complanata,Metazoa,Mollusca,Bivalvia,Unionida,Unionidae,freshwater,invertebrate,ThermoFresh,animal,TRUE,""
Lateolabrax japonicus,Lateolabrax japonicus,Metazoa,Chordata,Actinopteri,Acanthomorphata,Lateolabracidae,mixed,fish,ThermoFresh,animal,TRUE,""
Laternula elliptica,Laternula elliptica,,Mollusca,Bivalvia,Pholadomyoida,Laternulidae,"",,GlobTherm,animal,TRUE,""
Lates calcarifer,Lates calcarifer,Metazoa,Chordata,Actinopteri,Acanthomorphata,Centropomidae,freshwater;mixed,fish,ComteOlden;ThermoFresh,animal,TRUE,""
Lates niloticus,Lates niloticus,Metazoa,Chordata,Actinopteri,Acanthomorphata,Centropomidae,freshwater,fish,ComteOlden;ThermoFresh,animal,TRUE,""
Laubuka caeruleostigmata,Laubuka caeruleostigmata,Animalia,Chordata,Actinopterygii,,Cyprinidae,freshwater,fish,ComteOlden,animal,TRUE,""
Laubuka dadiburjori,Laubuka dadiburjori,Animalia,Chordata,Actinopterygii,,Cyprinidae,freshwater,fish,ComteOlden,animal,TRUE,""
Laubuka fasciata,Laubuka fasciata,Animalia,Chordata,Actinopterygii,,Cyprinidae,freshwater,fish,ComteOlden,animal,TRUE,""
Laubuka laubuca,Laubuka laubuca,Animalia,Chordata,Actinopterygii,,Cyprinidae,freshwater,fish,ComteOlden,animal,TRUE,""
Laudakia stellio,Laudakia stellio,,Chordata,Lepidosauria,Squamata,Agamidae,"",,GlobTherm,animal,TRUE,""
Lavinia exilicauda,Lavinia exilicauda,Animalia,Chordata,Actinopterygii,,Cyprinidae,freshwater,fish,ComteOlden,animal,TRUE,""
Lednia tetonica,Lednia tetonica,Metazoa,Arthropoda,Insecta,Plecoptera,Nemouridae,freshwater,invertebrate,ThermoFresh,animal,TRUE,""
Lednia tumana,Lednia tumana,Metazoa,Arthropoda,Insecta,Plecoptera,Nemouridae,freshwater,invertebrate,ThermoFresh,animal,TRUE,""
Leiognathus equulus,Leiognathus equulus,Animalia,Chordata,Actinopterygii,,Leiognathidae,freshwater,fish,ComteOlden,animal,TRUE,""
Leiostomus xanthurus,Leiostomus xanthurus,Animalia,Chordata,Actinopterygii,,Sciaenidae,freshwater,fish,ComteOlden,animal,TRUE,""
Lepechinia calycina,Lepechinia calycina,,Streptophyta,Spermatophyta,Lamiales,Lamiaceae,"",,GlobTherm,non_animal,FALSE,Taxon is not an animal
Lepidiolamprologus attenuatus,Lepidiolamprologus attenuatus,Animalia,Chordata,Actinopterygii,,Cichlidae,freshwater,fish,ComteOlden,animal,TRUE,""
Lepidiolamprologus cunningtoni,Lepidiolamprologus cunningtoni,Animalia,Chordata,Actinopterygii,,Cichlidae,freshwater,fish,ComteOlden,animal,TRUE,""
Lepidiolamprologus elongatus,Lepidiolamprologus elongatus,Animalia,Chordata,Actinopterygii,,Cichlidae,freshwater,fish,ComteOlden,animal,TRUE,""
Lepidiolamprologus profundicola,Lepidiolamprologus profundicola,Animalia,Chordata,Actinopterygii,,Cichlidae,freshwater,fish,ComteOlden,animal,TRUE,""
Lepidocephalichthys guntea,Lepidocephalichthys guntea,Animalia,Chordata,Actinopterygii,,Cobitidae,freshwater,fish,ComteOlden,animal,TRUE,""
Lepidocephalichthys hasselti,Lepidocephalichthys hasselti,Animalia,Chordata,Actinopterygii,,Cobitidae,freshwater,fish,ComteOlden,animal,TRUE,""
Lepidocephalichthys thermalis,Lepidocephalichthys thermalis,Animalia,Chordata,Actinopterygii,,Cobitidae,freshwater,fish,ComteOlden,animal,TRUE,""
Lepidocephalus macrochir,Lepidocephalus macrochir,Animalia,Chordata,Actinopterygii,,Cobitidae,freshwater,fish,ComteOlden,animal,TRUE,""
Lepidodactylus lugubris,Lepidodactylus lugubris,,Chordata,Lepidosauria,Squamata,Gekkonidae,"",,GlobTherm,animal,TRUE,""
Lepidomeda albivallis,Lepidomeda albivallis,Animalia,Chordata,Actinopterygii,,Cyprinidae,freshwater,fish,ComteOlden,animal,TRUE,""
Lepidomeda copei,Lepidomeda copei,Metazoa,Chordata,Actinopteri,Cypriniformes,Cyprinidae,freshwater,fish,ComteOlden;ThermoFresh,animal,TRUE,""
Lepidomeda mollispinis,Lepidomeda mollispinis,Metazoa,Chordata,Actinopteri,Cypriniformes,Cyprinidae,freshwater,fish,ComteOlden;ThermoFresh,animal,TRUE,""
Lepidomeda vittata,Lepidomeda vittata,Animalia,Chordata,Actinopterygii,,Cyprinidae,freshwater,fish,ComteOlden,animal,TRUE,""
Lepidonotothen squamifrons,Lepidonotothen squamifrons,Animalia,Chordata,Actinopterygii,,Nototheniidae,marine,fish,ComteOlden,animal,TRUE,""
Lepidophyma flavimaculatum,Lepidophyma flavimaculatum,,Chordata,Lepidosauria,Squamata,Xantusiidae,"",,GlobTherm,animal,TRUE,""
Lepidopsetta bilineata,Lepidopsetta bilineata,Animalia,Chordata,Actinopterygii,,Pleuronectidae,marine,fish,ComteOlden,animal,TRUE,""
Lepidostoma cinereum,Lepidostoma cinereum,Metazoa,Arthropoda,Insecta,Trichoptera,Lepidostomatidae,freshwater,invertebrate,ThermoFresh,animal,TRUE,""
Lepidostoma pluviale,Lepidostoma pluviale,Metazoa,Arthropoda,Insecta,Trichoptera,Lepidostomatidae,freshwater,invertebrate,ThermoFresh,animal,TRUE,""
Lepidostoma unicolor,Lepidostoma unicolor,Metazoa,Arthropoda,Insecta,Trichoptera,Lepidostomatidae,freshwater,invertebrate,ThermoFresh,animal,TRUE,""
Lepisosteus osseus,Lepisosteus osseus,Animalia,Chordata,Actinopterygii,,Lepisosteidae,freshwater,fish,ComteOlden,animal,TRUE,""
Lepisosteus platostomus,Lepisosteus platostomus,Animalia,Chordata,Actinopterygii,,Lepisosteidae,freshwater,fish,ComteOlden,animal,TRUE,""
Lepisosteus platyrhincus,Lepisosteus platyrhincus,Animalia,Chordata,Actinopterygii,,Lepisosteidae,freshwater,fish,ComteOlden,animal,TRUE,""
Lepomis auritus,Lepomis auritus,Animalia,Chordata,Actinopterygii,,Centrarchidae,freshwater,fish,ComteOlden,animal,TRUE,""
Lepomis cyanellus,Lepomis cyanellus,Metazoa,Chordata,Actinopteri,Acanthomorphata,Centrarchidae,freshwater,fish,ComteOlden;GlobTherm;ThermoFresh,animal,TRUE,""
Lepomis gibbosus,Lepomis gibbosus,Metazoa,Chordata,Actinopteri,Acanthomorphata,Centrarchidae,freshwater;mixed,fish,ComteOlden;GlobTherm;ThermoFresh,animal,TRUE,""
Lepomis gulosus,Lepomis gulosus,Animalia,Chordata,Actinopterygii,Perciformes,Centrarchidae,freshwater,fish,ComteOlden;GlobTherm,animal,TRUE,""
Lepomis humilis,Lepomis humilis,Metazoa,Chordata,Actinopteri,Acanthomorphata,Centrarchidae,freshwater,fish,ComteOlden;GlobTherm;ThermoFresh,animal,TRUE,""
Lepomis macrochirus,Lepomis macrochirus,Metazoa,Chordata,Actinopteri,Acanthomorphata,Centrarchidae,freshwater,fish,ComteOlden;GlobTherm;ThermoFresh,animal,TRUE,""
Lepomis marginatus,Lepomis marginatus,Animalia,Chordata,Actinopterygii,,Centrarchidae,freshwater,fish,ComteOlden,animal,TRUE,""
Lepomis megalotis,Lepomis megalotis,Metazoa,Chordata,Actinopteri,Acanthomorphata,Centrarchidae,freshwater,fish,ComteOlden;GlobTherm;ThermoFresh,animal,TRUE,""
Lepomis microlophus,Lepomis microlophus,Metazoa,Chordata,Actinopteri,Acanthomorphata,Centrarchidae,freshwater,fish,ComteOlden;GlobTherm;ThermoFresh,animal,TRUE,""
Lepomis miniatus,Lepomis miniatus,Animalia,Chordata,Actinopterygii,,Centrarchidae,freshwater,fish,ComteOlden,animal,TRUE,""
Lepomis punctatus,Lepomis punctatus,Animalia,Chordata,Actinopterygii,,Centrarchidae,freshwater,fish,ComteOlden,animal,TRUE,""
Lepomis symmetricus,Lepomis symmetricus,Animalia,Chordata,Actinopterygii,,Centrarchidae,freshwater,fish,ComteOlden,animal,TRUE,""
Leptecho scirpi,Leptecho scirpi,Metazoa,Arthropoda,Insecta,Trichoptera,Leptoceridae,freshwater,invertebrate,ThermoFresh,animal,TRUE,""
Leptestheria brevirostris,Leptestheria brevirostris,Metazoa,Arthropoda,Branchiopoda,Diplostraca,Leptestheriidae,freshwater,invertebrate,ThermoFresh,animal,TRUE,""
Leptobotia elongata,Leptobotia elongata,Animalia,Chordata,Actinopterygii,,Cobitidae,freshwater,fish,ComteOlden,animal,TRUE,""
Leptobotia guilinensis,Leptobotia guilinensis,Animalia,Chordata,Actinopterygii,,Cobitidae,freshwater,fish,ComteOlden,animal,TRUE,""
Leptocottus armatus,Leptocottus armatus,Animalia,Chordata,Actinopterygii,,Cottidae,freshwater,fish,ComteOlden,animal,TRUE,""
Leptodactylus melanotus,Leptodactylus melanotus,,Chordata,Amphibia,Anura,Leptodactylidae,"",,GlobTherm,animal,TRUE,""
Leptodactylus pentadactylus,Leptodactylus pentadactylus,,Chordata,Amphibia,Anura,Leptodactylidae,"",,GlobTherm,animal,TRUE,""
Leptojulis cyanopleura,Leptojulis cyanopleura,Animalia,Chordata,Actinopterygii,,Labridae,marine,fish,ComteOlden,animal,TRUE,""
Leptonema maculatum,Leptonema maculatum,Metazoa,Arthropoda,Insecta,Trichoptera,Hydropsychidae,freshwater,invertebrate,ThermoFresh,animal,TRUE,""
Leptoscarus vaigiensis,Leptoscarus vaigiensis,Animalia,Chordata,Actinopterygii,,Labridae,marine,fish,ComteOlden,animal,TRUE,""
Lerista bougainvilli,Lerista bougainvilli,,Chordata,Lepidosauria,Squamata,Scincidae,"",,GlobTherm,animal,TRUE,""
Lerista frosti,Lerista frosti,,Chordata,Lepidosauria,Squamata,Scincidae,"",,GlobTherm,animal,TRUE,""
Lerista neander,Lerista neander,,Chordata,Lepidosauria,Squamata,Scincidae,"",,GlobTherm,animal,TRUE,""
Lerista orientalis,Lerista orientalis,,Chordata,Lepidosauria,Squamata,Scincidae,"",,GlobTherm,animal,TRUE,""
Lerista terdigitata,Lerista terdigitata,,Chordata,Lepidosauria,Squamata,Scincidae,"",,GlobTherm,animal,TRUE,""
Lestagella penicillata,Lestagella penicillata,Metazoa,Arthropoda,Insecta,Ephemeroptera,Teloganodidae,freshwater,invertebrate,ThermoFresh,animal,TRUE,""
Lestes congener,Lestes congener,Metazoa,Arthropoda,Insecta,Odonata,Lestidae,freshwater,invertebrate,ThermoFresh,animal,TRUE,""
Lestes disjunctus,Lestes disjunctus,Metazoa,Arthropoda,Insecta,Odonata,Lestidae,freshwater,invertebrate,ThermoFresh,animal,TRUE,""
Lestradea perspicax,Lestradea perspicax,Animalia,Chordata,Actinopterygii,,Cichlidae,freshwater,fish,ComteOlden,animal,TRUE,""
Lestradea stappersii,Lestradea stappersii,Animalia,Chordata,Actinopterygii,,Cichlidae,freshwater,fish,ComteOlden,animal,TRUE,""
Letharia vulpina,Letharia vulpina,,Ascomycota,Lecanoromycetes,Lecanorineae,Parmeliaceae,"",,GlobTherm,non_animal,FALSE,Taxon is not an animal
Lethocerus americanus,Lethocerus americanus,Metazoa,Arthropoda,Insecta,Hemiptera,Belostomatidae,freshwater,invertebrate,ThermoFresh,animal,TRUE,""
Leucadendron argenteum,Leucadendron argenteum,,Streptophyta,Spermatophyta,Proteales,Proteaceae,"",,GlobTherm,non_animal,FALSE,Taxon is not an animal
Leucaspius delineatus,Leucaspius delineatus,Metazoa,Chordata,Actinopteri,Cypriniformes,Cyprinidae,freshwater;mixed,fish,ComteOlden;ThermoFresh,animal,TRUE,""
Leuciscus aspius,Leuciscus aspius,Animalia,Chordata,Actinopterygii,,Cyprinidae,freshwater,fish,ComteOlden,animal,TRUE,""
Leuciscus idus,Leuciscus idus,Metazoa,Chordata,Actinopteri,Cypriniformes,Cyprinidae,freshwater;mixed,fish,ComteOlden;ThermoFresh,animal,TRUE,""
Leuciscus leuciscus,Leuciscus leuciscus,Animalia,Chordata,Actinopterygii,,Cyprinidae,freshwater,fish,ComteOlden,animal,TRUE,""
Leuciscus vorax,Leuciscus vorax,Animalia,Chordata,Actinopterygii,,Cyprinidae,freshwater,fish,ComteOlden,animal,TRUE,""
Leucorrhinia proxima,Leucorrhinia proxima,Metazoa,Arthropoda,Insecta,Odonata,Libellulidae,freshwater,invertebrate,ThermoFresh,animal,TRUE,""
Leuctra fusca,Leuctra fusca,Metazoa,Arthropoda,Insecta,Plecoptera,Leuctridae,freshwater,invertebrate,ThermoFresh,animal,TRUE,""
Leuresthes tenuis,Leuresthes tenuis,Animalia,Chordata,Actinopterygii,,Atherinopsidae,marine,fish,ComteOlden,animal,TRUE,""
Libellula auripennis,Libellula auripennis,Metazoa,Arthropoda,Insecta,Odonata,Libellulidae,freshwater,invertebrate,ThermoFresh,animal,TRUE,""
Libocedrus bidwillii,Libocedrus bidwillii,,Streptophyta,Spermatophyta,Cupressales,Cupressaceae,"",,GlobTherm,non_animal,FALSE,Taxon is not an animal
Ligumia recta,Ligumia recta,Metazoa,Mollusca,Bivalvia,Unionida,Unionidae,freshwater,invertebrate,ThermoFresh,animal,TRUE,""
Ligustrum vulgare,Ligustrum vulgare,,Streptophyta,Spermatophyta,Lamiales,Oleaceae,"",,GlobTherm,non_animal,FALSE,Taxon is not an animal
Limatula hodgsoni,Limatula hodgsoni,,Mollusca,Bivalvia,Limoida,Limidae,"",,GlobTherm,animal,TRUE,""
Limbodessus amabilis,Limbodessus amabilis,Metazoa,Arthropoda,Insecta,Coleoptera,Dytiscidae,freshwater,invertebrate,ThermoFresh,animal,TRUE,""
Limia dominicensis,Limia dominicensis,Metazoa,Chordata,Actinopteri,Acanthomorphata,Poeciliidae,freshwater,fish,ThermoFresh,animal,TRUE,""
Limia melanogaster,Limia melanogaster,Metazoa,Chordata,Actinopteri,Acanthomorphata,Poeciliidae,freshwater,fish,ThermoFresh,animal,TRUE,""
Limia melanonotata,Limia melanonotata,Metazoa,Chordata,Actinopteri,Acanthomorphata,Poeciliidae,freshwater,fish,ThermoFresh,animal,TRUE,""
Limia perugiae,Limia perugiae,Metazoa,Chordata,Actinopteri,Acanthomorphata,Poeciliidae,freshwater,fish,ThermoFresh,animal,TRUE,""
Limia sulphurophila,Limia sulphurophila,Metazoa,Chordata,Actinopteri,Acanthomorphata,Poeciliidae,freshwater,fish,ThermoFresh,animal,TRUE,""
Limia versicolor,Limia versicolor,Metazoa,Chordata,Actinopteri,Acanthomorphata,Poeciliidae,freshwater,fish,ThermoFresh,animal,TRUE,""
Limia vittata,Limia vittata,Metazoa,Chordata,Actinopteri,Acanthomorphata,Poeciliidae,mixed,fish,ThermoFresh,animal,TRUE,""
Limia yaguajali,Limia yaguajali,Metazoa,Chordata,Actinopteri,Acanthomorphata,Poeciliidae,freshwater,fish,ThermoFresh,animal,TRUE,""
Limia zonata,Limia zonata,Metazoa,Chordata,Actinopteri,Acanthomorphata,Poeciliidae,freshwater,fish,ThermoFresh,animal,TRUE,""
Limnephilus ornatus,Limnephilus ornatus,Metazoa,Arthropoda,Insecta,Trichoptera,Limnephilidae,freshwater,invertebrate,ThermoFresh,animal,TRUE,""
Limnius volckmari,Limnius volckmari,Metazoa,Arthropoda,Insecta,Coleoptera,Elmidae,freshwater,invertebrate,ThermoFresh,animal,TRUE,""
Limnochromis abeelei,Limnochromis abeelei,Animalia,Chordata,Actinopterygii,,Cichlidae,freshwater,fish,ComteOlden,animal,TRUE,""
Limnochromis auritus,Limnochromis auritus,Animalia,Chordata,Actinopterygii,,Cichlidae,freshwater,fish,ComteOlden,animal,TRUE,""
Limnochromis staneri,Limnochromis staneri,Animalia,Chordata,Actinopterygii,,Cichlidae,freshwater,fish,ComteOlden,animal,TRUE,""
Limnodynastes dorsalis,Limnodynastes dorsalis,,Chordata,Amphibia,Anura,Myobatrachidae,"",,GlobTherm,animal,TRUE,""
Limnodynastes fletcheri,Limnodynastes fletcheri,,Chordata,Amphibia,Anura,Myobatrachidae,"",,GlobTherm,animal,TRUE,""
Limnodynastes peroni,Limnodynastes peroni,,Chordata,Amphibia,Anura,Myobatrachidae,"",,GlobTherm,animal,TRUE,""
Limnodynastes salmini,Limnodynastes Salmini,,Chordata,Amphibia,Anura,Myobatrachidae,"",,GlobTherm,animal,TRUE,""
Limnodynastes tasmaniensis,Limnodynastes tasmaniensis,,Chordata,Amphibia,Anura,Myobatrachidae,"",,GlobTherm,animal,TRUE,""
Limnonectes woodworthi,Limnonectes woodworthi,,Chordata,Amphibia,Anura,Dicroglossidae,"",,GlobTherm,animal,TRUE,""
Limnothrissa miodon,Limnothrissa miodon,Animalia,Chordata,Actinopterygii,,Clupeidae,freshwater,fish,ComteOlden,animal,TRUE,""
Limnotilapia dardennii,Limnotilapia dardennii,Animalia,Chordata,Actinopterygii,,Cichlidae,freshwater,fish,ComteOlden,animal,TRUE,""
Limopsis marionensis,Limopsis marionensis,,Mollusca,Bivalvia,Arcoida,Limopsidae,"",,GlobTherm,animal,TRUE,""
Lindbergichthys nudifrons,Lindbergichthys nudifrons,Animalia,Chordata,Actinopterygii,,Nototheniidae,marine,fish,ComteOlden,animal,TRUE,""
Linepithema humile,Linepithema humile,,Arthropoda,Insecta,Hymenoptera,Formicidae,"",,GlobTherm,animal,TRUE,""
Lingula anatina,Lingula anatina,Metazoa,Brachiopoda,Lingulata,Lingulida,Lingulidae,mixed,invertebrate,ThermoFresh,animal,TRUE,""
Liniparhomaloptera disparis,Liniparhomaloptera disparis,Animalia,Chordata,Actinopterygii,,Balitoridae,freshwater,fish,ComteOlden,animal,TRUE,""
Liobagrus kingi,Liobagrus kingi,Animalia,Chordata,Actinopterygii,,Amblycipitidae,freshwater,fish,ComteOlden,animal,TRUE,""
Liocarcinus marmoreus,Liocarcinus marmoreus,,Arthropoda,Malacostraca,Decapoda,Polybiidae,"",,GlobTherm,animal,TRUE,""
Liolaemus abaucan,Liolaemus abaucan,,Chordata,Lepidosauria,Squamata,Iguanidae,"",,GlobTherm,animal,TRUE,""
Liolaemus albiceps,Liolaemus albiceps,,Chordata,Lepidosauria,Squamata,Iguanidae,"",,GlobTherm,animal,TRUE,""
Liolaemus alticolor,Liolaemus alticolor,,Chordata,Lepidosauria,Squamata,Iguanidae,"",,GlobTherm,animal,TRUE,""
Liolaemus altissimus,Liolaemus altissimus,,Chordata,Lepidosauria,Squamata,Iguanidae,"",,GlobTherm,animal,TRUE,""
Liolaemus bibronii,Liolaemus bibronii,,Chordata,Lepidosauria,Squamata,Iguanidae,"",,GlobTherm,animal,TRUE,""
Liolaemus bisignatus,Liolaemus bisignatus,,Chordata,Lepidosauria,Squamata,Iguanidae,"",,GlobTherm,animal,TRUE,""
Liolaemus boulengeri,Liolaemus boulengeri,,Chordata,Lepidosauria,Squamata,Iguanidae,"",,GlobTherm,animal,TRUE,""
Liolaemus canqueli,Liolaemus canqueli,,Chordata,Lepidosauria,Squamata,Iguanidae,"",,GlobTherm,animal,TRUE,""
Liolaemus capillitas,Liolaemus capillitas,,Chordata,Lepidosauria,Squamata,Iguanidae,"",,GlobTherm,animal,TRUE,""
Liolaemus chacoensis,Liolaemus chacoensis,,Chordata,Lepidosauria,Squamata,Iguanidae,"",,GlobTherm,animal,TRUE,""
Liolaemus chiliensis,Liolaemus chiliensis,,Chordata,Lepidosauria,Squamata,Iguanidae,"",,GlobTherm,animal,TRUE,""
Liolaemus constanzae,Liolaemus constanzae,,Chordata,Lepidosauria,Squamata,Iguanidae,"",,GlobTherm,animal,TRUE,""
Liolaemus curis,Liolaemus curis,,Chordata,Lepidosauria,Squamata,Iguanidae,"",,GlobTherm,animal,TRUE,""
Liolaemus cuyanus,Liolaemus cuyanus,,Chordata,Lepidosauria,Squamata,Iguanidae,"",,GlobTherm,animal,TRUE,""
Liolaemus cyanogaster,Liolaemus cyanogaster,,Chordata,Lepidosauria,Squamata,Iguanidae,"",,GlobTherm,animal,TRUE,""
Liolaemus darwinii,Liolaemus darwinii,,Chordata,Lepidosauria,Squamata,Iguanidae,"",,GlobTherm,animal,TRUE,""
Liolaemus dorbignyi,Liolaemus dorbignyi,,Chordata,Lepidosauria,Squamata,Iguanidae,"",,GlobTherm,animal,TRUE,""
Liolaemus eleodori,Liolaemus eleodori,,Chordata,Lepidosauria,Squamata,Iguanidae,"",,GlobTherm,animal,TRUE,""
Liolaemus elongatus,Liolaemus elongatus,,Chordata,Lepidosauria,Squamata,Iguanidae,"",,GlobTherm,animal,TRUE,""
Liolaemus fabiani,Liolaemus fabiani,,Chordata,Lepidosauria,Squamata,Iguanidae,"",,GlobTherm,animal,TRUE,""
Liolaemus fitzgeraldi,Liolaemus fitzgeraldi,,Chordata,Lepidosauria,Squamata,Iguanidae,"",,GlobTherm,animal,TRUE,""
Liolaemus fitzingerii,Liolaemus fitzingerii,,Chordata,Lepidosauria,Squamata,Iguanidae,"",,GlobTherm,animal,TRUE,""
Liolaemus fuscus,Liolaemus fuscus,,Chordata,Lepidosauria,Squamata,Iguanidae,"",,GlobTherm,animal,TRUE,""
Liolaemus hellmichi,Liolaemus hellmichi,,Chordata,Lepidosauria,Squamata,Iguanidae,"",,GlobTherm,animal,TRUE,""
Liolaemus hernani,Liolaemus hernani,,Chordata,Lepidosauria,Squamata,Iguanidae,"",,GlobTherm,animal,TRUE,""
Liolaemus irregularis,Liolaemus irregularis,,Chordata,Lepidosauria,Squamata,Iguanidae,"",,GlobTherm,animal,TRUE,""
Liolaemus jamesi,Liolaemus jamesi,,Chordata,Lepidosauria,Squamata,Iguanidae,"",,GlobTherm,animal,TRUE,""
Liolaemus kingii,Liolaemus kingii,,Chordata,Lepidosauria,Squamata,Iguanidae,"",,GlobTherm,animal,TRUE,""
Liolaemus koslowskyi,Liolaemus koslowskyi,,Chordata,Lepidosauria,Squamata,Iguanidae,"",,GlobTherm,animal,TRUE,""
Liolaemus kriegi,Liolaemus kriegi,,Chordata,Lepidosauria,Squamata,Iguanidae,"",,GlobTherm,animal,TRUE,""
Liolaemus laurenti,Liolaemus laurenti,,Chordata,Lepidosauria,Squamata,Iguanidae,"",,GlobTherm,animal,TRUE,""
Liolaemus lemniscatus,Liolaemus lemniscatus,,Chordata,Lepidosauria,Squamata,Iguanidae,"",,GlobTherm,animal,TRUE,""
Liolaemus leopardinus,Liolaemus leopardinus,,Chordata,Lepidosauria,Squamata,Iguanidae,"",,GlobTherm,animal,TRUE,""
Liolaemus lorenzmuelleri,Liolaemus lorenzmuelleri,,Chordata,Lepidosauria,Squamata,Iguanidae,"",,GlobTherm,animal,TRUE,""
Liolaemus melanops,Liolaemus melanops,,Chordata,Lepidosauria,Squamata,Iguanidae,"",,GlobTherm,animal,TRUE,""
Liolaemus monticola,Liolaemus monticola,,Chordata,Lepidosauria,Squamata,Iguanidae,"",,GlobTherm,animal,TRUE,""
Liolaemus multicolor,Liolaemus multicolor,,Chordata,Lepidosauria,Squamata,Iguanidae,"",,GlobTherm,animal,TRUE,""
Liolaemus multimaculatus,Liolaemus multimaculatus,,Chordata,Lepidosauria,Squamata,Iguanidae,"",,GlobTherm,animal,TRUE,""
Liolaemus nigromaculatus,Liolaemus nigromaculatus,,Chordata,Lepidosauria,Squamata,Iguanidae,"",,GlobTherm,animal,TRUE,""
Liolaemus nigroroseus,Liolaemus nigroroseus,,Chordata,Lepidosauria,Squamata,Iguanidae,"",,GlobTherm,animal,TRUE,""
Liolaemus nigroviridis,Liolaemus nigroviridis,,Chordata,Lepidosauria,Squamata,Iguanidae,"",,GlobTherm,animal,TRUE,""
Liolaemus nitidus,Liolaemus nitidus,,Chordata,Lepidosauria,Squamata,Iguanidae,"",,GlobTherm,animal,TRUE,""
Liolaemus olongasta,Liolaemus olongasta,,Chordata,Lepidosauria,Squamata,Iguanidae,"",,GlobTherm,animal,TRUE,""
Liolaemus ornatus,Liolaemus ornatus,,Chordata,Lepidosauria,Squamata,Iguanidae,"",,GlobTherm,animal,TRUE,""
Liolaemus petrophilus,Liolaemus petrophilus,,Chordata,Lepidosauria,Squamata,Iguanidae,"",,GlobTherm,animal,TRUE,""
Liolaemus pictus,Liolaemus pictus,,Chordata,Lepidosauria,Squamata,Iguanidae,"",,GlobTherm,animal,TRUE,""
Liolaemus platei,Liolaemus platei,,Chordata,Lepidosauria,Squamata,Iguanidae,"",,GlobTherm,animal,TRUE,""
Liolaemus poecilochromus,Liolaemus poecilochromus,,Chordata,Lepidosauria,Squamata,Iguanidae,"",,GlobTherm,animal,TRUE,""
Liolaemus pseudoanomalus,Liolaemus pseudoanomalus,,Chordata,Lepidosauria,Squamata,Iguanidae,"",,GlobTherm,animal,TRUE,""
Liolaemus pseudolemniscatus,Liolaemus pseudolemniscatus,,Chordata,Lepidosauria,Squamata,Iguanidae,"",,GlobTherm,animal,TRUE,""
Liolaemus punctatissimus,Liolaemus punctatissimus,,Chordata,Lepidosauria,Squamata,Iguanidae,"",,GlobTherm,animal,TRUE,""
Liolaemus quilmes,Liolaemus quilmes,,Chordata,Lepidosauria,Squamata,Iguanidae,"",,GlobTherm,animal,TRUE,""
Liolaemus riojanus,Liolaemus riojanus,,Chordata,Lepidosauria,Squamata,Iguanidae,"",,GlobTherm,animal,TRUE,""
Liolaemus robertmertensi,Liolaemus robertmertensi,,Chordata,Lepidosauria,Squamata,Iguanidae,"",,GlobTherm,animal,TRUE,""
Liolaemus rothi,Liolaemus rothi,,Chordata,Lepidosauria,Squamata,Iguanidae,"",,GlobTherm,animal,TRUE,""
Liolaemus salinicola,Liolaemus salinicola,,Chordata,Lepidosauria,Squamata,Iguanidae,"",,GlobTherm,animal,TRUE,""
Liolaemus scapularis,Liolaemus scapularis,,Chordata,Lepidosauria,Squamata,Iguanidae,"",,GlobTherm,animal,TRUE,""
Liolaemus schroederi,Liolaemus schroederi,,Chordata,Lepidosauria,Squamata,Iguanidae,"",,GlobTherm,animal,TRUE,""
Liolaemus telsen,Liolaemus telsen,,Chordata,Lepidosauria,Squamata,Iguanidae,"",,GlobTherm,animal,TRUE,""
Liolaemus tenuis,Liolaemus tenuis,,Chordata,Lepidosauria,Squamata,Iguanidae,"",,GlobTherm,animal,TRUE,""
Liolaemus vallecurensis,Liolaemus vallecurensis,,Chordata,Lepidosauria,Squamata,Iguanidae,"",,GlobTherm,animal,TRUE,""
Liolaemus walkeri,Liolaemus walkeri,,Chordata,Lepidosauria,Squamata,Iguanidae,"",,GlobTherm,animal,TRUE,""
Liolaemus xanthoviridis,Liolaemus xanthoviridis,,Chordata,Lepidosauria,Squamata,Iguanidae,"",,GlobTherm,animal,TRUE,""
Liopropoma carmabi,Liopropoma carmabi,Animalia,Chordata,Actinopterygii,,Serranidae,marine,fish,ComteOlden,animal,TRUE,""
Liopropoma eukrines,Liopropoma eukrines,Animalia,Chordata,Actinopterygii,,Serranidae,marine,fish,ComteOlden,animal,TRUE,""
Liopsetta glacialis,Liopsetta glacialis,Metazoa,Chordata,Actinopteri,Acanthomorphata,Pleuronectidae,mixed,fish,ThermoFresh,animal,TRUE,""
Liothyrella neozelanica,Liothyrella neozelanica,,Brachiopoda,Rhynchonellata,Terebratulida,Terebratulidae,"",,GlobTherm,animal,TRUE,""
Liothyrella uva,Liothyrella uva,,Brachiopoda,Rhynchonellata,Terebratulida,Terebratulidae,"",,GlobTherm,animal,TRUE,""
Lipinia pulchella,Lipinia pulchella,,Chordata,Lepidosauria,Squamata,Scincidae,"",,GlobTherm,animal,TRUE,""
Lipophrys pholis,Lipophrys pholis,Animalia,Chordata,Actinopterygii,,Blenniidae,marine,fish,ComteOlden,animal,TRUE,""
Lipophrys trigloides,Lipophrys trigloides,Animalia,Chordata,Actinopterygii,Perciformes,Blenniidae,marine,fish,ComteOlden;GlobTherm,animal,TRUE,""
Lirceus brachyurus,Lirceus brachyurus,Metazoa,Arthropoda,Malacostraca,Isopoda,Asellidae,freshwater,invertebrate,ThermoFresh,animal,TRUE,""
Lithasia obovata,Lithasia obovata,Metazoa,Mollusca,Gastropoda,,Pleuroceridae,freshwater,invertebrate,ThermoFresh,animal,TRUE,""
Lithobates sylvatica,Lithobates sylvatica,,Chordata,Amphibia,Anura,Ranidae,"",,GlobTherm,animal,TRUE,""
Lithognathus mormyrus,Lithognathus mormyrus,Animalia,Chordata,Actinopterygii,,Sparidae,marine,fish,ComteOlden,animal,TRUE,""
Litoria gracilenta,Litoria gracilenta,,Chordata,Amphibia,Anura,Hylidae,"",,GlobTherm,animal,TRUE,""
Littorina fabalis,Littorina fabalis,,Mollusca,Gastropoda,Littorinimorpha,Littorinidae,"",,GlobTherm,animal,TRUE,""
Littorina littorea,Littorina littorea,,Mollusca,Gastropoda,Littorinimorpha,Littorinidae,"",,GlobTherm,animal,TRUE,""
Littorina obtusata,Littorina obtusata,,Mollusca,Gastropoda,Littorinimorpha,Littorinidae,"",,GlobTherm,animal,TRUE,""
Littorina saxatilis,Littorina saxatilis,Metazoa,Mollusca,Gastropoda,Littorinimorpha,Littorinidae,mixed,invertebrate,GlobTherm;ThermoFresh,animal,TRUE,""
Liza abu,Liza abu,Animalia,Chordata,Actinopterygii,,Mugilidae,freshwater,fish,ComteOlden,animal,TRUE,""
Liza aurata,Liza aurata,Animalia,Chordata,Actinopterygii,,Mugilidae,freshwater,fish,ComteOlden,animal,TRUE,""
Liza ramada,Liza ramada,Animalia,Chordata,Actinopterygii,Mugiliformes,Mugilidae,freshwater,fish,ComteOlden;GlobTherm,animal,TRUE,""
Liza saliens,Liza saliens,Animalia,Chordata,Actinopterygii,,Mugilidae,freshwater,fish,ComteOlden,animal,TRUE,""
Lobaria pulmonaria,Lobaria pulmonaria,,Ascomycota,Lecanoromycetes,Peltigerales,Lobariaceae,"",,GlobTherm,non_animal,FALSE,Taxon is not an animal
Lobocheilos melanotaenia,Lobocheilos melanotaenia,Animalia,Chordata,Actinopterygii,,Cyprinidae,freshwater,fish,ComteOlden,animal,TRUE,""
Lobochilotes labiatus,Lobochilotes labiatus,Animalia,Chordata,Actinopterygii,,Cichlidae,freshwater,fish,ComteOlden,animal,TRUE,""
Lomatia tinctoria,Lomatia tinctoria,,Streptophyta,Spermatophyta,Proteales,Proteaceae,"",,GlobTherm,non_animal,FALSE,Taxon is not an animal
Lonicera hispidula,Lonicera hispidula,,Streptophyta,Spermatophyta,Dipsacales,Caprifoliaceae,"",,GlobTherm,non_animal,FALSE,Taxon is not an animal
Lophiobagrus brevispinis,Lophiobagrus brevispinis,Animalia,Chordata,Actinopterygii,,Claroteidae,freshwater,fish,ComteOlden,animal,TRUE,""
Lophognathus gilberti,Lophognathus gilberti,,Chordata,Lepidosauria,Squamata,Agamidae,"",,GlobTherm,animal,TRUE,""
Lophomyrtus bullata,Lophomyrtus bullata,,Streptophyta,Spermatophyta,Myrtales,Myrtaceae,"",,GlobTherm,non_animal,FALSE,Taxon is not an animal
Loricaria tucumanensis,Loricaria tucumanensis,Metazoa,Chordata,Actinopteri,Siluriformes,Loricariidae,freshwater,fish,ThermoFresh,animal,TRUE,""
Lota lota,Lota lota,Metazoa,Chordata,Actinopteri,Acanthomorphata,Lotidae,freshwater;mixed,fish,ComteOlden;ThermoFresh,animal,TRUE,""
Lovenula falcifer,Lovenula falcifer,Metazoa,Arthropoda,Hexanauplia,Calanoida,Diaptomidae,freshwater,invertebrate,ThermoFresh,animal,TRUE,""
Lucania goodei,Lucania goodei,Animalia,Chordata,Actinopterygii,,Fundulidae,freshwater,fish,ComteOlden,animal,TRUE,""
Lucania parva,Lucania parva,Animalia,Chordata,Actinopterygii,Cyprinodontiformes,Fundulidae,freshwater,fish,ComteOlden;GlobTherm,animal,TRUE,""
Luciobarbus bocagei,Luciobarbus bocagei,Animalia,Chordata,Actinopterygii,,Cyprinidae,freshwater,fish,ComteOlden,animal,TRUE,""
Luciobarbus brachycephalus,Luciobarbus brachycephalus,Animalia,Chordata,Actinopterygii,,Cyprinidae,freshwater,fish,ComteOlden,animal,TRUE,""
Luciobarbus capito,Luciobarbus capito,Animalia,Chordata,Actinopterygii,,Cyprinidae,freshwater,fish,ComteOlden,animal,TRUE,""
Luciobarbus comizo,Luciobarbus comizo,Animalia,Chordata,Actinopterygii,,Cyprinidae,freshwater,fish,ComteOlden,animal,TRUE,""
Luciobarbus esocinus,Luciobarbus esocinus,Animalia,Chordata,Actinopterygii,,Cyprinidae,freshwater,fish,ComteOlden,animal,TRUE,""
Luciobarbus graecus,Luciobarbus graecus,Animalia,Chordata,Actinopterygii,,Cyprinidae,freshwater,fish,ComteOlden,animal,TRUE,""
Luciobarbus graellsii,Luciobarbus graellsii,Animalia,Chordata,Actinopterygii,,Cyprinidae,freshwater,fish,ComteOlden,animal,TRUE,""
Luciobarbus guiraonis,Luciobarbus guiraonis,Animalia,Chordata,Actinopterygii,,Cyprinidae,freshwater,fish,ComteOlden,animal,TRUE,""
Luciobarbus microcephalus,Luciobarbus microcephalus,Animalia,Chordata,Actinopterygii,,Cyprinidae,freshwater,fish,ComteOlden,animal,TRUE,""
Luciobarbus mursa,Luciobarbus mursa,Animalia,Chordata,Actinopterygii,,Cyprinidae,freshwater,fish,ComteOlden,animal,TRUE,""
Luciobarbus sclateri,Luciobarbus sclateri,Animalia,Chordata,Actinopterygii,,Cyprinidae,freshwater,fish,ComteOlden,animal,TRUE,""
Luciobarbus steindachneri,Luciobarbus steindachneri,Animalia,Chordata,Actinopterygii,,Cyprinidae,freshwater,fish,ComteOlden,animal,TRUE,""
Luciobarbus subquincunciatus,Luciobarbus subquincunciatus,Animalia,Chordata,Actinopterygii,,Cyprinidae,freshwater,fish,ComteOlden,animal,TRUE,""
Luciobarbus xanthopterus,Luciobarbus xanthopterus,Animalia,Chordata,Actinopterygii,,Cyprinidae,freshwater,fish,ComteOlden,animal,TRUE,""
Luciobrama macrocephalus,Luciobrama macrocephalus,Animalia,Chordata,Actinopterygii,,Cyprinidae,freshwater,fish,ComteOlden,animal,TRUE,""
Luciosoma bleekeri,Luciosoma bleekeri,Animalia,Chordata,Actinopterygii,,Cyprinidae,freshwater,fish,ComteOlden,animal,TRUE,""
Luciosoma setigerum,Luciosoma setigerum,Animalia,Chordata,Actinopterygii,,Cyprinidae,freshwater,fish,ComteOlden,animal,TRUE,""
Luma apiculata,Luma apiculata,,Streptophyta,Spermatophyta,Myrtales,Myrtaceae,"",,GlobTherm,non_animal,FALSE,Taxon is not an animal
Lumbriculus variegatus,Lumbriculus variegatus,Metazoa,Annelida,Clitellata,Lumbriculida,Lumbriculidae,freshwater,invertebrate,GlobTherm;ThermoFresh,animal,TRUE,""
Lutjanus apodus,Lutjanus apodus,Metazoa,Chordata,Actinopteri,Acanthomorphata,Lutjanidae,marine;mixed,fish,ComteOlden;ThermoFresh,animal,TRUE,""
Lutjanus guttatus,Lutjanus guttatus,,Chordata,Actinopteri,Perciformes,Lutjanidae,"",,GlobTherm,animal,TRUE,""
Lutjanus malabaricus,Lutjanus malabaricus,Animalia,Chordata,Actinopterygii,,Lutjanidae,marine,fish,ComteOlden,animal,TRUE,""
Lutjanus vitta,Lutjanus vitta,Animalia,Chordata,Actinopterygii,,Lutjanidae,marine,fish,ComteOlden,animal,TRUE,""
Luxilus albeolus,Luxilus albeolus,Animalia,Chordata,Actinopterygii,,Cyprinidae,freshwater,fish,ComteOlden,animal,TRUE,""
Luxilus cardinalis,Luxilus cardinalis,Animalia,Chordata,Actinopterygii,,Cyprinidae,freshwater,fish,ComteOlden,animal,TRUE,""
Luxilus cerasinus,Luxilus cerasinus,Animalia,Chordata,Actinopterygii,,Cyprinidae,freshwater,fish,ComteOlden,animal,TRUE,""
Luxilus chrysocephalus,Luxilus chrysocephalus,Metazoa,Chordata,Actinopteri,Cypriniformes,Cyprinidae,freshwater,fish,ComteOlden;GlobTherm;ThermoFresh,animal,TRUE,""
Luxilus coccogenis,Luxilus coccogenis,Animalia,Chordata,Actinopterygii,,Cyprinidae,freshwater,fish,ComteOlden,animal,TRUE,""
Luxilus cornutus,Luxilus cornutus,Metazoa,Chordata,Actinopteri,Cypriniformes,Cyprinidae,freshwater,fish,ComteOlden;GlobTherm;ThermoFresh,animal,TRUE,""
Luxilus pilsbryi,Luxilus pilsbryi,Animalia,Chordata,Actinopterygii,Cypriniformes,Cyprinidae,freshwater,fish,ComteOlden;ThermoFresh,animal,TRUE,""
Luxilus zonatus,Luxilus zonatus,Metazoa,Chordata,Actinopteri,Cypriniformes,Cyprinidae,freshwater,fish,ComteOlden;GlobTherm;ThermoFresh,animal,TRUE,""
Luxilus zonistius,Luxilus zonistius,Animalia,Chordata,Actinopterygii,,Cyprinidae,freshwater,fish,ComteOlden,animal,TRUE,""
Lycopodium fastigiatum,Lycopodium fastigiatum,,Streptophyta,Tracheophyta,Lycopodiales,Lycopodiaceae,"",,GlobTherm,non_animal,FALSE,Taxon is not an animal
Lymnaea stagnalis,Lymnaea stagnalis,Metazoa,Mollusca,Gastropoda,Hygrophila,Lymnaeidae,mixed,invertebrate,ThermoFresh,animal,TRUE,""
Lythrurus ardens,Lythrurus ardens,Animalia,Chordata,Actinopterygii,,Cyprinidae,freshwater,fish,ComteOlden,animal,TRUE,""
Lythrurus atrapiculus,Lythrurus atrapiculus,Animalia,Chordata,Actinopterygii,,Cyprinidae,freshwater,fish,ComteOlden,animal,TRUE,""
Lythrurus bellus,Lythrurus bellus,Animalia,Chordata,Actinopterygii,,Cyprinidae,freshwater,fish,ComteOlden,animal,TRUE,""
Lythrurus fumeus,Lythrurus fumeus,Animalia,Chordata,Actinopterygii,,Cyprinidae,freshwater,fish,ComteOlden,animal,TRUE,""
Lythrurus lirus,Lythrurus lirus,Animalia,Chordata,Actinopterygii,,Cyprinidae,freshwater,fish,ComteOlden,animal,TRUE,""
Lythrurus roseipinnis,Lythrurus roseipinnis,Animalia,Chordata,Actinopterygii,,Cyprinidae,freshwater,fish,ComteOlden,animal,TRUE,""
Lythrurus snelsoni,Lythrurus snelsoni,Animalia,Chordata,Actinopterygii,,Cyprinidae,freshwater,fish,ComteOlden,animal,TRUE,""
Lythrurus umbratilis,Lythrurus umbratilis,Metazoa,Chordata,Actinopteri,Cypriniformes,Cyprinidae,freshwater,fish,ComteOlden;GlobTherm;ThermoFresh,animal,TRUE,""
Maccaffertium ithaca,Maccaffertium ithaca,Metazoa,Arthropoda,Insecta,Ephemeroptera,Heptageniidae,freshwater,invertebrate,ThermoFresh,animal,TRUE,""
Maccullochella peelii,Maccullochella peelii,Metazoa,Chordata,Actinopteri,Acanthomorphata,Percichthyidae,freshwater,fish,ThermoFresh,animal,TRUE,""
Mackaya bella,Mackaya bella,,Streptophyta,Spermatophyta,Lamiales,Acanthaceae,"",,GlobTherm,non_animal,FALSE,Taxon is not an animal
Macoma balthica,Macoma balthica,,Mollusca,Bivalvia,Veneroida,Tellinidae,"",,GlobTherm,animal,TRUE,""
Macrhybopsis aestivalis,Macrhybopsis aestivalis,Animalia,Chordata,Actinopterygii,,Cyprinidae,freshwater,fish,ComteOlden,animal,TRUE,""
Macrhybopsis storeriana,Macrhybopsis storeriana,Animalia,Chordata,Actinopterygii,,Cyprinidae,freshwater,fish,ComteOlden,animal,TRUE,""
Macrobrachium acanthurus,Macrobrachium acanthurus,Metazoa,Arthropoda,Malacostraca,Decapoda,Palaemonidae,mixed,invertebrate,GlobTherm;ThermoFresh,animal,TRUE,""
Macrobrachium americanum,Macrobrachium americanum,Metazoa,Arthropoda,Malacostraca,Decapoda,Palaemonidae,freshwater,invertebrate,ThermoFresh,animal,TRUE,""
Macrobrachium malcolmsonii,Macrobrachium malcolmsonii,Metazoa,Arthropoda,Malacostraca,Decapoda,Palaemonidae,freshwater,invertebrate,ThermoFresh,animal,TRUE,""
Macrobrachium rosenbergii,Macrobrachium rosenbergii,Metazoa,Arthropoda,Malacostraca,Decapoda,Palaemonidae,mixed,invertebrate,ThermoFresh,animal,TRUE,""
Macrobrachium tenellum,Macrobrachium tenellum,Metazoa,Arthropoda,Malacostraca,Decapoda,Palaemonidae,freshwater,invertebrate,ThermoFresh,animal,TRUE,""
Macrochirichthys macrochirus,Macrochirichthys macrochirus,Animalia,Chordata,Actinopterygii,,Cyprinidae,freshwater,fish,ComteOlden,animal,TRUE,""
Macrocystis pyrifera,Macrocystis pyrifera,,Phaeophyceae,Phaeophyceae,Laminariales,Laminariaceae,"",,GlobTherm,unresolved,FALSE,Insufficient taxonomy to verify an animal consumer
Macrognathus zebrinus,Macrognathus zebrinus,Animalia,Chordata,Actinopterygii,,Mastacembelidae,freshwater,fish,ComteOlden,animal,TRUE,""
Macromia illinoiensis,Macromia illinoiensis,Metazoa,Arthropoda,Insecta,Odonata,Macromiidae,freshwater,invertebrate,ThermoFresh,animal,TRUE,""
Macromia taeniolata,Macromia taeniolata,,Arthropoda,Insecta,Odonata,Macromiidae,"",,GlobTherm,animal,TRUE,""
Macropelopia nebulosa,Macropelopia nebulosa,Metazoa,Arthropoda,Insecta,Diptera,Chironomidae,freshwater,invertebrate,ThermoFresh,animal,TRUE,""
Macropharyngodon bipartitus,Macropharyngodon bipartitus,Animalia,Chordata,Actinopterygii,,Labridae,marine,fish,ComteOlden,animal,TRUE,""
Macropharyngodon choati,Macropharyngodon choati,Animalia,Chordata,Actinopterygii,,Labridae,marine,fish,ComteOlden,animal,TRUE,""
Macropharyngodon cyanoguttatus,Macropharyngodon cyanoguttatus,Animalia,Chordata,Actinopterygii,,Labridae,marine,fish,ComteOlden,animal,TRUE,""
Macropharyngodon geoffroy,Macropharyngodon geoffroy,Animalia,Chordata,Actinopterygii,,Labridae,marine,fish,ComteOlden,animal,TRUE,""
Macropharyngodon kuiteri,Macropharyngodon kuiteri,Animalia,Chordata,Actinopterygii,,Labridae,marine,fish,ComteOlden,animal,TRUE,""
Macropharyngodon meleagris,Macropharyngodon meleagris,Animalia,Chordata,Actinopterygii,,Labridae,marine,fish,ComteOlden,animal,TRUE,""
Macropharyngodon negrosensis,Macropharyngodon negrosensis,Animalia,Chordata,Actinopterygii,,Labridae,marine,fish,ComteOlden,animal,TRUE,""
Macropharyngodon ornatus,Macropharyngodon ornatus,Animalia,Chordata,Actinopterygii,,Labridae,marine,fish,ComteOlden,animal,TRUE,""
Macropodus erythropterus,Macropodus erythropterus,Animalia,Chordata,Actinopterygii,,Osphronemidae,freshwater,fish,ComteOlden,animal,TRUE,""
Macropodus opercularis,Macropodus opercularis,Animalia,Chordata,Actinopterygii,,Osphronemidae,freshwater,fish,ComteOlden,animal,TRUE,""
Macropodus spechti,Macropodus spechti,Animalia,Chordata,Actinopterygii,,Osphronemidae,freshwater,fish,ComteOlden,animal,TRUE,""
Makaira nigricans,Makaira nigricans,Animalia,Chordata,Actinopterygii,,Istiophoridae,marine,fish,ComteOlden,animal,TRUE,""
Malacoctenus zonifer,Malacoctenus zonifer,,Chordata,Actinopteri,Perciformes,Labrisomidae,"",,GlobTherm,animal,TRUE,""
Malapterurus beninensis,Malapterurus beninensis,Animalia,Chordata,Actinopterygii,,Malapteruridae,freshwater,fish,ComteOlden,animal,TRUE,""
Malapterurus electricus,Malapterurus electricus,Animalia,Chordata,Actinopterygii,,Malapteruridae,freshwater,fish,ComteOlden,animal,TRUE,""
Malapterus reticulatus,Malapterus reticulatus,Animalia,Chordata,Actinopterygii,,Labridae,marine,fish,ComteOlden,animal,TRUE,""
Marah fabaceus,Marah fabaceus,,Streptophyta,Spermatophyta,Cucurbitales,Cucurbitaceae,"",,GlobTherm,non_animal,FALSE,Taxon is not an animal
Marcusenius altisambesi,Marcusenius altisambesi,Animalia,Chordata,Actinopterygii,,Mormyridae,freshwater,fish,ComteOlden,animal,TRUE,""
Marcusenius devosi,Marcusenius devosi,Animalia,Chordata,Actinopterygii,,Mormyridae,freshwater,fish,ComteOlden,animal,TRUE,""
Marcusenius greshoffii,Marcusenius greshoffii,Animalia,Chordata,Actinopterygii,,Mormyridae,freshwater,fish,ComteOlden,animal,TRUE,""
Marcusenius macrolepidotus,Marcusenius macrolepidotus,Animalia,Chordata,Actinopterygii,,Mormyridae,freshwater,fish,ComteOlden,animal,TRUE,""
Marcusenius moorii,Marcusenius moorii,Animalia,Chordata,Actinopterygii,,Mormyridae,freshwater,fish,ComteOlden,animal,TRUE,""
Marcusenius ntemensis,Marcusenius ntemensis,Animalia,Chordata,Actinopterygii,,Mormyridae,freshwater,fish,ComteOlden,animal,TRUE,""
Marcusenius senegalensis,Marcusenius senegalensis,Animalia,Chordata,Actinopterygii,,Mormyridae,freshwater,fish,ComteOlden,animal,TRUE,""
Margariscus margarita,Margariscus margarita,Animalia,Chordata,Actinopterygii,,Cyprinidae,freshwater,fish,ComteOlden,animal,TRUE,""
Marinogammarus marinus,Marinogammarus marinus,Metazoa,Arthropoda,Malacostraca,Amphipoda,Gammaridae,mixed,invertebrate,ThermoFresh,animal,TRUE,""
Mastacembelus albomaculatus,Mastacembelus albomaculatus,Animalia,Chordata,Actinopterygii,,Mastacembelidae,freshwater,fish,ComteOlden,animal,TRUE,""
Mastacembelus armatus,Mastacembelus armatus,Animalia,Chordata,Actinopterygii,,Mastacembelidae,freshwater,fish,ComteOlden,animal,TRUE,""
Mastacembelus brachyrhinus,Mastacembelus brachyrhinus,Animalia,Chordata,Actinopterygii,,Mastacembelidae,freshwater,fish,ComteOlden,animal,TRUE,""
Mastacembelus congicus,Mastacembelus congicus,Animalia,Chordata,Actinopterygii,,Mastacembelidae,freshwater,fish,ComteOlden,animal,TRUE,""
Mastacembelus cryptacanthus,Mastacembelus cryptacanthus,Animalia,Chordata,Actinopterygii,,Mastacembelidae,freshwater,fish,ComteOlden,animal,TRUE,""
Mastacembelus cunningtoni,Mastacembelus cunningtoni,Animalia,Chordata,Actinopterygii,,Mastacembelidae,freshwater,fish,ComteOlden,animal,TRUE,""
Mastacembelus ellipsifer,Mastacembelus ellipsifer,Animalia,Chordata,Actinopterygii,,Mastacembelidae,freshwater,fish,ComteOlden,animal,TRUE,""
Mastacembelus erythrotaenia,Mastacembelus erythrotaenia,Animalia,Chordata,Actinopterygii,,Mastacembelidae,freshwater,fish,ComteOlden,animal,TRUE,""
Mastacembelus flavidus,Mastacembelus flavidus,Animalia,Chordata,Actinopterygii,,Mastacembelidae,freshwater,fish,ComteOlden,animal,TRUE,""
Mastacembelus frenatus,Mastacembelus frenatus,Animalia,Chordata,Actinopterygii,,Mastacembelidae,freshwater,fish,ComteOlden,animal,TRUE,""
Mastacembelus mastacembelus,Mastacembelus mastacembelus,Animalia,Chordata,Actinopterygii,,Mastacembelidae,freshwater,fish,ComteOlden,animal,TRUE,""
Mastacembelus micropectus,Mastacembelus micropectus,Animalia,Chordata,Actinopterygii,,Mastacembelidae,freshwater,fish,ComteOlden,animal,TRUE,""
Mastacembelus moorii,Mastacembelus moorii,Animalia,Chordata,Actinopterygii,,Mastacembelidae,freshwater,fish,ComteOlden,animal,TRUE,""
Mastacembelus ophidium,Mastacembelus ophidium,Animalia,Chordata,Actinopterygii,,Mastacembelidae,freshwater,fish,ComteOlden,animal,TRUE,""
Mastacembelus plagiostomus,Mastacembelus plagiostomus,Animalia,Chordata,Actinopterygii,,Mastacembelidae,freshwater,fish,ComteOlden,animal,TRUE,""
Mastacembelus platysoma,Mastacembelus platysoma,Animalia,Chordata,Actinopterygii,,Mastacembelidae,freshwater,fish,ComteOlden,animal,TRUE,""
Mastacembelus shiranus,Mastacembelus shiranus,Animalia,Chordata,Actinopterygii,,Mastacembelidae,freshwater,fish,ComteOlden,animal,TRUE,""
Mastacembelus taiaensis,Mastacembelus taiaensis,Animalia,Chordata,Actinopterygii,,Mastacembelidae,freshwater,fish,ComteOlden,animal,TRUE,""
Mastacembelus tanganicae,Mastacembelus tanganicae,Animalia,Chordata,Actinopterygii,,Mastacembelidae,freshwater,fish,ComteOlden,animal,TRUE,""
Mastacembelus vanderwaali,Mastacembelus vanderwaali,Animalia,Chordata,Actinopterygii,,Mastacembelidae,freshwater,fish,ComteOlden,animal,TRUE,""
Mastacembelus zebratus,Mastacembelus zebratus,Animalia,Chordata,Actinopterygii,,Mastacembelidae,freshwater,fish,ComteOlden,animal,TRUE,""
Masticophis lateralis,Masticophis lateralis,,Chordata,Lepidosauria,Squamata,Colubridae,"",,GlobTherm,animal,TRUE,""
Maylandia estherae,Maylandia estherae,Animalia,Chordata,Actinopterygii,,Cichlidae,freshwater,fish,ComteOlden,animal,TRUE,""
Maylandia lombardoi,Maylandia lombardoi,Metazoa,Chordata,Actinopteri,Acanthomorphata,Cichlidae,freshwater,fish,ThermoFresh,animal,TRUE,""
Maylandia zebra,Maylandia zebra,Animalia,Chordata,Actinopterygii,,Cichlidae,freshwater,fish,ComteOlden,animal,TRUE,""
Mecistogaster modesta,Mecistogaster modesta,Metazoa,Arthropoda,Insecta,Odonata,Pseudostigmatidae,freshwater,invertebrate,ThermoFresh,animal,TRUE,""
Meda fulgida,Meda fulgida,Metazoa,Chordata,Actinopteri,Cypriniformes,Cyprinidae,freshwater,fish,ComteOlden;GlobTherm;ThermoFresh,animal,TRUE,""
Megalonaias nervosa,Megalonaias nervosa,Metazoa,Mollusca,Bivalvia,Unionida,Unionidae,freshwater,invertebrate,ThermoFresh,animal,TRUE,""
Megalops atlanticus,Megalops atlanticus,Animalia,Chordata,Actinopterygii,,Megalopidae,marine,fish,ComteOlden,animal,TRUE,""
Megalops cyprinoides,Megalops cyprinoides,Animalia,Chordata,Actinopterygii,,Megalopidae,freshwater,fish,ComteOlden,animal,TRUE,""
Megarcys signata,Megarcys signata,Metazoa,Arthropoda,Insecta,Plecoptera,Perlodidae,freshwater,invertebrate,ThermoFresh,animal,TRUE,""
Meiacanthus grammistes,Meiacanthus grammistes,Animalia,Chordata,Actinopterygii,,Blenniidae,marine,fish,ComteOlden,animal,TRUE,""
Meiacanthus oualanensis,Meiacanthus oualanensis,Animalia,Chordata,Actinopterygii,,Blenniidae,marine,fish,ComteOlden,animal,TRUE,""
Meiacanthus smithi,Meiacanthus smithi,Animalia,Chordata,Actinopterygii,,Blenniidae,marine,fish,ComteOlden,animal,TRUE,""
Mekongina erythrospila,Mekongina erythrospila,Animalia,Chordata,Actinopterygii,,Cyprinidae,freshwater,fish,ComteOlden,animal,TRUE,""
Melanochromis auratus,Melanochromis auratus,Animalia,Chordata,Actinopterygii,,Cichlidae,freshwater,fish,ComteOlden,animal,TRUE,""
Melanotaenia duboulayi,Melanotaenia duboulayi,Metazoa,Chordata,Actinopteri,Acanthomorphata,Melanotaeniidae,freshwater,fish,ComteOlden;ThermoFresh,animal,TRUE,""
Melanotaenia fluviatilis,Melanotaenia fluviatilis,Metazoa,Chordata,Actinopteri,Acanthomorphata,Melanotaeniidae,freshwater,fish,ThermoFresh,animal,TRUE,""
Melanotaenia splendida,Melanotaenia splendida;Melanotaenia splendida splendida,Metazoa,Chordata,Actinopteri,Acanthomorphata,Melanotaeniidae,freshwater,fish,ComteOlden;ThermoFresh,animal,TRUE,""
Melasoma collaris,Melasoma collaris,,Arthropoda,Insecta,Coleoptera,Chrysomelidae,"",,GlobTherm,animal,TRUE,""
Melicytus chathamicus,Melicytus chathamicus,,Streptophyta,Spermatophyta,Malpighiales,Violaceae,"",,GlobTherm,non_animal,FALSE,Taxon is not an animal
Melophorus bagoti,Melophorus bagoti,,Arthropoda,Insecta,Hymenoptera,Formicidae,"",,GlobTherm,animal,TRUE,""
Menidia beryllina,Menidia beryllina,Metazoa,Chordata,Actinopteri,Acanthomorphata,Atherinopsidae,mixed,fish,GlobTherm;ThermoFresh,animal,TRUE,""
Menidia menidia,Menidia menidia,Metazoa,Chordata,Actinopteri,Acanthomorphata,Atherinopsidae,mixed,fish,GlobTherm;ThermoFresh,animal,TRUE,""
Menippe nodifrons,Menippe nodifrons,,Arthropoda,Malacostraca,Decapoda,Eriphiidae,"",,GlobTherm,animal,TRUE,""
Meroles suborbitalis,Meroles suborbitalis,,Chordata,Lepidosauria,Squamata,Lacertidae,"",,GlobTherm,animal,TRUE,""
Mesobola brevianalis,Mesobola brevianalis,Animalia,Chordata,Actinopterygii,,Cyprinidae,freshwater,fish,ComteOlden,animal,TRUE,""
Mesogobius batrachocephalus,Mesogobius batrachocephalus,Animalia,Chordata,Actinopterygii,,Gobiidae,freshwater,fish,ComteOlden,animal,TRUE,""
Mesonauta insignis,Mesonauta insignis,Metazoa,Chordata,Actinopteri,Acanthomorphata,Cichlidae,freshwater,fish,ThermoFresh,animal,TRUE,""
Messor arenarius,Messor arenarius,,Arthropoda,Insecta,Hymenoptera,Formicidae,"",,GlobTherm,animal,TRUE,""
Messor bouvieri,Messor bouvieri,,Arthropoda,Insecta,Hymenoptera,Formicidae,"",,GlobTherm,animal,TRUE,""
Messor capitatus,Messor capitatus,,Arthropoda,Insecta,Hymenoptera,Formicidae,"",,GlobTherm,animal,TRUE,""
Messor denticornis,Messor denticornis,,Arthropoda,Insecta,Hymenoptera,Formicidae,"",,GlobTherm,animal,TRUE,""
Metacarcinus magister,Metacarcinus magister,,Arthropoda,Malacostraca,Decapoda,Cancridae,"",,GlobTherm,animal,TRUE,""
Metrosideros robusta,Metrosideros robusta,,Streptophyta,Spermatophyta,Myrtales,Myrtaceae,"",,GlobTherm,non_animal,FALSE,Taxon is not an animal
Metrosideros umbellata,Metrosideros umbellata,,Streptophyta,Spermatophyta,Myrtales,Myrtaceae,"",,GlobTherm,non_animal,FALSE,Taxon is not an animal
Metzia formosae,Metzia formosae,Animalia,Chordata,Actinopterygii,,Cyprinidae,freshwater,fish,ComteOlden,animal,TRUE,""
Metzia lineata,Metzia lineata,Animalia,Chordata,Actinopterygii,,Cyprinidae,freshwater,fish,ComteOlden,animal,TRUE,""
Miathyria marcella,Miathyria marcella,,Arthropoda,Insecta,Odonata,Libellulidae,"",,GlobTherm,animal,TRUE,""
Micralestes acutidens,Micralestes acutidens,Animalia,Chordata,Actinopterygii,,Alestidae,freshwater,fish,ComteOlden,animal,TRUE,""
Micralestes occidentalis,Micralestes occidentalis,Animalia,Chordata,Actinopterygii,,Alestidae,freshwater,fish,ComteOlden,animal,TRUE,""
Micralestes pabrensis,Micralestes pabrensis,Animalia,Chordata,Actinopterygii,,Alestidae,freshwater,fish,ComteOlden,animal,TRUE,""
Micrasema bactro,Micrasema bactro,Metazoa,Arthropoda,Insecta,Trichoptera,Brachycentridae,freshwater,invertebrate,ThermoFresh,animal,TRUE,""
Micrathyria aequalis,Micrathyria aequalis,,Arthropoda,Insecta,Odonata,Libellulidae,"",,GlobTherm,animal,TRUE,""
Micrathyria eximia,Micrathyria eximia,,Arthropoda,Insecta,Odonata,Libellulidae,"",,GlobTherm,animal,TRUE,""
Micrathyria ocellata,Micrathyria ocellata,,Arthropoda,Insecta,Odonata,Libellulidae,"",,GlobTherm,animal,TRUE,""
Microcharacidium eleotrioides,Microcharacidium eleotrioides,Metazoa,Chordata,Actinopteri,Characiformes,Crenuchidae,freshwater,fish,ThermoFresh,animal,TRUE,""
Microcobitis misgurnoides,Microcobitis misgurnoides,Animalia,Chordata,Actinopterygii,,Cobitidae,freshwater,fish,ComteOlden,animal,TRUE,""
Microctenopoma ansorgii,Microctenopoma ansorgii,Animalia,Chordata,Actinopterygii,,Anabantidae,freshwater,fish,ComteOlden,animal,TRUE,""
Microctenopoma damasi,Microctenopoma damasi,Animalia,Chordata,Actinopterygii,,Anabantidae,freshwater,fish,ComteOlden,animal,TRUE,""
Microctenopoma fasciolatum,Microctenopoma fasciolatum,Animalia,Chordata,Actinopterygii,,Anabantidae,freshwater,fish,ComteOlden,animal,TRUE,""
Microctenopoma nanum,Microctenopoma nanum,Animalia,Chordata,Actinopterygii,,Anabantidae,freshwater,fish,ComteOlden,animal,TRUE,""
Microcylloepus pusillus,Microcylloepus pusillus,Metazoa,Arthropoda,Insecta,Coleoptera,Elmidae,freshwater,invertebrate,ThermoFresh,animal,TRUE,""
Microdevario gatesi,Microdevario gatesi,Animalia,Chordata,Actinopterygii,,Cyprinidae,freshwater,fish,ComteOlden,animal,TRUE,""
Microdevario kubotai,Microdevario kubotai,Animalia,Chordata,Actinopterygii,,Cyprinidae,freshwater,fish,ComteOlden,animal,TRUE,""
Microdevario nana,Microdevario nana,Animalia,Chordata,Actinopterygii,,Cyprinidae,freshwater,fish,ComteOlden,animal,TRUE,""
Microgadus tomcod,Microgadus tomcod,Animalia,Chordata,Actinopterygii,,Gadidae,freshwater,fish,ComteOlden,animal,TRUE,""
Microlipophrys adriaticus,Microlipophrys adriaticus,Animalia,Chordata,Actinopterygii,,Blenniidae,marine,fish,ComteOlden,animal,TRUE,""
Microlipophrys bauchotae,Microlipophrys bauchotae,Animalia,Chordata,Actinopterygii,,Blenniidae,marine,fish,ComteOlden,animal,TRUE,""
Microlipophrys caboverdensis,Microlipophrys caboverdensis,Animalia,Chordata,Actinopterygii,,Blenniidae,marine,fish,ComteOlden,animal,TRUE,""
Microlipophrys dalmatinus,Microlipophrys dalmatinus,Animalia,Chordata,Actinopterygii,,Blenniidae,marine,fish,ComteOlden,animal,TRUE,""
Microlipophrys nigriceps,Microlipophrys nigriceps,Animalia,Chordata,Actinopterygii,,Blenniidae,marine,fish,ComteOlden,animal,TRUE,""
Microlipophrys velifer,Microlipophrys velifer,Animalia,Chordata,Actinopterygii,,Blenniidae,marine,fish,ComteOlden,animal,TRUE,""
Micrometrus minimus,Micrometrus minimus,Animalia,Chordata,Actinopterygii,,Embiotocidae,marine,fish,ComteOlden,animal,TRUE,""
Microphis brachyurus,Microphis brachyurus,Animalia,Chordata,Actinopterygii,,Syngnathidae,freshwater,fish,ComteOlden,animal,TRUE,""
Microphysogobio tungtingensis,Microphysogobio tungtingensis,Animalia,Chordata,Actinopterygii,,Cyprinidae,freshwater,fish,ComteOlden,animal,TRUE,""
Micropsectra junci,Micropsectra junci,Metazoa,Arthropoda,Insecta,Diptera,Chironomidae,freshwater,invertebrate,ThermoFresh,animal,TRUE,""
Micropterus cataractae,Micropterus cataractae,Animalia,Chordata,Actinopterygii,,Centrarchidae,freshwater,fish,ComteOlden,animal,TRUE,""
Micropterus coosae,Micropterus coosae,Animalia,Chordata,Actinopterygii,,Centrarchidae,freshwater,fish,ComteOlden,animal,TRUE,""
Micropterus dolomieu,Micropterus dolomieu,Metazoa,Chordata,Actinopteri,Acanthomorphata,Centrarchidae,freshwater,fish,ComteOlden;GlobTherm;ThermoFresh,animal,TRUE,""
Micropterus floridanus,Micropterus floridanus,Metazoa,Chordata,Actinopteri,Acanthomorphata,Centrarchidae,freshwater,fish,ComteOlden;ThermoFresh,animal,TRUE,""
Micropterus notius,Micropterus notius,Animalia,Chordata,Actinopterygii,,Centrarchidae,freshwater,fish,ComteOlden,animal,TRUE,""
Micropterus punctulatus,Micropterus punctulatus,Metazoa,Chordata,Actinopteri,Acanthomorphata,Centrarchidae,freshwater,fish,ComteOlden;GlobTherm;ThermoFresh,animal,TRUE,""
Micropterus salmoides,Micropterus salmoides,Metazoa,Chordata,Actinopteri,Acanthomorphata,Centrarchidae,freshwater,fish,ComteOlden;GlobTherm;ThermoFresh,animal,TRUE,""
Micropterus treculii,Micropterus treculii,Animalia,Chordata,Actinopterygii,,Centrarchidae,freshwater,fish,ComteOlden,animal,TRUE,""
Microrasbora rubescens,Microrasbora rubescens,Animalia,Chordata,Actinopterygii,,Cyprinidae,freshwater,fish,ComteOlden,animal,TRUE,""
Microthrissa congica,Microthrissa congica,Animalia,Chordata,Actinopterygii,,Clupeidae,freshwater,fish,ComteOlden,animal,TRUE,""
Microthrissa royauxi,Microthrissa royauxi,Animalia,Chordata,Actinopterygii,,Clupeidae,freshwater,fish,ComteOlden,animal,TRUE,""
Mikrogeophagus ramirezi,Mikrogeophagus ramirezi,Metazoa,Chordata,Actinopteri,Acanthomorphata,Cichlidae,freshwater,fish,ThermoFresh,animal,TRUE,""
Mimulus aurantiacus,Mimulus aurantiacus,,Streptophyta,Spermatophyta,Lamiales,Phrymaceae,"",,GlobTherm,non_animal,FALSE,Taxon is not an animal
Minytrema melanops,Minytrema melanops,Animalia,Chordata,Actinopterygii,,Catostomidae,freshwater,fish,ComteOlden,animal,TRUE,""
Misgurnus anguillicaudatus,Misgurnus anguillicaudatus,Animalia,Chordata,Actinopterygii,,Cobitidae,freshwater,fish,ComteOlden,animal,TRUE,""
Misgurnus fossilis,Misgurnus fossilis,Animalia,Chordata,Actinopterygii,,Cobitidae,freshwater,fish,ComteOlden,animal,TRUE,""
Misumenoides formosipes,Misumenoides formosipes,,Arthropoda,Arachnida,Araneae,Thomisidae,"",,GlobTherm,animal,TRUE,""
Misumenops asperatus,Misumenops asperatus,,Arthropoda,Arachnida,Araneae,Thomisidae,"",,GlobTherm,animal,TRUE,""
Mitraria coccinea,Mitraria coccinea,,Streptophyta,Spermatophyta,Lamiales,Gesneriaceae,"",,GlobTherm,non_animal,FALSE,Taxon is not an animal
Mnium hornum,Mnium hornum,,Streptophyta,Bryopsida,Bryales,Mniaceae,"",,GlobTherm,non_animal,FALSE,Taxon is not an animal
Moapa coriacea,Moapa coriacea,Animalia,Chordata,Actinopterygii,,Cyprinidae,freshwater,fish,ComteOlden,animal,TRUE,""
Moloch horridus,Moloch horridus,,Chordata,Lepidosauria,Squamata,Agamidae,"",,GlobTherm,animal,TRUE,""
Monacanthus chinensis,Monacanthus chinensis,Animalia,Chordata,Actinopterygii,,Monacanthidae,marine,fish,ComteOlden,animal,TRUE,""
Monomorium alamarum,Monomorium alamarum,,Arthropoda,Insecta,Hymenoptera,Formicidae,"",,GlobTherm,animal,TRUE,""
Monomorium floricola,Monomorium floricola,,Arthropoda,Insecta,Hymenoptera,Formicidae,"",,GlobTherm,animal,TRUE,""
Monomorium minimum,Monomorium minimum,,Arthropoda,Insecta,Hymenoptera,Formicidae,"",,GlobTherm,animal,TRUE,""
Monomorium pharaonis,Monomorium pharaonis,,Arthropoda,Insecta,Hymenoptera,Formicidae,"",,GlobTherm,animal,TRUE,""
Monomorium vatranum,Monomorium vatranum,,Arthropoda,Insecta,Hymenoptera,Formicidae,"",,GlobTherm,animal,TRUE,""
Monomorium viator,Monomorium viator,,Arthropoda,Insecta,Hymenoptera,Formicidae,"",,GlobTherm,animal,TRUE,""
Monopterus albus,Monopterus albus,Animalia,Chordata,Actinopterygii,,Synbranchidae,freshwater,fish,ComteOlden,animal,TRUE,""
Moolgarda engeli,Moolgarda engeli,Metazoa,Chordata,Actinopteri,Acanthomorphata,Mugilidae,mixed,fish,ThermoFresh,animal,TRUE,""
Morethia butleri,Morethia butleri,,Chordata,Lepidosauria,Squamata,Scincidae,"",,GlobTherm,animal,TRUE,""
Morethia lineoocellata,Morethia lineoocellata,,Chordata,Lepidosauria,Squamata,Scincidae,"",,GlobTherm,animal,TRUE,""
Morethia obscura,Morethia obscura,,Chordata,Lepidosauria,Squamata,Scincidae,"",,GlobTherm,animal,TRUE,""
Morethia taeniopleura,Morethia taeniopleura,,Chordata,Lepidosauria,Squamata,Scincidae,"",,GlobTherm,animal,TRUE,""
Mormyrops masuianus,Mormyrops masuianus,Animalia,Chordata,Actinopterygii,,Mormyridae,freshwater,fish,ComteOlden,animal,TRUE,""
Mormyrops nigricans,Mormyrops nigricans,Animalia,Chordata,Actinopterygii,,Mormyridae,freshwater,fish,ComteOlden,animal,TRUE,""
Mormyrus ovis,Mormyrus ovis,Animalia,Chordata,Actinopterygii,,Mormyridae,freshwater,fish,ComteOlden,animal,TRUE,""
Morone americana,Morone americana,Animalia,Chordata,Actinopterygii,,Moronidae,freshwater,fish,ComteOlden,animal,TRUE,""
Morone chrysops,Morone chrysops,Animalia,Chordata,Actinopterygii,Acanthomorphata,Moronidae,freshwater,fish,ComteOlden;ThermoFresh,animal,TRUE,""
Morone mississippiensis,Morone mississippiensis,Animalia,Chordata,Actinopterygii,,Moronidae,freshwater,fish,ComteOlden,animal,TRUE,""
Morone saxatilis,Morone saxatilis,Metazoa,Chordata,Actinopteri,Acanthomorphata,Moronidae,freshwater;mixed,fish,ComteOlden;ThermoFresh,animal,TRUE,""
Moxostoma anisurum,Moxostoma anisurum,Animalia,Chordata,Actinopterygii,,Catostomidae,freshwater,fish,ComteOlden,animal,TRUE,""
Moxostoma ariommum,Moxostoma ariommum,Animalia,Chordata,Actinopterygii,,Catostomidae,freshwater,fish,ComteOlden,animal,TRUE,""
Moxostoma breviceps,Moxostoma breviceps,Animalia,Chordata,Actinopterygii,,Catostomidae,freshwater,fish,ComteOlden,animal,TRUE,""
Moxostoma carinatum,Moxostoma carinatum,Animalia,Chordata,Actinopterygii,,Catostomidae,freshwater,fish,ComteOlden,animal,TRUE,""
Moxostoma cervinum,Moxostoma cervinum,Animalia,Chordata,Actinopterygii,,Catostomidae,freshwater,fish,ComteOlden,animal,TRUE,""
Moxostoma collapsum,Moxostoma collapsum,Animalia,Chordata,Actinopterygii,,Catostomidae,freshwater,fish,ComteOlden,animal,TRUE,""
Moxostoma congestum,Moxostoma congestum,Animalia,Chordata,Actinopterygii,,Catostomidae,freshwater,fish,ComteOlden,animal,TRUE,""
Moxostoma duquesnii,Moxostoma duquesnii,Animalia,Chordata,Actinopterygii,,Catostomidae,freshwater,fish,ComteOlden,animal,TRUE,""
Moxostoma erythrurum,Moxostoma erythrurum,Animalia,Chordata,Actinopterygii,Cypriniformes,Catostomidae,freshwater,fish,ComteOlden;ThermoFresh,animal,TRUE,""
Moxostoma hubbsi,Moxostoma hubbsi,Animalia,Chordata,Actinopterygii,,Catostomidae,freshwater,fish,ComteOlden,animal,TRUE,""
Moxostoma lachneri,Moxostoma lachneri,Animalia,Chordata,Actinopterygii,,Catostomidae,freshwater,fish,ComteOlden,animal,TRUE,""
Moxostoma macrolepidotum,Moxostoma macrolepidotum,Animalia,Chordata,Actinopterygii,Cypriniformes,Catostomidae,freshwater;mixed,fish,ComteOlden;ThermoFresh,animal,TRUE,""
Moxostoma pappillosum,Moxostoma pappillosum,Animalia,Chordata,Actinopterygii,,Catostomidae,freshwater,fish,ComteOlden,animal,TRUE,""
Moxostoma pisolabrum,Moxostoma pisolabrum,Animalia,Chordata,Actinopterygii,,Catostomidae,freshwater,fish,ComteOlden,animal,TRUE,""
Moxostoma poecilurum,Moxostoma poecilurum,Animalia,Chordata,Actinopterygii,,Catostomidae,freshwater,fish,ComteOlden,animal,TRUE,""
Moxostoma robustum,Moxostoma robustum,Metazoa,Chordata,Actinopteri,Cypriniformes,Catostomidae,freshwater,fish,ComteOlden;ThermoFresh,animal,TRUE,""
Moxostoma rupiscartes,Moxostoma rupiscartes,Animalia,Chordata,Actinopterygii,,Catostomidae,freshwater,fish,ComteOlden,animal,TRUE,""
Moxostoma valenciennesi,Moxostoma valenciennesi,Animalia,Chordata,Actinopterygii,,Catostomidae,freshwater,fish,ComteOlden,animal,TRUE,""
Mugil cephalus,Mugil cephalus,Metazoa,Chordata,Actinopteri,Acanthomorphata,Mugilidae,mixed,fish,ThermoFresh,animal,TRUE,""
Mugil curema,Mugil curema,Metazoa,Chordata,Actinopteri,Acanthomorphata,Mugilidae,marine;mixed,fish,ComteOlden;GlobTherm;ThermoFresh,animal,TRUE,""
Mugilogobius abei,Mugilogobius abei,Animalia,Chordata,Actinopterygii,,Gobiidae,freshwater,fish,ComteOlden,animal,TRUE,""
Mugilogobius cavifrons,Mugilogobius cavifrons,Animalia,Chordata,Actinopterygii,,Gobiidae,freshwater,fish,ComteOlden,animal,TRUE,""
Mugilogobius chulae,Mugilogobius chulae,Animalia,Chordata,Actinopterygii,,Gobiidae,freshwater,fish,ComteOlden,animal,TRUE,""
Mulinia lateralis,Mulinia lateralis,,Mollusca,Bivalvia,Veneroida,Mactridae,"",,GlobTherm,animal,TRUE,""
Mullus barbatus,Mullus barbatus,,Chordata,Actinopteri,Syngnathiformes,Mullidae,"",,GlobTherm,animal,TRUE,""
Mullus surmuletus,Mullus surmuletus,Animalia,Chordata,Actinopterygii,Syngnathiformes,Mullidae,marine,fish,ComteOlden;GlobTherm,animal,TRUE,""
Mya arenaria,Mya arenaria,,Mollusca,Bivalvia,Myoida,Myidae,"",,GlobTherm,animal,TRUE,""
Myagropsis myagroides,myagropsis Myagroides,,Phaeophyceae,Phaeophyceae,Fucales,Sargassaceae,"",,GlobTherm,unresolved,FALSE,Insufficient taxonomy to verify an animal consumer
Myaka myaka,Myaka myaka,Animalia,Chordata,Actinopterygii,,Cichlidae,freshwater,fish,ComteOlden,animal,TRUE,""
Mylocheilus caurinus,Mylocheilus caurinus,Animalia,Chordata,Actinopterygii,,Cyprinidae,freshwater,fish,ComteOlden,animal,TRUE,""
Mylopharodon conocephalus,Mylopharodon conocephalus,Metazoa,Chordata,Actinopteri,Cypriniformes,Cyprinidae,freshwater,fish,ComteOlden;ThermoFresh,animal,TRUE,""
Mylopharyngodon piceus,Mylopharyngodon piceus,Animalia,Chordata,Actinopterygii,,Cyprinidae,freshwater,fish,ComteOlden,animal,TRUE,""
Myomyrus macrops,Myomyrus macrops,Animalia,Chordata,Actinopterygii,,Mormyridae,freshwater,fish,ComteOlden,animal,TRUE,""
Myoxocephalus quadricornis,Myoxocephalus quadricornis,Metazoa,Chordata,Actinopteri,Acanthomorphata,Cottidae,freshwater;mixed,fish,ComteOlden;ThermoFresh,animal,TRUE,""
Myoxocephalus quadricornishexacornis,Myoxocephalus quadricornis_hexacornis,,Chordata,Actinopteri,Perciformes,Cottidae,"",,GlobTherm,animal,TRUE,""
Myoxocephalus thompsonii,Myoxocephalus thompsonii,Animalia,Chordata,Actinopterygii,,Cottidae,freshwater,fish,ComteOlden,animal,TRUE,""
Myrceugenia chrysocarpa,Myrceugenia chrysocarpa,,Streptophyta,Spermatophyta,Myrtales,Myrtaceae,"",,GlobTherm,non_animal,FALSE,Taxon is not an animal
Myrceugenia colchaguensis,Myrceugenia colchaguensis,,Streptophyta,Spermatophyta,Myrtales,Myrtaceae,"",,GlobTherm,non_animal,FALSE,Taxon is not an animal
Myrceugenia correifolia,Myrceugenia correifolia,,Streptophyta,Spermatophyta,Myrtales,Myrtaceae,"",,GlobTherm,non_animal,FALSE,Taxon is not an animal
Myrceugenia exsucca,Myrceugenia exsucca,,Streptophyta,Spermatophyta,Myrtales,Myrtaceae,"",,GlobTherm,non_animal,FALSE,Taxon is not an animal
Myrceugenia lanceolata,Myrceugenia lanceolata,,Streptophyta,Spermatophyta,Myrtales,Myrtaceae,"",,GlobTherm,non_animal,FALSE,Taxon is not an animal
Myrceugenia leptospermoides,Myrceugenia leptospermoides,,Streptophyta,Spermatophyta,Myrtales,Myrtaceae,"",,GlobTherm,non_animal,FALSE,Taxon is not an animal
Myrceugenia obtusa,Myrceugenia obtusa,,Streptophyta,Spermatophyta,Myrtales,Myrtaceae,"",,GlobTherm,non_animal,FALSE,Taxon is not an animal
Myrceugenia ovata-nan,Myrceugenia ovata-nan,,Streptophyta,Spermatophyta,Myrtales,Myrtaceae,"",,GlobTherm,non_animal,FALSE,Taxon is not an animal
Myrceugenia ovata-ova,Myrceugenia ovata-ova,,Streptophyta,Spermatophyta,Myrtales,Myrtaceae,"",,GlobTherm,non_animal,FALSE,Taxon is not an animal
Myrceugenia parvifolia,Myrceugenia parvifolia,,Streptophyta,Spermatophyta,Myrtales,Myrtaceae,"",,GlobTherm,non_animal,FALSE,Taxon is not an animal
Myrceugenia pinifolia,Myrceugenia pinifolia,,Streptophyta,Spermatophyta,Myrtales,Myrtaceae,"",,GlobTherm,non_animal,FALSE,Taxon is not an animal
Myrceugenia planipes,Myrceugenia planipes,,Streptophyta,Spermatophyta,Myrtales,Myrtaceae,"",,GlobTherm,non_animal,FALSE,Taxon is not an animal
Myrceugenia rufa,Myrceugenia rufa,,Streptophyta,Spermatophyta,Myrtales,Myrtaceae,"",,GlobTherm,non_animal,FALSE,Taxon is not an animal
Myrmecina americana,Myrmecina americana,,Arthropoda,Insecta,Hymenoptera,Formicidae,"",,GlobTherm,animal,TRUE,""
Myrmecocystus depilis,Myrmecocystus depilis,,Arthropoda,Insecta,Hymenoptera,Formicidae,"",,GlobTherm,animal,TRUE,""
Myrmecocystus mexican,Myrmecocystus mexican,,Arthropoda,Insecta,Hymenoptera,Formicidae,"",,GlobTherm,animal,TRUE,""
Myrmecocystus mimicus,Myrmecocystus mimicus,,Arthropoda,Insecta,Hymenoptera,Formicidae,"",,GlobTherm,animal,TRUE,""
Myrmecocystus romainei,Myrmecocystus romainei,,Arthropoda,Insecta,Hymenoptera,Formicidae,"",,GlobTherm,animal,TRUE,""
Myrmica punctiventris,Myrmica punctiventris,,Arthropoda,Insecta,Hymenoptera,Formicidae,"",,GlobTherm,animal,TRUE,""
Myro kerguelenensis,Myro kerguelenensis,,Arthropoda,Arachnida,Araneae,Desidae,"",,GlobTherm,animal,TRUE,""
Myrsine africana,Myrsine africana,,Streptophyta,Spermatophyta,Ericales,Primulaceae,"",,GlobTherm,non_animal,FALSE,Taxon is not an animal
Myrsine australis,Myrsine australis,,Streptophyta,Spermatophyta,Ericales,Primulaceae,"",,GlobTherm,non_animal,FALSE,Taxon is not an animal
Myrsine salicina,Myrsine salicina,,Streptophyta,Spermatophyta,Ericales,Primulaceae,"",,GlobTherm,non_animal,FALSE,Taxon is not an animal
Mystacoleucus chilopterus,Mystacoleucus chilopterus,Metazoa,Chordata,Actinopteri,Cypriniformes,Cyprinidae,freshwater,fish,ComteOlden;ThermoFresh,animal,TRUE,""
Mystacoleucus lepturus,Mystacoleucus lepturus,Animalia,Chordata,Actinopterygii,,Cyprinidae,freshwater,fish,ComteOlden,animal,TRUE,""
Mystacoleucus marginatus,Mystacoleucus marginatus,Animalia,Chordata,Actinopterygii,,Cyprinidae,freshwater,fish,ComteOlden,animal,TRUE,""
Mystus bocourti,Mystus bocourti,Animalia,Chordata,Actinopterygii,,Bagridae,freshwater,fish,ComteOlden,animal,TRUE,""
Mystus cavasius,Mystus cavasius,Animalia,Chordata,Actinopterygii,,Bagridae,freshwater,fish,ComteOlden,animal,TRUE,""
Mystus leucophasis,Mystus leucophasis,Animalia,Chordata,Actinopterygii,,Bagridae,freshwater,fish,ComteOlden,animal,TRUE,""
Mystus oculatus,Mystus oculatus,Animalia,Chordata,Actinopterygii,,Bagridae,freshwater,fish,ComteOlden,animal,TRUE,""
Mystus pulcher,Mystus pulcher,Animalia,Chordata,Actinopterygii,,Bagridae,freshwater,fish,ComteOlden,animal,TRUE,""
Mystus tengara,Mystus tengara,Animalia,Chordata,Actinopterygii,,Bagridae,freshwater,fish,ComteOlden,animal,TRUE,""
Mystus vittatus,Mystus vittatus,Animalia,Chordata,Actinopterygii,,Bagridae,freshwater,fish,ComteOlden,animal,TRUE,""
Mytilopsis sallei,Mytilopsis sallei,Metazoa,Mollusca,Bivalvia,Myida,Dreissenidae,mixed,invertebrate,ThermoFresh,animal,TRUE,""
Mytilus edulis,Mytilus edulis,,Mollusca,Bivalvia,Mytiloida,Mytilidae,"",,GlobTherm,animal,TRUE,""
Myxocyprinus asiaticus,Myxocyprinus asiaticus,Metazoa,Chordata,Actinopteri,Cypriniformes,Catostomidae,freshwater,fish,ThermoFresh,animal,TRUE,""
Myxophyes fasciolatus,Myxophyes fasciolatus,,Chordata,Amphibia,Anura,Myobatrachidae,"",,GlobTherm,animal,TRUE,""
Nacella concinna,Nacella concinna,,Mollusca,Gastropoda,Patellogastropoda,Nacellidae,"",,GlobTherm,animal,TRUE,""
Nandus nandus,Nandus nandus,Animalia,Chordata,Actinopterygii,,Nandidae,freshwater,fish,ComteOlden,animal,TRUE,""
Nandus nebulosus,Nandus nebulosus,Animalia,Chordata,Actinopterygii,,Nandidae,freshwater,fish,ComteOlden,animal,TRUE,""
Nandus oxyrhynchus,Nandus oxyrhynchus,Animalia,Chordata,Actinopterygii,,Nandidae,freshwater,fish,ComteOlden,animal,TRUE,""
Nannocharax machadoi,Nannocharax machadoi,Animalia,Chordata,Actinopterygii,,Distichodontidae,freshwater,fish,ComteOlden,animal,TRUE,""
Nannocharax macropterus,Nannocharax macropterus,Animalia,Chordata,Actinopterygii,,Distichodontidae,freshwater,fish,ComteOlden,animal,TRUE,""
Nannocharax multifasciatus,Nannocharax multifasciatus,Animalia,Chordata,Actinopterygii,,Distichodontidae,freshwater,fish,ComteOlden,animal,TRUE,""
Nannoscincus maccoyi,Nannoscincus maccoyi,,Chordata,Lepidosauria,Squamata,Scincidae,"",,GlobTherm,animal,TRUE,""
Nannostomus beckfordi,Nannostomus beckfordi,Metazoa,Chordata,Actinopteri,Characiformes,Lebiasinidae,freshwater,fish,ThermoFresh,animal,TRUE,""
Nannostomus eques,Nannostomus eques,Metazoa,Chordata,Actinopteri,Characiformes,Lebiasinidae,freshwater,fish,ThermoFresh,animal,TRUE,""
Nannostomus marginatus,Nannostomus marginatus,Metazoa,Chordata,Actinopteri,Characiformes,Lebiasinidae,freshwater,fish,ThermoFresh,animal,TRUE,""
Nannostomus trifasciatus,Nannostomus trifasciatus,Metazoa,Chordata,Actinopteri,Characiformes,Lebiasinidae,freshwater,fish,ThermoFresh,animal,TRUE,""
Nanobagrus fuscus,Nanobagrus fuscus,Animalia,Chordata,Actinopterygii,,Bagridae,freshwater,fish,ComteOlden,animal,TRUE,""
Nanochromis parilus,Nanochromis parilus,Animalia,Chordata,Actinopterygii,,Cichlidae,freshwater,fish,ComteOlden,animal,TRUE,""
Naso annulatus,Naso annulatus,Animalia,Chordata,Actinopterygii,,Acanthuridae,marine,fish,ComteOlden,animal,TRUE,""
Naso brachycentron,Naso brachycentron,Animalia,Chordata,Actinopterygii,,Acanthuridae,marine,fish,ComteOlden,animal,TRUE,""
Naso caeruleacauda,Naso caeruleacauda,Animalia,Chordata,Actinopterygii,,Acanthuridae,marine,fish,ComteOlden,animal,TRUE,""
Naso caesius,Naso caesius,Animalia,Chordata,Actinopterygii,,Acanthuridae,marine,fish,ComteOlden,animal,TRUE,""
Naso elegans,Naso elegans,Animalia,Chordata,Actinopterygii,,Acanthuridae,marine,fish,ComteOlden,animal,TRUE,""
Naso fageni,Naso fageni,Animalia,Chordata,Actinopterygii,,Acanthuridae,marine,fish,ComteOlden,animal,TRUE,""
Naso hexacanthus,Naso hexacanthus,Animalia,Chordata,Actinopterygii,,Acanthuridae,marine,fish,ComteOlden,animal,TRUE,""
Naso lituratus,Naso lituratus,Animalia,Chordata,Actinopterygii,,Acanthuridae,marine,fish,ComteOlden,animal,TRUE,""
Naso maculatus,Naso maculatus,Animalia,Chordata,Actinopterygii,,Acanthuridae,marine,fish,ComteOlden,animal,TRUE,""
Naso mcdadei,Naso mcdadei,Animalia,Chordata,Actinopterygii,,Acanthuridae,marine,fish,ComteOlden,animal,TRUE,""
Naso minor,Naso minor,Animalia,Chordata,Actinopterygii,,Acanthuridae,marine,fish,ComteOlden,animal,TRUE,""
Naso thynnoides,Naso thynnoides,Animalia,Chordata,Actinopterygii,,Acanthuridae,marine,fish,ComteOlden,animal,TRUE,""
Naso tonganus,Naso tonganus,Animalia,Chordata,Actinopterygii,,Acanthuridae,marine,fish,ComteOlden,animal,TRUE,""
Naso tuberosus,Naso tuberosus,Animalia,Chordata,Actinopterygii,,Acanthuridae,marine,fish,ComteOlden,animal,TRUE,""
Naso unicornis,Naso unicornis,Animalia,Chordata,Actinopterygii,,Acanthuridae,marine,fish,ComteOlden,animal,TRUE,""
Naso vlamingii,Naso vlamingii,Animalia,Chordata,Actinopterygii,,Acanthuridae,marine,fish,ComteOlden,animal,TRUE,""
Naucoris obscuratus,Naucoris obscuratus,Metazoa,Arthropoda,Insecta,Hemiptera,Naucoridae,freshwater,invertebrate,ThermoFresh,animal,TRUE,""
Nemacheilus corica,Nemacheilus corica,Animalia,Chordata,Actinopterygii,,Balitoridae,freshwater,fish,ComteOlden,animal,TRUE,""
Nemacheilus masyae,Nemacheilus masyae,Animalia,Chordata,Actinopterygii,,Balitoridae,freshwater,fish,ComteOlden,animal,TRUE,""
Nemacheilus rueppelli,Nemacheilus rueppelli,Animalia,Chordata,Actinopterygii,,Balitoridae,freshwater,fish,ComteOlden,animal,TRUE,""
Nemacheilus subfusca,Nemacheilus subfusca,Animalia,Chordata,Actinopterygii,,Balitoridae,freshwater,fish,ComteOlden,animal,TRUE,""
Nemacheilus triangularis,Nemacheilus triangularis,Animalia,Chordata,Actinopterygii,,Balitoridae,freshwater,fish,ComteOlden,animal,TRUE,""
Nemurella pictetii,Nemurella pictetii,Metazoa,Arthropoda,Insecta,Plecoptera,Nemouridae,freshwater,invertebrate,ThermoFresh,animal,TRUE,""
Neobatrachus pictus,Neobatrachus pictus,,Chordata,Amphibia,Anura,Myobatrachidae,"",,GlobTherm,animal,TRUE,""
Neobola bottegoi,Neobola bottegoi,Animalia,Chordata,Actinopterygii,,Cyprinidae,freshwater,fish,ComteOlden,animal,TRUE,""
Neochanna apoda,Neochanna apoda,Animalia,Chordata,Actinopterygii,,Galaxiidae,freshwater,fish,ComteOlden,animal,TRUE,""
Neochanna burrowsius,Neochanna burrowsius,Animalia,Chordata,Actinopterygii,,Galaxiidae,freshwater,fish,ComteOlden,animal,TRUE,""
Neochanna diversus,Neochanna diversus,Animalia,Chordata,Actinopterygii,,Galaxiidae,freshwater,fish,ComteOlden,animal,TRUE,""
Neochanna heleios,Neochanna heleios,Animalia,Chordata,Actinopterygii,,Galaxiidae,freshwater,fish,ComteOlden,animal,TRUE,""
Neocloeon triangulifer,Neocloeon triangulifer,Metazoa,Arthropoda,Insecta,Ephemeroptera,Baetidae,freshwater,invertebrate,ThermoFresh,animal,TRUE,""
Neoeucirrhichthys maydelli,Neoeucirrhichthys maydelli,Animalia,Chordata,Actinopterygii,,Cobitidae,freshwater,fish,ComteOlden,animal,TRUE,""
Neogobius fluviatilis,Neogobius fluviatilis,Animalia,Chordata,Actinopterygii,,Gobiidae,freshwater,fish,ComteOlden,animal,TRUE,""
Neogobius melanostomus,Neogobius melanostomus,Metazoa,Chordata,Actinopteri,Acanthomorphata,Gobiidae,freshwater;mixed,fish,ComteOlden;ThermoFresh,animal,TRUE,""
Neogobius pallasi,Neogobius pallasi,Animalia,Chordata,Actinopterygii,,Gobiidae,freshwater,fish,ComteOlden,animal,TRUE,""
Neolamprologus brevis,Neolamprologus brevis,Animalia,Chordata,Actinopterygii,,Cichlidae,freshwater,fish,ComteOlden,animal,TRUE,""
Neolamprologus brichardi,Neolamprologus brichardi,Animalia,Chordata,Actinopterygii,,Cichlidae,freshwater,fish,ComteOlden,animal,TRUE,""
Neolamprologus christyi,Neolamprologus christyi,Animalia,Chordata,Actinopterygii,,Cichlidae,freshwater,fish,ComteOlden,animal,TRUE,""
Neolamprologus furcifer,Neolamprologus furcifer,Animalia,Chordata,Actinopterygii,,Cichlidae,freshwater,fish,ComteOlden,animal,TRUE,""
Neolamprologus gracilis,Neolamprologus gracilis,Animalia,Chordata,Actinopterygii,,Cichlidae,freshwater,fish,ComteOlden,animal,TRUE,""
Neolamprologus leleupi,Neolamprologus leleupi,Animalia,Chordata,Actinopterygii,,Cichlidae,freshwater,fish,ComteOlden,animal,TRUE,""
Neolamprologus leloupi,Neolamprologus leloupi,Animalia,Chordata,Actinopterygii,,Cichlidae,freshwater,fish,ComteOlden,animal,TRUE,""
Neolamprologus longior,Neolamprologus longior,Animalia,Chordata,Actinopterygii,,Cichlidae,freshwater,fish,ComteOlden,animal,TRUE,""
Neolamprologus meeli,Neolamprologus meeli,Animalia,Chordata,Actinopterygii,,Cichlidae,freshwater,fish,ComteOlden,animal,TRUE,""
Neolamprologus modestus,Neolamprologus modestus,Animalia,Chordata,Actinopterygii,,Cichlidae,freshwater,fish,ComteOlden,animal,TRUE,""
Neolamprologus mondabu,Neolamprologus mondabu,Animalia,Chordata,Actinopterygii,,Cichlidae,freshwater,fish,ComteOlden,animal,TRUE,""
Neolamprologus multifasciatus,Neolamprologus multifasciatus,Animalia,Chordata,Actinopterygii,,Cichlidae,freshwater,fish,ComteOlden,animal,TRUE,""
Neolamprologus olivaceous,Neolamprologus olivaceous,Animalia,Chordata,Actinopterygii,,Cichlidae,freshwater,fish,ComteOlden,animal,TRUE,""
Neolamprologus pulcher,Neolamprologus pulcher,Animalia,Chordata,Actinopterygii,,Cichlidae,freshwater,fish,ComteOlden,animal,TRUE,""
Neolamprologus savoryi,Neolamprologus savoryi,Animalia,Chordata,Actinopterygii,,Cichlidae,freshwater,fish,ComteOlden,animal,TRUE,""
Neolamprologus splendens,Neolamprologus splendens,Animalia,Chordata,Actinopterygii,,Cichlidae,freshwater,fish,ComteOlden,animal,TRUE,""
Neolamprologus tetracanthus,Neolamprologus tetracanthus,Animalia,Chordata,Actinopterygii,,Cichlidae,freshwater,fish,ComteOlden,animal,TRUE,""
Neolamprologus toae,Neolamprologus toae,Animalia,Chordata,Actinopterygii,,Cichlidae,freshwater,fish,ComteOlden,animal,TRUE,""
Neolamprologus tretocephalus,Neolamprologus tretocephalus,Animalia,Chordata,Actinopterygii,,Cichlidae,freshwater,fish,ComteOlden,animal,TRUE,""
Neolebias ansorgii,Neolebias ansorgii,Animalia,Chordata,Actinopterygii,,Distichodontidae,freshwater,fish,ComteOlden,animal,TRUE,""
Neolebias powelli,Neolebias powelli,Animalia,Chordata,Actinopterygii,,Distichodontidae,freshwater,fish,ComteOlden,animal,TRUE,""
Neolebias trilineatus,Neolebias trilineatus,Animalia,Chordata,Actinopterygii,,Distichodontidae,freshwater,fish,ComteOlden,animal,TRUE,""
Neolissochilus hexagonolepis,Neolissochilus hexagonolepis,Metazoa,Chordata,Actinopteri,Cypriniformes,Cyprinidae,freshwater,fish,ComteOlden;ThermoFresh,animal,TRUE,""
Neolissochilus soroides,Neolissochilus soroides,Animalia,Chordata,Actinopterygii,,Cyprinidae,freshwater,fish,ComteOlden,animal,TRUE,""
Neolissochilus stracheyi,Neolissochilus stracheyi,Animalia,Chordata,Actinopterygii,,Cyprinidae,freshwater,fish,ComteOlden,animal,TRUE,""
Neopomacentrus taeniurus,Neopomacentrus taeniurus,Animalia,Chordata,Actinopterygii,,Pomacentridae,freshwater,fish,ComteOlden,animal,TRUE,""
Neothremma alicia,Neothremma alicia,Metazoa,Arthropoda,Insecta,Trichoptera,Uenoidae,freshwater,invertebrate,ThermoFresh,animal,TRUE,""
Nerium oleander,Nerium oleander,,Streptophyta,Spermatophyta,Gentianales,Apocynaceae,"",,GlobTherm,non_animal,FALSE,Taxon is not an animal
Nestigis cunninghamii,Nestigis cunninghamii,,Streptophyta,Spermatophyta,Lamiales,Oleaceae,"",,GlobTherm,non_animal,FALSE,Taxon is not an animal
Neurocordulia alabamensis,Neurocordulia alabamensis,Metazoa,Arthropoda,Insecta,Odonata,Corduliidae,freshwater,invertebrate,ThermoFresh,animal,TRUE,""
Nicholsina denticulata,Nicholsina denticulata,Animalia,Chordata,Actinopterygii,,Labridae,marine,fish,ComteOlden,animal,TRUE,""
Nimbapanchax jeanpoli,Nimbapanchax jeanpoli,Animalia,Chordata,Actinopterygii,,Nothobranchiidae,freshwater,fish,ComteOlden,animal,TRUE,""
Nimbapanchax petersi,Nimbapanchax petersi,Animalia,Chordata,Actinopterygii,,Nothobranchiidae,freshwater,fish,ComteOlden,animal,TRUE,""
Nimbapanchax viridis,Nimbapanchax viridis,Animalia,Chordata,Actinopterygii,,Nothobranchiidae,freshwater,fish,ComteOlden,animal,TRUE,""
Nimbochromis fuscotaeniatus,Nimbochromis fuscotaeniatus,Animalia,Chordata,Actinopterygii,,Cichlidae,freshwater,fish,ComteOlden,animal,TRUE,""
Nimbochromis livingstonii,Nimbochromis livingstonii,Animalia,Chordata,Actinopterygii,,Cichlidae,freshwater,fish,ComteOlden,animal,TRUE,""
Nimbochromis venustus,Nimbochromis venustus,Animalia,Chordata,Actinopterygii,,Cichlidae,freshwater,fish,ComteOlden,animal,TRUE,""
Niveoscincus coventryi,Niveoscincus coventryi,,Chordata,Lepidosauria,Squamata,Scincidae,"",,GlobTherm,animal,TRUE,""
Niveoscincus metallicus,Niveoscincus metallicus,,Chordata,Lepidosauria,Squamata,Scincidae,"",,GlobTherm,animal,TRUE,""
Niveoscincus ocellatus,Niveoscincus ocellatus,,Chordata,Lepidosauria,Squamata,Scincidae,"",,GlobTherm,animal,TRUE,""
Nocomis asper,Nocomis asper,Animalia,Chordata,Actinopterygii,,Cyprinidae,freshwater,fish,ComteOlden,animal,TRUE,""
Nocomis biguttatus,Nocomis biguttatus,Metazoa,Chordata,Actinopteri,Cypriniformes,Cyprinidae,freshwater,fish,ComteOlden;GlobTherm;ThermoFresh,animal,TRUE,""
Nocomis leptocephalus,Nocomis leptocephalus,Animalia,Chordata,Actinopterygii,,Cyprinidae,freshwater,fish,ComteOlden,animal,TRUE,""
Nocomis micropogon,Nocomis micropogon,Metazoa,Chordata,Actinopteri,Cypriniformes,Cyprinidae,freshwater,fish,ComteOlden;ThermoFresh,animal,TRUE,""
Nocomis raneyi,Nocomis raneyi,Animalia,Chordata,Actinopterygii,,Cyprinidae,freshwater,fish,ComteOlden,animal,TRUE,""
Notechis scutatus,Notechis scutatus,,Chordata,Lepidosauria,Squamata,Elapidae,"",,GlobTherm,animal,TRUE,""
Notemigonus crysoleucas,Notemigonus crysoleucas,Metazoa,Chordata,Actinopteri,Cypriniformes,Cyprinidae,freshwater;mixed,fish,ComteOlden;GlobTherm;ThermoFresh,animal,TRUE,""
Nothobranchius furzeri,Nothobranchius furzeri,Metazoa,Chordata,Actinopteri,Acanthomorphata,Nothobranchiidae,freshwater,fish,ThermoFresh,animal,TRUE,""
Nothobranchius kafuensis,Nothobranchius kafuensis,Animalia,Chordata,Actinopterygii,,Nothobranchiidae,freshwater,fish,ComteOlden,animal,TRUE,""
Nothobranchius kirki,Nothobranchius kirki,Animalia,Chordata,Actinopterygii,,Nothobranchiidae,freshwater,fish,ComteOlden,animal,TRUE,""
Nothobranchius thierryi,Nothobranchius thierryi,Animalia,Chordata,Actinopterygii,,Nothobranchiidae,freshwater,fish,ComteOlden,animal,TRUE,""
Nothofagus cunninghamii,Nothofagus cunninghamii,,Streptophyta,Spermatophyta,Fagales,Nothofagaceae,"",,GlobTherm,non_animal,FALSE,Taxon is not an animal
Nothofagus dombeyi,Nothofagus dombeyi,,Streptophyta,Spermatophyta,Fagales,Nothofagaceae,"",,GlobTherm,non_animal,FALSE,Taxon is not an animal
Nothofagus fusca,Nothofagus fusca,,Streptophyta,Spermatophyta,Fagales,Nothofagaceae,"",,GlobTherm,non_animal,FALSE,Taxon is not an animal
Nothofagus menziesii,Nothofagus menziesii,,Streptophyta,Spermatophyta,Fagales,Nothofagaceae,"",,GlobTherm,non_animal,FALSE,Taxon is not an animal
Nothofagus solandri,Nothofagus solandri,,Streptophyta,Spermatophyta,Fagales,Nothofagaceae,"",,GlobTherm,non_animal,FALSE,Taxon is not an animal
Nothonotus aquali,Nothonotus aquali,Animalia,Chordata,Actinopterygii,,Percidae,freshwater,fish,ComteOlden,animal,TRUE,""
Nothonotus microlepidus,Nothonotus microlepidus,Animalia,Chordata,Actinopterygii,,Percidae,freshwater,fish,ComteOlden,animal,TRUE,""
Nothonotus sanguifluus,Nothonotus sanguifluus,Animalia,Chordata,Actinopterygii,,Percidae,freshwater,fish,ComteOlden,animal,TRUE,""
Notoglanidium macrostoma,Notoglanidium macrostoma,Animalia,Chordata,Actinopterygii,,Claroteidae,freshwater,fish,ComteOlden,animal,TRUE,""
Notolabrus celidotus,Notolabrus celidotus,Metazoa,Chordata,Actinopteri,Acanthomorphata,Labridae,mixed,fish,ThermoFresh,animal,TRUE,""
Notolabrus fucicola,Notolabrus fucicola,Animalia,Chordata,Actinopterygii,,Labridae,marine,fish,ComteOlden,animal,TRUE,""
Notolabrus gymnogenis,Notolabrus gymnogenis,Animalia,Chordata,Actinopterygii,,Labridae,marine,fish,ComteOlden,animal,TRUE,""
Notolabrus parilus,Notolabrus parilus,Animalia,Chordata,Actinopterygii,,Labridae,marine,fish,ComteOlden,animal,TRUE,""
Notolabrus tetricus,Notolabrus tetricus,Animalia,Chordata,Actinopterygii,,Labridae,marine,fish,ComteOlden,animal,TRUE,""
Notophthalmus viridescens,Notophthalmus viridescens,,Chordata,Amphibia,Caudata,Salamandridae,"",,GlobTherm,animal,TRUE,""
Notopterus notopterus,Notopterus notopterus,Animalia,Chordata,Actinopterygii,,Notopteridae,freshwater,fish,ComteOlden,animal,TRUE,""
Notothenia angustata,Notothenia angustata,Animalia,Chordata,Actinopterygii,,Nototheniidae,marine,fish,ComteOlden,animal,TRUE,""
Notothenia coriiceps,Notothenia coriiceps,Animalia,Chordata,Actinopterygii,,Nototheniidae,marine,fish,ComteOlden,animal,TRUE,""
Notothenia rossii,Notothenia rossii,Animalia,Chordata,Actinopterygii,,Nototheniidae,marine,fish,ComteOlden,animal,TRUE,""
Notropis amabilis,Notropis amabilis,Animalia,Chordata,Actinopterygii,,Cyprinidae,freshwater,fish,ComteOlden,animal,TRUE,""
Notropis ammophilus,Notropis ammophilus,Animalia,Chordata,Actinopterygii,,Cyprinidae,freshwater,fish,ComteOlden,animal,TRUE,""
Notropis amoenus,Notropis amoenus,Animalia,Chordata,Actinopterygii,,Cyprinidae,freshwater,fish,ComteOlden,animal,TRUE,""
Notropis anogenus,Notropis anogenus,Metazoa,Chordata,Actinopteri,Cypriniformes,Cyprinidae,freshwater,fish,ComteOlden;ThermoFresh,animal,TRUE,""
Notropis ariommus,Notropis ariommus,Animalia,Chordata,Actinopterygii,,Cyprinidae,freshwater,fish,ComteOlden,animal,TRUE,""
Notropis asperifrons,Notropis asperifrons,Animalia,Chordata,Actinopterygii,,Cyprinidae,freshwater,fish,ComteOlden,animal,TRUE,""
Notropis atherinoides,Notropis atherinoides,Metazoa,Chordata,Actinopteri,Cypriniformes,Cyprinidae,freshwater,fish,ComteOlden;GlobTherm;ThermoFresh,animal,TRUE,""
Notropis baileyi,Notropis baileyi,Animalia,Chordata,Actinopterygii,,Cyprinidae,freshwater,fish,ComteOlden,animal,TRUE,""
Notropis blennius,Notropis blennius,Animalia,Chordata,Actinopterygii,,Cyprinidae,freshwater,fish,ComteOlden,animal,TRUE,""
Notropis boops,Notropis boops,Animalia,Chordata,Actinopterygii,,Cyprinidae,freshwater,fish,ComteOlden,animal,TRUE,""
Notropis buccula,Notropis buccula,Metazoa,Chordata,Actinopteri,Cypriniformes,Cyprinidae,freshwater,fish,ThermoFresh,animal,TRUE,""
Notropis buchanani,Notropis buchanani,Animalia,Chordata,Actinopterygii,,Cyprinidae,freshwater,fish,ComteOlden,animal,TRUE,""
Notropis candidus,Notropis candidus,Animalia,Chordata,Actinopterygii,,Cyprinidae,freshwater,fish,ComteOlden,animal,TRUE,""
Notropis chrosomus,Notropis chrosomus,Animalia,Chordata,Actinopterygii,,Cyprinidae,freshwater,fish,ComteOlden,animal,TRUE,""
Notropis cummingsae,Notropis cummingsae,Metazoa,Chordata,Actinopteri,Cypriniformes,Cyprinidae,freshwater,fish,GlobTherm;ThermoFresh,animal,TRUE,""
Notropis dorsalis,Notropis dorsalis,Animalia,Chordata,Actinopterygii,Cypriniformes,Cyprinidae,freshwater,fish,ComteOlden;GlobTherm,animal,TRUE,""
Notropis edwardraneyi,Notropis edwardraneyi,Animalia,Chordata,Actinopterygii,,Cyprinidae,freshwater,fish,ComteOlden,animal,TRUE,""
Notropis girardi,Notropis girardi,Metazoa,Chordata,Actinopteri,Cypriniformes,Cyprinidae,freshwater,fish,ComteOlden;GlobTherm;ThermoFresh,animal,TRUE,""
Notropis harperi,Notropis harperi,Animalia,Chordata,Actinopterygii,,Cyprinidae,freshwater,fish,ComteOlden,animal,TRUE,""
Notropis heterodon,Notropis heterodon,Animalia,Chordata,Actinopterygii,,Cyprinidae,freshwater,fish,ComteOlden,animal,TRUE,""
Notropis heterolepis,Notropis heterolepis,Animalia,Chordata,Actinopterygii,,Cyprinidae,freshwater,fish,ComteOlden,animal,TRUE,""
Notropis hudsonius,Notropis hudsonius,Animalia,Chordata,Actinopterygii,,Cyprinidae,freshwater,fish,ComteOlden,animal,TRUE,""
Notropis jemezanus,Notropis jemezanus,Animalia,Chordata,Actinopterygii,,Cyprinidae,freshwater,fish,ComteOlden,animal,TRUE,""
Notropis leuciodus,Notropis leuciodus,Animalia,Chordata,Actinopterygii,,Cyprinidae,freshwater,fish,ComteOlden,animal,TRUE,""
Notropis longirostris,Notropis longirostris,Animalia,Chordata,Actinopterygii,,Cyprinidae,freshwater,fish,ComteOlden,animal,TRUE,""
Notropis lutipinnis,Notropis lutipinnis,Metazoa,Chordata,Actinopteri,Cypriniformes,Cyprinidae,freshwater,fish,ComteOlden;GlobTherm;ThermoFresh,animal,TRUE,""
Notropis maculatus,Notropis maculatus,Animalia,Chordata,Actinopterygii,,Cyprinidae,freshwater,fish,ComteOlden,animal,TRUE,""
Notropis micropteryx,Notropis micropteryx,Animalia,Chordata,Actinopterygii,,Cyprinidae,freshwater,fish,ComteOlden,animal,TRUE,""
Notropis nubilus,Notropis nubilus,Metazoa,Chordata,Actinopteri,Cypriniformes,Cyprinidae,freshwater,fish,ComteOlden;GlobTherm;ThermoFresh,animal,TRUE,""
Notropis ortenburgeri,Notropis ortenburgeri,Animalia,Chordata,Actinopterygii,,Cyprinidae,freshwater,fish,ComteOlden,animal,TRUE,""
Notropis oxyrhynchus,Notropis oxyrhynchus,Metazoa,Chordata,Actinopteri,Cypriniformes,Cyprinidae,freshwater,fish,ComteOlden;ThermoFresh,animal,TRUE,""
Notropis percobromus,Notropis percobromus,Animalia,Chordata,Actinopterygii,,Cyprinidae,freshwater,fish,ComteOlden,animal,TRUE,""
Notropis perpallidus,Notropis perpallidus,Animalia,Chordata,Actinopterygii,,Cyprinidae,freshwater,fish,ComteOlden,animal,TRUE,""
Notropis photogenis,Notropis photogenis,Animalia,Chordata,Actinopterygii,,Cyprinidae,freshwater,fish,ComteOlden,animal,TRUE,""
Notropis pilsbryi,Notropis pilsbryi,,Chordata,Actinopteri,Cypriniformes,Cyprinidae,"",,GlobTherm,animal,TRUE,""
Notropis potteri,Notropis potteri,Animalia,Chordata,Actinopterygii,,Cyprinidae,freshwater,fish,ComteOlden,animal,TRUE,""
Notropis rafinesquei,Notropis rafinesquei,Animalia,Chordata,Actinopterygii,,Cyprinidae,freshwater,fish,ComteOlden,animal,TRUE,""
Notropis rubellus,Notropis rubellus,Metazoa,Chordata,Actinopteri,Cypriniformes,Cyprinidae,freshwater,fish,ComteOlden;GlobTherm;ThermoFresh,animal,TRUE,""
Notropis sabinae,Notropis sabinae,Animalia,Chordata,Actinopterygii,,Cyprinidae,freshwater,fish,ComteOlden,animal,TRUE,""
Notropis scepticus,Notropis scepticus,Animalia,Chordata,Actinopterygii,,Cyprinidae,freshwater,fish,ComteOlden,animal,TRUE,""
Notropis shumardi,Notropis shumardi,Animalia,Chordata,Actinopterygii,,Cyprinidae,freshwater,fish,ComteOlden,animal,TRUE,""
Notropis simus,Notropis simus,Animalia,Chordata,Actinopterygii,,Cyprinidae,freshwater,fish,ComteOlden,animal,TRUE,""
Notropis stilbius,Notropis stilbius,Animalia,Chordata,Actinopterygii,,Cyprinidae,freshwater,fish,ComteOlden,animal,TRUE,""
Notropis stramineus,Notropis stramineus,Metazoa,Chordata,Actinopteri,Cypriniformes,Cyprinidae,freshwater,fish,GlobTherm;ThermoFresh,animal,TRUE,""
Notropis suttkusi,Notropis suttkusi,Animalia,Chordata,Actinopterygii,,Cyprinidae,freshwater,fish,ComteOlden,animal,TRUE,""
Notropis telescopus,Notropis telescopus,Animalia,Chordata,Actinopterygii,,Cyprinidae,freshwater,fish,ComteOlden,animal,TRUE,""
Notropis texanus,Notropis texanus,Animalia,Chordata,Actinopterygii,,Cyprinidae,freshwater,fish,ComteOlden,animal,TRUE,""
Notropis topeka,Notropis topeka,Metazoa,Chordata,Actinopteri,Cypriniformes,Cyprinidae,freshwater,fish,ThermoFresh,animal,TRUE,""
Notropis volucellus,Notropis volucellus,Animalia,Chordata,Actinopterygii,,Cyprinidae,freshwater,fish,ComteOlden,animal,TRUE,""
Notropis xaenocephalus,Notropis xaenocephalus,Animalia,Chordata,Actinopterygii,,Cyprinidae,freshwater,fish,ComteOlden,animal,TRUE,""
Noturus albater,Noturus albater,Animalia,Chordata,Actinopterygii,,Ictaluridae,freshwater,fish,ComteOlden,animal,TRUE,""
Noturus baileyi,Noturus baileyi,Animalia,Chordata,Actinopterygii,,Ictaluridae,freshwater,fish,ComteOlden,animal,TRUE,""
Noturus crypticus,Noturus crypticus,Animalia,Chordata,Actinopterygii,,Ictaluridae,freshwater,fish,ComteOlden,animal,TRUE,""
Noturus elegans,Noturus elegans,Animalia,Chordata,Actinopterygii,,Ictaluridae,freshwater,fish,ComteOlden,animal,TRUE,""
Noturus eleutherus,Noturus eleutherus,Animalia,Chordata,Actinopterygii,,Ictaluridae,freshwater,fish,ComteOlden,animal,TRUE,""
Noturus exilis,Noturus exilis,Metazoa,Chordata,Actinopteri,Siluriformes,Ictaluridae,freshwater,fish,ComteOlden;GlobTherm;ThermoFresh,animal,TRUE,""
Noturus flavater,Noturus flavater,Animalia,Chordata,Actinopterygii,,Ictaluridae,freshwater,fish,ComteOlden,animal,TRUE,""
Noturus flavipinnis,Noturus flavipinnis,Animalia,Chordata,Actinopterygii,,Ictaluridae,freshwater,fish,ComteOlden,animal,TRUE,""
Noturus flavus,Noturus flavus,Animalia,Chordata,Actinopterygii,,Ictaluridae,freshwater,fish,ComteOlden,animal,TRUE,""
Noturus funebris,Noturus funebris,Animalia,Chordata,Actinopterygii,,Ictaluridae,freshwater,fish,ComteOlden,animal,TRUE,""
Noturus furiosus,Noturus furiosus,Animalia,Chordata,Actinopterygii,,Ictaluridae,freshwater,fish,ComteOlden,animal,TRUE,""
Noturus gilberti,Noturus gilberti,Animalia,Chordata,Actinopterygii,,Ictaluridae,freshwater,fish,ComteOlden,animal,TRUE,""
Noturus gladiator,Noturus gladiator,Animalia,Chordata,Actinopterygii,,Ictaluridae,freshwater,fish,ComteOlden,animal,TRUE,""
Noturus gyrinus,Noturus gyrinus,Animalia,Chordata,Actinopterygii,,Ictaluridae,freshwater,fish,ComteOlden,animal,TRUE,""
Noturus hildebrandi,Noturus hildebrandi,Animalia,Chordata,Actinopterygii,,Ictaluridae,freshwater,fish,ComteOlden,animal,TRUE,""
Noturus insignis,Noturus insignis,Animalia,Chordata,Actinopterygii,,Ictaluridae,freshwater,fish,ComteOlden,animal,TRUE,""
Noturus lachneri,Noturus lachneri,Animalia,Chordata,Actinopterygii,,Ictaluridae,freshwater,fish,ComteOlden,animal,TRUE,""
Noturus leptacanthus,Noturus leptacanthus,Animalia,Chordata,Actinopterygii,,Ictaluridae,freshwater,fish,ComteOlden,animal,TRUE,""
Noturus maydeni,Noturus maydeni,Animalia,Chordata,Actinopterygii,,Ictaluridae,freshwater,fish,ComteOlden,animal,TRUE,""
Noturus miurus,Noturus miurus,Animalia,Chordata,Actinopterygii,,Ictaluridae,freshwater,fish,ComteOlden,animal,TRUE,""
Noturus munitus,Noturus munitus,Animalia,Chordata,Actinopterygii,,Ictaluridae,freshwater,fish,ComteOlden,animal,TRUE,""
Noturus nocturnus,Noturus nocturnus,Animalia,Chordata,Actinopterygii,,Ictaluridae,freshwater,fish,ComteOlden,animal,TRUE,""
Noturus phaeus,Noturus phaeus,Animalia,Chordata,Actinopterygii,,Ictaluridae,freshwater,fish,ComteOlden,animal,TRUE,""
Noturus placidus,Noturus placidus,Animalia,Chordata,Actinopterygii,,Ictaluridae,freshwater,fish,ComteOlden,animal,TRUE,""
Noturus stanauli,Noturus stanauli,Animalia,Chordata,Actinopterygii,,Ictaluridae,freshwater,fish,ComteOlden,animal,TRUE,""
Noturus stigmosus,Noturus stigmosus,Animalia,Chordata,Actinopterygii,,Ictaluridae,freshwater,fish,ComteOlden,animal,TRUE,""
Noturus taylori,Noturus taylori,Animalia,Chordata,Actinopterygii,,Ictaluridae,freshwater,fish,ComteOlden,animal,TRUE,""
Novaculichthys taeniourus,Novaculichthys taeniourus,Animalia,Chordata,Actinopterygii,,Labridae,marine,fish,ComteOlden,animal,TRUE,""
Novaculoides macrolepidotus,Novaculoides macrolepidotus,Animalia,Chordata,Actinopterygii,,Labridae,marine,fish,ComteOlden,animal,TRUE,""
Novumbra hubbsi,Novumbra hubbsi,Animalia,Chordata,Actinopterygii,,Umbridae,freshwater,fish,ComteOlden,animal,TRUE,""
Nucella lapillus,Nucella lapillus,,Mollusca,Gastropoda,Neogastropoda,Muricidae,"",,GlobTherm,animal,TRUE,""
Nychia limpida,Nychia limpida,Metazoa,Arthropoda,Insecta,Hemiptera,Notonectidae,freshwater,invertebrate,ThermoFresh,animal,TRUE,""
Nyungara bunni,Nyungara bunni,Metazoa,Arthropoda,Insecta,Ephemeroptera,Leptophlebiidae,freshwater,invertebrate,ThermoFresh,animal,TRUE,""
Oblada melanura,Oblada melanura,Animalia,Chordata,Actinopterygii,,Sparidae,marine,fish,ComteOlden,animal,TRUE,""
Occidozyga laevis,Occidozyga laevis,,Chordata,Amphibia,Anura,Dicroglossidae,"",,GlobTherm,animal,TRUE,""
Ochetobius elongatus,Ochetobius elongatus,Animalia,Chordata,Actinopterygii,,Cyprinidae,freshwater,fish,ComteOlden,animal,TRUE,""
Ocymyrmex barbiger,Ocymyrmex barbiger,,Arthropoda,Insecta,Hymenoptera,Formicidae,"",,GlobTherm,animal,TRUE,""
Ocymyrmex velox,Ocymyrmex velox,,Arthropoda,Insecta,Hymenoptera,Formicidae,"",,GlobTherm,animal,TRUE,""
Ocyurus chrysurus,Ocyurus chrysurus,Animalia,Chordata,Actinopterygii,,Lutjanidae,marine,fish,ComteOlden,animal,TRUE,""
Odax cyanoallix,Odax cyanoallix,Animalia,Chordata,Actinopterygii,,Labridae,marine,fish,ComteOlden,animal,TRUE,""
Odaxothrissa losera,Odaxothrissa losera,Animalia,Chordata,Actinopterygii,,Clupeidae,freshwater,fish,ComteOlden,animal,TRUE,""
Odontaster validus,Odontaster validus,,Echinodermata,Asteroidea,Valvatida,Odontasteridae,"",,GlobTherm,animal,TRUE,""
Odontesthes argentinensis,Odontesthes argentinensis,Metazoa,Chordata,Actinopteri,Acanthomorphata,Atherinopsidae,mixed,fish,ThermoFresh,animal,TRUE,""
Odontesthes bonariensis,Odontesthes bonariensis,Metazoa,Chordata,Actinopteri,Acanthomorphata,Atherinopsidae,mixed,fish,ThermoFresh,animal,TRUE,""
Odontesthes nigricans,Odontesthes nigricans,Metazoa,Chordata,Actinopteri,Acanthomorphata,Atherinopsidae,mixed,fish,ThermoFresh,animal,TRUE,""
Oedothorax apicatus,Oedothorax apicatus,,Arthropoda,Arachnida,Araneae,Linyphiidae,"",,GlobTherm,animal,TRUE,""
Offadens soror,Offadens soror,Metazoa,Arthropoda,Insecta,Ephemeroptera,Baetidae,freshwater,invertebrate,ThermoFresh,animal,TRUE,""
Olea africana,Olea africana,,Streptophyta,Spermatophyta,Lamiales,Oleaceae,"",,GlobTherm,non_animal,FALSE,Taxon is not an animal
Oligocottus maculosus,Oligocottus maculosus,Animalia,Chordata,Actinopterygii,,Cottidae,marine,fish,ComteOlden,animal,TRUE,""
Oligolepis acutipennis,Oligolepis acutipennis,Animalia,Chordata,Actinopterygii,,Gobiidae,freshwater,fish,ComteOlden,animal,TRUE,""
Oligophlebodes ardis,Oligophlebodes ardis,Metazoa,Arthropoda,Insecta,Trichoptera,Uenoidae,freshwater,invertebrate,ThermoFresh,animal,TRUE,""
Oligophlebodes minutus,Oligophlebodes minutus,Metazoa,Arthropoda,Insecta,Trichoptera,Uenoidae,freshwater,invertebrate,ThermoFresh,animal,TRUE,""
Olisthops cyanomelas,Olisthops cyanomelas,Animalia,Chordata,Actinopterygii,,Labridae,marine,fish,ComteOlden,animal,TRUE,""
Olyra longicaudata,Olyra longicaudata,Animalia,Chordata,Actinopterygii,,Olyridae,freshwater,fish,ComteOlden,animal,TRUE,""
Ompok bimaculatus,Ompok bimaculatus,Animalia,Chordata,Actinopterygii,,Siluridae,freshwater,fish,ComteOlden,animal,TRUE,""
Ompok malabaricus,Ompok malabaricus,Animalia,Chordata,Actinopterygii,,Siluridae,freshwater,fish,ComteOlden,animal,TRUE,""
Ompok pabda,Ompok pabda,Animalia,Chordata,Actinopterygii,,Siluridae,freshwater,fish,ComteOlden,animal,TRUE,""
Ompok pabo,Ompok pabo,Animalia,Chordata,Actinopterygii,,Siluridae,freshwater,fish,ComteOlden,animal,TRUE,""
Onchidium tumidum,Onchidium tumidum,Metazoa,Mollusca,Gastropoda,Systellommatophora,Onchidiidae,mixed,invertebrate,ThermoFresh,animal,TRUE,""
Oncorhynchus apache,Oncorhynchus apache,,Chordata,Actinopteri,Salmoniformes,Salmonidae,"",,GlobTherm,animal,TRUE,""
Oncorhynchus clarkii,Oncorhynchus clarkii,Metazoa,Chordata,Actinopteri,Salmoniformes,Salmonidae,freshwater;mixed,fish,ComteOlden;GlobTherm;ThermoFresh,animal,TRUE,""
Oncorhynchus gilae,Oncorhynchus gilae,Metazoa,Chordata,Actinopteri,Salmoniformes,Salmonidae,freshwater,fish,GlobTherm;ThermoFresh,animal,TRUE,""
Oncorhynchus gorbuscha,Oncorhynchus gorbuscha,Animalia,Chordata,Actinopterygii,Salmoniformes,Salmonidae,freshwater;mixed,fish,ComteOlden;ThermoFresh,animal,TRUE,""
Oncorhynchus keta,Oncorhynchus keta,Metazoa,Chordata,Actinopteri,Salmoniformes,Salmonidae,marine;mixed,fish,ComteOlden;GlobTherm;ThermoFresh,animal,TRUE,""
Oncorhynchus kisutch,Oncorhynchus kisutch,Metazoa,Chordata,Actinopteri,Salmoniformes,Salmonidae,freshwater;mixed,fish,ComteOlden;GlobTherm;ThermoFresh,animal,TRUE,""
Oncorhynchus mykiss,Oncorhynchus mykiss,Metazoa,Chordata,Actinopteri,Salmoniformes,Salmonidae,freshwater;mixed,fish,ComteOlden;ThermoFresh,animal,TRUE,""
Oncorhynchus nerka,Oncorhynchus nerka,Metazoa,Chordata,Actinopteri,Salmoniformes,Salmonidae,freshwater;mixed,fish,ComteOlden;GlobTherm;ThermoFresh,animal,TRUE,""
Oncorhynchus tshawytscha,Oncorhynchus tshawytscha,Metazoa,Chordata,Actinopteri,Salmoniformes,Salmonidae,freshwater;mixed,fish,ComteOlden;GlobTherm;ThermoFresh,animal,TRUE,""
Onisimus litoralis,Onisimus litoralis,,Arthropoda,Malacostraca,Amphipoda,Lysianassidae,"",,GlobTherm,animal,TRUE,""
Onychiurus vontoernei,Onychiurus vontoernei,,Arthropoda,Collembola,Poduromorpha,Onychiuridae,"",,GlobTherm,animal,TRUE,""
Onychostoma barbatulum,Onychostoma barbatulum,Animalia,Chordata,Actinopterygii,,Cyprinidae,freshwater,fish,ComteOlden,animal,TRUE,""
Onychostoma gerlachi,Onychostoma gerlachi,Animalia,Chordata,Actinopterygii,,Cyprinidae,freshwater,fish,ComteOlden,animal,TRUE,""
Onychostoma lepturum,Onychostoma lepturum,Animalia,Chordata,Actinopterygii,,Cyprinidae,freshwater,fish,ComteOlden,animal,TRUE,""
Onychostoma ovale,Onychostoma ovale,Animalia,Chordata,Actinopterygii,,Cyprinidae,freshwater,fish,ComteOlden,animal,TRUE,""
Onychostoma simum,Onychostoma simum,Animalia,Chordata,Actinopterygii,,Cyprinidae,freshwater,fish,ComteOlden,animal,TRUE,""
Onymacris bicolor,Onymacris bicolor,,Arthropoda,Insecta,Coleoptera,Tenebrionidae,"",,GlobTherm,animal,TRUE,""
Onymacris marginipennis,Onymacris marginipennis,,Arthropoda,Insecta,Coleoptera,Tenebrionidae,"",,GlobTherm,animal,TRUE,""
Onymacris plana,Onymacris plana,,Arthropoda,Insecta,Coleoptera,Tenebrionidae,"",,GlobTherm,animal,TRUE,""
Onymacris rugatipennis,Onymacris rugatipennis,,Arthropoda,Insecta,Coleoptera,Tenebrionidae,"",,GlobTherm,animal,TRUE,""
Onymacris unguicularis,Onymacris unguicularis,,Arthropoda,Insecta,Coleoptera,Tenebrionidae,"",,GlobTherm,animal,TRUE,""
Ophioblennius steindachneri,Ophioblennius steindachneri,Animalia,Chordata,Actinopterygii,,Blenniidae,marine,fish,ComteOlden,animal,TRUE,""
Ophiocara porocephala,Ophiocara porocephala,Animalia,Chordata,Actinopterygii,,Eleotridae,freshwater,fish,ComteOlden,animal,TRUE,""
Ophiogomphus rupinsulensis,Ophiogomphus rupinsulensis,Metazoa,Arthropoda,Insecta,Odonata,Gomphidae,freshwater,invertebrate,ThermoFresh,animal,TRUE,""
Ophioneries fasciata,Ophioneries fasciata,,Echinodermata,Ophiuroidea,Ophiurida,Ophionereidae,"",,GlobTherm,animal,TRUE,""
Ophiostigma abnorme,Ophiostigma abnorme,,Echinodermata,Ophiuroidea,Ophiurida,Amphiuridae,"",,GlobTherm,animal,TRUE,""
Ophthalmolepis lineolata,Ophthalmolepis lineolata,Animalia,Chordata,Actinopterygii,,Labridae,marine,fish,ComteOlden,animal,TRUE,""
Ophthalmotilapia boops,Ophthalmotilapia boops,Animalia,Chordata,Actinopterygii,,Cichlidae,freshwater,fish,ComteOlden,animal,TRUE,""
Ophthalmotilapia heterodonta,Ophthalmotilapia heterodonta,Animalia,Chordata,Actinopterygii,,Cichlidae,freshwater,fish,ComteOlden,animal,TRUE,""
Ophthalmotilapia nasuta,Ophthalmotilapia nasuta,Animalia,Chordata,Actinopterygii,,Cichlidae,freshwater,fish,ComteOlden,animal,TRUE,""
Ophthalmotilapia ventralis,Ophthalmotilapia ventralis,Animalia,Chordata,Actinopterygii,,Cichlidae,freshwater,fish,ComteOlden,animal,TRUE,""
Opsaridium peringueyi,Opsaridium peringueyi,Animalia,Chordata,Actinopterygii,,Cyprinidae,freshwater,fish,ComteOlden,animal,TRUE,""
Opsaridium ubangiense,Opsaridium ubangiense,Animalia,Chordata,Actinopterygii,,Cyprinidae,freshwater,fish,ComteOlden,animal,TRUE,""
Opsariichthys bidens,Opsariichthys bidens,Animalia,Chordata,Actinopterygii,,Cyprinidae,freshwater,fish,ComteOlden,animal,TRUE,""
Opsarius koratensis,Opsarius koratensis,Animalia,Chordata,Actinopterygii,,Cyprinidae,freshwater,fish,ComteOlden,animal,TRUE,""
Opsarius pulchellus,Opsarius pulchellus,Animalia,Chordata,Actinopterygii,,Cyprinidae,freshwater,fish,ComteOlden,animal,TRUE,""
Opsopoeodus emiliae,Opsopoeodus emiliae emiliae,Animalia,Chordata,Actinopterygii,,Cyprinidae,freshwater,fish,ComteOlden,animal,TRUE,""
Optioservus quadrimaculatus,Optioservus quadrimaculatus,Metazoa,Arthropoda,Insecta,Coleoptera,Elmidae,freshwater,invertebrate,ThermoFresh,animal,TRUE,""
Orconectes rusticus,Orconectes rusticus,,Arthropoda,Malacostraca,Decapoda,Cambaridae,"",,GlobTherm,animal,TRUE,""
Orconectes virilis,Orconectes virilis,Metazoa,Arthropoda,Malacostraca,Decapoda,Cambaridae,freshwater,invertebrate,ThermoFresh,animal,TRUE,""
Oregonichthys crameri,Oregonichthys crameri,Animalia,Chordata,Actinopterygii,,Cyprinidae,freshwater,fish,ComteOlden,animal,TRUE,""
Oregonichthys kalawatseti,Oregonichthys kalawatseti,Animalia,Chordata,Actinopterygii,,Cyprinidae,freshwater,fish,ComteOlden,animal,TRUE,""
Oreochromis amphimelas,Oreochromis amphimelas,Animalia,Chordata,Actinopterygii,,Cichlidae,freshwater,fish,ComteOlden,animal,TRUE,""
Oreochromis andersonii,Oreochromis andersonii,Animalia,Chordata,Actinopterygii,,Cichlidae,freshwater,fish,ComteOlden,animal,TRUE,""
Oreochromis esculentus,Oreochromis esculentus,Metazoa,Chordata,Actinopteri,Acanthomorphata,Cichlidae,freshwater,fish,ComteOlden;ThermoFresh,animal,TRUE,""
Oreochromis grahami,Oreochromis grahami,Metazoa,Chordata,Actinopteri,Acanthomorphata,Cichlidae,freshwater,fish,ThermoFresh,animal,TRUE,""
Oreochromis karongae,Oreochromis karongae,Animalia,Chordata,Actinopterygii,,Cichlidae,freshwater,fish,ComteOlden,animal,TRUE,""
Oreochromis mossambicus,Oreochromis mossambicus,Metazoa,Chordata,Actinopteri,Acanthomorphata,Cichlidae,freshwater;mixed,fish,ComteOlden;ThermoFresh,animal,TRUE,""
Oreochromis niloticus,Oreochromis niloticus,Metazoa,Chordata,Actinopteri,Acanthomorphata,Cichlidae,freshwater;mixed,fish,ComteOlden;ThermoFresh,animal,TRUE,""
Oreochromis tanganicae,Oreochromis tanganicae,Animalia,Chordata,Actinopterygii,,Cichlidae,freshwater,fish,ComteOlden,animal,TRUE,""
Oreochromis upembae,Oreochromis upembae,Animalia,Chordata,Actinopterygii,,Cichlidae,freshwater,fish,ComteOlden,animal,TRUE,""
Oreonectes platycephalus,Oreonectes platycephalus,Animalia,Chordata,Actinopterygii,,Balitoridae,freshwater,fish,ComteOlden,animal,TRUE,""
Orthochromis machadoi,Orthochromis machadoi,Animalia,Chordata,Actinopterygii,,Cichlidae,freshwater,fish,ComteOlden,animal,TRUE,""
Orthochromis malagaraziensis,Orthochromis malagaraziensis,Animalia,Chordata,Actinopterygii,,Cichlidae,freshwater,fish,ComteOlden,animal,TRUE,""
Orthochromis mazimeroensis,Orthochromis mazimeroensis,Animalia,Chordata,Actinopterygii,,Cichlidae,freshwater,fish,ComteOlden,animal,TRUE,""
Orthochromis polyacanthus,Orthochromis polyacanthus,Animalia,Chordata,Actinopterygii,,Cichlidae,freshwater,fish,ComteOlden,animal,TRUE,""
Orthodon microlepidotus,Orthodon microlepidotus,Animalia,Chordata,Actinopterygii,,Cyprinidae,freshwater,fish,ComteOlden,animal,TRUE,""
Orthopristis ruber,Orthopristis ruber,Metazoa,Chordata,Actinopteri,Acanthomorphata,Haemulidae,mixed,fish,ThermoFresh,animal,TRUE,""
Oryzias curvinotus,Oryzias curvinotus,Animalia,Chordata,Actinopterygii,,Adrianichthyidae,freshwater,fish,ComteOlden,animal,TRUE,""
Oryzias dancena,Oryzias dancena,Animalia,Chordata,Actinopterygii,,Adrianichthyidae,freshwater,fish,ComteOlden,animal,TRUE,""
Oryzias mekongensis,Oryzias mekongensis,Animalia,Chordata,Actinopterygii,,Adrianichthyidae,freshwater,fish,ComteOlden,animal,TRUE,""
Oryzias minutillus,Oryzias minutillus,Animalia,Chordata,Actinopterygii,,Adrianichthyidae,freshwater,fish,ComteOlden,animal,TRUE,""
Osmerus dentex,Osmerus dentex,Animalia,Chordata,Actinopterygii,,Osmeridae,freshwater,fish,ComteOlden,animal,TRUE,""
Osmerus eperlanus,Osmerus eperlanus,Animalia,Chordata,Actinopterygii,,Osmeridae,freshwater,fish,ComteOlden,animal,TRUE,""
Osmerus mordax,Osmerus mordax,Metazoa,Chordata,Actinopteri,Osmeriformes,Osmeridae,freshwater;mixed,fish,ComteOlden;ThermoFresh,animal,TRUE,""
Osphronemus exodon,Osphronemus exodon,Animalia,Chordata,Actinopterygii,,Osphronemidae,freshwater,fish,ComteOlden,animal,TRUE,""
Osphronemus goramy,Osphronemus goramy,Animalia,Chordata,Actinopterygii,,Osphronemidae,freshwater,fish,ComteOlden,animal,TRUE,""
Osteochilus lini,Osteochilus lini,Animalia,Chordata,Actinopterygii,,Cyprinidae,freshwater,fish,ComteOlden,animal,TRUE,""
Osteochilus melanopleurus,Osteochilus melanopleurus,Animalia,Chordata,Actinopterygii,,Cyprinidae,freshwater,fish,ComteOlden,animal,TRUE,""
Osteochilus microcephalus,Osteochilus microcephalus,Animalia,Chordata,Actinopterygii,,Cyprinidae,freshwater,fish,ComteOlden,animal,TRUE,""
Osteochilus salsburyi,Osteochilus salsburyi,Animalia,Chordata,Actinopterygii,,Cyprinidae,freshwater,fish,ComteOlden,animal,TRUE,""
Osteochilus spilurus,Osteochilus spilurus,Animalia,Chordata,Actinopterygii,,Cyprinidae,freshwater,fish,ComteOlden,animal,TRUE,""
Osteochilus vittatus,Osteochilus vittatus,Animalia,Chordata,Actinopterygii,,Cyprinidae,freshwater,fish,ComteOlden,animal,TRUE,""
Osteochilus waandersii,Osteochilus waandersii,Animalia,Chordata,Actinopterygii,,Cyprinidae,freshwater,fish,ComteOlden,animal,TRUE,""
Ostorhinchus aureus,Ostorhinchus aureus,Animalia,Chordata,Actinopterygii,,Apogonidae,marine,fish,ComteOlden,animal,TRUE,""
Otopharynx brooksi,Otopharynx brooksi,Animalia,Chordata,Actinopterygii,,Cichlidae,freshwater,fish,ComteOlden,animal,TRUE,""
Oxycheilinus bimaculatus,Oxycheilinus bimaculatus,Animalia,Chordata,Actinopterygii,,Labridae,marine,fish,ComteOlden,animal,TRUE,""
Oxycheilinus celebicus,Oxycheilinus celebicus,Animalia,Chordata,Actinopterygii,,Labridae,marine,fish,ComteOlden,animal,TRUE,""
Oxycheilinus digramma,Oxycheilinus digramma,Animalia,Chordata,Actinopterygii,,Labridae,marine,fish,ComteOlden,animal,TRUE,""
Oxycheilinus unifasciatus,Oxycheilinus unifasciatus,Animalia,Chordata,Actinopterygii,,Labridae,marine,fish,ComteOlden,animal,TRUE,""
Oxyeleotris marmorata,Oxyeleotris marmorata,Animalia,Chordata,Actinopterygii,,Eleotridae,freshwater,fish,ComteOlden,animal,TRUE,""
Oxygymnocypris stewartii,Oxygymnocypris stewartii,Metazoa,Chordata,Actinopteri,Cypriniformes,Cyprinidae,freshwater,fish,ComteOlden;ThermoFresh,animal,TRUE,""
Oxyjulis californica,Oxyjulis californica,Animalia,Chordata,Actinopterygii,,Labridae,marine,fish,ComteOlden,animal,TRUE,""
Oxylapia polli,Oxylapia polli,Animalia,Chordata,Actinopterygii,,Cichlidae,freshwater,fish,ComteOlden,animal,TRUE,""
Oxymormyrus zanclirostris,Oxymormyrus zanclirostris,Animalia,Chordata,Actinopterygii,,Mormyridae,freshwater,fish,ComteOlden,animal,TRUE,""
Oxynoemacheilus bureschi,Oxynoemacheilus bureschi,Animalia,Chordata,Actinopterygii,,Balitoridae,freshwater,fish,ComteOlden,animal,TRUE,""
Oxynoemacheilus merga,Oxynoemacheilus merga,Animalia,Chordata,Actinopterygii,,Balitoridae,freshwater,fish,ComteOlden,animal,TRUE,""
Oxynoemacheilus pindus,Oxynoemacheilus pindus,Animalia,Chordata,Actinopterygii,,Balitoridae,freshwater,fish,ComteOlden,animal,TRUE,""
Paa spinosa,Paa spinosa,,Chordata,Amphibia,Anura,Dicroglossidae,"",,GlobTherm,animal,TRUE,""
Pachycara brachycephalum,Pachycara brachycephalum,,Chordata,Actinopteri,Perciformes,Zoarcidae,"",,GlobTherm,animal,TRUE,""
Pachychilon macedonicum,Pachychilon macedonicum,Animalia,Chordata,Actinopterygii,,Cyprinidae,freshwater,fish,ComteOlden,animal,TRUE,""
Pachychilon pictum,Pachychilon pictum,Animalia,Chordata,Actinopterygii,,Cyprinidae,freshwater,fish,ComteOlden,animal,TRUE,""
Pachycondyla chinensis,Pachycondyla chinensis,,Arthropoda,Insecta,Hymenoptera,Formicidae,"",,GlobTherm,animal,TRUE,""
Pachycondyla faisonensis,Pachycondyla faisonensis,,Arthropoda,Insecta,Hymenoptera,Formicidae,"",,GlobTherm,animal,TRUE,""
Pachycondyla tridentata,Pachycondyla tridentata,,Arthropoda,Insecta,Hymenoptera,Formicidae,"",,GlobTherm,animal,TRUE,""
Pachydiplax longipennis,Pachydiplax longipennis,Metazoa,Arthropoda,Insecta,Odonata,Libellulidae,freshwater,invertebrate,GlobTherm;ThermoFresh,animal,TRUE,""
Pachygrapsus marmoratus,Pachygrapsus marmoratus,Metazoa,Arthropoda,Malacostraca,Decapoda,Grapsidae,mixed,invertebrate,GlobTherm;ThermoFresh,animal,TRUE,""
Pachymedusa dacnicolor,Pachymedusa dacnicolor,,Chordata,Amphibia,Anura,Hylidae,"",,GlobTherm,animal,TRUE,""
Pachymetopon aeneum,Pachymetopon aeneum,Animalia,Chordata,Actinopterygii,,Sparidae,marine,fish,ComteOlden,animal,TRUE,""
Pachypanchax omalonotus,Pachypanchax omalonotus,Animalia,Chordata,Actinopterygii,,Aplocheilidae,freshwater,fish,ComteOlden,animal,TRUE,""
Pacifastacus leniusculus,Pacifastacus leniusculus,,Arthropoda,Malacostraca,Decapoda,Astacidae,"",,GlobTherm,animal,TRUE,""
Padogobius bonelli,Padogobius bonelli,Animalia,Chordata,Actinopterygii,,Gobiidae,freshwater,fish,ComteOlden,animal,TRUE,""
Padogobius nigricans,Padogobius nigricans,Animalia,Chordata,Actinopterygii,,Gobiidae,freshwater,fish,ComteOlden,animal,TRUE,""
Pagellus acarne,Pagellus acarne,Animalia,Chordata,Actinopterygii,,Sparidae,marine,fish,ComteOlden,animal,TRUE,""
Pagellus bellottii,Pagellus bellottii,Animalia,Chordata,Actinopterygii,,Sparidae,marine,fish,ComteOlden,animal,TRUE,""
Pagellus bogaraveo,Pagellus bogaraveo,Animalia,Chordata,Actinopterygii,,Sparidae,marine,fish,ComteOlden,animal,TRUE,""
Pagothenia borchgrevinki,Pagothenia borchgrevinki,Animalia,Chordata,Actinopterygii,,Nototheniidae,marine,fish,ComteOlden,animal,TRUE,""
Pagrus auratus,Pagrus auratus,Animalia,Chordata,Actinopterygii,,Sparidae,marine,fish,ComteOlden,animal,TRUE,""
Pagrus auriga,Pagrus auriga,Animalia,Chordata,Actinopterygii,,Sparidae,marine,fish,ComteOlden,animal,TRUE,""
Pagrus caeruleostictus,Pagrus caeruleostictus,Animalia,Chordata,Actinopterygii,,Sparidae,marine,fish,ComteOlden,animal,TRUE,""
Pagrus major,Pagrus major,Animalia,Chordata,Actinopterygii,,Sparidae,marine,fish,ComteOlden,animal,TRUE,""
Pagurus bernhardus,Pagurus bernhardus,Metazoa,Arthropoda,Malacostraca,Decapoda,Paguridae,mixed,invertebrate,ThermoFresh,animal,TRUE,""
Palaemon capensis,Palaemon capensis,Metazoa,Arthropoda,Malacostraca,Decapoda,Palaemonidae,mixed,invertebrate,ThermoFresh,animal,TRUE,""
Palaemon carinicauda,Palaemon carinicauda,Metazoa,Arthropoda,Malacostraca,Decapoda,Palaemonidae,mixed,invertebrate,ThermoFresh,animal,TRUE,""
Palaemon elegans,Palaemon elegans,Metazoa,Arthropoda,Malacostraca,Decapoda,Palaemonidae,mixed,invertebrate,GlobTherm;ThermoFresh,animal,TRUE,""
Palaemon kadiakensis,Palaemon kadiakensis,Metazoa,Arthropoda,Malacostraca,Decapoda,Palaemonidae,freshwater,invertebrate,ThermoFresh,animal,TRUE,""
Palaemon longirostris,Palaemon longirostris,Metazoa,Arthropoda,Malacostraca,Decapoda,Palaemonidae,mixed,invertebrate,GlobTherm;ThermoFresh,animal,TRUE,""
Palaemon macrodactylus,Palaemon macrodactylus,Metazoa,Arthropoda,Malacostraca,Decapoda,Palaemonidae,mixed,invertebrate,ThermoFresh,animal,TRUE,""
Palaemon northropi,Palaemon northropi,Metazoa,Arthropoda,Malacostraca,Decapoda,Palaemonidae,mixed,invertebrate,GlobTherm;ThermoFresh,animal,TRUE,""
Palaemon varians,Palaemon varians,Metazoa,Arthropoda,Malacostraca,Decapoda,Palaemonidae,mixed,invertebrate,ThermoFresh,animal,TRUE,""
Palirhoeus eatoni,Palirhoeus eatoni,,Arthropoda,Insecta,Coleoptera,Brachyceridae,"",,GlobTherm,animal,TRUE,""
Pallidochromis tokolosh,Pallidochromis tokolosh,Animalia,Chordata,Actinopterygii,,Cichlidae,freshwater,fish,ComteOlden,animal,TRUE,""
Pandorea pandorana,Pandorea pandorana,,Streptophyta,Spermatophyta,Lamiales,Bignoniaceae,"",,GlobTherm,non_animal,FALSE,Taxon is not an animal
Pangasianodon gigas,Pangasianodon gigas,Animalia,Chordata,Actinopterygii,,Pangasiidae,freshwater,fish,ComteOlden,animal,TRUE,""
Pangasianodon hypophthalmus,Pangasianodon hypophthalmus,Metazoa,Chordata,Actinopteri,Siluriformes,Pangasiidae,freshwater,fish,ComteOlden;ThermoFresh,animal,TRUE,""
Pangasius bocourti,Pangasius bocourti,Animalia,Chordata,Actinopterygii,,Pangasiidae,freshwater,fish,ComteOlden,animal,TRUE,""
Pangasius conchophilus,Pangasius conchophilus,Animalia,Chordata,Actinopterygii,,Pangasiidae,freshwater,fish,ComteOlden,animal,TRUE,""
Pangasius larnaudii,Pangasius larnaudii,Animalia,Chordata,Actinopterygii,,Pangasiidae,freshwater,fish,ComteOlden,animal,TRUE,""
Pangasius macronema,Pangasius macronema,Animalia,Chordata,Actinopterygii,,Pangasiidae,freshwater,fish,ComteOlden,animal,TRUE,""
Pangasius pangasius,Pangasius pangasius,Metazoa,Chordata,Actinopteri,Siluriformes,Pangasiidae,mixed,fish,ThermoFresh,animal,TRUE,""
Pangasius sanitwongsei,Pangasius sanitwongsei,Animalia,Chordata,Actinopterygii,,Pangasiidae,freshwater,fish,ComteOlden,animal,TRUE,""
Pangio cuneovirgata,Pangio cuneovirgata,Animalia,Chordata,Actinopterygii,,Cobitidae,freshwater,fish,ComteOlden,animal,TRUE,""
Pangio kuhlii,Pangio kuhlii,Animalia,Chordata,Actinopterygii,,Cobitidae,freshwater,fish,ComteOlden,animal,TRUE,""
Pangio pangia,Pangio pangia,Animalia,Chordata,Actinopterygii,,Cobitidae,freshwater,fish,ComteOlden,animal,TRUE,""
Pantodon buchholzi,Pantodon buchholzi,Animalia,Chordata,Actinopterygii,,Pantodontidae,freshwater,fish,ComteOlden,animal,TRUE,""
Pao leiurus,Pao leiurus,Animalia,Chordata,Actinopterygii,,Tetraodontidae,freshwater,fish,ComteOlden,animal,TRUE,""
Parablennius incognitus,Parablennius incognitus,Animalia,Chordata,Actinopterygii,,Blenniidae,marine,fish,ComteOlden,animal,TRUE,""
Parablennius marmoreus,Parablennius marmoreus,Animalia,Chordata,Actinopterygii,Perciformes,Blenniidae,marine,fish,ComteOlden;GlobTherm,animal,TRUE,""
Parablennius pilicornis,Parablennius pilicornis,Animalia,Chordata,Actinopterygii,,Blenniidae,marine,fish,ComteOlden,animal,TRUE,""
Parablennius rouxi,Parablennius rouxi,Animalia,Chordata,Actinopterygii,,Blenniidae,marine,fish,ComteOlden,animal,TRUE,""
Parablennius ruber,Parablennius ruber,Animalia,Chordata,Actinopterygii,,Blenniidae,marine,fish,ComteOlden,animal,TRUE,""
Parablennius salensis,Parablennius salensis,Animalia,Chordata,Actinopterygii,,Blenniidae,marine,fish,ComteOlden,animal,TRUE,""
Parablennius sanguinolentus,Parablennius sanguinolentus,Animalia,Chordata,Actinopterygii,,Blenniidae,marine,fish,ComteOlden,animal,TRUE,""
Parablennius tentacularis,Parablennius tentacularis,Animalia,Chordata,Actinopterygii,,Blenniidae,marine,fish,ComteOlden,animal,TRUE,""
Parablennius zvonimiri,Parablennius zvonimiri,Animalia,Chordata,Actinopterygii,,Blenniidae,marine,fish,ComteOlden,animal,TRUE,""
Parabramis pekinensis,Parabramis pekinensis,Animalia,Chordata,Actinopterygii,,Cyprinidae,freshwater,fish,ComteOlden,animal,TRUE,""
Paracalliope fluviatilis,Paracalliope fluviatilis,Metazoa,Arthropoda,Malacostraca,Amphipoda,Paracalliopiidae,freshwater,invertebrate,GlobTherm;ThermoFresh,animal,TRUE,""
Paracanthurus hepatus,Paracanthurus hepatus,Animalia,Chordata,Actinopterygii,,Acanthuridae,marine,fish,ComteOlden,animal,TRUE,""
Parachaetodon ocellatus,Parachaetodon ocellatus,Animalia,Chordata,Actinopterygii,,Chaetodontidae,marine,fish,ComteOlden,animal,TRUE,""
Paracheirodon axelrodi,Paracheirodon axelrodi,Metazoa,Chordata,Actinopteri,Characiformes,Characidae,freshwater,fish,ThermoFresh,animal,TRUE,""
Paracheirodon innesi,Paracheirodon innesi,Metazoa,Chordata,Actinopteri,Characiformes,Characidae,freshwater,fish,ThermoFresh,animal,TRUE,""
Paracheirodon simulans,Paracheirodon simulans,Metazoa,Chordata,Actinopteri,Characiformes,Characidae,freshwater,fish,ThermoFresh,animal,TRUE,""
Parachela maculicauda,Parachela maculicauda,Animalia,Chordata,Actinopterygii,,Cyprinidae,freshwater,fish,ComteOlden,animal,TRUE,""
Parachela oxygastroides,Parachela oxygastroides,Animalia,Chordata,Actinopterygii,,Cyprinidae,freshwater,fish,ComteOlden,animal,TRUE,""
Parachela siamensis,Parachela siamensis,Animalia,Chordata,Actinopterygii,,Cyprinidae,freshwater,fish,ComteOlden,animal,TRUE,""
Parachela williaminae,Parachela williaminae,Animalia,Chordata,Actinopterygii,,Cyprinidae,freshwater,fish,ComteOlden,animal,TRUE,""
Parachondrostoma arrigonis,Parachondrostoma arrigonis,Animalia,Chordata,Actinopterygii,,Cyprinidae,freshwater,fish,ComteOlden,animal,TRUE,""
Parachondrostoma miegii,Parachondrostoma miegii,Animalia,Chordata,Actinopterygii,,Cyprinidae,freshwater,fish,ComteOlden,animal,TRUE,""
Parachondrostoma toxostoma,Parachondrostoma toxostoma,Animalia,Chordata,Actinopterygii,,Cyprinidae,freshwater,fish,ComteOlden,animal,TRUE,""
Parachondrostoma turiensis,Parachondrostoma turiensis,Animalia,Chordata,Actinopterygii,,Cyprinidae,freshwater,fish,ComteOlden,animal,TRUE,""
Paractora dreuxi,Paractora dreuxi,,Arthropoda,Insecta,Diptera,Helcomyzidae,"",,GlobTherm,animal,TRUE,""
Paracyprichromis brieni,Paracyprichromis brieni,Animalia,Chordata,Actinopterygii,,Cichlidae,freshwater,fish,ComteOlden,animal,TRUE,""
Paracyprichromis nigripinnis,Paracyprichromis nigripinnis,Animalia,Chordata,Actinopterygii,,Cichlidae,freshwater,fish,ComteOlden,animal,TRUE,""
Paragnetina media,Paragnetina media,Metazoa,Arthropoda,Insecta,Plecoptera,Perlidae,freshwater,invertebrate,ThermoFresh,animal,TRUE,""
Paralabrax albomaculatus,Paralabrax albomaculatus,Animalia,Chordata,Actinopterygii,,Serranidae,marine,fish,ComteOlden,animal,TRUE,""
Paralabrax auroguttatus,Paralabrax auroguttatus,Animalia,Chordata,Actinopterygii,,Serranidae,marine,fish,ComteOlden,animal,TRUE,""
Paralabrax callaensis,Paralabrax callaensis,Animalia,Chordata,Actinopterygii,,Serranidae,marine,fish,ComteOlden,animal,TRUE,""
Paralabrax clathratus,Paralabrax clathratus,Animalia,Chordata,Actinopterygii,,Serranidae,marine,fish,ComteOlden,animal,TRUE,""
Paralabrax dewegeri,Paralabrax dewegeri,Animalia,Chordata,Actinopterygii,,Serranidae,marine,fish,ComteOlden,animal,TRUE,""
Paralabrax humeralis,Paralabrax humeralis,Animalia,Chordata,Actinopterygii,,Serranidae,marine,fish,ComteOlden,animal,TRUE,""
Paralabrax loro,Paralabrax loro,Animalia,Chordata,Actinopterygii,,Serranidae,marine,fish,ComteOlden,animal,TRUE,""
Paralabrax nebulifer,Paralabrax nebulifer,Animalia,Chordata,Actinopterygii,,Serranidae,marine,fish,ComteOlden,animal,TRUE,""
Paralaubuca typus,Paralaubuca typus,Animalia,Chordata,Actinopterygii,,Cyprinidae,freshwater,fish,ComteOlden,animal,TRUE,""
Paraleptophlebia debilis,Paraleptophlebia debilis,Metazoa,Arthropoda,Insecta,Ephemeroptera,Leptophlebiidae,freshwater,invertebrate,ThermoFresh,animal,TRUE,""
Paraleptophlebia heteronea,Paraleptophlebia heteronea,Metazoa,Arthropoda,Insecta,Ephemeroptera,Leptophlebiidae,freshwater,invertebrate,ThermoFresh,animal,TRUE,""
Paralichthys californicus,Paralichthys californicus,Metazoa,Chordata,Actinopteri,Acanthomorphata,Paralichthyidae,marine;mixed,fish,ComteOlden;ThermoFresh,animal,TRUE,""
Paralichthys lethostigma,Paralichthys lethostigma,Animalia,Chordata,Actinopterygii,,Paralichthyidae,freshwater,fish,ComteOlden,animal,TRUE,""
Paralichthys olivaceus,Paralichthys olivaceus,Animalia,Chordata,Actinopterygii,,Paralichthyidae,marine,fish,ComteOlden,animal,TRUE,""
Parambassis ranga,Parambassis ranga,Animalia,Chordata,Actinopterygii,,Ambassidae,freshwater,fish,ComteOlden,animal,TRUE,""
Parambassis wolffii,Parambassis wolffii,Animalia,Chordata,Actinopterygii,,Ambassidae,freshwater,fish,ComteOlden,animal,TRUE,""
Paramelita capensis,Paramelita capensis,Metazoa,Arthropoda,Malacostraca,Amphipoda,Paramelitidae,freshwater,invertebrate,ThermoFresh,animal,TRUE,""
Paramelita nigroculus,Paramelita nigroculus,Metazoa,Arthropoda,Malacostraca,Amphipoda,Paramelitidae,freshwater,invertebrate,ThermoFresh,animal,TRUE,""
Paramormyrops curvifrons,Paramormyrops curvifrons,Animalia,Chordata,Actinopterygii,,Mormyridae,freshwater,fish,ComteOlden,animal,TRUE,""
Paramormyrops gabonensis,Paramormyrops gabonensis,Animalia,Chordata,Actinopterygii,,Mormyridae,freshwater,fish,ComteOlden,animal,TRUE,""
Paramormyrops hopkinsi,Paramormyrops hopkinsi,Animalia,Chordata,Actinopterygii,,Mormyridae,freshwater,fish,ComteOlden,animal,TRUE,""
Paramormyrops longicaudatus,Paramormyrops longicaudatus,Animalia,Chordata,Actinopterygii,,Mormyridae,freshwater,fish,ComteOlden,animal,TRUE,""
Paranephrops planifrons,Paranephrops planifrons,Metazoa,Arthropoda,Malacostraca,Decapoda,Parastacidae,freshwater,invertebrate,ThermoFresh,animal,TRUE,""
Parapsyche apicalis,Parapsyche apicalis,Metazoa,Arthropoda,Insecta,Trichoptera,Hydropsychidae,freshwater,invertebrate,ThermoFresh,animal,TRUE,""
Parapsyche elsis,Parapsyche elsis,Metazoa,Arthropoda,Insecta,Trichoptera,Hydropsychidae,freshwater,invertebrate,ThermoFresh,animal,TRUE,""
Parasesarma catenatum,Parasesarma catenatum,Metazoa,Arthropoda,Malacostraca,Decapoda,Sesarmidae,mixed,invertebrate,ThermoFresh,animal,TRUE,""
Parasphaerichthys ocellatus,Parasphaerichthys ocellatus,Animalia,Chordata,Actinopterygii,,Osphronemidae,freshwater,fish,ComteOlden,animal,TRUE,""
Paratendipes albimanus,Paratendipes albimanus,Metazoa,Arthropoda,Insecta,Diptera,Chironomidae,freshwater,invertebrate,ThermoFresh,animal,TRUE,""
Paratrechina yambaru,Paratrechina yambaru,,Arthropoda,Insecta,Hymenoptera,Formicidae,"",,GlobTherm,animal,TRUE,""
Paratya curvirostris,Paratya curvirostris,Metazoa,Arthropoda,Malacostraca,Decapoda,Atyidae,freshwater,invertebrate,GlobTherm;ThermoFresh,animal,TRUE,""
Parauchenoglanis balayi,Parauchenoglanis balayi,Animalia,Chordata,Actinopterygii,,Claroteidae,freshwater,fish,ComteOlden,animal,TRUE,""
Parazacco spilurus,Parazacco spilurus,Animalia,Chordata,Actinopterygii,,Cyprinidae,freshwater,fish,ComteOlden,animal,TRUE,""
Parcoblatta pennsylvanica,Parcoblatta pennsylvanica,,Arthropoda,Insecta,Blattodea,Ectobiidae,"",,GlobTherm,animal,TRUE,""
Pardosa nigriceps,Pardosa nigriceps,,Arthropoda,Arachnida,Araneae,Lycosidae,"",,GlobTherm,animal,TRUE,""
Paretroplus dambabe,Paretroplus dambabe,Animalia,Chordata,Actinopterygii,,Cichlidae,freshwater,fish,ComteOlden,animal,TRUE,""
Paretroplus damii,Paretroplus damii,Animalia,Chordata,Actinopterygii,,Cichlidae,freshwater,fish,ComteOlden,animal,TRUE,""
Paretroplus kieneri,Paretroplus kieneri,Animalia,Chordata,Actinopterygii,,Cichlidae,freshwater,fish,ComteOlden,animal,TRUE,""
Paretroplus maculatus,Paretroplus maculatus,Animalia,Chordata,Actinopterygii,,Cichlidae,freshwater,fish,ComteOlden,animal,TRUE,""
Paretroplus maromandia,Paretroplus maromandia,Animalia,Chordata,Actinopterygii,,Cichlidae,freshwater,fish,ComteOlden,animal,TRUE,""
Paretroplus menarambo,Paretroplus menarambo,Animalia,Chordata,Actinopterygii,,Cichlidae,freshwater,fish,ComteOlden,animal,TRUE,""
Paretroplus nourissati,Paretroplus nourissati,Animalia,Chordata,Actinopterygii,,Cichlidae,freshwater,fish,ComteOlden,animal,TRUE,""
Paretroplus polyactis,Paretroplus polyactis,Animalia,Chordata,Actinopterygii,,Cichlidae,freshwater,fish,ComteOlden,animal,TRUE,""
Paretroplus tsimoly,Paretroplus tsimoly,Animalia,Chordata,Actinopterygii,,Cichlidae,freshwater,fish,ComteOlden,animal,TRUE,""
Pareutropius debauwi,Pareutropius debauwi,Animalia,Chordata,Actinopterygii,,Schilbeidae,freshwater,fish,ComteOlden,animal,TRUE,""
Parmelia africana,Parmelia africana,,Ascomycota,Lecanoromycetes,Lecanorineae,Parmeliaceae,"",,GlobTherm,non_animal,FALSE,Taxon is not an animal
Parmelia coreyi,Parmelia coreyi,,Ascomycota,Lecanoromycetes,Lecanorineae,Parmeliaceae,"",,GlobTherm,non_animal,FALSE,Taxon is not an animal
Parmelia schimperi,Parmelia schimperi,,Ascomycota,Lecanoromycetes,Lecanorineae,Parmeliaceae,"",,GlobTherm,non_animal,FALSE,Taxon is not an animal
Parmelia xanthotropa,Parmelia xanthotropa,,Ascomycota,Lecanoromycetes,Lecanorineae,Parmeliaceae,"",,GlobTherm,non_animal,FALSE,Taxon is not an animal
Parochlus steinenii,Parochlus steinenii,Metazoa,Arthropoda,Insecta,Diptera,Chironomidae,mixed,invertebrate,ThermoFresh,animal,TRUE,""
Parodon carrikeri,Parodon carrikeri,Metazoa,Chordata,Actinopteri,Characiformes,Parodontidae,freshwater,fish,ThermoFresh,animal,TRUE,""
Parophrys vetulus,Parophrys vetulus,Animalia,Chordata,Actinopterygii,,Pleuronectidae,marine,fish,ComteOlden,animal,TRUE,""
Paroster macrosturtensis,Paroster macrosturtensis,Metazoa,Arthropoda,Insecta,Coleoptera,Dytiscidae,freshwater,invertebrate,ThermoFresh,animal,TRUE,""
Paroster mesosturtensis,Paroster mesosturtensis,Metazoa,Arthropoda,Insecta,Coleoptera,Dytiscidae,freshwater,invertebrate,ThermoFresh,animal,TRUE,""
Paroster nigroadumbratus,Paroster nigroadumbratus,Metazoa,Arthropoda,Insecta,Coleoptera,Dytiscidae,freshwater,invertebrate,ThermoFresh,animal,TRUE,""
Parvoscincus decipiens,Parvoscincus decipiens,,Chordata,Lepidosauria,Squamata,Scincidae,"",,GlobTherm,animal,TRUE,""
Patiriella brevispina,Patiriella brevispina,,Echinodermata,Asteroidea,Valvatida,Asterinidae,"",,GlobTherm,animal,TRUE,""
Pedioplanis lineoocellata,Pedioplanis lineoocellata,,Chordata,Lepidosauria,Squamata,Lacertidae,"",,GlobTherm,animal,TRUE,""
Pegusa lascaris,Pegusa lascaris,Metazoa,Chordata,Actinopteri,Acanthomorphata,Soleidae,freshwater;mixed,fish,ComteOlden;GlobTherm;ThermoFresh,animal,TRUE,""
Pelasgus laconicus,Pelasgus laconicus,Animalia,Chordata,Actinopterygii,,Cyprinidae,freshwater,fish,ComteOlden,animal,TRUE,""
Pelasgus marathonicus,Pelasgus marathonicus,Animalia,Chordata,Actinopterygii,,Cyprinidae,freshwater,fish,ComteOlden,animal,TRUE,""
Pelasgus minutus,Pelasgus minutus,Animalia,Chordata,Actinopterygii,,Cyprinidae,freshwater,fish,ComteOlden,animal,TRUE,""
Pelasgus prespensis,Pelasgus prespensis,Animalia,Chordata,Actinopterygii,,Cyprinidae,freshwater,fish,ComteOlden,animal,TRUE,""
Pelasgus stymphalicus,Pelasgus stymphalicus,Animalia,Chordata,Actinopterygii,,Cyprinidae,freshwater,fish,ComteOlden,animal,TRUE,""
Pelecus cultratus,Pelecus cultratus,Animalia,Chordata,Actinopterygii,,Cyprinidae,freshwater,fish,ComteOlden,animal,TRUE,""
Pellia epiphylla,Pellia epiphylla,,Streptophyta,Jungermanniopsida,Pelliales,Pelliaceae,"",,GlobTherm,non_animal,FALSE,Taxon is not an animal
Pellonula vorax,Pellonula vorax,Animalia,Chordata,Actinopterygii,,Clupeidae,freshwater,fish,ComteOlden,animal,TRUE,""
Pelmatochromis buettikoferi,Pelmatochromis buettikoferi,Animalia,Chordata,Actinopterygii,,Cichlidae,freshwater,fish,ComteOlden,animal,TRUE,""
Pelmatochromis nigrofasciatus,Pelmatochromis nigrofasciatus,Animalia,Chordata,Actinopterygii,,Cichlidae,freshwater,fish,ComteOlden,animal,TRUE,""
Peltigera subcanina,Peltigera subcanina,,Ascomycota,Lecanoromycetes,Peltigerales,Peltigerineae,"",,GlobTherm,non_animal,FALSE,Taxon is not an animal
Pelvicachromis humilis,Pelvicachromis humilis,Animalia,Chordata,Actinopterygii,,Cichlidae,freshwater,fish,ComteOlden,animal,TRUE,""
Pelvicachromis pulcher,Pelvicachromis pulcher,Animalia,Chordata,Actinopterygii,,Cichlidae,freshwater,fish,ComteOlden,animal,TRUE,""
Penaeus monodon,Penaeus monodon,Metazoa,Arthropoda,Malacostraca,Decapoda,Penaeidae,mixed,invertebrate,ThermoFresh,animal,TRUE,""
Penaeus setiferus,Penaeus setiferus,Metazoa,Arthropoda,Malacostraca,Decapoda,Penaeidae,mixed,invertebrate,ThermoFresh,animal,TRUE,""
Penaeus stylirostris,Penaeus stylirostris,Metazoa,Arthropoda,Malacostraca,Decapoda,Penaeidae,mixed,invertebrate,ThermoFresh,animal,TRUE,""
Penaeus vannamei,Penaeus vannamei,Metazoa,Arthropoda,Malacostraca,Decapoda,Penaeidae,mixed,invertebrate,ThermoFresh,animal,TRUE,""
Pentapodus setosus,Pentapodus setosus,Animalia,Chordata,Actinopterygii,,Nemipteridae,marine,fish,ComteOlden,animal,TRUE,""
Perca flavescens,Perca flavescens,Animalia,Chordata,Actinopterygii,,Percidae,freshwater,fish,ComteOlden,animal,TRUE,""
Perca fluviatilis,Perca fluviatilis,Metazoa,Chordata,Actinopteri,Acanthomorphata,Percidae,freshwater;mixed,fish,ComteOlden;ThermoFresh,animal,TRUE,""
Perccottus glenii,Perccottus glenii,Animalia,Chordata,Actinopterygii,,Odontobutidae,freshwater,fish,ComteOlden,animal,TRUE,""
Percina antesella,Percina antesella,Animalia,Chordata,Actinopterygii,,Percidae,freshwater,fish,ComteOlden,animal,TRUE,""
Percina aurantiaca,Percina aurantiaca,Animalia,Chordata,Actinopterygii,,Percidae,freshwater,fish,ComteOlden,animal,TRUE,""
Percina aurolineata,Percina aurolineata,Animalia,Chordata,Actinopterygii,,Percidae,freshwater,fish,ComteOlden,animal,TRUE,""
Percina aurora,Percina aurora,Animalia,Chordata,Actinopterygii,,Percidae,freshwater,fish,ComteOlden,animal,TRUE,""
Percina austroperca,Percina austroperca,Animalia,Chordata,Actinopterygii,,Percidae,freshwater,fish,ComteOlden,animal,TRUE,""
Percina brevicauda,Percina brevicauda,Animalia,Chordata,Actinopterygii,,Percidae,freshwater,fish,ComteOlden,animal,TRUE,""
Percina burtoni,Percina burtoni,Animalia,Chordata,Actinopterygii,,Percidae,freshwater,fish,ComteOlden,animal,TRUE,""
Percina caprodes,Percina caprodes,Animalia,Chordata,Actinopterygii,,Percidae,freshwater,fish,ComteOlden,animal,TRUE,""
Percina carbonaria,Percina carbonaria,Animalia,Chordata,Actinopterygii,,Percidae,freshwater,fish,ComteOlden,animal,TRUE,""
Percina copelandi,Percina copelandi,Animalia,Chordata,Actinopterygii,,Percidae,freshwater,fish,ComteOlden,animal,TRUE,""
Percina crassa,Percina crassa,Animalia,Chordata,Actinopterygii,,Percidae,freshwater,fish,ComteOlden,animal,TRUE,""
Percina cymatotaenia,Percina cymatotaenia,Animalia,Chordata,Actinopterygii,,Percidae,freshwater,fish,ComteOlden,animal,TRUE,""
Percina evides,Percina evides,Animalia,Chordata,Actinopterygii,,Percidae,freshwater,fish,ComteOlden,animal,TRUE,""
Percina fulvitaenia,Percina fulvitaenia,Animalia,Chordata,Actinopterygii,,Percidae,freshwater,fish,ComteOlden,animal,TRUE,""
Percina gymnocephala,Percina gymnocephala,Animalia,Chordata,Actinopterygii,,Percidae,freshwater,fish,ComteOlden,animal,TRUE,""
Percina jenkinsi,Percina jenkinsi,Animalia,Chordata,Actinopterygii,,Percidae,freshwater,fish,ComteOlden,animal,TRUE,""
Percina kathae,Percina kathae,Animalia,Chordata,Actinopterygii,,Percidae,freshwater,fish,ComteOlden,animal,TRUE,""
Percina kusha,Percina kusha,Animalia,Chordata,Actinopterygii,,Percidae,freshwater,fish,ComteOlden,animal,TRUE,""
Percina lenticula,Percina lenticula,Animalia,Chordata,Actinopterygii,,Percidae,freshwater,fish,ComteOlden,animal,TRUE,""
Percina macrocephala,Percina macrocephala,Animalia,Chordata,Actinopterygii,,Percidae,freshwater,fish,ComteOlden,animal,TRUE,""
Percina macrolepida,Percina macrolepida,Animalia,Chordata,Actinopterygii,,Percidae,freshwater,fish,ComteOlden,animal,TRUE,""
Percina maculata,Percina maculata,Animalia,Chordata,Actinopterygii,,Percidae,freshwater,fish,ComteOlden,animal,TRUE,""
Percina nasuta,Percina nasuta,Animalia,Chordata,Actinopterygii,,Percidae,freshwater,fish,ComteOlden,animal,TRUE,""
Percina nevisense,Percina nevisense,Animalia,Chordata,Actinopterygii,,Percidae,freshwater,fish,ComteOlden,animal,TRUE,""
Percina nigrofasciata,Percina nigrofasciata,Animalia,Chordata,Actinopterygii,,Percidae,freshwater,fish,ComteOlden,animal,TRUE,""
Percina notogramma,Percina notogramma,Animalia,Chordata,Actinopterygii,,Percidae,freshwater,fish,ComteOlden,animal,TRUE,""
Percina oxyrhynchus,Percina oxyrhynchus,Animalia,Chordata,Actinopterygii,,Percidae,freshwater,fish,ComteOlden,animal,TRUE,""
Percina palmaris,Percina palmaris,Animalia,Chordata,Actinopterygii,,Percidae,freshwater,fish,ComteOlden,animal,TRUE,""
Percina pantherina,Percina pantherina,Animalia,Chordata,Actinopterygii,,Percidae,freshwater,fish,ComteOlden,animal,TRUE,""
Percina peltata,Percina peltata,Animalia,Chordata,Actinopterygii,,Percidae,freshwater,fish,ComteOlden,animal,TRUE,""
Percina phoxocephala,Percina phoxocephala,Animalia,Chordata,Actinopterygii,,Percidae,freshwater,fish,ComteOlden,animal,TRUE,""
Percina rex,Percina rex,Animalia,Chordata,Actinopterygii,,Percidae,freshwater,fish,ComteOlden,animal,TRUE,""
Percina roanoka,Percina roanoka,Animalia,Chordata,Actinopterygii,,Percidae,freshwater,fish,ComteOlden,animal,TRUE,""
Percina sciera,Percina sciera,Animalia,Chordata,Actinopterygii,,Percidae,freshwater,fish,ComteOlden,animal,TRUE,""
Percina shumardi,Percina shumardi,Animalia,Chordata,Actinopterygii,,Percidae,freshwater,fish,ComteOlden,animal,TRUE,""
Percina sipsi,Percina sipsi,Animalia,Chordata,Actinopterygii,,Percidae,freshwater,fish,ComteOlden,animal,TRUE,""
Percina smithvanizi,Percina smithvanizi,Animalia,Chordata,Actinopterygii,,Percidae,freshwater,fish,ComteOlden,animal,TRUE,""
Percina squamata,Percina squamata,Animalia,Chordata,Actinopterygii,,Percidae,freshwater,fish,ComteOlden,animal,TRUE,""
Percina stictogaster,Percina stictogaster,Animalia,Chordata,Actinopterygii,,Percidae,freshwater,fish,ComteOlden,animal,TRUE,""
Percina suttkusi,Percina suttkusi,Animalia,Chordata,Actinopterygii,,Percidae,freshwater,fish,ComteOlden,animal,TRUE,""
Percina tanasi,Percina tanasi,Animalia,Chordata,Actinopterygii,,Percidae,freshwater,fish,ComteOlden,animal,TRUE,""
Percina uranidea,Percina uranidea,Animalia,Chordata,Actinopterygii,,Percidae,freshwater,fish,ComteOlden,animal,TRUE,""
Percina vigil,Percina vigil,Animalia,Chordata,Actinopterygii,,Percidae,freshwater,fish,ComteOlden,animal,TRUE,""
Percocypris tchangi,Percocypris tchangi,Animalia,Chordata,Actinopterygii,,Cyprinidae,freshwater,fish,ComteOlden,animal,TRUE,""
Percopsis omiscomaycus,Percopsis omiscomaycus,Animalia,Chordata,Actinopterygii,,Percopsidae,freshwater,fish,ComteOlden,animal,TRUE,""
Percopsis transmontana,Percopsis transmontana,Animalia,Chordata,Actinopterygii,,Percopsidae,freshwater,fish,ComteOlden,animal,TRUE,""
Periophthalmus argentilineatus,Periophthalmus argentilineatus,Metazoa,Chordata,Actinopteri,Acanthomorphata,Gobiidae,marine;mixed,fish,ComteOlden;ThermoFresh,animal,TRUE,""
Periophthalmus barbarus,Periophthalmus barbarus,Animalia,Chordata,Actinopterygii,,Gobiidae,freshwater,fish,ComteOlden,animal,TRUE,""
Periophthalmus kalolo,Periophthalmus kalolo,Metazoa,Chordata,Actinopteri,Acanthomorphata,Gobiidae,mixed,fish,GlobTherm;ThermoFresh,animal,TRUE,""
Perissodus eccentricus,Perissodus eccentricus,Animalia,Chordata,Actinopterygii,,Cichlidae,freshwater,fish,ComteOlden,animal,TRUE,""
Perissodus microlepis,Perissodus microlepis,Animalia,Chordata,Actinopterygii,,Cichlidae,freshwater,fish,ComteOlden,animal,TRUE,""
Pethia conchonius,Pethia conchonius,Metazoa,Chordata,Actinopteri,Cypriniformes,Cyprinidae,freshwater,fish,ComteOlden;ThermoFresh,animal,TRUE,""
Pethia gelius,Pethia gelius,Animalia,Chordata,Actinopterygii,,Cyprinidae,freshwater,fish,ComteOlden,animal,TRUE,""
Pethia phutunio,Pethia phutunio,Animalia,Chordata,Actinopterygii,,Cyprinidae,freshwater,fish,ComteOlden,animal,TRUE,""
Pethia ticto,Pethia ticto,Animalia,Chordata,Actinopterygii,,Cyprinidae,freshwater,fish,ComteOlden,animal,TRUE,""
Petrocephalus balayi,Petrocephalus balayi,Animalia,Chordata,Actinopterygii,,Mormyridae,freshwater,fish,ComteOlden,animal,TRUE,""
Petrocephalus binotatus,Petrocephalus binotatus,Animalia,Chordata,Actinopterygii,,Mormyridae,freshwater,fish,ComteOlden,animal,TRUE,""
Petrocephalus christyi,Petrocephalus christyi,Animalia,Chordata,Actinopterygii,,Mormyridae,freshwater,fish,ComteOlden,animal,TRUE,""
Petrocephalus grandoculis,Petrocephalus grandoculis,Animalia,Chordata,Actinopterygii,,Mormyridae,freshwater,fish,ComteOlden,animal,TRUE,""
Petrocephalus microphthalmus,Petrocephalus microphthalmus,Animalia,Chordata,Actinopterygii,,Mormyridae,freshwater,fish,ComteOlden,animal,TRUE,""
Petrocephalus pallidomaculatus,Petrocephalus pallidomaculatus,Animalia,Chordata,Actinopterygii,,Mormyridae,freshwater,fish,ComteOlden,animal,TRUE,""
Petrocephalus sauvagii,Petrocephalus sauvagii,Animalia,Chordata,Actinopterygii,,Mormyridae,freshwater,fish,ComteOlden,animal,TRUE,""
Petrocephalus simus,Petrocephalus simus,Animalia,Chordata,Actinopterygii,,Mormyridae,freshwater,fish,ComteOlden,animal,TRUE,""
Petrocephalus soudanensis,Petrocephalus soudanensis,Animalia,Chordata,Actinopterygii,,Mormyridae,freshwater,fish,ComteOlden,animal,TRUE,""
Petrocephalus sullivani,Petrocephalus sullivani,Animalia,Chordata,Actinopterygii,,Mormyridae,freshwater,fish,ComteOlden,animal,TRUE,""
Petrochromis famula,Petrochromis famula,Animalia,Chordata,Actinopterygii,,Cichlidae,freshwater,fish,ComteOlden,animal,TRUE,""
Petrochromis orthognathus,Petrochromis orthognathus,Animalia,Chordata,Actinopterygii,,Cichlidae,freshwater,fish,ComteOlden,animal,TRUE,""
Petrochromis polyodon,Petrochromis polyodon,Animalia,Chordata,Actinopterygii,,Cichlidae,freshwater,fish,ComteOlden,animal,TRUE,""
Petrochromis trewavasae,Petrochromis trewavasae,Animalia,Chordata,Actinopterygii,,Cichlidae,freshwater,fish,ComteOlden,animal,TRUE,""
Petroleuciscus borysthenicus,Petroleuciscus borysthenicus,Animalia,Chordata,Actinopterygii,,Cyprinidae,freshwater,fish,ComteOlden,animal,TRUE,""
Petrolisthes armatus,Petrolisthes armatus,Metazoa,Arthropoda,Malacostraca,Decapoda,Porcellanidae,mixed,invertebrate,ThermoFresh,animal,TRUE,""
Petrolisthes cabrilloi,Petrolisthes cabrilloi,,Arthropoda,Malacostraca,Decapoda,Porcellanidae,"",,GlobTherm,animal,TRUE,""
Petrolisthes cinctipes,Petrolisthes cinctipes,Metazoa,Arthropoda,Malacostraca,Decapoda,Porcellanidae,mixed,invertebrate,GlobTherm;ThermoFresh,animal,TRUE,""
Petrolisthes eriomerus,Petrolisthes eriomerus,,Arthropoda,Malacostraca,Decapoda,Porcellanidae,"",,GlobTherm,animal,TRUE,""
Petrolisthes gracilis,Petrolisthes gracilis,,Arthropoda,Malacostraca,Decapoda,Porcellanidae,"",,GlobTherm,animal,TRUE,""
Petrolisthes hirtipes,Petrolisthes hirtipes,,Arthropoda,Malacostraca,Decapoda,Porcellanidae,"",,GlobTherm,animal,TRUE,""
Petrolisthes manimaculis,Petrolisthes manimaculis,,Arthropoda,Malacostraca,Decapoda,Porcellanidae,"",,GlobTherm,animal,TRUE,""
Petromyzon marinus,Petromyzon marinus,Metazoa,Chordata,,Petromyzontiformes,Petromyzontidae,mixed,fish,ThermoFresh,animal,TRUE,""
Petrosaurus mearnsi,Petrosaurus mearnsi,,Chordata,Lepidosauria,Squamata,Phrynosomatidae,"",,GlobTherm,animal,TRUE,""
Petrothrincus circularis,Petrothrincus circularis,Metazoa,Arthropoda,Insecta,Trichoptera,Petrothrincidae,freshwater,invertebrate,ThermoFresh,animal,TRUE,""
Petrus rupestris,Petrus rupestris,Animalia,Chordata,Actinopterygii,,Sparidae,marine,fish,ComteOlden,animal,TRUE,""
Phagocata gracilis,Phagocata gracilis,Metazoa,Platyhelminthes,Rhabditophora,Seriata,Planariidae,freshwater,invertebrate,ThermoFresh,animal,TRUE,""
Phalacronotus apogon,Phalacronotus apogon,Animalia,Chordata,Actinopterygii,,Siluridae,freshwater,fish,ComteOlden,animal,TRUE,""
Phalacronotus bleekeri,Phalacronotus bleekeri,Animalia,Chordata,Actinopterygii,,Siluridae,freshwater,fish,ComteOlden,animal,TRUE,""
Pharyngochromis acuticeps,Pharyngochromis acuticeps,Animalia,Chordata,Actinopterygii,,Cichlidae,freshwater,fish,ComteOlden,animal,TRUE,""
Pheidole noda,Pheidole noda,,Arthropoda,Insecta,Hymenoptera,Formicidae,"",,GlobTherm,animal,TRUE,""
Pheidole pallldula,Pheidole pallldula,,Arthropoda,Insecta,Hymenoptera,Formicidae,"",,GlobTherm,animal,TRUE,""
Pheidole tenuinodis,Pheidole tenuinodis,,Arthropoda,Insecta,Hymenoptera,Formicidae,"",,GlobTherm,animal,TRUE,""
Phenacobius catostomus,Phenacobius catostomus,Animalia,Chordata,Actinopterygii,,Cyprinidae,freshwater,fish,ComteOlden,animal,TRUE,""
Phenacobius crassilabrum,Phenacobius crassilabrum,Animalia,Chordata,Actinopterygii,,Cyprinidae,freshwater,fish,ComteOlden,animal,TRUE,""
Phenacobius mirabilis,Phenacobius mirabilis,Metazoa,Chordata,Actinopteri,Cypriniformes,Cyprinidae,freshwater,fish,ComteOlden;GlobTherm;ThermoFresh,animal,TRUE,""
Phenacobius teretulus,Phenacobius teretulus,Animalia,Chordata,Actinopterygii,,Cyprinidae,freshwater,fish,ComteOlden,animal,TRUE,""
Phenacobius uranops,Phenacobius uranops,Animalia,Chordata,Actinopterygii,,Cyprinidae,freshwater,fish,ComteOlden,animal,TRUE,""
Phenacogrammus ansorgii,Phenacogrammus ansorgii,Animalia,Chordata,Actinopterygii,,Alestidae,freshwater,fish,ComteOlden,animal,TRUE,""
Phenacogrammus aurantiacus,Phenacogrammus aurantiacus,Animalia,Chordata,Actinopterygii,,Alestidae,freshwater,fish,ComteOlden,animal,TRUE,""
Phenacogrammus interruptus,Phenacogrammus interruptus,Animalia,Chordata,Actinopterygii,,Alestidae,freshwater,fish,ComteOlden,animal,TRUE,""
Philautus surdus,Philautus surdus,,Chordata,Amphibia,Anura,Rhacophoridae,"",,GlobTherm,animal,TRUE,""
Philodromus aureolus,Philodromus aureolus,,Arthropoda,Arachnida,Araneae,Philodromidae,"",,GlobTherm,animal,TRUE,""
Philoria frosti,Philoria frosti,,Chordata,Amphibia,Anura,Myobatrachidae,"",,GlobTherm,animal,TRUE,""
Philoria loveridgei,Philoria loveridgei,,Chordata,Amphibia,Anura,Myobatrachidae,"",,GlobTherm,animal,TRUE,""
Philoria sphagnicola,Philoria sphagnicola,,Chordata,Amphibia,Anura,Myobatrachidae,"",,GlobTherm,animal,TRUE,""
Phoenix canariensis,Phoenix canariensis,,Streptophyta,Spermatophyta,Arecales,Arecaceae,"",,GlobTherm,non_animal,FALSE,Taxon is not an animal
Pholis ornata,Pholis ornata,Animalia,Chordata,Actinopterygii,,Pholidae,marine,fish,ComteOlden,animal,TRUE,""
Phoxinellus alepidotus,Phoxinellus alepidotus,Animalia,Chordata,Actinopterygii,,Cyprinidae,freshwater,fish,ComteOlden,animal,TRUE,""
Phoxinellus dalmaticus,Phoxinellus dalmaticus,Animalia,Chordata,Actinopterygii,,Cyprinidae,freshwater,fish,ComteOlden,animal,TRUE,""
Phoxinellus pseudalepidotus,Phoxinellus pseudalepidotus,Animalia,Chordata,Actinopterygii,,Cyprinidae,freshwater,fish,ComteOlden,animal,TRUE,""
Phoxinus bigerri,Phoxinus bigerri,Animalia,Chordata,Actinopterygii,,Cyprinidae,freshwater,fish,ComteOlden,animal,TRUE,""
Phoxinus erythrogaster,Phoxinus erythrogaster,,Chordata,Actinopteri,Cypriniformes,Cyprinidae,"",,GlobTherm,animal,TRUE,""
Phoxinus oxycephalus,Phoxinus oxycephalus,Metazoa,Chordata,Actinopteri,Cypriniformes,Cyprinidae,freshwater,fish,ThermoFresh,animal,TRUE,""
Phoxinus phoxinus,Phoxinus phoxinus,Animalia,Chordata,Actinopterygii,,Cyprinidae,freshwater,fish,ComteOlden,animal,TRUE,""
Phractura longicauda,Phractura longicauda,Animalia,Chordata,Actinopterygii,,Amphiliidae,freshwater,fish,ComteOlden,animal,TRUE,""
Phrurolithus festivus,Phrurolithus festivus,,Arthropoda,Arachnida,Araneae,Corinnidae,"",,GlobTherm,animal,TRUE,""
Phrynosoma cornutum,Phrynosoma cornutum,,Chordata,Lepidosauria,Squamata,Iguanidae,"",,GlobTherm,animal,TRUE,""
Phrynosoma coronatum,Phrynosoma coronatum,,Chordata,Lepidosauria,Squamata,Iguanidae,"",,GlobTherm,animal,TRUE,""
Phrynosoma douglassii,Phrynosoma douglassii,,Chordata,Lepidosauria,Squamata,Iguanidae,"",,GlobTherm,animal,TRUE,""
Phrynosoma platyrhinos,Phrynosoma platyrhinos,,Chordata,Lepidosauria,Squamata,Iguanidae,"",,GlobTherm,animal,TRUE,""
Phygelius aequalis,Phygelius aequalis,,Streptophyta,Spermatophyta,Lamiales,Scrophulariaceae,"",,GlobTherm,non_animal,FALSE,Taxon is not an animal
Phygelius capensis,Phygelius capensis,,Streptophyta,Spermatophyta,Lamiales,Scrophulariaceae,"",,GlobTherm,non_animal,FALSE,Taxon is not an animal
Phyllachne colensoi,Phyllachne colensoi,,Streptophyta,Spermatophyta,Asterales,Stylidiaceae,"",,GlobTherm,non_animal,FALSE,Taxon is not an animal
Phyllocladus alpinus,Phyllocladus alpinus,,Streptophyta,Spermatophyta,Araucariales,Podocarpaceae,"",,GlobTherm,non_animal,FALSE,Taxon is not an animal
Phyllocladus aspleniifolius,Phyllocladus aspleniifolius,,Streptophyta,Spermatophyta,Araucariales,Podocarpaceae,"",,GlobTherm,non_animal,FALSE,Taxon is not an animal
Phyllonemus typus,Phyllonemus typus,Animalia,Chordata,Actinopterygii,,Claroteidae,freshwater,fish,ComteOlden,animal,TRUE,""
Phyllorhynchus decurtatus,Phyllorhynchus decurtatus,,Chordata,Lepidosauria,Squamata,Colubridae,"",,GlobTherm,animal,TRUE,""
Phymaturus antofagastensis,Phymaturus antofagastensis,,Chordata,Lepidosauria,Squamata,Iguanidae,"",,GlobTherm,animal,TRUE,""
Phymaturus dorsimaculatus,Phymaturus dorsimaculatus,,Chordata,Lepidosauria,Squamata,Iguanidae,"",,GlobTherm,animal,TRUE,""
Phymaturus indistinctus,Phymaturus indistinctus,,Chordata,Lepidosauria,Squamata,Iguanidae,"",,GlobTherm,animal,TRUE,""
Phymaturus palluma,Phymaturus palluma,,Chordata,Lepidosauria,Squamata,Iguanidae,"",,GlobTherm,animal,TRUE,""
Phymaturus patagonicus,Phymaturus patagonicus,,Chordata,Lepidosauria,Squamata,Iguanidae,"",,GlobTherm,animal,TRUE,""
Phymaturus somuncurensis,Phymaturus somuncurensis,,Chordata,Lepidosauria,Squamata,Iguanidae,"",,GlobTherm,animal,TRUE,""
Phymaturus tenebrosus,Phymaturus tenebrosus,,Chordata,Lepidosauria,Squamata,Iguanidae,"",,GlobTherm,animal,TRUE,""
Phymaturus zapalensis,Phymaturus zapalensis,,Chordata,Lepidosauria,Squamata,Iguanidae,"",,GlobTherm,animal,TRUE,""
Physa acuta,Physa acuta,Metazoa,Mollusca,Gastropoda,Hygrophila,Physidae,freshwater,invertebrate,ThermoFresh,animal,TRUE,""
Physa fontinalis,Physa fontinalis,Metazoa,Mollusca,Gastropoda,Hygrophila,Physidae,freshwater,invertebrate,ThermoFresh,animal,TRUE,""
Physadesmia globosa,Physadesmia globosa,,Arthropoda,Insecta,Coleoptera,Tenebrionidae,"",,GlobTherm,animal,TRUE,""
Piabina thomasi,Piabina thomasi,Metazoa,Chordata,Actinopteri,Characiformes,Characidae,freshwater,fish,ThermoFresh,animal,TRUE,""
Piaractus brachypomus,Piaractus brachypomus,Metazoa,Chordata,Actinopteri,Characiformes,Serrasalmidae,freshwater,fish,ThermoFresh,animal,TRUE,""
Piaractus mesopotamicus,Piaractus mesopotamicus,Metazoa,Chordata,Actinopteri,Characiformes,Serrasalmidae,freshwater,fish,ThermoFresh,animal,TRUE,""
Pictilabrus laticlavius,Pictilabrus laticlavius,Animalia,Chordata,Actinopterygii,,Labridae,marine,fish,ComteOlden,animal,TRUE,""
Pimephales notatus,Pimephales notatus,Metazoa,Chordata,Actinopteri,Cypriniformes,Cyprinidae,freshwater,fish,ComteOlden;GlobTherm;ThermoFresh,animal,TRUE,""
Pimephales promelas,Pimephales promelas,Metazoa,Chordata,Actinopteri,Cypriniformes,Cyprinidae,freshwater,fish,ComteOlden;GlobTherm;ThermoFresh,animal,TRUE,""
Pimephales tenellus,Pimephales tenellus,Animalia,Chordata,Actinopterygii,,Cyprinidae,freshwater,fish,ComteOlden,animal,TRUE,""
Pimephales vigilax,Pimephales vigilax,Metazoa,Chordata,Actinopteri,Cypriniformes,Cyprinidae,freshwater,fish,ComteOlden;GlobTherm;ThermoFresh,animal,TRUE,""
Pinoyscincus abdictus,Pinoyscincus abdictus,,Chordata,Lepidosauria,Squamata,Scincidae,"",,GlobTherm,animal,TRUE,""
Pinoyscincus jagori,Pinoyscincus jagori,,Chordata,Lepidosauria,Squamata,Scincidae,"",,GlobTherm,animal,TRUE,""
Pinus contorta,Pinus contorta,,Streptophyta,Spermatophyta,Pinales,Pinaceae,"",,GlobTherm,non_animal,FALSE,Taxon is not an animal
Pinus halepensis,Pinus halepensis,,Streptophyta,Spermatophyta,Pinales,Pinaceae,"",,GlobTherm,non_animal,FALSE,Taxon is not an animal
Pinus nigra,Pinus nigra,,Streptophyta,Spermatophyta,Pinales,Pinaceae,"",,GlobTherm,non_animal,FALSE,Taxon is not an animal
Pittosporum eugenioides,Pittosporum eugenioides,,Streptophyta,Spermatophyta,Apiales,Pittosporaceae,"",,GlobTherm,non_animal,FALSE,Taxon is not an animal
Pittosporum tenuifolium,Pittosporum tenuifolium,,Streptophyta,Spermatophyta,Apiales,Pittosporaceae,"",,GlobTherm,non_animal,FALSE,Taxon is not an animal
Pituophis catenifer,Pituophis catenifer,,Chordata,Lepidosauria,Squamata,Colubridae,"",,GlobTherm,animal,TRUE,""
Placidochromis polli,Placidochromis polli,Animalia,Chordata,Actinopterygii,,Cichlidae,freshwater,fish,ComteOlden,animal,TRUE,""
Placocheilus cryptonemus,Placocheilus cryptonemus,Animalia,Chordata,Actinopterygii,,Cyprinidae,freshwater,fish,ComteOlden,animal,TRUE,""
Plagiognathops microlepis,Plagiognathops microlepis,Animalia,Chordata,Actinopterygii,,Cyprinidae,freshwater,fish,ComteOlden,animal,TRUE,""
Plagiolepis pygmaea,Plagiolepis pygmaea,,Arthropoda,Insecta,Hymenoptera,Formicidae,"",,GlobTherm,animal,TRUE,""
Plagiomnium acutum,Plagiomnium acutum,,Streptophyta,Bryopsida,Bryales,Mniaceae,"",,GlobTherm,non_animal,FALSE,Taxon is not an animal
Plagiomnium affine,Plagiomnium affine,,Streptophyta,Bryopsida,Bryales,Mniaceae,"",,GlobTherm,non_animal,FALSE,Taxon is not an animal
Plagiomnium undulatum,Plagiomnium undulatum,,Streptophyta,Bryopsida,Bryales,Mniaceae,"",,GlobTherm,non_animal,FALSE,Taxon is not an animal
Plagiotremus azaleus,Plagiotremus azaleus,,Chordata,Actinopteri,Perciformes,Blenniidae,"",,GlobTherm,animal,TRUE,""
Plagopterus argentissimus,Plagopterus argentissimus,Metazoa,Chordata,Actinopteri,Cypriniformes,Cyprinidae,freshwater,fish,ComteOlden;ThermoFresh,animal,TRUE,""
Planiliza haematocheilus,Planiliza haematocheilus,Metazoa,Chordata,Actinopteri,Acanthomorphata,Mugilidae,mixed,fish,ThermoFresh,animal,TRUE,""
Planiliza subviridis,Planiliza subviridis,Metazoa,Chordata,Actinopteri,Acanthomorphata,Mugilidae,mixed,fish,ThermoFresh,animal,TRUE,""
Planorbarius corneus,Planorbarius corneus,Metazoa,Mollusca,Gastropoda,Hygrophila,Planorbidae,freshwater,invertebrate,ThermoFresh,animal,TRUE,""
Planorbis carinatus,Planorbis carinatus,Metazoa,Mollusca,Gastropoda,Hygrophila,Planorbidae,freshwater,invertebrate,ThermoFresh,animal,TRUE,""
Planorbis planorbis,Planorbis planorbis,Metazoa,Mollusca,Gastropoda,Hygrophila,Planorbidae,freshwater,invertebrate,ThermoFresh,animal,TRUE,""
Platichthys flesus,Platichthys flesus,Animalia,Chordata,Actinopterygii,Acanthomorphata,Pleuronectidae,freshwater;mixed,fish,ComteOlden;GlobTherm;ThermoFresh,animal,TRUE,""
Platygobio gracilis,Platygobio gracilis,Animalia,Chordata,Actinopterygii,,Cyprinidae,freshwater,fish,ComteOlden,animal,TRUE,""
Platymantis banahao,Platymantis banahao,,Chordata,Amphibia,Anura,Ceratobatrachidae,"",,GlobTherm,animal,TRUE,""
Platymantis corrugatus,Platymantis corrugatus,,Chordata,Amphibia,Anura,Ceratobatrachidae,"",,GlobTherm,animal,TRUE,""
Platymantis dorsalis,Platymantis dorsalis,,Chordata,Amphibia,Anura,Ceratobatrachidae,"",,GlobTherm,animal,TRUE,""
Platymantis luzonensis,Platymantis luzonensis,,Chordata,Amphibia,Anura,Ceratobatrachidae,"",,GlobTherm,animal,TRUE,""
Platysaurus intermedius,Platysaurus intermedius,,Chordata,Lepidosauria,Squamata,Cordylidae,"",,GlobTherm,animal,TRUE,""
Plecodus elaviae,Plecodus elaviae,Animalia,Chordata,Actinopterygii,,Cichlidae,freshwater,fish,ComteOlden,animal,TRUE,""
Plecodus multidentatus,Plecodus multidentatus,Animalia,Chordata,Actinopterygii,,Cichlidae,freshwater,fish,ComteOlden,animal,TRUE,""
Plecodus paradoxus,Plecodus paradoxus,Animalia,Chordata,Actinopterygii,,Cichlidae,freshwater,fish,ComteOlden,animal,TRUE,""
Plecodus straeleni,Plecodus straeleni,Animalia,Chordata,Actinopterygii,,Cichlidae,freshwater,fish,ComteOlden,animal,TRUE,""
Plecoglossus altivelis,Plecoglossus altivelis altivelis,Animalia,Chordata,Actinopterygii,,Plecoglossidae,freshwater,fish,ComteOlden,animal,TRUE,""
Plestiodon chinensis,Plestiodon chinensis,,Chordata,Lepidosauria,Squamata,Scincidae,"",,GlobTherm,animal,TRUE,""
Plestiodon elegans,Plestiodon elegans,,Chordata,Lepidosauria,Squamata,Scincidae,"",,GlobTherm,animal,TRUE,""
Plestiodon gilberti,Plestiodon gilberti,,Chordata,Lepidosauria,Squamata,Scincidae,"",,GlobTherm,animal,TRUE,""
Plestiodon obsoletus,Plestiodon obsoletus,,Chordata,Lepidosauria,Squamata,Scincidae,"",,GlobTherm,animal,TRUE,""
Plestiodon skiltonianus,Plestiodon skiltonianus,,Chordata,Lepidosauria,Squamata,Scincidae,"",,GlobTherm,animal,TRUE,""
Plethodon glutinosus,Plethodon glutinosus,,Chordata,Amphibia,Caudata,Plethodontidae,"",,GlobTherm,animal,TRUE,""
Pleurocera semicarinata,Pleurocera semicarinata,Metazoa,Mollusca,Gastropoda,,Pleuroceridae,freshwater,invertebrate,ThermoFresh,animal,TRUE,""
Pleuronectes platessa,Pleuronectes platessa,Animalia,Chordata,Actinopterygii,Acanthomorphata,Pleuronectidae,freshwater;mixed,fish,ComteOlden;ThermoFresh,animal,TRUE,""
Pleuronectus platessa,pleuronectus platessa,,Chordata,Actinopteri,Pleuronectiformes,Pleuronectidae,"",,GlobTherm,animal,TRUE,""
Plotosus lineatus,Plotosus lineatus,Animalia,Chordata,Actinopterygii,,Plotosidae,marine,fish,ComteOlden,animal,TRUE,""
Poa colensoi,Poa colensoi,,Streptophyta,Spermatophyta,Poales,Poaceae,"",,GlobTherm,non_animal,FALSE,Taxon is not an animal
Poa pygmaea,Poa pygmaea,,Streptophyta,Spermatophyta,Poales,Poaceae,"",,GlobTherm,non_animal,FALSE,Taxon is not an animal
Podacarus auberti,Podacarus auberti,,Arthropoda,Arachnida,Oribatida,Ameronothridae,"",,GlobTherm,animal,TRUE,""
Podarcis bocagei,Podarcis bocagei,,Chordata,Lepidosauria,Squamata,Lacertidae,"",,GlobTherm,animal,TRUE,""
Podarcis hispanica,Podarcis hispanica,,Chordata,Lepidosauria,Squamata,Lacertidae,"",,GlobTherm,animal,TRUE,""
Podarcis lilfordi,Podarcis lilfordi,,Chordata,Lepidosauria,Squamata,Lacertidae,"",,GlobTherm,animal,TRUE,""
Podarcis muralis,Podarcis muralis,,Chordata,Lepidosauria,Squamata,Lacertidae,"",,GlobTherm,animal,TRUE,""
Podarcis tiliguerta,Podarcis tiliguerta,,Chordata,Lepidosauria,Squamata,Lacertidae,"",,GlobTherm,animal,TRUE,""
Podocarpus henkelii,Podocarpus henkelii,,Streptophyta,Spermatophyta,Araucariales,Podocarpaceae,"",,GlobTherm,non_animal,FALSE,Taxon is not an animal
Podocarpus latifolius,Podocarpus latifolius,,Streptophyta,Spermatophyta,Araucariales,Podocarpaceae,"",,GlobTherm,non_animal,FALSE,Taxon is not an animal
Podocarpus nivalis,Podocarpus nivalis,,Streptophyta,Spermatophyta,Araucariales,Podocarpaceae,"",,GlobTherm,non_animal,FALSE,Taxon is not an animal
Podocarpus salignus,Podocarpus salignus,,Streptophyta,Spermatophyta,Araucariales,Podocarpaceae,"",,GlobTherm,non_animal,FALSE,Taxon is not an animal
Podocarpus totara,Podocarpus totara,,Streptophyta,Spermatophyta,Araucariales,Podocarpaceae,"",,GlobTherm,non_animal,FALSE,Taxon is not an animal
Podranea ricasoliana,Podranea ricasoliana,,Streptophyta,Spermatophyta,Lamiales,Bignoniaceae,"",,GlobTherm,non_animal,FALSE,Taxon is not an animal
Poecilia caucana,Poecilia caucana,Metazoa,Chordata,Actinopteri,Acanthomorphata,Poeciliidae,freshwater,fish,ThermoFresh,animal,TRUE,""
Poecilia formosa,Poecilia formosa,Metazoa,Chordata,Actinopteri,Acanthomorphata,Poeciliidae,mixed,fish,ThermoFresh,animal,TRUE,""
Poecilia latipinna,Poecilia latipinna,Metazoa,Chordata,Actinopteri,Acanthomorphata,Poeciliidae,freshwater;mixed,fish,ComteOlden;ThermoFresh,animal,TRUE,""
Poecilia mexicana,Poecilia mexicana,Metazoa,Chordata,Actinopteri,Acanthomorphata,Poeciliidae,freshwater;mixed,fish,ComteOlden;ThermoFresh,animal,TRUE,""
Poecilia reticulata,Poecilia reticulata,Metazoa,Chordata,Actinopteri,Acanthomorphata,Poeciliidae,marine;mixed,fish,ComteOlden;ThermoFresh,animal,TRUE,""
Poecilia sphenops,Poecilia sphenops,Metazoa,Chordata,Actinopteri,Acanthomorphata,Poeciliidae,mixed,fish,GlobTherm;ThermoFresh,animal,TRUE,""
Poecilia vivipara,Poecilia vivipara,Metazoa,Chordata,Actinopteri,Acanthomorphata,Poeciliidae,mixed,fish,ThermoFresh,animal,TRUE,""
Poeciliopsis monacha,Poeciliopsis monacha,,Chordata,Actinopteri,Cyprinodontiformes,Poeciliidae,"",,GlobTherm,animal,TRUE,""
Poeciliopsis occidentalis,Poeciliopsis occidentalis,Metazoa,Chordata,Actinopteri,Acanthomorphata,Poeciliidae,freshwater,fish,ComteOlden;GlobTherm;ThermoFresh,animal,TRUE,""
Pogonichthys macrolepidotus,Pogonichthys macrolepidotus,Metazoa,Chordata,Actinopteri,Cypriniformes,Cyprinidae,freshwater;mixed,fish,ComteOlden;GlobTherm;ThermoFresh,animal,TRUE,""
Pogonomyrmex barbatus,Pogonomyrmex barbatus,,Arthropoda,Insecta,Hymenoptera,Formicidae,"",,GlobTherm,animal,TRUE,""
Pogonomyrmex californicus,Pogonomyrmex californicus,,Arthropoda,Insecta,Hymenoptera,Formicidae,"",,GlobTherm,animal,TRUE,""
Pogonomyrmex desertorum,Pogonomyrmex desertorum,,Arthropoda,Insecta,Hymenoptera,Formicidae,"",,GlobTherm,animal,TRUE,""
Pogonomyrmex rugosus,Pogonomyrmex rugosus,,Arthropoda,Insecta,Hymenoptera,Formicidae,"",,GlobTherm,animal,TRUE,""
Pollimyrus adspersus,Pollimyrus adspersus,Animalia,Chordata,Actinopterygii,,Mormyridae,freshwater,fish,ComteOlden,animal,TRUE,""
Pollimyrus castelnaui,Pollimyrus castelnaui,Animalia,Chordata,Actinopterygii,,Mormyridae,freshwater,fish,ComteOlden,animal,TRUE,""
Pollimyrus marianne,Pollimyrus marianne,Animalia,Chordata,Actinopterygii,,Mormyridae,freshwater,fish,ComteOlden,animal,TRUE,""
Pollimyrus petricolus,Pollimyrus petricolus,Animalia,Chordata,Actinopterygii,,Mormyridae,freshwater,fish,ComteOlden,animal,TRUE,""
Polyamblyodon germanum,Polyamblyodon germanum,Animalia,Chordata,Actinopterygii,,Sparidae,marine,fish,ComteOlden,animal,TRUE,""
Polycelis nigra,Polycelis nigra,Metazoa,Platyhelminthes,Rhabditophora,Seriata,Planariidae,freshwater,invertebrate,ThermoFresh,animal,TRUE,""
Polycentropsis abbreviata,Polycentropsis abbreviata,Animalia,Chordata,Actinopterygii,,Polycentridae,freshwater,fish,ComteOlden,animal,TRUE,""
Polyodon spathula,Polyodon spathula,Animalia,Chordata,Actinopterygii,,Polyodontidae,freshwater,fish,ComteOlden,animal,TRUE,""
Polypedilum australotropicus,Polypedilum australotropicus,Metazoa,Arthropoda,Insecta,Diptera,Chironomidae,freshwater,invertebrate,ThermoFresh,animal,TRUE,""
Polyrhachis bihamata,Polyrhachis bihamata,,Arthropoda,Insecta,Hymenoptera,Formicidae,"",,GlobTherm,animal,TRUE,""
Polyrhachis furcata,Polyrhachis furcata,,Arthropoda,Insecta,Hymenoptera,Formicidae,"",,GlobTherm,animal,TRUE,""
Polysteganus praeorbitalis,Polysteganus praeorbitalis,Animalia,Chordata,Actinopterygii,,Sparidae,marine,fish,ComteOlden,animal,TRUE,""
Polytrichum formosum,Polytrichum formosum,,Streptophyta,Polytrichopsida,Polytrichales,Polytrichaceae,"",,GlobTherm,non_animal,FALSE,Taxon is not an animal
Pomacanthus arcuatus,Pomacanthus arcuatus,Animalia,Chordata,Actinopterygii,,Pomacanthidae,marine,fish,ComteOlden,animal,TRUE,""
Pomacanthus imperator,Pomacanthus imperator,Animalia,Chordata,Actinopterygii,,Pomacanthidae,marine,fish,ComteOlden,animal,TRUE,""
Pomacanthus maculosus,Pomacanthus maculosus,Animalia,Chordata,Actinopterygii,,Pomacanthidae,marine,fish,ComteOlden,animal,TRUE,""
Pomacanthus navarchus,Pomacanthus navarchus,Animalia,Chordata,Actinopterygii,,Pomacanthidae,marine,fish,ComteOlden,animal,TRUE,""
Pomacanthus paru,Pomacanthus paru,Animalia,Chordata,Actinopterygii,,Pomacanthidae,marine,fish,ComteOlden,animal,TRUE,""
Pomacanthus rhomboides,Pomacanthus rhomboides,Animalia,Chordata,Actinopterygii,,Pomacanthidae,marine,fish,ComteOlden,animal,TRUE,""
Pomacanthus semicirculatus,Pomacanthus semicirculatus,Animalia,Chordata,Actinopterygii,,Pomacanthidae,marine,fish,ComteOlden,animal,TRUE,""
Pomacanthus sexstriatus,Pomacanthus sexstriatus,Animalia,Chordata,Actinopterygii,,Pomacanthidae,marine,fish,ComteOlden,animal,TRUE,""
Pomacanthus xanthometopon,Pomacanthus xanthometopon,Animalia,Chordata,Actinopterygii,,Pomacanthidae,marine,fish,ComteOlden,animal,TRUE,""
Pomacanthus zonipectus,Pomacanthus zonipectus,Animalia,Chordata,Actinopterygii,,Pomacanthidae,marine,fish,ComteOlden,animal,TRUE,""
Pomacea canaliculata,Pomacea canaliculata,Metazoa,Mollusca,Gastropoda,Architaenioglossa,Ampullariidae,freshwater,invertebrate,ThermoFresh,animal,TRUE,""
Pomacea diffusa,Pomacea diffusa,Metazoa,Mollusca,Gastropoda,Architaenioglossa,Ampullariidae,freshwater,invertebrate,ThermoFresh,animal,TRUE,""
Pomadasys argenteus,Pomadasys argenteus,Animalia,Chordata,Actinopterygii,,Haemulidae,freshwater,fish,ComteOlden,animal,TRUE,""
Pomaderris apetala,Pomaderris apetala,,Streptophyta,Spermatophyta,Rosales,Rhamnaceae,"",,GlobTherm,non_animal,FALSE,Taxon is not an animal
Pomatoschistus canestrinii,Pomatoschistus canestrinii,Animalia,Chordata,Actinopterygii,,Gobiidae,freshwater,fish,ComteOlden,animal,TRUE,""
Pomatoschistus microps,Pomatoschistus microps,Metazoa,Chordata,Actinopteri,Acanthomorphata,Gobiidae,freshwater;mixed,invertebrate,ComteOlden;ThermoFresh,animal,TRUE,""
Pomatoschistus minutus,Pomatoschistus minutus,Metazoa,Chordata,Actinopteri,Acanthomorphata,Gobiidae,marine;mixed,fish,ComteOlden;ThermoFresh,animal,TRUE,""
Pomoxis annularis,Pomoxis annularis,Animalia,Chordata,Actinopterygii,,Centrarchidae,freshwater,fish,ComteOlden,animal,TRUE,""
Pomoxis nigromaculatus,Pomoxis nigromaculatus,Animalia,Chordata,Actinopterygii,,Centrarchidae,freshwater,fish,ComteOlden,animal,TRUE,""
Ponera pennsylvanica,Ponera pennsylvanica,,Arthropoda,Insecta,Hymenoptera,Formicidae,"",,GlobTherm,animal,TRUE,""
Pontastacus leptodactylus,Pontastacus leptodactylus,Metazoa,Arthropoda,Malacostraca,Decapoda,Astacidae,freshwater,invertebrate,ThermoFresh,animal,TRUE,""
Ponticola cyrius,Ponticola cyrius,Animalia,Chordata,Actinopterygii,,Gobiidae,freshwater,fish,ComteOlden,animal,TRUE,""
Ponticola eurycephalus,Ponticola eurycephalus,Animalia,Chordata,Actinopterygii,,Gobiidae,freshwater,fish,ComteOlden,animal,TRUE,""
Ponticola gorlap,Ponticola gorlap,Animalia,Chordata,Actinopterygii,,Gobiidae,freshwater,fish,ComteOlden,animal,TRUE,""
Ponticola kessleri,Ponticola kessleri,Animalia,Chordata,Actinopterygii,,Gobiidae,freshwater,fish,ComteOlden,animal,TRUE,""
Ponticola syrman,Ponticola syrman,Animalia,Chordata,Actinopterygii,,Gobiidae,freshwater,fish,ComteOlden,animal,TRUE,""
Popenaias popeii,Popenaias popeii,Metazoa,Mollusca,Bivalvia,Unionida,Unionidae,freshwater,invertebrate,ThermoFresh,animal,TRUE,""
Potamilus alatus,Potamilus alatus,Metazoa,Mollusca,Bivalvia,Unionida,Unionidae,freshwater,invertebrate,ThermoFresh,animal,TRUE,""
Potamopyrgus antipodarum,Potamopyrgus antipodarum,Metazoa,Mollusca,Gastropoda,Littorinimorpha,Tateidae,mixed,invertebrate,GlobTherm;ThermoFresh,animal,TRUE,""
Potamothrissa obtusirostris,Potamothrissa obtusirostris,Animalia,Chordata,Actinopterygii,,Clupeidae,freshwater,fish,ComteOlden,animal,TRUE,""
Pouteria costata,Pouteria costata,,Streptophyta,Spermatophyta,Ericales,Sapotaceae,"",,GlobTherm,non_animal,FALSE,Taxon is not an animal
Premnas biaculeatus,Premnas biaculeatus,Animalia,Chordata,Actinopterygii,,Pomacentridae,marine,fish,ComteOlden,animal,TRUE,""
Prenolepis imparis,Prenolepis imparis,,Arthropoda,Insecta,Hymenoptera,Formicidae,"",,GlobTherm,animal,TRUE,""
Prinerigone vagans,Prinerigone vagans,,Arthropoda,Arachnida,Araneae,Linyphiidae,"",,GlobTherm,animal,TRUE,""
Prionurus laticlavius,Prionurus laticlavius,Animalia,Chordata,Actinopterygii,,Acanthuridae,marine,fish,ComteOlden,animal,TRUE,""
Prionurus maculatus,Prionurus maculatus,Animalia,Chordata,Actinopterygii,,Acanthuridae,marine,fish,ComteOlden,animal,TRUE,""
Prionurus microlepidotus,Prionurus microlepidotus,Animalia,Chordata,Actinopterygii,,Acanthuridae,marine,fish,ComteOlden,animal,TRUE,""
Prionurus scalprum,Prionurus scalprum,Animalia,Chordata,Actinopterygii,,Acanthuridae,marine,fish,ComteOlden,animal,TRUE,""
Pristolepis fasciata,Pristolepis fasciata,Animalia,Chordata,Actinopterygii,,Nandidae,freshwater,fish,ComteOlden,animal,TRUE,""
Pristolepis marginata,Pristolepis marginata,Animalia,Chordata,Actinopterygii,,Nandidae,freshwater,fish,ComteOlden,animal,TRUE,""
Proasellus intermedius,Proasellus intermedius,Metazoa,Arthropoda,Malacostraca,Isopoda,Asellidae,freshwater,invertebrate,ThermoFresh,animal,TRUE,""
Probarbus jullieni,Probarbus jullieni,Animalia,Chordata,Actinopterygii,,Cyprinidae,freshwater,fish,ComteOlden,animal,TRUE,""
Procambarus clarki,Procambarus clarki,,Arthropoda,Malacostraca,Decapoda,Cambaridae,"",,GlobTherm,animal,TRUE,""
Procambarus clarkii,Procambarus clarkii,Metazoa,Arthropoda,Malacostraca,Decapoda,Cambaridae,mixed,invertebrate,ThermoFresh,animal,TRUE,""
Procambarus zonangulus,Procambarus zonangulus,Metazoa,Arthropoda,Malacostraca,Decapoda,Cambaridae,freshwater,invertebrate,ThermoFresh,animal,TRUE,""
Proceratium silaceum,Proceratium silaceum,,Arthropoda,Insecta,Hymenoptera,Formicidae,"",,GlobTherm,animal,TRUE,""
Prochilodus lineatus,Prochilodus lineatus,Metazoa,Chordata,Actinopteri,Characiformes,Prochilodontidae,freshwater,fish,ThermoFresh,animal,TRUE,""
Prochilodus scrofa,Prochilodus scrofa,,Chordata,Actinopteri,Characiformes,Prochilodontidae,"",,GlobTherm,animal,TRUE,""
Procypris rabaudi,Procypris rabaudi,Metazoa,Chordata,Actinopteri,Cypriniformes,Cyprinidae,freshwater,fish,ThermoFresh,animal,TRUE,""
Prodiamesa olivacea,Prodiamesa olivacea,Metazoa,Arthropoda,Insecta,Diptera,Chironomidae,freshwater,invertebrate,ThermoFresh,animal,TRUE,""
Proformica ferreri,Proformica ferreri,,Arthropoda,Insecta,Hymenoptera,Formicidae,"",,GlobTherm,animal,TRUE,""
Proformica longiseta,Proformica longiseta,,Arthropoda,Insecta,Hymenoptera,Formicidae,"",,GlobTherm,animal,TRUE,""
Prognathodes aculeatus,Prognathodes aculeatus,Animalia,Chordata,Actinopterygii,,Chaetodontidae,marine,fish,ComteOlden,animal,TRUE,""
Prognathodes aya,Prognathodes aya,Animalia,Chordata,Actinopterygii,,Chaetodontidae,marine,fish,ComteOlden,animal,TRUE,""
Prognathodes falcifer,Prognathodes falcifer,Animalia,Chordata,Actinopterygii,,Chaetodontidae,marine,fish,ComteOlden,animal,TRUE,""
Prognathodes marcellae,Prognathodes marcellae,Animalia,Chordata,Actinopterygii,,Chaetodontidae,marine,fish,ComteOlden,animal,TRUE,""
Pronothobranchius kiyawensis,Pronothobranchius kiyawensis,Animalia,Chordata,Actinopterygii,,Nothobranchiidae,freshwater,fish,ComteOlden,animal,TRUE,""
Pronotogrammus multifasciatus,Pronotogrammus multifasciatus,Animalia,Chordata,Actinopterygii,,Serranidae,marine,fish,ComteOlden,animal,TRUE,""
Prosanthera nivea,Prosanthera nivea,,Streptophyta,Spermatophyta,Lamiales,Lamiaceae,"",,GlobTherm,non_animal,FALSE,Taxon is not an animal
Prosopium williamsoni,Prosopium williamsoni,Metazoa,Chordata,Actinopteri,Salmoniformes,Salmonidae,freshwater,fish,ThermoFresh,animal,TRUE,""
Prostoia completa,Prostoia completa,Metazoa,Arthropoda,Insecta,Plecoptera,Nemouridae,freshwater,invertebrate,ThermoFresh,animal,TRUE,""
Protea cynaroides,Protea cynaroides,,Streptophyta,Spermatophyta,Proteales,Proteaceae,"",,GlobTherm,non_animal,FALSE,Taxon is not an animal
Protea neriifolia,Protea neriifolia,,Streptophyta,Spermatophyta,Proteales,Proteaceae,"",,GlobTherm,non_animal,FALSE,Taxon is not an animal
Protea repens,Protea repens,,Streptophyta,Spermatophyta,Proteales,Proteaceae,"",,GlobTherm,non_animal,FALSE,Taxon is not an animal
Protobothrops mucrosquamatus,Protobothrops mucrosquamatus,,Chordata,Lepidosauria,Squamata,Viperidae,"",,GlobTherm,animal,TRUE,""
Protochondrostoma genei,Protochondrostoma genei,Animalia,Chordata,Actinopterygii,,Cyprinidae,freshwater,fish,ComteOlden,animal,TRUE,""
Protogobius attiti,Protogobius attiti,Animalia,Chordata,Actinopterygii,,Rhyacichthyidae,freshwater,fish,ComteOlden,animal,TRUE,""
Protomelas fenestratus,Protomelas fenestratus,Animalia,Chordata,Actinopterygii,,Cichlidae,freshwater,fish,ComteOlden,animal,TRUE,""
Protomognathus americanus,Protomognathus americanus,,Arthropoda,Insecta,Hymenoptera,Formicidae,"",,GlobTherm,animal,TRUE,""
Protosalanx chinensis,Protosalanx chinensis,Animalia,Chordata,Actinopterygii,,Salangidae,freshwater,fish,ComteOlden,animal,TRUE,""
Protothaca thaca,Protothaca thaca,,Mollusca,Bivalvia,Veneroida,Veneridae,"",,GlobTherm,animal,TRUE,""
Prumnopitys andina,Prumnopitys andina,,Streptophyta,Spermatophyta,Araucariales,Podocarpaceae,"",,GlobTherm,non_animal,FALSE,Taxon is not an animal
Prumnopitys taxifolia,Prumnopitys taxifolia,,Streptophyta,Spermatophyta,Araucariales,Podocarpaceae,"",,GlobTherm,non_animal,FALSE,Taxon is not an animal
Prunus ilicifolia,Prunus ilicifolia,,Streptophyta,Spermatophyta,Rosales,Rosaceae,"",,GlobTherm,non_animal,FALSE,Taxon is not an animal
Psammodromus algirus,Psammodromus algirus,,Chordata,Lepidosauria,Squamata,Lacertidae,"",,GlobTherm,animal,TRUE,""
Psammodromus hispanicus,Psammodromus hispanicus,,Chordata,Lepidosauria,Squamata,Lacertidae,"",,GlobTherm,animal,TRUE,""
Psectrotanypus varius,Psectrotanypus varius,Metazoa,Arthropoda,Insecta,Diptera,Chironomidae,freshwater,invertebrate,ThermoFresh,animal,TRUE,""
Pseudacris cadaverina,Pseudacris cadaverina,,Chordata,Amphibia,Anura,Hylidae,"",,GlobTherm,animal,TRUE,""
Pseudacris regilla,Pseudacris regilla,,Chordata,Amphibia,Anura,Hylidae,"",,GlobTherm,animal,TRUE,""
Pseudacris triseriata,Pseudacris triseriata,,Chordata,Amphibia,Anura,Hylidae,"",,GlobTherm,animal,TRUE,""
Pseudecheneis sulcata,Pseudecheneis sulcata,Animalia,Chordata,Actinopterygii,,Sisoridae,freshwater,fish,ComteOlden,animal,TRUE,""
Pseudechinus huttoni,Pseudechinus huttoni,,Echinodermata,Echinoidea,Temnopleuroida,Temnopleuridae,"",,GlobTherm,animal,TRUE,""
Pseudechis porphyriacus,Pseudechis porphyriacus,,Chordata,Lepidosauria,Squamata,Elapidae,"",,GlobTherm,animal,TRUE,""
Pseudemoia entrecasteauxii,Pseudemoia entrecasteauxii,,Chordata,Lepidosauria,Squamata,Scincidae,"",,GlobTherm,animal,TRUE,""
Pseudemoia spenceri,Pseudemoia spenceri,,Chordata,Lepidosauria,Squamata,Scincidae,"",,GlobTherm,animal,TRUE,""
Pseudeutropius mitchelli,Pseudeutropius mitchelli,Animalia,Chordata,Actinopterygii,,Schilbeidae,freshwater,fish,ComteOlden,animal,TRUE,""
Pseudobagrus kyphus,Pseudobagrus kyphus,Animalia,Chordata,Actinopterygii,,Bagridae,freshwater,fish,ComteOlden,animal,TRUE,""
Pseudobagrus vachellii,Pseudobagrus vachellii,Animalia,Chordata,Actinopterygii,,Bagridae,freshwater,fish,ComteOlden,animal,TRUE,""
Pseudobarbus asper,Pseudobarbus asper,Animalia,Chordata,Actinopterygii,,Cyprinidae,freshwater,fish,ComteOlden,animal,TRUE,""
Pseudobarbus burchelli,Pseudobarbus burchelli,Metazoa,Chordata,Actinopteri,Cypriniformes,Cyprinidae,freshwater,fish,ComteOlden;ThermoFresh,animal,TRUE,""
Pseudobarbus burgi,Pseudobarbus burgi,Metazoa,Chordata,Actinopteri,Cypriniformes,Cyprinidae,freshwater,fish,ComteOlden;ThermoFresh,animal,TRUE,""
Pseudobarbus phlegethon,Pseudobarbus phlegethon,Metazoa,Chordata,Actinopteri,Cypriniformes,Cyprinidae,freshwater,fish,ThermoFresh,animal,TRUE,""
Pseudobarbus quathlambae,Pseudobarbus quathlambae,Animalia,Chordata,Actinopterygii,,Cyprinidae,freshwater,fish,ComteOlden,animal,TRUE,""
Pseudobarbus tenuis,Pseudobarbus tenuis,Animalia,Chordata,Actinopterygii,,Cyprinidae,freshwater,fish,ComteOlden,animal,TRUE,""
Pseudocaranx dentex,Pseudocaranx dentex,Metazoa,Chordata,Actinopteri,Acanthomorphata,Carangidae,marine;mixed,fish,ComteOlden;ThermoFresh,animal,TRUE,""
Pseudocheilinus octotaenia,Pseudocheilinus octotaenia,Animalia,Chordata,Actinopterygii,,Labridae,marine,fish,ComteOlden,animal,TRUE,""
Pseudochondrostoma duriense,Pseudochondrostoma duriense,Animalia,Chordata,Actinopterygii,,Cyprinidae,freshwater,fish,ComteOlden,animal,TRUE,""
Pseudochondrostoma polylepis,Pseudochondrostoma polylepis,Animalia,Chordata,Actinopterygii,,Cyprinidae,freshwater,fish,ComteOlden,animal,TRUE,""
Pseudochondrostoma willkommii,Pseudochondrostoma willkommii,Animalia,Chordata,Actinopterygii,,Cyprinidae,freshwater,fish,ComteOlden,animal,TRUE,""
Pseudocordylus melanotus,Pseudocordylus melanotus,,Chordata,Lepidosauria,Squamata,Cordylidae,"",,GlobTherm,animal,TRUE,""
Pseudocoris heteroptera,Pseudocoris heteroptera,Animalia,Chordata,Actinopterygii,,Labridae,marine,fish,ComteOlden,animal,TRUE,""
Pseudocoris yamashiroi,Pseudocoris yamashiroi,Animalia,Chordata,Actinopterygii,,Labridae,marine,fish,ComteOlden,animal,TRUE,""
Pseudocrenilabrus multicolor,Pseudocrenilabrus multicolor,Metazoa,Chordata,Actinopteri,Acanthomorphata,Cichlidae,freshwater,fish,ComteOlden;ThermoFresh,animal,TRUE,""
Pseudocrenilabrus nicholsi,Pseudocrenilabrus nicholsi,Animalia,Chordata,Actinopterygii,,Cichlidae,freshwater,fish,ComteOlden,animal,TRUE,""
Pseudodax moluccanus,Pseudodax moluccanus,Animalia,Chordata,Actinopterygii,,Labridae,marine,fish,ComteOlden,animal,TRUE,""
Pseudodiamesa branickii,Pseudodiamesa branickii,Metazoa,Arthropoda,Insecta,Diptera,Chironomidae,freshwater,invertebrate,ThermoFresh,animal,TRUE,""
Pseudogobio guilinensis,Pseudogobio guilinensis,Animalia,Chordata,Actinopterygii,,Cyprinidae,freshwater,fish,ComteOlden,animal,TRUE,""
Pseudogobio vaillanti,Pseudogobio vaillanti,Animalia,Chordata,Actinopterygii,,Cyprinidae,freshwater,fish,ComteOlden,animal,TRUE,""
Pseudogobiopsis oligactis,Pseudogobiopsis oligactis,Animalia,Chordata,Actinopterygii,,Gobiidae,freshwater,fish,ComteOlden,animal,TRUE,""
Pseudogramma gregoryi,Pseudogramma gregoryi,Animalia,Chordata,Actinopterygii,,Serranidae,marine,fish,ComteOlden,animal,TRUE,""
Pseudogramma thaumasia,Pseudogramma thaumasia,Animalia,Chordata,Actinopterygii,,Serranidae,marine,fish,ComteOlden,animal,TRUE,""
Pseudogyrinocheilus prochilus,Pseudogyrinocheilus prochilus,Animalia,Chordata,Actinopterygii,,Cyprinidae,freshwater,fish,ComteOlden,animal,TRUE,""
Pseudojuloides atavai,Pseudojuloides atavai,Animalia,Chordata,Actinopterygii,,Labridae,marine,fish,ComteOlden,animal,TRUE,""
Pseudojuloides cerasinus,Pseudojuloides cerasinus,Animalia,Chordata,Actinopterygii,,Labridae,marine,fish,ComteOlden,animal,TRUE,""
Pseudolabrus gayi,Pseudolabrus gayi,Animalia,Chordata,Actinopterygii,,Labridae,marine,fish,ComteOlden,animal,TRUE,""
Pseudolais pleurotaenia,Pseudolais pleurotaenia,Animalia,Chordata,Actinopterygii,,Pangasiidae,freshwater,fish,ComteOlden,animal,TRUE,""
Pseudolaubuca sinensis,Pseudolaubuca sinensis,Animalia,Chordata,Actinopterygii,,Cyprinidae,freshwater,fish,ComteOlden,animal,TRUE,""
Pseudomystus siamensis,Pseudomystus siamensis,Animalia,Chordata,Actinopterygii,,Bagridae,freshwater,fish,ComteOlden,animal,TRUE,""
Pseudomystus stenomus,Pseudomystus stenomus,Animalia,Chordata,Actinopterygii,,Bagridae,freshwater,fish,ComteOlden,animal,TRUE,""
Pseudonaja nuchalis,Pseudonaja nuchalis,,Chordata,Lepidosauria,Squamata,Elapidae,"",,GlobTherm,animal,TRUE,""
Pseudonaja textilis,Pseudonaja textilis,,Chordata,Lepidosauria,Squamata,Elapidae,"",,GlobTherm,animal,TRUE,""
Pseudopanax arboreus,Pseudopanax arboreus,,Streptophyta,Spermatophyta,Apiales,Araliaceae,"",,GlobTherm,non_animal,FALSE,Taxon is not an animal
Pseudophoxinus alii,Pseudophoxinus alii,Animalia,Chordata,Actinopterygii,,Cyprinidae,freshwater,fish,ComteOlden,animal,TRUE,""
Pseudophoxinus anatolicus,Pseudophoxinus anatolicus,Animalia,Chordata,Actinopterygii,,Cyprinidae,freshwater,fish,ComteOlden,animal,TRUE,""
Pseudophoxinus antalyae,Pseudophoxinus antalyae,Animalia,Chordata,Actinopterygii,,Cyprinidae,freshwater,fish,ComteOlden,animal,TRUE,""
Pseudophoxinus battalgilae,Pseudophoxinus battalgilae,Animalia,Chordata,Actinopterygii,,Cyprinidae,freshwater,fish,ComteOlden,animal,TRUE,""
Pseudophoxinus callensis,Pseudophoxinus callensis,Animalia,Chordata,Actinopterygii,,Cyprinidae,freshwater,fish,ComteOlden,animal,TRUE,""
Pseudophoxinus crassus,Pseudophoxinus crassus,Animalia,Chordata,Actinopterygii,,Cyprinidae,freshwater,fish,ComteOlden,animal,TRUE,""
Pseudophoxinus egridiri,Pseudophoxinus egridiri,Animalia,Chordata,Actinopterygii,,Cyprinidae,freshwater,fish,ComteOlden,animal,TRUE,""
Pseudophoxinus handlirschi,Pseudophoxinus handlirschi,Animalia,Chordata,Actinopterygii,,Cyprinidae,freshwater,fish,ComteOlden,animal,TRUE,""
Pseudophoxinus maeandri,Pseudophoxinus maeandri,Animalia,Chordata,Actinopterygii,,Cyprinidae,freshwater,fish,ComteOlden,animal,TRUE,""
Pseudophoxinus ninae,Pseudophoxinus ninae,Animalia,Chordata,Actinopterygii,,Cyprinidae,freshwater,fish,ComteOlden,animal,TRUE,""
Pseudophoxinus punicus,Pseudophoxinus punicus,Animalia,Chordata,Actinopterygii,,Cyprinidae,freshwater,fish,ComteOlden,animal,TRUE,""
Pseudophoxinus zekayi,Pseudophoxinus zekayi,Animalia,Chordata,Actinopterygii,,Cyprinidae,freshwater,fish,ComteOlden,animal,TRUE,""
Pseudophoxinus zeregi,Pseudophoxinus zeregi,Animalia,Chordata,Actinopterygii,,Cyprinidae,freshwater,fish,ComteOlden,animal,TRUE,""
Pseudophryne bibroni,Pseudophryne bibroni,,Chordata,Amphibia,Anura,Myobatrachidae,"",,GlobTherm,animal,TRUE,""
Pseudophryne corroboree,Pseudophryne corroboree,,Chordata,Amphibia,Anura,Myobatrachidae,"",,GlobTherm,animal,TRUE,""
Pseudophryne dendyi,Pseudophryne dendyi,,Chordata,Amphibia,Anura,Myobatrachidae,"",,GlobTherm,animal,TRUE,""
Pseudopleuronectes americanus,Pseudopleuronectes americanus,Animalia,Chordata,Actinopterygii,Pleuronectiformes,Pleuronectidae,marine,fish,ComteOlden;GlobTherm,animal,TRUE,""
Pseudorasbora elongata,Pseudorasbora elongata,Animalia,Chordata,Actinopterygii,,Cyprinidae,freshwater,fish,ComteOlden,animal,TRUE,""
Pseudorasbora parva,Pseudorasbora parva,Metazoa,Chordata,Actinopteri,Cypriniformes,Cyprinidae,freshwater;mixed,fish,ComteOlden;ThermoFresh,animal,TRUE,""
Pseudoselago densifolia,Pseudoselago densifolia,,Streptophyta,Spermatophyta,Lamiales,Scrophulariaceae,"",,GlobTherm,non_animal,FALSE,Taxon is not an animal
Pseudosimochromis curvifrons,Pseudosimochromis curvifrons,Animalia,Chordata,Actinopterygii,,Cichlidae,freshwater,fish,ComteOlden,animal,TRUE,""
Pseudosphromenus cupanus,Pseudosphromenus cupanus,Animalia,Chordata,Actinopterygii,,Osphronemidae,freshwater,fish,ComteOlden,animal,TRUE,""
Pseudosphromenus dayi,Pseudosphromenus dayi,Animalia,Chordata,Actinopterygii,,Osphronemidae,freshwater,fish,ComteOlden,animal,TRUE,""
Pseudotriton ruber,Pseudotriton ruber,,Chordata,Amphibia,Caudata,Plethodontidae,"",,GlobTherm,animal,TRUE,""
Pseudotropheus demasoni,Pseudotropheus demasoni,Metazoa,Chordata,Actinopteri,Acanthomorphata,Cichlidae,freshwater,fish,ThermoFresh,animal,TRUE,""
Psilorhynchus balitora,Psilorhynchus balitora,Animalia,Chordata,Actinopterygii,,Psilorhynchidae,freshwater,fish,ComteOlden,animal,TRUE,""
Psilorhynchus homaloptera,Psilorhynchus homaloptera,Animalia,Chordata,Actinopterygii,,Psilorhynchidae,freshwater,fish,ComteOlden,animal,TRUE,""
Psilorhynchus sucatio,Psilorhynchus sucatio,Animalia,Chordata,Actinopterygii,,Psilorhynchidae,freshwater,fish,ComteOlden,animal,TRUE,""
Psoralea pinnata,Psoralea pinnata,,Streptophyta,Spermatophyta,Fabales,Fabaceae,"",,GlobTherm,non_animal,FALSE,Taxon is not an animal
Psychrophila obtusa,Psychrophila obtusa,,Streptophyta,Spermatophyta,Ranunculales,Ranunculaceae,"",,GlobTherm,non_animal,FALSE,Taxon is not an animal
Ptenopus garrulus,Ptenopus garrulus,,Chordata,Lepidosauria,Squamata,Gekkonidae,"",,GlobTherm,animal,TRUE,""
Pteragogus cryptus,Pteragogus cryptus,Animalia,Chordata,Actinopterygii,,Labridae,marine,fish,ComteOlden,animal,TRUE,""
Pteragogus enneacanthus,Pteragogus enneacanthus,Animalia,Chordata,Actinopterygii,,Labridae,marine,fish,ComteOlden,animal,TRUE,""
Pternohyla fodiens,Pternohyla fodiens,,Chordata,Amphibia,Anura,Hylidae,"",,GlobTherm,animal,TRUE,""
Pterochromis congicus,Pterochromis congicus,Animalia,Chordata,Actinopterygii,,Cichlidae,freshwater,fish,ComteOlden,animal,TRUE,""
Pterocryptis cochinchinensis,Pterocryptis cochinchinensis,Animalia,Chordata,Actinopterygii,,Siluridae,freshwater,fish,ComteOlden,animal,TRUE,""
Pterogymnus laniarius,Pterogymnus laniarius,Animalia,Chordata,Actinopterygii,,Sparidae,marine,fish,ComteOlden,animal,TRUE,""
Pterois volitans,Pterois volitans,Animalia,Chordata,Actinopterygii,,Scorpaenidae,marine,fish,ComteOlden,animal,TRUE,""
Pteronarcella badia,Pteronarcella badia,Metazoa,Arthropoda,Insecta,Plecoptera,Pteronarcyidae,freshwater,invertebrate,ThermoFresh,animal,TRUE,""
Pteronarcys californica,Pteronarcys californica,Metazoa,Arthropoda,Insecta,Plecoptera,Pteronarcyidae,freshwater,invertebrate,ThermoFresh,animal,TRUE,""
Pteronarcys dorsata,Pteronarcys dorsata,Metazoa,Arthropoda,Insecta,Plecoptera,Pteronarcyidae,freshwater,invertebrate,ThermoFresh,animal,TRUE,""
Pteronotropis euryzonus,Pteronotropis euryzonus,Animalia,Chordata,Actinopterygii,,Cyprinidae,freshwater,fish,ComteOlden,animal,TRUE,""
Pteronotropis hubbsi,Pteronotropis hubbsi,Animalia,Chordata,Actinopterygii,,Cyprinidae,freshwater,fish,ComteOlden,animal,TRUE,""
Pteronotropis hypselopterus,Pteronotropis hypselopterus,Animalia,Chordata,Actinopterygii,,Cyprinidae,freshwater,fish,ComteOlden,animal,TRUE,""
Pterophyllum scalare,Pterophyllum scalare,Metazoa,Chordata,Actinopteri,Acanthomorphata,Cichlidae,freshwater,fish,ComteOlden;ThermoFresh,animal,TRUE,""
Pterothrissus gissu,Pterothrissus gissu,Animalia,Chordata,Actinopterygii,,Albulidae,marine,fish,ComteOlden,animal,TRUE,""
Pterygoplichthys pardalis,Pterygoplichthys pardalis,Metazoa,Chordata,Actinopteri,Siluriformes,Loricariidae,freshwater,fish,ThermoFresh,animal,TRUE,""
Ptychidio jordani,Ptychidio jordani,Animalia,Chordata,Actinopterygii,,Cyprinidae,freshwater,fish,ComteOlden,animal,TRUE,""
Ptychobarbus dipogon,Ptychobarbus dipogon,Animalia,Chordata,Actinopterygii,Cypriniformes,Cyprinidae,freshwater,fish,ComteOlden;ThermoFresh,animal,TRUE,""
Ptychocheilus grandis,Ptychocheilus grandis,Animalia,Chordata,Actinopterygii,,Cyprinidae,freshwater,fish,ComteOlden,animal,TRUE,""
Ptychocheilus lucius,Ptychocheilus lucius,Animalia,Chordata,Actinopterygii,,Cyprinidae,freshwater,fish,ComteOlden,animal,TRUE,""
Ptychocheilus oregonensis,Ptychocheilus oregonensis,Animalia,Chordata,Actinopterygii,,Cyprinidae,freshwater,fish,ComteOlden,animal,TRUE,""
Ptychocheilus umpquae,Ptychocheilus umpquae,Animalia,Chordata,Actinopterygii,,Cyprinidae,freshwater,fish,ComteOlden,animal,TRUE,""
Ptychochromis grandidieri,Ptychochromis grandidieri,Animalia,Chordata,Actinopterygii,,Cichlidae,freshwater,fish,ComteOlden,animal,TRUE,""
Ptychochromis inornatus,Ptychochromis inornatus,Animalia,Chordata,Actinopterygii,,Cichlidae,freshwater,fish,ComteOlden,animal,TRUE,""
Ptychochromis oligacanthus,Ptychochromis oligacanthus,Animalia,Chordata,Actinopterygii,,Cichlidae,freshwater,fish,ComteOlden,animal,TRUE,""
Ptychochromoides betsileanus,Ptychochromoides betsileanus,Animalia,Chordata,Actinopterygii,,Cichlidae,freshwater,fish,ComteOlden,animal,TRUE,""
Ptychochromoides vondrozo,Ptychochromoides vondrozo,Animalia,Chordata,Actinopterygii,,Cichlidae,freshwater,fish,ComteOlden,animal,TRUE,""
Punctaria latifolia,Punctaria latifolia,,Phaeophyceae,Phaeophyceae,Ectocarpales,Chordariaceae,"",,GlobTherm,unresolved,FALSE,Insufficient taxonomy to verify an animal consumer
Pungitius pungitius,Pungitius pungitius,Metazoa,Chordata,Actinopteri,Acanthomorphata,Gasterosteidae,freshwater;mixed,fish,ComteOlden;ThermoFresh,animal,TRUE,""
Pungu maclareni,Pungu maclareni,Animalia,Chordata,Actinopterygii,,Cichlidae,freshwater,fish,ComteOlden,animal,TRUE,""
Puntigrus tetrazona,Puntigrus tetrazona,Metazoa,Chordata,Actinopteri,Cypriniformes,Cyprinidae,freshwater,fish,ThermoFresh,animal,TRUE,""
Puntioplites bulu,Puntioplites bulu,Animalia,Chordata,Actinopterygii,,Cyprinidae,freshwater,fish,ComteOlden,animal,TRUE,""
Puntioplites falcifer,Puntioplites falcifer,Animalia,Chordata,Actinopterygii,,Cyprinidae,freshwater,fish,ComteOlden,animal,TRUE,""
Puntioplites proctozystron,Puntioplites proctozystron,Animalia,Chordata,Actinopterygii,,Cyprinidae,freshwater,fish,ComteOlden,animal,TRUE,""
Puntioplites waandersi,Puntioplites waandersi,Animalia,Chordata,Actinopterygii,,Cyprinidae,freshwater,fish,ComteOlden,animal,TRUE,""
Puntius bimaculatus,Puntius bimaculatus,Animalia,Chordata,Actinopterygii,,Cyprinidae,freshwater,fish,ComteOlden,animal,TRUE,""
Puntius brevis,Puntius brevis,Animalia,Chordata,Actinopterygii,,Cyprinidae,freshwater,fish,ComteOlden,animal,TRUE,""
Puntius chola,Puntius chola,Animalia,Chordata,Actinopterygii,,Cyprinidae,freshwater,fish,ComteOlden,animal,TRUE,""
Puntius dorsalis,Puntius dorsalis,Animalia,Chordata,Actinopterygii,,Cyprinidae,freshwater,fish,ComteOlden,animal,TRUE,""
Puntius mahecola,Puntius mahecola,Animalia,Chordata,Actinopterygii,,Cyprinidae,freshwater,fish,ComteOlden,animal,TRUE,""
Puntius semifasciolatus,Puntius semifasciolatus,Animalia,Chordata,Actinopterygii,,Cyprinidae,freshwater,fish,ComteOlden,animal,TRUE,""
Puntius sophore,Puntius sophore,Animalia,Chordata,Actinopterygii,,Cyprinidae,freshwater,fish,ComteOlden,animal,TRUE,""
Puntius vittatus,Puntius vittatus,Animalia,Chordata,Actinopterygii,,Cyprinidae,freshwater,fish,ComteOlden,animal,TRUE,""
Pycnocentria evecta,Pycnocentria evecta,Metazoa,Arthropoda,Insecta,Trichoptera,Conoesucidae,freshwater,invertebrate,ThermoFresh,animal,TRUE,""
Pycnocentrodes aureolus,Pycnocentrodes aureolus,Metazoa,Arthropoda,Insecta,Trichoptera,Conoesucidae,freshwater,invertebrate,ThermoFresh,animal,TRUE,""
Pycnopsyche guttifera,Pycnopsyche guttifera,Metazoa,Arthropoda,Insecta,Trichoptera,Limnephilidae,freshwater,invertebrate,ThermoFresh,animal,TRUE,""
Pygocentrus nattereri,Pygocentrus nattereri,Animalia,Chordata,Actinopterygii,,Serrasalmidae,freshwater,fish,ComteOlden,animal,TRUE,""
Pygoplites diacanthus,Pygoplites diacanthus,Animalia,Chordata,Actinopterygii,,Pomacanthidae,marine,fish,ComteOlden,animal,TRUE,""
Pylodictis olivaris,Pylodictis olivaris,Animalia,Chordata,Actinopterygii,,Ictaluridae,freshwater,fish,ComteOlden,animal,TRUE,""
Pyramica rostrata,Pyramica rostrata,,Arthropoda,Insecta,Hymenoptera,Formicidae,"",,GlobTherm,animal,TRUE,""
Pyrrhulina brevis,Pyrrhulina brevis,Metazoa,Chordata,Actinopteri,Characiformes,Lebiasinidae,freshwater,fish,ThermoFresh,animal,TRUE,""
Quercus agrifolia,Quercus agrifolia,,Streptophyta,Spermatophyta,Fagales,Fagaceae,"",,GlobTherm,non_animal,FALSE,Taxon is not an animal
Quercus rubra,Quercus rubra,,Streptophyta,Spermatophyta,Fagales,Fagaceae,"",,GlobTherm,non_animal,FALSE,Taxon is not an animal
Quercus suber,Quercus suber,,Streptophyta,Spermatophyta,Fagales,Fagaceae,"",,GlobTherm,non_animal,FALSE,Taxon is not an animal
Radix balthica,Radix balthica,Metazoa,Mollusca,Gastropoda,Hygrophila,Lymnaeidae,freshwater,invertebrate,ThermoFresh,animal,TRUE,""
Raiamas bola,Raiamas bola,Animalia,Chordata,Actinopterygii,,Cyprinidae,freshwater,fish,ComteOlden,animal,TRUE,""
Raiamas buchholzi,Raiamas buchholzi,Animalia,Chordata,Actinopterygii,,Cyprinidae,freshwater,fish,ComteOlden,animal,TRUE,""
Raiamas guttatus,Raiamas guttatus,Animalia,Chordata,Actinopterygii,,Cyprinidae,freshwater,fish,ComteOlden,animal,TRUE,""
Raiamas senegalensis,Raiamas senegalensis,Animalia,Chordata,Actinopterygii,,Cyprinidae,freshwater,fish,ComteOlden,animal,TRUE,""
Ramalina maciformis,Ramalina maciformis,,Ascomycota,Lecanoromycetes,Lecanorineae,Ramalinaceae,"",,GlobTherm,non_animal,FALSE,Taxon is not an animal
Rana boyleri,Rana boyleri,,Chordata,Amphibia,Anura,Ranidae,"",,GlobTherm,animal,TRUE,""
Rana cascadae,Rana cascadae,,Chordata,Amphibia,Anura,Ranidae,"",,GlobTherm,animal,TRUE,""
Rana catesbeiana,Rana catesbeiana,,Chordata,Amphibia,Anura,Ranidae,"",,GlobTherm,animal,TRUE,""
Rana clamitans,Rana clamitans,,Chordata,Amphibia,Anura,Ranidae,"",,GlobTherm,animal,TRUE,""
Rana palmipes,Rana palmipes,,Chordata,Amphibia,Anura,Ranidae,"",,GlobTherm,animal,TRUE,""
Rana palustris,Rana palustris,,Chordata,Amphibia,Anura,Ranidae,"",,GlobTherm,animal,TRUE,""
Rana pipiens,Rana pipiens,,Chordata,Amphibia,Anura,Ranidae,"",,GlobTherm,animal,TRUE,""
Rana pretiosa,Rana pretiosa,,Chordata,Amphibia,Anura,Ranidae,"",,GlobTherm,animal,TRUE,""
Rana virgatipes,Rana virgatipes,,Chordata,Amphibia,Anura,Ranidae,"",,GlobTherm,animal,TRUE,""
Rana warszewitschii,Rana warszewitschii,,Chordata,Amphibia,Anura,Ranidae,"",,GlobTherm,animal,TRUE,""
Rankinia diemensis,Rankinia diemensis,,Chordata,Lepidosauria,Squamata,Agamidae,"",,GlobTherm,animal,TRUE,""
Raoulia grandiflora,Raoulia grandiflora,,Streptophyta,Spermatophyta,Asterales,Asteraceae,"",,GlobTherm,non_animal,FALSE,Taxon is not an animal
Raoulia hectorii,Raoulia hectorii,,Streptophyta,Spermatophyta,Asterales,Asteraceae,"",,GlobTherm,non_animal,FALSE,Taxon is not an animal
Rasbora aurotaenia,Rasbora aurotaenia,Animalia,Chordata,Actinopterygii,,Cyprinidae,freshwater,fish,ComteOlden,animal,TRUE,""
Rasbora borapetensis,Rasbora borapetensis,Animalia,Chordata,Actinopterygii,,Cyprinidae,freshwater,fish,ComteOlden,animal,TRUE,""
Rasbora caudimaculata,Rasbora caudimaculata,Metazoa,Chordata,Actinopteri,Cypriniformes,Cyprinidae,freshwater,fish,ComteOlden;ThermoFresh,animal,TRUE,""
Rasbora daniconius,Rasbora daniconius,Animalia,Chordata,Actinopterygii,,Cyprinidae,freshwater,fish,ComteOlden,animal,TRUE,""
Rasbora paviana,Rasbora paviana,Animalia,Chordata,Actinopterygii,,Cyprinidae,freshwater,fish,ComteOlden,animal,TRUE,""
Rasbora rasbora,Rasbora rasbora,Animalia,Chordata,Actinopterygii,,Cyprinidae,freshwater,fish,ComteOlden,animal,TRUE,""
Rasbora rubrodorsalis,Rasbora rubrodorsalis,Animalia,Chordata,Actinopterygii,,Cyprinidae,freshwater,fish,ComteOlden,animal,TRUE,""
Rasbora steineri,Rasbora steineri,Animalia,Chordata,Actinopterygii,,Cyprinidae,freshwater,fish,ComteOlden,animal,TRUE,""
Rasbora trilineata,Rasbora trilineata,Animalia,Chordata,Actinopterygii,,Cyprinidae,freshwater,fish,ComteOlden,animal,TRUE,""
Rasbora vulgaris,Rasbora vulgaris,Animalia,Chordata,Actinopterygii,,Cyprinidae,freshwater,fish,ComteOlden,animal,TRUE,""
Rasbosoma spilocerca,Rasbosoma spilocerca,Animalia,Chordata,Actinopterygii,,Cyprinidae,freshwater,fish,ComteOlden,animal,TRUE,""
Rastrelliger brachysoma,Rastrelliger brachysoma,Animalia,Chordata,Actinopterygii,,Scombridae,marine,fish,ComteOlden,animal,TRUE,""
Rastrelliger faughni,Rastrelliger faughni,Animalia,Chordata,Actinopterygii,,Scombridae,marine,fish,ComteOlden,animal,TRUE,""
Ratsirakia legendrei,Ratsirakia legendrei,Animalia,Chordata,Actinopterygii,,Eleotridae,freshwater,fish,ComteOlden,animal,TRUE,""
Redigobius bikolanus,Redigobius bikolanus,Animalia,Chordata,Actinopterygii,,Gobiidae,freshwater,fish,ComteOlden,animal,TRUE,""
Regina alleni,Regina alleni,,Chordata,Lepidosauria,Squamata,Colubridae,"",,GlobTherm,animal,TRUE,""
Relictus solitarius,Relictus solitarius,Animalia,Chordata,Actinopterygii,,Cyprinidae,freshwater,fish,ComteOlden,animal,TRUE,""
Reticulitermes flavipes,Reticulitermes flavipes,,Arthropoda,Insecta,Isoptera,Rhinotermitidae,"",,GlobTherm,animal,TRUE,""
Retropinna retropinna,Retropinna retropinna,Metazoa,Chordata,Actinopteri,Osmeriformes,Retropinnidae,freshwater;mixed,fish,ComteOlden;GlobTherm;ThermoFresh,animal,TRUE,""
Rhabdalestes maunensis,Rhabdalestes maunensis,Animalia,Chordata,Actinopterygii,,Alestidae,freshwater,fish,ComteOlden,animal,TRUE,""
Rhabdosargus holubi,Rhabdosargus holubi,Metazoa,Chordata,Actinopteri,Acanthomorphata,Sparidae,marine;mixed,fish,ComteOlden;ThermoFresh,animal,TRUE,""
Rhabdosargus sarba,Rhabdosargus sarba,Animalia,Chordata,Actinopterygii,,Sparidae,marine,fish,ComteOlden,animal,TRUE,""
Rhabdosargus thorpei,Rhabdosargus thorpei,Animalia,Chordata,Actinopterygii,,Sparidae,marine,fish,ComteOlden,animal,TRUE,""
Rhamnus californica,Rhamnus californica,,Streptophyta,Spermatophyta,Rosales,Rhamnaceae,"",,GlobTherm,non_animal,FALSE,Taxon is not an animal
Rhamnus crocea,Rhamnus crocea,,Streptophyta,Spermatophyta,Rosales,Rhamnaceae,"",,GlobTherm,non_animal,FALSE,Taxon is not an animal
Rhamnus prinoides,Rhamnus prinoides,,Streptophyta,Spermatophyta,Rosales,Rhamnaceae,"",,GlobTherm,non_animal,FALSE,Taxon is not an animal
Rhamphochromis esox,Rhamphochromis esox,Animalia,Chordata,Actinopterygii,,Cichlidae,freshwater,fish,ComteOlden,animal,TRUE,""
Rhamphochromis longiceps,Rhamphochromis longiceps,Animalia,Chordata,Actinopterygii,,Cichlidae,freshwater,fish,ComteOlden,animal,TRUE,""
Rhamphochromis woodi,Rhamphochromis woodi,Animalia,Chordata,Actinopterygii,,Cichlidae,freshwater,fish,ComteOlden,animal,TRUE,""
Rhaphithamnus spinosus,Rhaphithamnus spinosus,,Streptophyta,Spermatophyta,Lamiales,Verbenaceae,"",,GlobTherm,non_animal,FALSE,Taxon is not an animal
Rheocles alaotrensis,Rheocles alaotrensis,Animalia,Chordata,Actinopterygii,,Bedotiidae,freshwater,fish,ComteOlden,animal,TRUE,""
Rheocles derhami,Rheocles derhami,Animalia,Chordata,Actinopterygii,,Bedotiidae,freshwater,fish,ComteOlden,animal,TRUE,""
Rheocles lateralis,Rheocles lateralis,Animalia,Chordata,Actinopterygii,,Bedotiidae,freshwater,fish,ComteOlden,animal,TRUE,""
Rheocles vatosoa,Rheocles vatosoa,Animalia,Chordata,Actinopterygii,,Bedotiidae,freshwater,fish,ComteOlden,animal,TRUE,""
Rheocles wrightae,Rheocles wrightae,Animalia,Chordata,Actinopterygii,,Bedotiidae,freshwater,fish,ComteOlden,animal,TRUE,""
Rhinichthys atratulus,Rhinichthys atratulus,Metazoa,Chordata,Actinopteri,Cypriniformes,Cyprinidae,freshwater,fish,ComteOlden;GlobTherm;ThermoFresh,animal,TRUE,""
Rhinichthys cataractae,Rhinichthys cataractae,Metazoa,Chordata,Actinopteri,Cypriniformes,Cyprinidae,freshwater,fish,ComteOlden;GlobTherm;ThermoFresh,animal,TRUE,""
Rhinichthys cobitis,Rhinichthys cobitis,Animalia,Chordata,Actinopterygii,Cypriniformes,Cyprinidae,freshwater,fish,ComteOlden;GlobTherm,animal,TRUE,""
Rhinichthys evermanni,Rhinichthys evermanni,Animalia,Chordata,Actinopterygii,,Cyprinidae,freshwater,fish,ComteOlden,animal,TRUE,""
Rhinichthys falcatus,Rhinichthys falcatus,Animalia,Chordata,Actinopterygii,,Cyprinidae,freshwater,fish,ComteOlden,animal,TRUE,""
Rhinichthys obtusus,Rhinichthys obtusus,Animalia,Chordata,Actinopterygii,,Cyprinidae,freshwater,fish,ComteOlden,animal,TRUE,""
Rhinichthys osculus,Rhinichthys osculus,Metazoa,Chordata,Actinopteri,Cypriniformes,Cyprinidae,freshwater,fish,ComteOlden;GlobTherm;ThermoFresh,animal,TRUE,""
Rhinocheilus lecontei,Rhinocheilus lecontei,,Chordata,Lepidosauria,Squamata,Colubridae,"",,GlobTherm,animal,TRUE,""
Rhinodoras dorbignyi,Rhinodoras dorbignyi,Metazoa,Chordata,Actinopteri,Siluriformes,Doradidae,freshwater,fish,ThermoFresh,animal,TRUE,""
Rhinogobius giurinus,Rhinogobius giurinus,Animalia,Chordata,Actinopterygii,,Gobiidae,freshwater,fish,ComteOlden,animal,TRUE,""
Rhinomugil corsula,Rhinomugil corsula,Metazoa,Chordata,Actinopteri,Acanthomorphata,Mugilidae,mixed,fish,ThermoFresh,animal,TRUE,""
Rhithrogena robusta,Rhithrogena robusta,Metazoa,Arthropoda,Insecta,Ephemeroptera,Heptageniidae,freshwater,invertebrate,ThermoFresh,animal,TRUE,""
Rhithrogena semicolorata,Rhithrogena semicolorata,Metazoa,Arthropoda,Insecta,Ephemeroptera,Heptageniidae,freshwater,invertebrate,ThermoFresh,animal,TRUE,""
Rhodeus amarus,Rhodeus amarus,Animalia,Chordata,Actinopterygii,,Cyprinidae,freshwater,fish,ComteOlden,animal,TRUE,""
Rhodeus colchicus,Rhodeus colchicus,Animalia,Chordata,Actinopterygii,,Cyprinidae,freshwater,fish,ComteOlden,animal,TRUE,""
Rhodeus fangi,Rhodeus fangi,Animalia,Chordata,Actinopterygii,,Cyprinidae,freshwater,fish,ComteOlden,animal,TRUE,""
Rhodeus lighti,Rhodeus lighti,Animalia,Chordata,Actinopterygii,,Cyprinidae,freshwater,fish,ComteOlden,animal,TRUE,""
Rhodeus ocellatus,Rhodeus ocellatus,Metazoa,Chordata,Actinopteri,Cypriniformes,Acheilognathidae,freshwater;mixed,fish,ComteOlden;ThermoFresh,animal,TRUE,""
Rhodeus sericeus,Rhodeus sericeus,Animalia,Chordata,Actinopterygii,,Cyprinidae,freshwater,fish,ComteOlden,animal,TRUE,""
Rhodocoma gigantea,Rhodocoma gigantea,,Streptophyta,Spermatophyta,Poales,Restionaceae,"",,GlobTherm,non_animal,FALSE,Taxon is not an animal
Rhyacophila angelita,Rhyacophila angelita,Metazoa,Arthropoda,Insecta,Trichoptera,Rhyacophilidae,freshwater,invertebrate,ThermoFresh,animal,TRUE,""
Rhyacophila brunnea,Rhyacophila brunnea,Metazoa,Arthropoda,Insecta,Trichoptera,Rhyacophilidae,freshwater,invertebrate,ThermoFresh,animal,TRUE,""
Rhyacophila coloradensis,Rhyacophila coloradensis,Metazoa,Arthropoda,Insecta,Trichoptera,Rhyacophilidae,freshwater,invertebrate,ThermoFresh,animal,TRUE,""
Rhyacophila dorsalis,Rhyacophila dorsalis,Metazoa,Arthropoda,Insecta,Trichoptera,Rhyacophilidae,freshwater,invertebrate,ThermoFresh,animal,TRUE,""
Rhyacophila hyalinata,Rhyacophila hyalinata,Metazoa,Arthropoda,Insecta,Trichoptera,Rhyacophilidae,freshwater,invertebrate,ThermoFresh,animal,TRUE,""
Rhyacophila oreta,Rhyacophila oreta,Metazoa,Arthropoda,Insecta,Trichoptera,Rhyacophilidae,freshwater,invertebrate,ThermoFresh,animal,TRUE,""
Rhyacophila vao,Rhyacophila vao,Metazoa,Arthropoda,Insecta,Trichoptera,Rhyacophilidae,freshwater,invertebrate,ThermoFresh,animal,TRUE,""
Rhynchocypris czekanowskii,Rhynchocypris czekanowskii,Animalia,Chordata,Actinopterygii,,Cyprinidae,freshwater,fish,ComteOlden,animal,TRUE,""
Rhynchocypris percnurus,Rhynchocypris percnurus,Metazoa,Chordata,Actinopteri,Cypriniformes,Cyprinidae,freshwater,fish,ComteOlden;ThermoFresh,animal,TRUE,""
Ribes californicum,Ribes californicum,,Streptophyta,Spermatophyta,Saxifragales,Grossulariaceae,"",,GlobTherm,non_animal,FALSE,Taxon is not an animal
Richardsonius balteatus,Richardsonius balteatus,Animalia,Chordata,Actinopterygii,,Cyprinidae,freshwater,fish,ComteOlden,animal,TRUE,""
Richardsonius egregius,Richardsonius egregius,Animalia,Chordata,Actinopterygii,,Cyprinidae,freshwater,fish,ComteOlden,animal,TRUE,""
Rita gogra,Rita gogra,Animalia,Chordata,Actinopterygii,,Bagridae,freshwater,fish,ComteOlden,animal,TRUE,""
Rita rita,Rita rita,Animalia,Chordata,Actinopterygii,,Bagridae,freshwater,fish,ComteOlden,animal,TRUE,""
Rivulus marmoratus,Rivulus marmoratus,,Chordata,Actinopteri,Cyprinodontiformes,Rivulidae,"",,GlobTherm,animal,TRUE,""
Romanichthys valsanicola,Romanichthys valsanicola,Animalia,Chordata,Actinopterygii,,Percidae,freshwater,fish,ComteOlden,animal,TRUE,""
Romanogobio benacensis,Romanogobio benacensis,Animalia,Chordata,Actinopterygii,,Cyprinidae,freshwater,fish,ComteOlden,animal,TRUE,""
Romanogobio ciscaucasicus,Romanogobio ciscaucasicus,Animalia,Chordata,Actinopterygii,,Cyprinidae,freshwater,fish,ComteOlden,animal,TRUE,""
Romanogobio elimeius,Romanogobio elimeius,Animalia,Chordata,Actinopterygii,,Cyprinidae,freshwater,fish,ComteOlden,animal,TRUE,""
Romanogobio kesslerii,Romanogobio kesslerii,Animalia,Chordata,Actinopterygii,,Cyprinidae,freshwater,fish,ComteOlden,animal,TRUE,""
Romanogobio macropterus,Romanogobio macropterus,Animalia,Chordata,Actinopterygii,,Cyprinidae,freshwater,fish,ComteOlden,animal,TRUE,""
Romanogobio uranoscopus,Romanogobio uranoscopus,Animalia,Chordata,Actinopterygii,,Cyprinidae,freshwater,fish,ComteOlden,animal,TRUE,""
Rutilus aula,Rutilus aula,Animalia,Chordata,Actinopterygii,,Cyprinidae,freshwater,fish,ComteOlden,animal,TRUE,""
Rutilus basak,Rutilus basak,Animalia,Chordata,Actinopterygii,,Cyprinidae,freshwater,fish,ComteOlden,animal,TRUE,""
Rutilus frisii,Rutilus frisii,Animalia,Chordata,Actinopterygii,,Cyprinidae,freshwater,fish,ComteOlden,animal,TRUE,""
Rutilus panosi,Rutilus panosi,Animalia,Chordata,Actinopterygii,,Cyprinidae,freshwater,fish,ComteOlden,animal,TRUE,""
Rutilus pigus,Rutilus pigus,Animalia,Chordata,Actinopterygii,,Cyprinidae,freshwater,fish,ComteOlden,animal,TRUE,""
Rutilus prespensis,Rutilus prespensis,Animalia,Chordata,Actinopterygii,,Cyprinidae,freshwater,fish,ComteOlden,animal,TRUE,""
Rutilus rubilio,Rutilus rubilio,Animalia,Chordata,Actinopterygii,,Cyprinidae,freshwater,fish,ComteOlden,animal,TRUE,""
Rutilus rutilus,Rutilus rutilus,Metazoa,Chordata,Actinopteri,Cypriniformes,Cyprinidae,freshwater;mixed,fish,ComteOlden;ThermoFresh,animal,TRUE,""
Rutilus ylikiensis,Rutilus ylikiensis,Animalia,Chordata,Actinopterygii,,Cyprinidae,freshwater,fish,ComteOlden,animal,TRUE,""
Rypticus bicolor,Rypticus bicolor,Animalia,Chordata,Actinopterygii,,Serranidae,marine,fish,ComteOlden,animal,TRUE,""
Rypticus nigripinnis,Rypticus nigripinnis,Animalia,Chordata,Actinopterygii,,Serranidae,marine,fish,ComteOlden,animal,TRUE,""
Sabanejewia aurata,Sabanejewia aurata,Animalia,Chordata,Actinopterygii,,Cobitidae,freshwater,fish,ComteOlden,animal,TRUE,""
Sabanejewia balcanica,Sabanejewia balcanica,Animalia,Chordata,Actinopterygii,,Cobitidae,freshwater,fish,ComteOlden,animal,TRUE,""
Sabanejewia caucasica,Sabanejewia caucasica,Animalia,Chordata,Actinopterygii,,Cobitidae,freshwater,fish,ComteOlden,animal,TRUE,""
Sabanejewia larvata,Sabanejewia larvata,Animalia,Chordata,Actinopterygii,,Cobitidae,freshwater,fish,ComteOlden,animal,TRUE,""
Sabanejewia romanica,Sabanejewia romanica,Animalia,Chordata,Actinopterygii,,Cobitidae,freshwater,fish,ComteOlden,animal,TRUE,""
Sabellastarte australiensis,Sabellastarte australiensis,,Annelida,Polychaeta,Sabellida,Sabellidae,"",,GlobTherm,animal,TRUE,""
Sahyadria chalakkudiensis,Sahyadria chalakkudiensis,Animalia,Chordata,Actinopterygii,,Cyprinidae,freshwater,fish,ComteOlden,animal,TRUE,""
Sahyadria denisonii,Sahyadria denisonii,Animalia,Chordata,Actinopterygii,,Cyprinidae,freshwater,fish,ComteOlden,animal,TRUE,""
Saiphos equalis,Saiphos equalis,,Chordata,Lepidosauria,Squamata,Scincidae,"",,GlobTherm,animal,TRUE,""
Salanx cuvieri,Salanx cuvieri,Animalia,Chordata,Actinopterygii,,Salangidae,freshwater,fish,ComteOlden,animal,TRUE,""
Salaria economidisi,Salaria economidisi,Animalia,Chordata,Actinopterygii,,Blenniidae,freshwater,fish,ComteOlden,animal,TRUE,""
Salaria fluviatilis,Salaria fluviatilis,Animalia,Chordata,Actinopterygii,,Blenniidae,freshwater,fish,ComteOlden,animal,TRUE,""
Salaria pavo,Salaria pavo,Animalia,Chordata,Actinopterygii,,Blenniidae,marine,fish,ComteOlden,animal,TRUE,""
Salarias fasciatus,Salarias fasciatus,Animalia,Chordata,Actinopterygii,,Blenniidae,marine,fish,ComteOlden,animal,TRUE,""
Salmo carpio,Salmo carpio,Animalia,Chordata,Actinopterygii,,Salmonidae,freshwater,fish,ComteOlden,animal,TRUE,""
Salmo labrax,Salmo labrax,Animalia,Chordata,Actinopterygii,,Salmonidae,freshwater,fish,ComteOlden,animal,TRUE,""
Salmo marmoratus,Salmo marmoratus,Animalia,Chordata,Actinopterygii,,Salmonidae,freshwater,fish,ComteOlden,animal,TRUE,""
Salmo obtusirostris,Salmo obtusirostris,Animalia,Chordata,Actinopterygii,,Salmonidae,freshwater,fish,ComteOlden,animal,TRUE,""
Salmo ohridanus,Salmo ohridanus,Animalia,Chordata,Actinopterygii,,Salmonidae,freshwater,fish,ComteOlden,animal,TRUE,""
Salmo platycephalus,Salmo platycephalus,Animalia,Chordata,Actinopterygii,,Salmonidae,freshwater,fish,ComteOlden,animal,TRUE,""
Salmo salar,Salmo salar,Metazoa,Chordata,Actinopteri,Salmoniformes,Salmonidae,freshwater;mixed,fish,ComteOlden;GlobTherm;ThermoFresh,animal,TRUE,""
Salmo trutta,Salmo trutta,Metazoa,Chordata,Actinopteri,Salmoniformes,Salmonidae,freshwater;mixed,fish,ComteOlden;GlobTherm;ThermoFresh,animal,TRUE,""
Salmophasia bacaila,Salmophasia bacaila,Animalia,Chordata,Actinopterygii,,Cyprinidae,freshwater,fish,ComteOlden,animal,TRUE,""
Salmophasia phulo,Salmophasia phulo,Animalia,Chordata,Actinopterygii,,Cyprinidae,freshwater,fish,ComteOlden,animal,TRUE,""
Salvelinus alpinus,Salvelinus alpinus;Salvelinus alpinus alpinus,Metazoa,Chordata,Actinopteri,Salmoniformes,Salmonidae,freshwater;mixed,fish,ComteOlden;ThermoFresh,animal,TRUE,""
Salvelinus confluentus,Salvelinus confluentus,Metazoa,Chordata,Actinopteri,Salmoniformes,Salmonidae,mixed,fish,ThermoFresh,animal,TRUE,""
Salvelinus fontinalis,Salvelinus fontinalis,Metazoa,Chordata,Actinopteri,Salmoniformes,Salmonidae,freshwater;mixed,fish,ComteOlden;GlobTherm;ThermoFresh,animal,TRUE,""
Salvelinus leucomaenis,Salvelinus leucomaenis leucomaenis,Animalia,Chordata,Actinopterygii,,Salmonidae,freshwater,fish,ComteOlden,animal,TRUE,""
Salvelinus namaycush,Salvelinus namaycush,Metazoa,Chordata,Actinopteri,Salmoniformes,Salmonidae,freshwater,fish,ComteOlden;ThermoFresh,animal,TRUE,""
Salvia dorrii,Salvia dorrii,,Streptophyta,Spermatophyta,Lamiales,Lamiaceae,"",,GlobTherm,non_animal,FALSE,Taxon is not an animal
Salvia leucophylla,Salvia leucophylla,,Streptophyta,Spermatophyta,Lamiales,Lamiaceae,"",,GlobTherm,non_animal,FALSE,Taxon is not an animal
Salvia mellifera,Salvia mellifera,,Streptophyta,Spermatophyta,Lamiales,Lamiaceae,"",,GlobTherm,non_animal,FALSE,Taxon is not an animal
Salvia mohavensis,Salvia mohavensis,,Streptophyta,Spermatophyta,Lamiales,Lamiaceae,"",,GlobTherm,non_animal,FALSE,Taxon is not an animal
Sambucus mexicana,Sambucus mexicana,,Streptophyta,Spermatophyta,Dipsacales,Adoxaceae,"",,GlobTherm,non_animal,FALSE,Taxon is not an animal
Sandelia capensis,Sandelia capensis,Metazoa,Chordata,Actinopteri,Acanthomorphata,Anabantidae,freshwater,fish,ComteOlden;ThermoFresh,animal,TRUE,""
Sander canadensis,Sander canadensis,Animalia,Chordata,Actinopterygii,,Percidae,freshwater,fish,ComteOlden,animal,TRUE,""
Sander lucioperca,Sander lucioperca,Metazoa,Chordata,Actinopteri,Acanthomorphata,Percidae,freshwater;mixed,fish,ComteOlden;ThermoFresh,animal,TRUE,""
Sander vitreus,Sander vitreus,Metazoa,Chordata,Actinopteri,Acanthomorphata,Percidae,freshwater;mixed,fish,ComteOlden;ThermoFresh,animal,TRUE,""
Sander volgensis,Sander volgensis,Animalia,Chordata,Actinopterygii,,Percidae,freshwater,fish,ComteOlden,animal,TRUE,""
Saproscincus basiliscus,Saproscincus basiliscus,,Chordata,Lepidosauria,Squamata,Scincidae,"",,GlobTherm,animal,TRUE,""
Saproscincus mustelina,Saproscincus mustelina,,Chordata,Lepidosauria,Squamata,Scincidae,"",,GlobTherm,animal,TRUE,""
Saproscincus tetradactyla,Saproscincus tetradactyla,,Chordata,Lepidosauria,Squamata,Scincidae,"",,GlobTherm,animal,TRUE,""
Sarcocheilichthys parvus,Sarcocheilichthys parvus,Animalia,Chordata,Actinopterygii,,Cyprinidae,freshwater,fish,ComteOlden,animal,TRUE,""
Sarcocheilichthys sinensis,Sarcocheilichthys sinensis,Animalia,Chordata,Actinopterygii,,Cyprinidae,freshwater,fish,ComteOlden,animal,TRUE,""
Sarcothalia circumcincta,Sarcothalia circumcincta,,Rhodophyta,Florideophyceae,Gigartinales,Gigartinaceae,"",,GlobTherm,non_animal,FALSE,Taxon is not an animal
Sarda australis,Sarda australis,Animalia,Chordata,Actinopterygii,,Scombridae,marine,fish,ComteOlden,animal,TRUE,""
Sarda chiliensis,Sarda chiliensis,Animalia,Chordata,Actinopterygii,,Scombridae,marine,fish,ComteOlden,animal,TRUE,""
Sarda orientalis,Sarda orientalis,Animalia,Chordata,Actinopterygii,,Scombridae,marine,fish,ComteOlden,animal,TRUE,""
Sarda sarda,Sarda sarda,Animalia,Chordata,Actinopterygii,,Scombridae,marine,fish,ComteOlden,animal,TRUE,""
Sardinops melanosticta,Sardinops melanosticta,,Chordata,Actinopteri,Clupeiformes,Clupeidae,"",,GlobTherm,animal,TRUE,""
Sardinops sagax,Sardinops sagax,Animalia,Chordata,Actinopterygii,,Clupeidae,marine,fish,ComteOlden,animal,TRUE,""
Sargassum fulvellum,Sargassum fulvellum,,Phaeophyceae,Phaeophyceae,Fucales,Sargassaceae,"",,GlobTherm,unresolved,FALSE,Insufficient taxonomy to verify an animal consumer
Sargassum hemiphyllum,Sargassum hemiphyllum,,Phaeophyceae,Phaeophyceae,Fucales,Sargassaceae,"",,GlobTherm,unresolved,FALSE,Insufficient taxonomy to verify an animal consumer
Sargassum horneri,Sargassum horneri,,Phaeophyceae,Phaeophyceae,Fucales,Sargassaceae,"",,GlobTherm,unresolved,FALSE,Insufficient taxonomy to verify an animal consumer
Sargassum macrocarpum,Sargassum macrocarpum,,Phaeophyceae,Phaeophyceae,Fucales,Sargassaceae,"",,GlobTherm,unresolved,FALSE,Insufficient taxonomy to verify an animal consumer
Sargassum micracanthum,Sargassum micracanthum,,Phaeophyceae,Phaeophyceae,Fucales,Sargassaceae,"",,GlobTherm,unresolved,FALSE,Insufficient taxonomy to verify an animal consumer
Sargassum patens,Sargassum patens,,Phaeophyceae,Phaeophyceae,Fucales,Sargassaceae,"",,GlobTherm,unresolved,FALSE,Insufficient taxonomy to verify an animal consumer
Sargassum piluliferum,Sargassum piluliferum,,Phaeophyceae,Phaeophyceae,Fucales,Sargassaceae,"",,GlobTherm,unresolved,FALSE,Insufficient taxonomy to verify an animal consumer
Sargassum thunbergii,Sargassum thunbergii,,Phaeophyceae,Phaeophyceae,Fucales,Sargassaceae,"",,GlobTherm,unresolved,FALSE,Insufficient taxonomy to verify an animal consumer
Sargochromis carlottae,Sargochromis carlottae,Animalia,Chordata,Actinopterygii,,Cichlidae,freshwater,fish,ComteOlden,animal,TRUE,""
Sargochromis coulteri,Sargochromis coulteri,Animalia,Chordata,Actinopterygii,,Cichlidae,freshwater,fish,ComteOlden,animal,TRUE,""
Sargochromis giardi,Sargochromis giardi,Animalia,Chordata,Actinopterygii,,Cichlidae,freshwater,fish,ComteOlden,animal,TRUE,""
Sargochromis mellandi,Sargochromis mellandi,Animalia,Chordata,Actinopterygii,,Cichlidae,freshwater,fish,ComteOlden,animal,TRUE,""
Sarotherodon caroli,Sarotherodon caroli,Animalia,Chordata,Actinopterygii,,Cichlidae,freshwater,fish,ComteOlden,animal,TRUE,""
Sarotherodon caudomarginatus,Sarotherodon caudomarginatus,Animalia,Chordata,Actinopterygii,,Cichlidae,freshwater,fish,ComteOlden,animal,TRUE,""
Sarotherodon linnellii,Sarotherodon linnellii,Animalia,Chordata,Actinopterygii,,Cichlidae,freshwater,fish,ComteOlden,animal,TRUE,""
Sarotherodon lohbergeri,Sarotherodon lohbergeri,Animalia,Chordata,Actinopterygii,,Cichlidae,freshwater,fish,ComteOlden,animal,TRUE,""
Sarotherodon melanotheron,Sarotherodon melanotheron,Animalia,Chordata,Actinopterygii,,Cichlidae,freshwater,fish,ComteOlden,animal,TRUE,""
Sarotherodon mvogoi,Sarotherodon mvogoi,Animalia,Chordata,Actinopterygii,,Cichlidae,freshwater,fish,ComteOlden,animal,TRUE,""
Sarotherodon steinbachi,Sarotherodon steinbachi,Animalia,Chordata,Actinopterygii,,Cichlidae,freshwater,fish,ComteOlden,animal,TRUE,""
Sarpa salpa,Sarpa salpa,Metazoa,Chordata,Actinopteri,Acanthomorphata,Sparidae,marine;mixed,fish,ComteOlden;ThermoFresh,animal,TRUE,""
Sauromalus obesus,Sauromalus obesus,,Chordata,Lepidosauria,Squamata,Iguanidae,"",,GlobTherm,animal,TRUE,""
Sauvagella madagascariensis,Sauvagella madagascariensis,Animalia,Chordata,Actinopterygii,,Clupeidae,freshwater,fish,ComteOlden,animal,TRUE,""
Sauvagella robusta,Sauvagella robusta,Animalia,Chordata,Actinopterygii,,Clupeidae,freshwater,fish,ComteOlden,animal,TRUE,""
Sawbwa resplendens,Sawbwa resplendens,Animalia,Chordata,Actinopterygii,,Cyprinidae,freshwater,fish,ComteOlden,animal,TRUE,""
Scaphirhynchus albus,Scaphirhynchus albus,Animalia,Chordata,Actinopterygii,Acipenseriformes,Acipenseridae,freshwater,fish,ComteOlden;ThermoFresh,animal,TRUE,""
Scaphirhynchus platorynchus,Scaphirhynchus platorynchus,Animalia,Chordata,Actinopterygii,Acipenseriformes,Acipenseridae,freshwater,fish,ComteOlden;ThermoFresh,animal,TRUE,""
Scaphirhynchus suttkusi,Scaphirhynchus suttkusi,Animalia,Chordata,Actinopterygii,,Acipenseridae,freshwater,fish,ComteOlden,animal,TRUE,""
Scaphognathops bandanensis,Scaphognathops bandanensis,Animalia,Chordata,Actinopterygii,,Cyprinidae,freshwater,fish,ComteOlden,animal,TRUE,""
Scaphognathops stejnegeri,Scaphognathops stejnegeri,Animalia,Chordata,Actinopterygii,,Cyprinidae,freshwater,fish,ComteOlden,animal,TRUE,""
Scaptodrosophila bryani,Scaptodrosophila bryani,,Arthropoda,Insecta,Diptera,Drosophilidae,"",,GlobTherm,animal,TRUE,""
Scaptodrosophila coracina,Scaptodrosophila coracina,,Arthropoda,Insecta,Diptera,Drosophilidae,"",,GlobTherm,animal,TRUE,""
Scaptodrosophila dorsocentralis,Scaptodrosophila dorsocentralis,,Arthropoda,Insecta,Diptera,Drosophilidae,"",,GlobTherm,animal,TRUE,""
Scaptodrosophila pallida,Scaptodrosophila pallida,,Arthropoda,Insecta,Diptera,Drosophilidae,"",,GlobTherm,animal,TRUE,""
Scardinius acarnanicus,Scardinius acarnanicus,Animalia,Chordata,Actinopterygii,,Cyprinidae,freshwater,fish,ComteOlden,animal,TRUE,""
Scardinius erythrophthalmus,Scardinius erythrophthalmus,Animalia,Chordata,Actinopterygii,,Cyprinidae,freshwater,fish,ComteOlden,animal,TRUE,""
Scardinius graecus,Scardinius graecus,Animalia,Chordata,Actinopterygii,,Cyprinidae,freshwater,fish,ComteOlden,animal,TRUE,""
Scardinius scardafa,Scardinius scardafa,Animalia,Chordata,Actinopterygii,,Cyprinidae,freshwater,fish,ComteOlden,animal,TRUE,""
Scartella caboverdiana,Scartella caboverdiana,Animalia,Chordata,Actinopterygii,,Blenniidae,marine,fish,ComteOlden,animal,TRUE,""
Scartella cristata,Scartella cristata,Animalia,Chordata,Actinopterygii,,Blenniidae,marine,fish,ComteOlden,animal,TRUE,""
Scarus altipinnis,Scarus altipinnis,Animalia,Chordata,Actinopterygii,,Labridae,marine,fish,ComteOlden,animal,TRUE,""
Scarus chameleon,Scarus chameleon,Animalia,Chordata,Actinopterygii,,Labridae,marine,fish,ComteOlden,animal,TRUE,""
Scarus coelestinus,Scarus coelestinus,Animalia,Chordata,Actinopterygii,,Labridae,marine,fish,ComteOlden,animal,TRUE,""
Scarus festivus,Scarus festivus,Animalia,Chordata,Actinopterygii,,Labridae,marine,fish,ComteOlden,animal,TRUE,""
Scarus flavipectoralis,Scarus flavipectoralis,Animalia,Chordata,Actinopterygii,,Labridae,marine,fish,ComteOlden,animal,TRUE,""
Scarus forsteni,Scarus forsteni,Animalia,Chordata,Actinopterygii,,Labridae,marine,fish,ComteOlden,animal,TRUE,""
Scarus frenatus,Scarus frenatus,Animalia,Chordata,Actinopterygii,,Labridae,marine,fish,ComteOlden,animal,TRUE,""
Scarus ghobban,Scarus ghobban,Animalia,Chordata,Actinopterygii,,Labridae,marine,fish,ComteOlden,animal,TRUE,""
Scarus globiceps,Scarus globiceps,Animalia,Chordata,Actinopterygii,,Labridae,marine,fish,ComteOlden,animal,TRUE,""
Scarus hypselopterus,Scarus hypselopterus,Animalia,Chordata,Actinopterygii,,Labridae,marine,fish,ComteOlden,animal,TRUE,""
Scarus iseri,Scarus iseri,Animalia,Chordata,Actinopterygii,,Labridae,marine,fish,ComteOlden,animal,TRUE,""
Scarus niger,Scarus niger,Animalia,Chordata,Actinopterygii,,Labridae,marine,fish,ComteOlden,animal,TRUE,""
Scarus oviceps,Scarus oviceps,Animalia,Chordata,Actinopterygii,,Labridae,marine,fish,ComteOlden,animal,TRUE,""
Scarus prasiognathos,Scarus prasiognathos,Animalia,Chordata,Actinopterygii,,Labridae,marine,fish,ComteOlden,animal,TRUE,""
Scarus psittacus,Scarus psittacus,Animalia,Chordata,Actinopterygii,,Labridae,marine,fish,ComteOlden,animal,TRUE,""
Scarus quoyi,Scarus quoyi,Animalia,Chordata,Actinopterygii,,Labridae,marine,fish,ComteOlden,animal,TRUE,""
Scarus rubroviolaceus,Scarus rubroviolaceus,Animalia,Chordata,Actinopterygii,,Labridae,marine,fish,ComteOlden,animal,TRUE,""
Scarus schlegeli,Scarus schlegeli,Animalia,Chordata,Actinopterygii,,Labridae,marine,fish,ComteOlden,animal,TRUE,""
Scarus taeniopterus,Scarus taeniopterus,Animalia,Chordata,Actinopterygii,,Labridae,marine,fish,ComteOlden,animal,TRUE,""
Scarus tricolor,Scarus tricolor,Animalia,Chordata,Actinopterygii,,Labridae,marine,fish,ComteOlden,animal,TRUE,""
Scatophagus argus,Scatophagus argus,Metazoa,Chordata,Actinopteri,Acanthomorphata,Scatophagidae,freshwater;mixed,fish,ComteOlden;ThermoFresh,animal,TRUE,""
Sceloporus graciosus,Sceloporus graciosus,,Chordata,Lepidosauria,Squamata,Iguanidae,"",,GlobTherm,animal,TRUE,""
Sceloporus grammicus,Sceloporus grammicus,,Chordata,Lepidosauria,Squamata,Iguanidae,"",,GlobTherm,animal,TRUE,""
Sceloporus magister,Sceloporus magister,,Chordata,Lepidosauria,Squamata,Iguanidae,"",,GlobTherm,animal,TRUE,""
Sceloporus malachiticus,Sceloporus malachiticus,,Chordata,Lepidosauria,Squamata,Iguanidae,"",,GlobTherm,animal,TRUE,""
Sceloporus merriami,Sceloporus merriami,,Chordata,Lepidosauria,Squamata,Iguanidae,"",,GlobTherm,animal,TRUE,""
Sceloporus occidentalis,Sceloporus occidentalis,,Chordata,Lepidosauria,Squamata,Iguanidae,"",,GlobTherm,animal,TRUE,""
Sceloporus undulatus,Sceloporus undulatus,,Chordata,Lepidosauria,Squamata,Iguanidae,"",,GlobTherm,animal,TRUE,""
Sceloporus variabilis,Sceloporus variabilis,,Chordata,Lepidosauria,Squamata,Iguanidae,"",,GlobTherm,animal,TRUE,""
Sceloporus woodi,Sceloporus woodi,,Chordata,Lepidosauria,Squamata,Iguanidae,"",,GlobTherm,animal,TRUE,""
Scelotes gronovii,Scelotes gronovii,,Chordata,Lepidosauria,Squamata,Scincidae,"",,GlobTherm,animal,TRUE,""
Schilbe intermedius,Schilbe intermedius,Animalia,Chordata,Actinopterygii,,Schilbeidae,freshwater,fish,ComteOlden,animal,TRUE,""
Schilbe mystus,Schilbe mystus,Animalia,Chordata,Actinopterygii,,Schilbeidae,freshwater,fish,ComteOlden,animal,TRUE,""
Schistura balteata,Schistura balteata,Animalia,Chordata,Actinopterygii,,Balitoridae,freshwater,fish,ComteOlden,animal,TRUE,""
Schistura beavani,Schistura beavani,Animalia,Chordata,Actinopterygii,,Balitoridae,freshwater,fish,ComteOlden,animal,TRUE,""
Schistura bucculenta,Schistura bucculenta,Animalia,Chordata,Actinopterygii,,Balitoridae,freshwater,fish,ComteOlden,animal,TRUE,""
Schistura fasciolata,Schistura fasciolata,Animalia,Chordata,Actinopterygii,,Balitoridae,freshwater,fish,ComteOlden,animal,TRUE,""
Schistura kloetzliae,Schistura kloetzliae,Animalia,Chordata,Actinopterygii,,Balitoridae,freshwater,fish,ComteOlden,animal,TRUE,""
Schistura nicholsi,Schistura nicholsi,Animalia,Chordata,Actinopterygii,,Balitoridae,freshwater,fish,ComteOlden,animal,TRUE,""
Schistura reidi,Schistura reidi,Animalia,Chordata,Actinopterygii,,Balitoridae,freshwater,fish,ComteOlden,animal,TRUE,""
Schistura rupecula,Schistura rupecula,Animalia,Chordata,Actinopterygii,,Balitoridae,freshwater,fish,ComteOlden,animal,TRUE,""
Schistura savona,Schistura savona,Animalia,Chordata,Actinopterygii,,Balitoridae,freshwater,fish,ComteOlden,animal,TRUE,""
Schistura sexcauda,Schistura sexcauda,Animalia,Chordata,Actinopterygii,,Balitoridae,freshwater,fish,ComteOlden,animal,TRUE,""
Schistura spilota,Schistura spilota,Animalia,Chordata,Actinopterygii,,Balitoridae,freshwater,fish,ComteOlden,animal,TRUE,""
Schistura vinciguerrae,Schistura vinciguerrae,Animalia,Chordata,Actinopterygii,,Balitoridae,freshwater,fish,ComteOlden,animal,TRUE,""
Schizopygopsis anteroventris,Schizopygopsis anteroventris,Animalia,Chordata,Actinopterygii,,Cyprinidae,freshwater,fish,ComteOlden,animal,TRUE,""
Schizopygopsis thermalis,Schizopygopsis thermalis,Animalia,Chordata,Actinopterygii,,Cyprinidae,freshwater,fish,ComteOlden,animal,TRUE,""
Schizopygopsis younghusbandi,Schizopygopsis younghusbandi,Metazoa,Chordata,Actinopteri,Cypriniformes,Cyprinidae,freshwater,fish,ComteOlden;ThermoFresh,animal,TRUE,""
Schizothorax griseus,Schizothorax griseus,Animalia,Chordata,Actinopterygii,,Cyprinidae,freshwater,fish,ComteOlden,animal,TRUE,""
Schizothorax kozlovi,Schizothorax kozlovi,Metazoa,Chordata,Actinopteri,Cypriniformes,Cyprinidae,freshwater,fish,ThermoFresh,animal,TRUE,""
Schizothorax lantsangensis,Schizothorax lantsangensis,Animalia,Chordata,Actinopterygii,,Cyprinidae,freshwater,fish,ComteOlden,animal,TRUE,""
Schizothorax lissolabiatus,Schizothorax lissolabiatus,Animalia,Chordata,Actinopterygii,,Cyprinidae,freshwater,fish,ComteOlden,animal,TRUE,""
Schizothorax macrophthalmus,Schizothorax macrophthalmus,Animalia,Chordata,Actinopterygii,,Cyprinidae,freshwater,fish,ComteOlden,animal,TRUE,""
Schizothorax macropogon,Schizothorax macropogon,Animalia,Chordata,Actinopterygii,,Cyprinidae,freshwater,fish,ComteOlden,animal,TRUE,""
Schizothorax malacanthus,Schizothorax malacanthus,Animalia,Chordata,Actinopterygii,,Cyprinidae,freshwater,fish,ComteOlden,animal,TRUE,""
Schizothorax meridionalis,Schizothorax meridionalis,Animalia,Chordata,Actinopterygii,,Cyprinidae,freshwater,fish,ComteOlden,animal,TRUE,""
Schizothorax molesworthi,Schizothorax molesworthi,Animalia,Chordata,Actinopterygii,,Cyprinidae,freshwater,fish,ComteOlden,animal,TRUE,""
Schizothorax nukiangensis,Schizothorax nukiangensis,Animalia,Chordata,Actinopterygii,,Cyprinidae,freshwater,fish,ComteOlden,animal,TRUE,""
Schizothorax oconnori,Schizothorax oconnori,Animalia,Chordata,Actinopterygii,Cypriniformes,Cyprinidae,freshwater,fish,ComteOlden;ThermoFresh,animal,TRUE,""
Schizothorax prenanti,Schizothorax prenanti,Metazoa,Chordata,Actinopteri,Cypriniformes,Cyprinidae,freshwater,fish,ThermoFresh,animal,TRUE,""
Schizothorax richardsonii,Schizothorax richardsonii,Metazoa,Chordata,Actinopteri,Cypriniformes,Cyprinidae,freshwater,fish,ComteOlden;ThermoFresh,animal,TRUE,""
Schizothorax waltoni,Schizothorax waltoni,Metazoa,Chordata,Actinopteri,Cypriniformes,Cyprinidae,freshwater,fish,ComteOlden;ThermoFresh,animal,TRUE,""
Schizothorax wangchiachii,Schizothorax wangchiachii,Animalia,Chordata,Actinopterygii,,Cyprinidae,freshwater,fish,ComteOlden,animal,TRUE,""
Schizothorax yunnanensis,Schizothorax yunnanensis yunnanensis,Animalia,Chordata,Actinopterygii,,Cyprinidae,freshwater,fish,ComteOlden,animal,TRUE,""
Schwetzochromis neodon,Schwetzochromis neodon,Animalia,Chordata,Actinopterygii,,Cichlidae,freshwater,fish,ComteOlden,animal,TRUE,""
Sciaenops ocellatus,Sciaenops ocellatus,Metazoa,Chordata,Actinopteri,Acanthomorphata,Sciaenidae,marine;mixed,fish,ComteOlden;ThermoFresh,animal,TRUE,""
Scinax staufferi,Scinax staufferi,,Chordata,Amphibia,Anura,Hylidae,"",,GlobTherm,animal,TRUE,""
Scleromystax barbatus,Scleromystax barbatus,Animalia,Chordata,Actinopterygii,,Callichthyidae,freshwater,fish,ComteOlden,animal,TRUE,""
Scleropages formosus,Scleropages formosus,Animalia,Chordata,Actinopterygii,,Osteoglossidae,freshwater,fish,ComteOlden,animal,TRUE,""
Scolopsis taenioptera,Scolopsis taenioptera,Animalia,Chordata,Actinopterygii,,Nemipteridae,marine,fish,ComteOlden,animal,TRUE,""
Scomber australasicus,Scomber australasicus,Animalia,Chordata,Actinopterygii,,Scombridae,marine,fish,ComteOlden,animal,TRUE,""
Scomber colias,Scomber colias,Animalia,Chordata,Actinopterygii,,Scombridae,marine,fish,ComteOlden,animal,TRUE,""
Scomber japonicus,Scomber japonicus,Animalia,Chordata,Actinopterygii,,Scombridae,marine,fish,ComteOlden,animal,TRUE,""
Scomber scombrus,Scomber scombrus,Animalia,Chordata,Actinopterygii,,Scombridae,marine,fish,ComteOlden,animal,TRUE,""
Scomberomorus brasiliensis,Scomberomorus brasiliensis,Animalia,Chordata,Actinopterygii,,Scombridae,marine,fish,ComteOlden,animal,TRUE,""
Scomberomorus commerson,Scomberomorus commerson,Animalia,Chordata,Actinopterygii,,Scombridae,marine,fish,ComteOlden,animal,TRUE,""
Scomberomorus guttatus,Scomberomorus guttatus,Animalia,Chordata,Actinopterygii,,Scombridae,marine,fish,ComteOlden,animal,TRUE,""
Scomberomorus koreanus,Scomberomorus koreanus,Animalia,Chordata,Actinopterygii,,Scombridae,marine,fish,ComteOlden,animal,TRUE,""
Scomberomorus munroi,Scomberomorus munroi,Animalia,Chordata,Actinopterygii,,Scombridae,marine,fish,ComteOlden,animal,TRUE,""
Scomberomorus niphonius,Scomberomorus niphonius,Animalia,Chordata,Actinopterygii,,Scombridae,marine,fish,ComteOlden,animal,TRUE,""
Scomberomorus queenslandicus,Scomberomorus queenslandicus,Animalia,Chordata,Actinopterygii,,Scombridae,marine,fish,ComteOlden,animal,TRUE,""
Scomberomorus regalis,Scomberomorus regalis,Animalia,Chordata,Actinopterygii,,Scombridae,marine,fish,ComteOlden,animal,TRUE,""
Scomberomorus semifasciatus,Scomberomorus semifasciatus,Animalia,Chordata,Actinopterygii,,Scombridae,marine,fish,ComteOlden,animal,TRUE,""
Scomberomorus sinensis,Scomberomorus sinensis,Animalia,Chordata,Actinopterygii,,Scombridae,freshwater,fish,ComteOlden,animal,TRUE,""
Scomberomorus tritor,Scomberomorus tritor,Animalia,Chordata,Actinopterygii,,Scombridae,marine,fish,ComteOlden,animal,TRUE,""
Scorpaena porcus,Scorpaena porcus,Animalia,Chordata,Actinopterygii,Perciformes,Scorpaenidae,marine,fish,ComteOlden;GlobTherm,animal,TRUE,""
Scotina gracilipes,Scotina gracilipes,,Arthropoda,Arachnida,Araneae,Liocranidae,"",,GlobTherm,animal,TRUE,""
Scriptaphyosemion bertholdi,Scriptaphyosemion bertholdi,Animalia,Chordata,Actinopterygii,,Nothobranchiidae,freshwater,fish,ComteOlden,animal,TRUE,""
Scriptaphyosemion brueningi,Scriptaphyosemion brueningi,Animalia,Chordata,Actinopterygii,,Nothobranchiidae,freshwater,fish,ComteOlden,animal,TRUE,""
Scriptaphyosemion chaytori,Scriptaphyosemion chaytori,Animalia,Chordata,Actinopterygii,,Nothobranchiidae,freshwater,fish,ComteOlden,animal,TRUE,""
Scriptaphyosemion etzeli,Scriptaphyosemion etzeli,Animalia,Chordata,Actinopterygii,,Nothobranchiidae,freshwater,fish,ComteOlden,animal,TRUE,""
Scriptaphyosemion geryi,Scriptaphyosemion geryi,Animalia,Chordata,Actinopterygii,,Nothobranchiidae,freshwater,fish,ComteOlden,animal,TRUE,""
Scriptaphyosemion guignardi,Scriptaphyosemion guignardi,Animalia,Chordata,Actinopterygii,,Nothobranchiidae,freshwater,fish,ComteOlden,animal,TRUE,""
Scriptaphyosemion liberiense,Scriptaphyosemion liberiense,Animalia,Chordata,Actinopterygii,,Nothobranchiidae,freshwater,fish,ComteOlden,animal,TRUE,""
Scriptaphyosemion roloffi,Scriptaphyosemion roloffi,Animalia,Chordata,Actinopterygii,,Nothobranchiidae,freshwater,fish,ComteOlden,animal,TRUE,""
Scriptaphyosemion schmitti,Scriptaphyosemion schmitti,Animalia,Chordata,Actinopterygii,,Nothobranchiidae,freshwater,fish,ComteOlden,animal,TRUE,""
Scytothamnus australis,Scytothamnus australis,,Phaeophyceae,Phaeophyceae,Scytothamnales,Scytothamnales,"",,GlobTherm,unresolved,FALSE,Insufficient taxonomy to verify an animal consumer
Sebastes dallii,Sebastes dallii,Animalia,Chordata,Actinopterygii,,Sebastidae,marine,fish,ComteOlden,animal,TRUE,""
Sectoria heterognathos,Sectoria heterognathos,Animalia,Chordata,Actinopterygii,,Balitoridae,freshwater,fish,ComteOlden,animal,TRUE,""
Securicula gora,Securicula gora,Animalia,Chordata,Actinopterygii,,Cyprinidae,freshwater,fish,ComteOlden,animal,TRUE,""
Semele corrugata,Semele corrugata,,Mollusca,Bivalvia,Veneroida,Semelidae,"",,GlobTherm,animal,TRUE,""
Semele solida,Semele solida,,Mollusca,Bivalvia,Veneroida,Semelidae,"",,GlobTherm,animal,TRUE,""
Semibalanus balanoides,Semibalanus balanoides,,Arthropoda,Maxillopoda,Sessilia,Archaeobalanidae,"",,GlobTherm,animal,TRUE,""
Semilabeo notabilis,Semilabeo notabilis,Animalia,Chordata,Actinopterygii,,Cyprinidae,freshwater,fish,ComteOlden,animal,TRUE,""
Semilabeo obscurus,Semilabeo obscurus,Animalia,Chordata,Actinopterygii,,Cyprinidae,freshwater,fish,ComteOlden,animal,TRUE,""
Semotilus atromaculatus,Semotilus atromaculatus,Metazoa,Chordata,Actinopteri,Cypriniformes,Cyprinidae,freshwater,fish,ComteOlden;GlobTherm;ThermoFresh,animal,TRUE,""
Semotilus thoreauianus,Semotilus thoreauianus,Animalia,Chordata,Actinopterygii,,Cyprinidae,freshwater,fish,ComteOlden,animal,TRUE,""
Seriola lalandi,Seriola lalandi,Metazoa,Chordata,Actinopteri,Acanthomorphata,Carangidae,mixed,fish,ThermoFresh,animal,TRUE,""
Seriola quinqueradiata,Seriola quinqueradiata,Animalia,Chordata,Actinopterygii,,Carangidae,marine,fish,ComteOlden,animal,TRUE,""
Serpenticobitis zonata,Serpenticobitis zonata,Animalia,Chordata,Actinopterygii,,Cobitidae,freshwater,fish,ComteOlden,animal,TRUE,""
Serranochromis altus,Serranochromis altus,Animalia,Chordata,Actinopterygii,,Cichlidae,freshwater,fish,ComteOlden,animal,TRUE,""
Serranochromis angusticeps,Serranochromis angusticeps,Animalia,Chordata,Actinopterygii,,Cichlidae,freshwater,fish,ComteOlden,animal,TRUE,""
Serranochromis macrocephalus,Serranochromis macrocephalus,Animalia,Chordata,Actinopterygii,,Cichlidae,freshwater,fish,ComteOlden,animal,TRUE,""
Serranochromis robustus,Serranochromis robustus,Animalia,Chordata,Actinopterygii,,Cichlidae,freshwater,fish,ComteOlden,animal,TRUE,""
Serranochromis stappersi,Serranochromis stappersi,Animalia,Chordata,Actinopterygii,,Cichlidae,freshwater,fish,ComteOlden,animal,TRUE,""
Serranochromis thumbergi,Serranochromis thumbergi,Animalia,Chordata,Actinopterygii,,Cichlidae,freshwater,fish,ComteOlden,animal,TRUE,""
Serranus atricauda,Serranus atricauda,Animalia,Chordata,Actinopterygii,,Serranidae,marine,fish,ComteOlden,animal,TRUE,""
Serranus baldwini,Serranus baldwini,Animalia,Chordata,Actinopterygii,,Serranidae,marine,fish,ComteOlden,animal,TRUE,""
Serranus phoebe,Serranus phoebe,Animalia,Chordata,Actinopterygii,,Serranidae,marine,fish,ComteOlden,animal,TRUE,""
Serranus psittacinus,Serranus psittacinus,Animalia,Chordata,Actinopterygii,,Serranidae,marine,fish,ComteOlden,animal,TRUE,""
Serranus tabacarius,Serranus tabacarius,Animalia,Chordata,Actinopterygii,,Serranidae,marine,fish,ComteOlden,animal,TRUE,""
Serranus tortugarum,Serranus tortugarum,Animalia,Chordata,Actinopterygii,,Serranidae,marine,fish,ComteOlden,animal,TRUE,""
Serratella ignita,Serratella ignita,Metazoa,Arthropoda,Insecta,Ephemeroptera,Ephemerellidae,freshwater,invertebrate,ThermoFresh,animal,TRUE,""
Serruria florida,Serruria florida,,Streptophyta,Spermatophyta,Proteales,Proteaceae,"",,GlobTherm,non_animal,FALSE,Taxon is not an animal
Serruria phylicoides,Serruria phylicoides,,Streptophyta,Spermatophyta,Proteales,Proteaceae,"",,GlobTherm,non_animal,FALSE,Taxon is not an animal
Sewellia lineolata,Sewellia lineolata,Animalia,Chordata,Actinopterygii,,Balitoridae,freshwater,fish,ComteOlden,animal,TRUE,""
Sialis lutaria,Sialis lutaria,Metazoa,Arthropoda,Insecta,Megaloptera,Sialidae,freshwater,invertebrate,ThermoFresh,animal,TRUE,""
Sicydium crenilabrum,Sicydium crenilabrum,Animalia,Chordata,Actinopterygii,,Gobiidae,freshwater,fish,ComteOlden,animal,TRUE,""
Sicyopterus lagocephalus,Sicyopterus lagocephalus,Animalia,Chordata,Actinopterygii,,Gobiidae,freshwater,fish,ComteOlden,animal,TRUE,""
Sicyopterus longifilis,Sicyopterus longifilis,Animalia,Chordata,Actinopterygii,,Gobiidae,freshwater,fish,ComteOlden,animal,TRUE,""
Sierrathrissa leonensis,Sierrathrissa leonensis,Animalia,Chordata,Actinopterygii,,Clupeidae,freshwater,fish,ComteOlden,animal,TRUE,""
Siganus canaliculatus,Siganus canaliculatus,Animalia,Chordata,Actinopterygii,,Siganidae,marine,fish,ComteOlden,animal,TRUE,""
Siganus guttatus,Siganus guttatus,Metazoa,Chordata,Actinopteri,Acanthomorphata,Siganidae,mixed,fish,ThermoFresh,animal,TRUE,""
Siganus javus,Siganus javus,Metazoa,Chordata,Actinopteri,Acanthomorphata,Siganidae,freshwater;mixed,fish,ComteOlden;ThermoFresh,animal,TRUE,""
Siganus vermiculatus,Siganus vermiculatus,Animalia,Chordata,Actinopterygii,,Siganidae,freshwater,fish,ComteOlden,animal,TRUE,""
Sikukia stejnegeri,Sikukia stejnegeri,Animalia,Chordata,Actinopterygii,,Cyprinidae,freshwater,fish,ComteOlden,animal,TRUE,""
Silene acaulis,Silene acaulis,,Streptophyta,Spermatophyta,Caryophyllales,Caryophyllaceae,"",,GlobTherm,non_animal,FALSE,Taxon is not an animal
Sillago sihama,Sillago sihama,Animalia,Chordata,Actinopterygii,,Sillaginidae,marine,fish,ComteOlden,animal,TRUE,""
Silurichthys schneideri,Silurichthys schneideri,Animalia,Chordata,Actinopterygii,,Siluridae,freshwater,fish,ComteOlden,animal,TRUE,""
Silurus asotus,Silurus asotus,Animalia,Chordata,Actinopterygii,,Siluridae,freshwater,fish,ComteOlden,animal,TRUE,""
Silurus glanis,Silurus glanis,Animalia,Chordata,Actinopterygii,,Siluridae,freshwater,fish,ComteOlden,animal,TRUE,""
Silurus meridionalis,Silurus meridionalis,Animalia,Chordata,Actinopterygii,Siluriformes,Siluridae,freshwater,fish,ComteOlden;ThermoFresh,animal,TRUE,""
Simochromis babaulti,Simochromis babaulti,Animalia,Chordata,Actinopterygii,,Cichlidae,freshwater,fish,ComteOlden,animal,TRUE,""
Simochromis diagramma,Simochromis diagramma,Animalia,Chordata,Actinopterygii,,Cichlidae,freshwater,fish,ComteOlden,animal,TRUE,""
Simulium arcticum,Simulium arcticum,Metazoa,Arthropoda,Insecta,Diptera,Simuliidae,freshwater,invertebrate,ThermoFresh,animal,TRUE,""
Simulium canadense,Simulium canadense,Metazoa,Arthropoda,Insecta,Diptera,Simuliidae,freshwater,invertebrate,ThermoFresh,animal,TRUE,""
Simulium piperi,Simulium piperi,Metazoa,Arthropoda,Insecta,Diptera,Simuliidae,freshwater,invertebrate,ThermoFresh,animal,TRUE,""
Simulium vittatum,Simulium vittatum,Metazoa,Arthropoda,Insecta,Diptera,Simuliidae,freshwater,invertebrate,ThermoFresh,animal,TRUE,""
Sinibotia pulchra,Sinibotia pulchra,Animalia,Chordata,Actinopterygii,,Cobitidae,freshwater,fish,ComteOlden,animal,TRUE,""
Sinibotia robusta,Sinibotia robusta,Animalia,Chordata,Actinopterygii,,Cobitidae,freshwater,fish,ComteOlden,animal,TRUE,""
Sinibotia superciliaris,Sinibotia superciliaris,Animalia,Chordata,Actinopterygii,,Cobitidae,freshwater,fish,ComteOlden,animal,TRUE,""
Siniperca fortis,Siniperca fortis,Animalia,Chordata,Actinopterygii,,Percichthyidae,freshwater,fish,ComteOlden,animal,TRUE,""
Siniperca knerii,Siniperca knerii,Animalia,Chordata,Actinopterygii,,Percichthyidae,freshwater,fish,ComteOlden,animal,TRUE,""
Siniperca obscura,Siniperca obscura,Animalia,Chordata,Actinopterygii,,Percichthyidae,freshwater,fish,ComteOlden,animal,TRUE,""
Siniperca roulei,Siniperca roulei,Animalia,Chordata,Actinopterygii,,Percichthyidae,freshwater,fish,ComteOlden,animal,TRUE,""
Siniperca scherzeri,Siniperca scherzeri,Animalia,Chordata,Actinopterygii,,Percichthyidae,freshwater,fish,ComteOlden,animal,TRUE,""
Siniperca undulata,Siniperca undulata,Animalia,Chordata,Actinopterygii,,Percichthyidae,freshwater,fish,ComteOlden,animal,TRUE,""
Sinocyclocheilus grahami,Sinocyclocheilus grahami,Animalia,Chordata,Actinopterygii,,Cyprinidae,freshwater,fish,ComteOlden,animal,TRUE,""
Sinocyclocheilus yangzongensis,Sinocyclocheilus yangzongensis,Animalia,Chordata,Actinopterygii,,Cyprinidae,freshwater,fish,ComteOlden,animal,TRUE,""
Sinogastromyzon wui,Sinogastromyzon wui,Animalia,Chordata,Actinopterygii,,Balitoridae,freshwater,fish,ComteOlden,animal,TRUE,""
Siphateles alvordensis,Siphateles alvordensis,Animalia,Chordata,Actinopterygii,,Cyprinidae,freshwater,fish,ComteOlden,animal,TRUE,""
Siphateles bicolor,Siphateles bicolor,Metazoa,Chordata,Actinopteri,Cypriniformes,Cyprinidae,freshwater,fish,ComteOlden;ThermoFresh,animal,TRUE,""
Siphateles boraxobius,Siphateles boraxobius,Animalia,Chordata,Actinopterygii,,Cyprinidae,freshwater,fish,ComteOlden,animal,TRUE,""
Siphonognathus argyrophanes,Siphonognathus argyrophanes,Animalia,Chordata,Actinopterygii,,Labridae,marine,fish,ComteOlden,animal,TRUE,""
Smilisca baudini,Smilisca baudini,,Chordata,Amphibia,Anura,Hylidae,"",,GlobTherm,animal,TRUE,""
Solea solea,Solea solea,Animalia,Chordata,Actinopterygii,,Soleidae,marine,fish,ComteOlden,animal,TRUE,""
Solenopsis invicta,Solenopsis invicta,,Arthropoda,Insecta,Hymenoptera,Formicidae,"",,GlobTherm,animal,TRUE,""
Solenopsis molesta,Solenopsis molesta,,Arthropoda,Insecta,Hymenoptera,Formicidae,"",,GlobTherm,animal,TRUE,""
Sorbus toctminlis,Sorbus toctminlis,,Streptophyta,Spermatophyta,Rosales,Rosaceae,"",,GlobTherm,non_animal,FALSE,Taxon is not an animal
Sparisoma atomarium,Sparisoma atomarium,Animalia,Chordata,Actinopterygii,,Labridae,marine,fish,ComteOlden,animal,TRUE,""
Sparisoma axillare,Sparisoma axillare,Animalia,Chordata,Actinopterygii,,Labridae,marine,fish,ComteOlden,animal,TRUE,""
Sparisoma chrysopterum,Sparisoma chrysopterum,Animalia,Chordata,Actinopterygii,,Labridae,marine,fish,ComteOlden,animal,TRUE,""
Sparisoma cretense,Sparisoma cretense,Animalia,Chordata,Actinopterygii,,Labridae,marine,fish,ComteOlden,animal,TRUE,""
Sparisoma frondosum,Sparisoma frondosum,Animalia,Chordata,Actinopterygii,,Labridae,marine,fish,ComteOlden,animal,TRUE,""
Sparisoma radians,Sparisoma radians,Animalia,Chordata,Actinopterygii,,Labridae,marine,fish,ComteOlden,animal,TRUE,""
Sparisoma rubripinne,Sparisoma rubripinne,Animalia,Chordata,Actinopterygii,,Labridae,marine,fish,ComteOlden,animal,TRUE,""
Sparisoma strigatum,Sparisoma strigatum,Animalia,Chordata,Actinopterygii,,Labridae,marine,fish,ComteOlden,animal,TRUE,""
Sparisoma tuiupiranga,Sparisoma tuiupiranga,Animalia,Chordata,Actinopterygii,,Labridae,marine,fish,ComteOlden,animal,TRUE,""
Sparisoma viride,Sparisoma viride,Animalia,Chordata,Actinopterygii,,Labridae,marine,fish,ComteOlden,animal,TRUE,""
Sparodon durbanensis,Sparodon durbanensis,Animalia,Chordata,Actinopterygii,,Sparidae,marine,fish,ComteOlden,animal,TRUE,""
Sparus aurata,Sparus aurata,Metazoa,Chordata,Actinopteri,Acanthomorphata,Sparidae,mixed,fish,ThermoFresh,animal,TRUE,""
Spathodus erythrodon,Spathodus erythrodon,Animalia,Chordata,Actinopterygii,,Cichlidae,freshwater,fish,ComteOlden,animal,TRUE,""
Spathodus marlieri,Spathodus marlieri,Animalia,Chordata,Actinopterygii,,Cichlidae,freshwater,fish,ComteOlden,animal,TRUE,""
Spea hammondii,Spea hammondii,,Chordata,Amphibia,Anura,Pelobatidae,"",,GlobTherm,animal,TRUE,""
Spea holbrooki,Spea holbrooki,,Chordata,Amphibia,Anura,Pelobatidae,"",,GlobTherm,animal,TRUE,""
Sperata aor,Sperata aor,Animalia,Chordata,Actinopterygii,,Bagridae,freshwater,fish,ComteOlden,animal,TRUE,""
Sperata seenghala,Sperata seenghala,Animalia,Chordata,Actinopterygii,,Bagridae,freshwater,fish,ComteOlden,animal,TRUE,""
Sphaerium novaezelandiae,Sphaerium novaezelandiae,Metazoa,Mollusca,Bivalvia,Veneroida,Sphaeriidae,freshwater,invertebrate,GlobTherm;ThermoFresh,animal,TRUE,""
Sphaerodactylus gaigeae,Sphaerodactylus gaigeae,,Chordata,Lepidosauria,Squamata,Sphaerodactylidae,"",,GlobTherm,animal,TRUE,""
Sphaerodactylus klauberi,Sphaerodactylus klauberi,,Chordata,Lepidosauria,Squamata,Sphaerodactylidae,"",,GlobTherm,animal,TRUE,""
Sphaerodactylus macrolepis,Sphaerodactylus macrolepis,,Chordata,Lepidosauria,Squamata,Sphaerodactylidae,"",,GlobTherm,animal,TRUE,""
Sphaerodactylus nicholsi,Sphaerodactylus nicholsi,,Chordata,Lepidosauria,Squamata,Sphaerodactylidae,"",,GlobTherm,animal,TRUE,""
Sphaerodactylus roosevelti,Sphaerodactylus roosevelti,,Chordata,Lepidosauria,Squamata,Sphaerodactylidae,"",,GlobTherm,animal,TRUE,""
Sphaerodactylus townsendi,Sphaerodactylus townsendi,,Chordata,Lepidosauria,Squamata,Sphaerodactylidae,"",,GlobTherm,animal,TRUE,""
Sphagnum baltican,Sphagnum baltican,,Streptophyta,Sphagnopsida,Sphagnales,Sphagnaceae,"",,GlobTherm,non_animal,FALSE,Taxon is not an animal
Sphagnum capillifolium,Sphagnum capillifolium,,Streptophyta,Sphagnopsida,Sphagnales,Sphagnaceae,"",,GlobTherm,non_animal,FALSE,Taxon is not an animal
Sphagnum fuscum,Sphagnum fuscum,,Streptophyta,Sphagnopsida,Sphagnales,Sphagnaceae,"",,GlobTherm,non_animal,FALSE,Taxon is not an animal
Sphagnum magellanicum,Sphagnum magellanicum,,Streptophyta,Sphagnopsida,Sphagnales,Sphagnaceae,"",,GlobTherm,non_animal,FALSE,Taxon is not an animal
Sphagnum subsecundum,Sphagnum subsecundum,,Streptophyta,Sphagnopsida,Sphagnales,Sphagnaceae,"",,GlobTherm,non_animal,FALSE,Taxon is not an animal
Sphagnum teres,Sphagnum teres,,Streptophyta,Sphagnopsida,Sphagnales,Sphagnaceae,"",,GlobTherm,non_animal,FALSE,Taxon is not an animal
Sphenomorphus incognitus,Sphenomorphus incognitus,,Chordata,Lepidosauria,Squamata,Scincidae,"",,GlobTherm,animal,TRUE,""
Sphenomorphus indicus,Sphenomorphus indicus,,Chordata,Lepidosauria,Squamata,Scincidae,"",,GlobTherm,animal,TRUE,""
Sphenomorphus taiwanensis,Sphenomorphus taiwanensis,,Chordata,Lepidosauria,Squamata,Scincidae,"",,GlobTherm,animal,TRUE,""
Sphoeroides annulatus,Sphoeroides annulatus,Animalia,Chordata,Actinopterygii,,Tetraodontidae,marine,fish,ComteOlden,animal,TRUE,""
Sphoeroides dorsalis,Sphoeroides dorsalis,Animalia,Chordata,Actinopterygii,,Tetraodontidae,marine,fish,ComteOlden,animal,TRUE,""
Sphoeroides lobatus,Sphoeroides lobatus,Animalia,Chordata,Actinopterygii,,Tetraodontidae,marine,fish,ComteOlden,animal,TRUE,""
Sphoeroides maculatus,Sphoeroides maculatus,Animalia,Chordata,Actinopterygii,Acanthomorphata,Tetraodontidae,marine;mixed,fish,ComteOlden;GlobTherm;ThermoFresh,animal,TRUE,""
Sphoeroides pachygaster,Sphoeroides pachygaster,Animalia,Chordata,Actinopterygii,,Tetraodontidae,marine,fish,ComteOlden,animal,TRUE,""
Sphoeroides spengleri,Sphoeroides spengleri,Animalia,Chordata,Actinopterygii,,Tetraodontidae,marine,fish,ComteOlden,animal,TRUE,""
Sphoeroides testudineus,Sphoeroides testudineus,Metazoa,Chordata,Actinopteri,Acanthomorphata,Tetraodontidae,mixed,fish,ThermoFresh,animal,TRUE,""
Spinibarbus denticulatus,Spinibarbus denticulatus,Animalia,Chordata,Actinopterygii,,Cyprinidae,freshwater,fish,ComteOlden,animal,TRUE,""
Spinibarbus hollandi,Spinibarbus hollandi,Animalia,Chordata,Actinopterygii,,Cyprinidae,freshwater,fish,ComteOlden,animal,TRUE,""
Spinibarbus sinensis,Spinibarbus sinensis,Metazoa,Chordata,Actinopteri,Cypriniformes,Cyprinidae,freshwater,fish,ComteOlden;ThermoFresh,animal,TRUE,""
Spirinchus thaleichthys,Spirinchus thaleichthys,Animalia,Chordata,Actinopterygii,,Osmeridae,freshwater,fish,ComteOlden,animal,TRUE,""
Spisula subtruncata,Spisula subtruncata,,Mollusca,Bivalvia,Veneroida,Mactridae,"",,GlobTherm,animal,TRUE,""
Spondyliosoma cantharus,Spondyliosoma cantharus,Animalia,Chordata,Actinopterygii,,Sparidae,marine,fish,ComteOlden,animal,TRUE,""
Squalidus argentatus,Squalidus argentatus,Animalia,Chordata,Actinopterygii,,Cyprinidae,freshwater,fish,ComteOlden,animal,TRUE,""
Squalidus atromaculatus,Squalidus atromaculatus,Animalia,Chordata,Actinopterygii,,Cyprinidae,freshwater,fish,ComteOlden,animal,TRUE,""
Squaliobarbus curriculus,Squaliobarbus curriculus,Animalia,Chordata,Actinopterygii,,Cyprinidae,freshwater,fish,ComteOlden,animal,TRUE,""
Squalius aphipsi,Squalius aphipsi,Animalia,Chordata,Actinopterygii,,Cyprinidae,freshwater,fish,ComteOlden,animal,TRUE,""
Squalius aradensis,Squalius aradensis,Animalia,Chordata,Actinopterygii,,Cyprinidae,freshwater,fish,ComteOlden,animal,TRUE,""
Squalius carolitertii,Squalius carolitertii,Animalia,Chordata,Actinopterygii,,Cyprinidae,freshwater,fish,ComteOlden,animal,TRUE,""
Squalius castellanus,Squalius castellanus,Animalia,Chordata,Actinopterygii,,Cyprinidae,freshwater,fish,ComteOlden,animal,TRUE,""
Squalius cephalus,Squalius cephalus,Metazoa,Chordata,Actinopteri,Cypriniformes,Cyprinidae,freshwater;mixed,fish,ComteOlden;ThermoFresh,animal,TRUE,""
Squalius ghigii,Squalius ghigii,Animalia,Chordata,Actinopterygii,,Cyprinidae,freshwater,fish,ComteOlden,animal,TRUE,""
Squalius illyricus,Squalius illyricus,Animalia,Chordata,Actinopterygii,,Cyprinidae,freshwater,fish,ComteOlden,animal,TRUE,""
Squalius keadicus,Squalius keadicus,Animalia,Chordata,Actinopterygii,,Cyprinidae,freshwater,fish,ComteOlden,animal,TRUE,""
Squalius laietanus,Squalius laietanus,Animalia,Chordata,Actinopterygii,,Cyprinidae,freshwater,fish,ComteOlden,animal,TRUE,""
Squalius lepidus,Squalius lepidus,Animalia,Chordata,Actinopterygii,,Cyprinidae,freshwater,fish,ComteOlden,animal,TRUE,""
Squalius lucumonis,Squalius lucumonis,Animalia,Chordata,Actinopterygii,,Cyprinidae,freshwater,fish,ComteOlden,animal,TRUE,""
Squalius malacitanus,Squalius malacitanus,Animalia,Chordata,Actinopterygii,,Cyprinidae,freshwater,fish,ComteOlden,animal,TRUE,""
Squalius microlepis,Squalius microlepis,Animalia,Chordata,Actinopterygii,,Cyprinidae,freshwater,fish,ComteOlden,animal,TRUE,""
Squalius peloponensis,Squalius peloponensis,Animalia,Chordata,Actinopterygii,,Cyprinidae,freshwater,fish,ComteOlden,animal,TRUE,""
Squalius svallize,Squalius svallize,Animalia,Chordata,Actinopterygii,,Cyprinidae,freshwater,fish,ComteOlden,animal,TRUE,""
Squalius torgalensis,Squalius torgalensis,Animalia,Chordata,Actinopterygii,,Cyprinidae,freshwater,fish,ComteOlden,animal,TRUE,""
Squalius valentinus,Squalius valentinus,Animalia,Chordata,Actinopterygii,,Cyprinidae,freshwater,fish,ComteOlden,animal,TRUE,""
Squalius zrmanjae,Squalius zrmanjae,Animalia,Chordata,Actinopterygii,,Cyprinidae,freshwater,fish,ComteOlden,animal,TRUE,""
Steatocranus bleheri,Steatocranus bleheri,Animalia,Chordata,Actinopterygii,,Cichlidae,freshwater,fish,ComteOlden,animal,TRUE,""
Steatocranus casuarius,Steatocranus casuarius,Animalia,Chordata,Actinopterygii,,Cichlidae,freshwater,fish,ComteOlden,animal,TRUE,""
Steatocranus gibbiceps,Steatocranus gibbiceps,Animalia,Chordata,Actinopterygii,,Cichlidae,freshwater,fish,ComteOlden,animal,TRUE,""
Steatocranus glaber,Steatocranus glaber,Animalia,Chordata,Actinopterygii,,Cichlidae,freshwater,fish,ComteOlden,animal,TRUE,""
Steatocranus irvinei,Steatocranus irvinei,Animalia,Chordata,Actinopterygii,,Cichlidae,freshwater,fish,ComteOlden,animal,TRUE,""
Steatocranus tinanti,Steatocranus tinanti,Animalia,Chordata,Actinopterygii,,Cichlidae,freshwater,fish,ComteOlden,animal,TRUE,""
Steatocranus ubanguiensis,Steatocranus ubanguiensis,Animalia,Chordata,Actinopterygii,,Cichlidae,freshwater,fish,ComteOlden,animal,TRUE,""
Stegastes acapulcoensis,Stegastes acapulcoensis,,Chordata,Actinopteri,Perciformes,Pomacentridae,"",,GlobTherm,animal,TRUE,""
Stegastes variabilis,Stegastes variabilis,Animalia,Chordata,Actinopterygii,,Pomacentridae,marine,fish,ComteOlden,animal,TRUE,""
Stemonyphantes lineatus,Stemonyphantes lineatus,,Arthropoda,Arachnida,Araneae,Linyphiidae,"",,GlobTherm,animal,TRUE,""
Stenamma impar,Stenamma impar,,Arthropoda,Insecta,Hymenoptera,Formicidae,"",,GlobTherm,animal,TRUE,""
Stenocara dentata,Stenocara dentata,,Arthropoda,Insecta,Coleoptera,Tenebrionidae,"",,GlobTherm,animal,TRUE,""
Stenodus leucichthys,Stenodus leucichthys,Animalia,Chordata,Actinopterygii,,Salmonidae,freshwater,fish,ComteOlden,animal,TRUE,""
Stenonema femoratum,Stenonema femoratum,Metazoa,Arthropoda,Insecta,Ephemeroptera,Heptageniidae,freshwater,invertebrate,ThermoFresh,animal,TRUE,""
Stenotomus chrysops,Stenotomus chrysops,Animalia,Chordata,Actinopterygii,,Sparidae,marine,fish,ComteOlden,animal,TRUE,""
Sterechinus neumayeri,Sterechinus neumayeri,,Echinodermata,Echinoidea,Echinoida,Echinidae,"",,GlobTherm,animal,TRUE,""
Stethojulis albovittata,Stethojulis albovittata,Animalia,Chordata,Actinopterygii,,Labridae,marine,fish,ComteOlden,animal,TRUE,""
Stethojulis balteata,Stethojulis balteata,Animalia,Chordata,Actinopterygii,,Labridae,marine,fish,ComteOlden,animal,TRUE,""
Stethojulis bandanensis,Stethojulis bandanensis,Animalia,Chordata,Actinopterygii,,Labridae,marine,fish,ComteOlden,animal,TRUE,""
Stilophora rhizodes,Stilophora rhizodes,,Phaeophyceae,Phaeophyceae,Ectocarpales,Chordariaceae,"",,GlobTherm,unresolved,FALSE,Insufficient taxonomy to verify an animal consumer
Stokellia anisodon,Stokellia anisodon,Animalia,Chordata,Actinopterygii,,Retropinnidae,freshwater,fish,ComteOlden,animal,TRUE,""
Stolothrissa tanganicae,Stolothrissa tanganicae,Animalia,Chordata,Actinopterygii,,Clupeidae,freshwater,fish,ComteOlden,animal,TRUE,""
Stomatepia mariae,Stomatepia mariae,Animalia,Chordata,Actinopterygii,,Cichlidae,freshwater,fish,ComteOlden,animal,TRUE,""
Stomatepia mongo,Stomatepia mongo,Animalia,Chordata,Actinopterygii,,Cichlidae,freshwater,fish,ComteOlden,animal,TRUE,""
Stomatepia pindu,Stomatepia pindu,Animalia,Chordata,Actinopterygii,,Cichlidae,freshwater,fish,ComteOlden,animal,TRUE,""
Storeria occipitomaculata,Storeria occipitomaculata,,Chordata,Lepidosauria,Squamata,Colubridae,"",,GlobTherm,animal,TRUE,""
Streblus banksii,Streblus banksii,,Streptophyta,Spermatophyta,Rosales,Moraceae,"",,GlobTherm,non_animal,FALSE,Taxon is not an animal
Streptocephalus cafer,Streptocephalus cafer,Metazoa,Arthropoda,Branchiopoda,Anostraca,Streptocephalidae,freshwater,invertebrate,ThermoFresh,animal,TRUE,""
Strongylura marina,Strongylura marina,Animalia,Chordata,Actinopterygii,,Belonidae,freshwater,fish,ComteOlden,animal,TRUE,""
Strophitus undulatus,Strophitus undulatus,Metazoa,Mollusca,Bivalvia,Unionida,Unionidae,freshwater,invertebrate,ThermoFresh,animal,TRUE,""
Succinea strigata,Succinea strigata,,Mollusca,Gastropoda,Stylommatophora,Succineidae,"",,GlobTherm,animal,TRUE,""
Suezichthys gracilis,Suezichthys gracilis,Animalia,Chordata,Actinopterygii,,Labridae,marine,fish,ComteOlden,animal,TRUE,""
Suta flagellum,Suta flagellum,,Chordata,Lepidosauria,Squamata,Elapidae,"",,GlobTherm,animal,TRUE,""
Suwallia starki,Suwallia starki,Metazoa,Arthropoda,Insecta,Plecoptera,Chloroperlidae,freshwater,invertebrate,ThermoFresh,animal,TRUE,""
Sweltsa borealis,Sweltsa borealis,Metazoa,Arthropoda,Insecta,Plecoptera,Chloroperlidae,freshwater,invertebrate,ThermoFresh,animal,TRUE,""
Sweltsa gaufini,Sweltsa gaufini,Metazoa,Arthropoda,Insecta,Plecoptera,Chloroperlidae,freshwater,invertebrate,ThermoFresh,animal,TRUE,""
Sweltsa lamba,Sweltsa lamba,Metazoa,Arthropoda,Insecta,Plecoptera,Chloroperlidae,freshwater,invertebrate,ThermoFresh,animal,TRUE,""
Symphitoneuria exigua,Symphitoneuria exigua,Metazoa,Arthropoda,Insecta,Trichoptera,Leptoceridae,freshwater,invertebrate,ThermoFresh,animal,TRUE,""
Symphodus bailloni,Symphodus bailloni,Animalia,Chordata,Actinopterygii,,Labridae,marine,fish,ComteOlden,animal,TRUE,""
Symphodus cinereus,Symphodus cinereus,Animalia,Chordata,Actinopterygii,,Labridae,marine,fish,ComteOlden,animal,TRUE,""
Symphodus doderleini,Symphodus doderleini,Animalia,Chordata,Actinopterygii,,Labridae,marine,fish,ComteOlden,animal,TRUE,""
Symphodus mediterraneus,Symphodus mediterraneus,Animalia,Chordata,Actinopterygii,,Labridae,marine,fish,ComteOlden,animal,TRUE,""
Symphodus melanocercus,Symphodus melanocercus,Animalia,Chordata,Actinopterygii,,Labridae,marine,fish,ComteOlden,animal,TRUE,""
Symphodus melops,Symphodus melops,Animalia,Chordata,Actinopterygii,,Labridae,marine,fish,ComteOlden,animal,TRUE,""
Symphodus ocellatus,Symphodus ocellatus,Animalia,Chordata,Actinopterygii,,Labridae,marine,fish,ComteOlden,animal,TRUE,""
Symphodus roissali,Symphodus roissali,Animalia,Chordata,Actinopterygii,,Labridae,marine,fish,ComteOlden,animal,TRUE,""
Symphodus tinca,Symphodus tinca,Animalia,Chordata,Actinopterygii,,Labridae,marine,fish,ComteOlden,animal,TRUE,""
Syncarpia procera,Syncarpia procera,,Streptophyta,Spermatophyta,Myrtales,Myrtaceae,"",,GlobTherm,non_animal,FALSE,Taxon is not an animal
Syncrossus beauforti,Syncrossus beauforti,Animalia,Chordata,Actinopterygii,,Cobitidae,freshwater,fish,ComteOlden,animal,TRUE,""
Syncrossus berdmorei,Syncrossus berdmorei,Animalia,Chordata,Actinopterygii,,Cobitidae,freshwater,fish,ComteOlden,animal,TRUE,""
Syncrossus helodes,Syncrossus helodes,Animalia,Chordata,Actinopterygii,,Cobitidae,freshwater,fish,ComteOlden,animal,TRUE,""
Syngnathus abaster,Syngnathus abaster,Animalia,Chordata,Actinopterygii,,Syngnathidae,freshwater,fish,ComteOlden,animal,TRUE,""
Syngnathus acus,Syngnathus acus,Metazoa,Chordata,Actinopteri,Acanthomorphata,Syngnathidae,mixed,fish,ThermoFresh,animal,TRUE,""
Syngnathus schlegeli,Syngnathus schlegeli,Animalia,Chordata,Actinopterygii,,Syngnathidae,freshwater,fish,ComteOlden,animal,TRUE,""
Syngnathus scovelli,Syngnathus scovelli,Animalia,Chordata,Actinopterygii,,Syngnathidae,freshwater,fish,ComteOlden,animal,TRUE,""
Synodontis afrofischeri,Synodontis afrofischeri,Animalia,Chordata,Actinopterygii,,Mochokidae,freshwater,fish,ComteOlden,animal,TRUE,""
Synodontis angelicus,Synodontis angelicus,Animalia,Chordata,Actinopterygii,,Mochokidae,freshwater,fish,ComteOlden,animal,TRUE,""
Synodontis batensoda,Synodontis batensoda,Animalia,Chordata,Actinopterygii,,Mochokidae,freshwater,fish,ComteOlden,animal,TRUE,""
Synodontis batesii,Synodontis batesii,Animalia,Chordata,Actinopterygii,,Mochokidae,freshwater,fish,ComteOlden,animal,TRUE,""
Synodontis brichardi,Synodontis brichardi,Animalia,Chordata,Actinopterygii,,Mochokidae,freshwater,fish,ComteOlden,animal,TRUE,""
Synodontis budgetti,Synodontis budgetti,Animalia,Chordata,Actinopterygii,,Mochokidae,freshwater,fish,ComteOlden,animal,TRUE,""
Synodontis clarias,Synodontis clarias,Animalia,Chordata,Actinopterygii,,Mochokidae,freshwater,fish,ComteOlden,animal,TRUE,""
Synodontis congicus,Synodontis congicus,Animalia,Chordata,Actinopterygii,,Mochokidae,freshwater,fish,ComteOlden,animal,TRUE,""
Synodontis contractus,Synodontis contractus,Animalia,Chordata,Actinopterygii,,Mochokidae,freshwater,fish,ComteOlden,animal,TRUE,""
Synodontis courteti,Synodontis courteti,Animalia,Chordata,Actinopterygii,,Mochokidae,freshwater,fish,ComteOlden,animal,TRUE,""
Synodontis decorus,Synodontis decorus,Animalia,Chordata,Actinopterygii,,Mochokidae,freshwater,fish,ComteOlden,animal,TRUE,""
Synodontis dhonti,Synodontis dhonti,Animalia,Chordata,Actinopterygii,,Mochokidae,freshwater,fish,ComteOlden,animal,TRUE,""
Synodontis filamentosus,Synodontis filamentosus,Animalia,Chordata,Actinopterygii,,Mochokidae,freshwater,fish,ComteOlden,animal,TRUE,""
Synodontis frontosus,Synodontis frontosus,Animalia,Chordata,Actinopterygii,,Mochokidae,freshwater,fish,ComteOlden,animal,TRUE,""
Synodontis granulosus,Synodontis granulosus,Animalia,Chordata,Actinopterygii,,Mochokidae,freshwater,fish,ComteOlden,animal,TRUE,""
Synodontis greshoffi,Synodontis greshoffi,Animalia,Chordata,Actinopterygii,,Mochokidae,freshwater,fish,ComteOlden,animal,TRUE,""
Synodontis katangae,Synodontis katangae,Animalia,Chordata,Actinopterygii,,Mochokidae,freshwater,fish,ComteOlden,animal,TRUE,""
Synodontis leopardinus,Synodontis leopardinus,Animalia,Chordata,Actinopterygii,,Mochokidae,freshwater,fish,ComteOlden,animal,TRUE,""
Synodontis macrostigma,Synodontis macrostigma,Animalia,Chordata,Actinopterygii,,Mochokidae,freshwater,fish,ComteOlden,animal,TRUE,""
Synodontis membranaceus,Synodontis membranaceus,Animalia,Chordata,Actinopterygii,,Mochokidae,freshwater,fish,ComteOlden,animal,TRUE,""
Synodontis multipunctatus,Synodontis multipunctatus,Animalia,Chordata,Actinopterygii,,Mochokidae,freshwater,fish,ComteOlden,animal,TRUE,""
Synodontis nebulosus,Synodontis nebulosus,Animalia,Chordata,Actinopterygii,,Mochokidae,freshwater,fish,ComteOlden,animal,TRUE,""
Synodontis nigrita,Synodontis nigrita,Animalia,Chordata,Actinopterygii,,Mochokidae,freshwater,fish,ComteOlden,animal,TRUE,""
Synodontis nigriventris,Synodontis nigriventris,Animalia,Chordata,Actinopterygii,,Mochokidae,freshwater,fish,ComteOlden,animal,TRUE,""
Synodontis nigromaculatus,Synodontis nigromaculatus,Animalia,Chordata,Actinopterygii,,Mochokidae,freshwater,fish,ComteOlden,animal,TRUE,""
Synodontis njassae,Synodontis njassae,Animalia,Chordata,Actinopterygii,,Mochokidae,freshwater,fish,ComteOlden,animal,TRUE,""
Synodontis ocellifer,Synodontis ocellifer,Animalia,Chordata,Actinopterygii,,Mochokidae,freshwater,fish,ComteOlden,animal,TRUE,""
Synodontis petricola,Synodontis petricola,Animalia,Chordata,Actinopterygii,,Mochokidae,freshwater,fish,ComteOlden,animal,TRUE,""
Synodontis pleurops,Synodontis pleurops,Animalia,Chordata,Actinopterygii,,Mochokidae,freshwater,fish,ComteOlden,animal,TRUE,""
Synodontis polli,Synodontis polli,Animalia,Chordata,Actinopterygii,,Mochokidae,freshwater,fish,ComteOlden,animal,TRUE,""
Synodontis punctulatus,Synodontis punctulatus,Animalia,Chordata,Actinopterygii,,Mochokidae,freshwater,fish,ComteOlden,animal,TRUE,""
Synodontis rebeli,Synodontis rebeli,Animalia,Chordata,Actinopterygii,,Mochokidae,freshwater,fish,ComteOlden,animal,TRUE,""
Synodontis schall,Synodontis schall,Animalia,Chordata,Actinopterygii,,Mochokidae,freshwater,fish,ComteOlden,animal,TRUE,""
Synodontis serratus,Synodontis serratus,Animalia,Chordata,Actinopterygii,,Mochokidae,freshwater,fish,ComteOlden,animal,TRUE,""
Synodontis soloni,Synodontis soloni,Animalia,Chordata,Actinopterygii,,Mochokidae,freshwater,fish,ComteOlden,animal,TRUE,""
Synodontis sorex,Synodontis sorex,Animalia,Chordata,Actinopterygii,,Mochokidae,freshwater,fish,ComteOlden,animal,TRUE,""
Synodontis steindachneri,Synodontis steindachneri,Animalia,Chordata,Actinopterygii,,Mochokidae,freshwater,fish,ComteOlden,animal,TRUE,""
Synodontis tanganyicae,Synodontis tanganyicae,Animalia,Chordata,Actinopterygii,,Mochokidae,freshwater,fish,ComteOlden,animal,TRUE,""
Synodontis thamalakanensis,Synodontis thamalakanensis,Animalia,Chordata,Actinopterygii,,Mochokidae,freshwater,fish,ComteOlden,animal,TRUE,""
Synodontis thysi,Synodontis thysi,Animalia,Chordata,Actinopterygii,,Mochokidae,freshwater,fish,ComteOlden,animal,TRUE,""
Synodontis unicolor,Synodontis unicolor,Animalia,Chordata,Actinopterygii,,Mochokidae,freshwater,fish,ComteOlden,animal,TRUE,""
Synodontis vanderwaali,Synodontis vanderwaali,Animalia,Chordata,Actinopterygii,,Mochokidae,freshwater,fish,ComteOlden,animal,TRUE,""
Synodontis victoriae,Synodontis victoriae,Animalia,Chordata,Actinopterygii,,Mochokidae,freshwater,fish,ComteOlden,animal,TRUE,""
Synodontis violaceus,Synodontis violaceus,Animalia,Chordata,Actinopterygii,,Mochokidae,freshwater,fish,ComteOlden,animal,TRUE,""
Synodontis waterloti,Synodontis waterloti,Animalia,Chordata,Actinopterygii,,Mochokidae,freshwater,fish,ComteOlden,animal,TRUE,""
Synodontis woosnami,Synodontis woosnami,Animalia,Chordata,Actinopterygii,,Mochokidae,freshwater,fish,ComteOlden,animal,TRUE,""
Synodontis zambezensis,Synodontis zambezensis,Animalia,Chordata,Actinopterygii,,Mochokidae,freshwater,fish,ComteOlden,animal,TRUE,""
Systomus sarana,Systomus sarana,Animalia,Chordata,Actinopterygii,,Cyprinidae,freshwater,fish,ComteOlden,animal,TRUE,""
Tachysurus vachellii,Tachysurus vachellii,Metazoa,Chordata,Actinopteri,Siluriformes,Bagridae,freshwater,fish,ThermoFresh,animal,TRUE,""
Taeniopoda eques,Taeniopoda eques,,Arthropoda,Insecta,Orthoptera,Romaleidae,"",,GlobTherm,animal,TRUE,""
Taeniopteryx maura,Taeniopteryx maura,Metazoa,Arthropoda,Insecta,Plecoptera,Taeniopterygidae,freshwater,invertebrate,ThermoFresh,animal,TRUE,""
Tagelus dombeii,Tagelus dombeii,,Mollusca,Bivalvia,Veneroida,Solecurtidae,"",,GlobTherm,animal,TRUE,""
Takifugu alboplumbeus,Takifugu alboplumbeus,Animalia,Chordata,Actinopterygii,,Tetraodontidae,marine,fish,ComteOlden,animal,TRUE,""
Takifugu bimaculatus,Takifugu bimaculatus,Animalia,Chordata,Actinopterygii,,Tetraodontidae,marine,fish,ComteOlden,animal,TRUE,""
Takifugu coronoidus,Takifugu coronoidus,Animalia,Chordata,Actinopterygii,,Tetraodontidae,marine,fish,ComteOlden,animal,TRUE,""
Takifugu flavidus,Takifugu flavidus,Animalia,Chordata,Actinopterygii,,Tetraodontidae,marine,fish,ComteOlden,animal,TRUE,""
Takifugu niphobles,Takifugu niphobles,Animalia,Chordata,Actinopterygii,,Tetraodontidae,marine,fish,ComteOlden,animal,TRUE,""
Takifugu oblongus,Takifugu oblongus,Animalia,Chordata,Actinopterygii,,Tetraodontidae,marine,fish,ComteOlden,animal,TRUE,""
Takifugu obscurus,Takifugu obscurus,Animalia,Chordata,Actinopterygii,,Tetraodontidae,marine,fish,ComteOlden,animal,TRUE,""
Takifugu ocellatus,Takifugu ocellatus,Animalia,Chordata,Actinopterygii,,Tetraodontidae,marine,fish,ComteOlden,animal,TRUE,""
Takifugu poecilonotus,Takifugu poecilonotus,Animalia,Chordata,Actinopterygii,,Tetraodontidae,marine,fish,ComteOlden,animal,TRUE,""
Takifugu porphyreus,Takifugu porphyreus,Animalia,Chordata,Actinopterygii,,Tetraodontidae,marine,fish,ComteOlden,animal,TRUE,""
Takifugu pseudommus,Takifugu pseudommus,Animalia,Chordata,Actinopterygii,,Tetraodontidae,marine,fish,ComteOlden,animal,TRUE,""
Takifugu rubripes,Takifugu rubripes,Animalia,Chordata,Actinopterygii,,Tetraodontidae,marine,fish,ComteOlden,animal,TRUE,""
Takifugu stictonotus,Takifugu stictonotus,Animalia,Chordata,Actinopterygii,,Tetraodontidae,marine,fish,ComteOlden,animal,TRUE,""
Takifugu variomaculatus,Takifugu variomaculatus,Animalia,Chordata,Actinopterygii,,Tetraodontidae,marine,fish,ComteOlden,animal,TRUE,""
Takifugu vermicularis,Takifugu vermicularis,Animalia,Chordata,Actinopterygii,,Tetraodontidae,marine,fish,ComteOlden,animal,TRUE,""
Takifugu xanthopterus,Takifugu xanthopterus,Animalia,Chordata,Actinopterygii,,Tetraodontidae,marine,fish,ComteOlden,animal,TRUE,""
Takydromus formosanus,Takydromus formosanus,,Chordata,Lepidosauria,Squamata,Lacertidae,"",,GlobTherm,animal,TRUE,""
Takydromus hsuehshanensis,Takydromus hsuehshanensis,,Chordata,Lepidosauria,Squamata,Lacertidae,"",,GlobTherm,animal,TRUE,""
Takydromus septentrionalis,Takydromus septentrionalis,,Chordata,Lepidosauria,Squamata,Lacertidae,"",,GlobTherm,animal,TRUE,""
Takydromus sexlineatus,Takydromus sexlineatus,,Chordata,Lepidosauria,Squamata,Lacertidae,"",,GlobTherm,animal,TRUE,""
Takydromus stejnegeri,Takydromus stejnegeri,,Chordata,Lepidosauria,Squamata,Lacertidae,"",,GlobTherm,animal,TRUE,""
Tanganicodus irsacae,Tanganicodus irsacae,Animalia,Chordata,Actinopterygii,,Cichlidae,freshwater,fish,ComteOlden,animal,TRUE,""
Tanichthys albonubes,Tanichthys albonubes,Animalia,Chordata,Actinopterygii,Cypriniformes,Cyprinidae,freshwater,fish,ComteOlden;ThermoFresh,animal,TRUE,""
Tanichthys micagemmae,Tanichthys micagemmae,Animalia,Chordata,Actinopterygii,,Cyprinidae,freshwater,fish,ComteOlden,animal,TRUE,""
Tapinoma sessile,Tapinoma sessile,,Arthropoda,Insecta,Hymenoptera,Formicidae,"",,GlobTherm,animal,TRUE,""
Tarentola boettgeri,Tarentola boettgeri,,Chordata,Lepidosauria,Squamata,Phyllodactylidae,"",,GlobTherm,animal,TRUE,""
Tauriphila argo,Tauriphila argo,,Arthropoda,Insecta,Odonata,Libellulidae,"",,GlobTherm,animal,TRUE,""
Tautoga onitis,Tautoga onitis,Animalia,Chordata,Actinopterygii,,Labridae,marine,fish,ComteOlden,animal,TRUE,""
Tautogolabrus adspersus,Tautogolabrus adspersus,Animalia,Chordata,Actinopterygii,Perciformes,Labridae,marine,fish,ComteOlden;GlobTherm,animal,TRUE,""
Technomyrmex brunneus,Technomyrmex brunneus,,Arthropoda,Insecta,Hymenoptera,Formicidae,"",,GlobTherm,animal,TRUE,""
Tectura testudinalis,Tectura testudinalis,,Mollusca,Gastropoda,Patellogastropoda,Lottiidae,"",,GlobTherm,animal,TRUE,""
Tegillarca granosa,Tegillarca granosa,,Mollusca,Bivalvia,Arcoida,Arcidae,"",,GlobTherm,animal,TRUE,""
Teleogramma depressa,Teleogramma depressa,Animalia,Chordata,Actinopterygii,,Cichlidae,freshwater,fish,ComteOlden,animal,TRUE,""
Telestes beoticus,Telestes beoticus,Animalia,Chordata,Actinopterygii,,Cyprinidae,freshwater,fish,ComteOlden,animal,TRUE,""
Telestes croaticus,Telestes croaticus,Animalia,Chordata,Actinopterygii,,Cyprinidae,freshwater,fish,ComteOlden,animal,TRUE,""
Telestes metohiensis,Telestes metohiensis,Animalia,Chordata,Actinopterygii,,Cyprinidae,freshwater,fish,ComteOlden,animal,TRUE,""
Telestes montenigrinus,Telestes montenigrinus,Animalia,Chordata,Actinopterygii,,Cyprinidae,freshwater,fish,ComteOlden,animal,TRUE,""
Telestes muticellus,Telestes muticellus,Animalia,Chordata,Actinopterygii,,Cyprinidae,freshwater,fish,ComteOlden,animal,TRUE,""
Telestes pleurobipunctatus,Telestes pleurobipunctatus,Animalia,Chordata,Actinopterygii,,Cyprinidae,freshwater,fish,ComteOlden,animal,TRUE,""
Telestes polylepis,Telestes polylepis,Animalia,Chordata,Actinopterygii,,Cyprinidae,freshwater,fish,ComteOlden,animal,TRUE,""
Telestes souffia,Telestes souffia,Animalia,Chordata,Actinopterygii,,Cyprinidae,freshwater,fish,ComteOlden,animal,TRUE,""
Telestes turskyi,Telestes turskyi,Animalia,Chordata,Actinopterygii,,Cyprinidae,freshwater,fish,ComteOlden,animal,TRUE,""
Telestes ukliva,Telestes ukliva,Animalia,Chordata,Actinopterygii,,Cyprinidae,freshwater,fish,ComteOlden,animal,TRUE,""
Tellina capsoides,Tellina capsoides,,Mollusca,Bivalvia,Veneroida,Tellinidae,"",,GlobTherm,animal,TRUE,""
Tellina piratica,Tellina piratica,,Mollusca,Bivalvia,Veneroida,Tellinidae,"",,GlobTherm,animal,TRUE,""
Tellina tenuis,Tellina tenuis,,Mollusca,Bivalvia,Veneroida,Tellinidae,"",,GlobTherm,animal,TRUE,""
Telmatochromis bifrenatus,Telmatochromis bifrenatus,Animalia,Chordata,Actinopterygii,,Cichlidae,freshwater,fish,ComteOlden,animal,TRUE,""
Telmatochromis dhonti,Telmatochromis dhonti,Animalia,Chordata,Actinopterygii,,Cichlidae,freshwater,fish,ComteOlden,animal,TRUE,""
Telmatochromis temporalis,Telmatochromis temporalis,Animalia,Chordata,Actinopterygii,,Cichlidae,freshwater,fish,ComteOlden,animal,TRUE,""
Telmatochromis vittatus,Telmatochromis vittatus,Animalia,Chordata,Actinopterygii,,Cichlidae,freshwater,fish,ComteOlden,animal,TRUE,""
Temnothorax curvispinosus,Temnothorax curvispinosus,,Arthropoda,Insecta,Hymenoptera,Formicidae,"",,GlobTherm,animal,TRUE,""
Temnothorax longispinosus,Temnothorax longispinosus,,Arthropoda,Insecta,Hymenoptera,Formicidae,"",,GlobTherm,animal,TRUE,""
Temnothorax pergandei,Temnothorax pergandei,,Arthropoda,Insecta,Hymenoptera,Formicidae,"",,GlobTherm,animal,TRUE,""
Temnothorax tuscaloosae,Temnothorax tuscaloosae,,Arthropoda,Insecta,Hymenoptera,Formicidae,"",,GlobTherm,animal,TRUE,""
Tenualosa ilisha,Tenualosa ilisha,Animalia,Chordata,Actinopterygii,,Clupeidae,freshwater,fish,ComteOlden,animal,TRUE,""
Teramulus waterloti,Teramulus waterloti,Animalia,Chordata,Actinopterygii,,Atherinidae,freshwater,fish,ComteOlden,animal,TRUE,""
Terapon jarbua,Terapon jarbua,Metazoa,Chordata,Actinopteri,Acanthomorphata,Terapontidae,freshwater;mixed,fish,ComteOlden;ThermoFresh,animal,TRUE,""
Terapon theraps,Terapon theraps,Animalia,Chordata,Actinopterygii,,Terapontidae,freshwater,fish,ComteOlden,animal,TRUE,""
Teratoscincus przewalskii,Teratoscincus przewalskii,,Chordata,Lepidosauria,Squamata,Sphaerodactylidae,"",,GlobTherm,animal,TRUE,""
Testudo hermanni,Testudo hermanni,,Chordata,Archelosauria,Testudines,Testudinidae,"",,GlobTherm,animal,TRUE,""
Tetracanthella afurcata,Tetracanthella afurcata,,Arthropoda,Collembola,Entomobryomorpha,Isotomidae,"",,GlobTherm,animal,TRUE,""
Tetractenos glaber,Tetractenos glaber,Animalia,Chordata,Actinopterygii,,Tetraodontidae,marine,fish,ComteOlden,animal,TRUE,""
Tetractenos hamiltoni,Tetractenos hamiltoni,Animalia,Chordata,Actinopterygii,,Tetraodontidae,marine,fish,ComteOlden,animal,TRUE,""
Tetragoneuria cynosura,Tetragoneuria cynosura,Metazoa,Arthropoda,Insecta,Odonata,Corduliidae,freshwater,invertebrate,ThermoFresh,animal,TRUE,""
Tetramorium bicarinatum,Tetramorium bicarinatum,,Arthropoda,Insecta,Hymenoptera,Formicidae,"",,GlobTherm,animal,TRUE,""
Tetramorium caespitum,Tetramorium caespitum,,Arthropoda,Insecta,Hymenoptera,Formicidae,"",,GlobTherm,animal,TRUE,""
Tetramorium nigerrimum,Tetramorium nigerrimum,,Arthropoda,Insecta,Hymenoptera,Formicidae,"",,GlobTherm,animal,TRUE,""
Tetramorium rufescens,Tetramorium rufescens,,Arthropoda,Insecta,Hymenoptera,Formicidae,"",,GlobTherm,animal,TRUE,""
Tetramorium semilaeve,Tetramorium semilaeve,,Arthropoda,Insecta,Hymenoptera,Formicidae,"",,GlobTherm,animal,TRUE,""
Tetramorium sericeiventre,Tetramorium sericeiventre,,Arthropoda,Insecta,Hymenoptera,Formicidae,"",,GlobTherm,animal,TRUE,""
Tetramorium triglyphotrixsp,Tetramorium Triglyphotrixsp,,Arthropoda,Insecta,Hymenoptera,Formicidae,"",,GlobTherm,animal,TRUE,""
Tetraodon biocellatus,Tetraodon biocellatus,Animalia,Chordata,Actinopterygii,,Tetraodontidae,freshwater,fish,ComteOlden,animal,TRUE,""
Tetraodon fluviatilis,Tetraodon fluviatilis,Animalia,Chordata,Actinopterygii,,Tetraodontidae,marine,fish,ComteOlden,animal,TRUE,""
Tetrapturus angustirostris,Tetrapturus angustirostris,Animalia,Chordata,Actinopterygii,,Istiophoridae,marine,fish,ComteOlden,animal,TRUE,""
Tetrapturus belone,Tetrapturus belone,Animalia,Chordata,Actinopterygii,,Istiophoridae,marine,fish,ComteOlden,animal,TRUE,""
Tetrapturus georgii,Tetrapturus georgii,Animalia,Chordata,Actinopterygii,,Istiophoridae,marine,fish,ComteOlden,animal,TRUE,""
Tetrapturus pfluegeri,Tetrapturus pfluegeri,Animalia,Chordata,Actinopterygii,,Istiophoridae,marine,fish,ComteOlden,animal,TRUE,""
Teucrium chamaedrys,Teucrium chamaedrys,,Streptophyta,Spermatophyta,Lamiales,Lamiaceae,"",,GlobTherm,non_animal,FALSE,Taxon is not an animal
Thalassoma amblycephalum,Thalassoma amblycephalum,Animalia,Chordata,Actinopterygii,,Labridae,marine,fish,ComteOlden,animal,TRUE,""
Thalassoma ascensionis,Thalassoma ascensionis,Animalia,Chordata,Actinopterygii,,Labridae,marine,fish,ComteOlden,animal,TRUE,""
Thalassoma ballieui,Thalassoma ballieui,Animalia,Chordata,Actinopterygii,,Labridae,marine,fish,ComteOlden,animal,TRUE,""
Thalassoma bifasciatum,Thalassoma bifasciatum,Animalia,Chordata,Actinopterygii,,Labridae,marine,fish,ComteOlden,animal,TRUE,""
Thalassoma duperrey,Thalassoma duperrey,Animalia,Chordata,Actinopterygii,,Labridae,marine,fish,ComteOlden,animal,TRUE,""
Thalassoma genivittatum,Thalassoma genivittatum,Animalia,Chordata,Actinopterygii,,Labridae,marine,fish,ComteOlden,animal,TRUE,""
Thalassoma hardwicke,Thalassoma hardwicke,Animalia,Chordata,Actinopterygii,,Labridae,marine,fish,ComteOlden,animal,TRUE,""
Thalassoma hebraicum,Thalassoma hebraicum,Animalia,Chordata,Actinopterygii,,Labridae,marine,fish,ComteOlden,animal,TRUE,""
Thalassoma jansenii,Thalassoma jansenii,Animalia,Chordata,Actinopterygii,,Labridae,marine,fish,ComteOlden,animal,TRUE,""
Thalassoma loxum,Thalassoma loxum,Animalia,Chordata,Actinopterygii,,Labridae,marine,fish,ComteOlden,animal,TRUE,""
Thalassoma lucasanum,Thalassoma lucasanum,,Chordata,Actinopteri,Perciformes,Labridae,"",,GlobTherm,animal,TRUE,""
Thalassoma lunare,Thalassoma lunare,Animalia,Chordata,Actinopterygii,,Labridae,marine,fish,ComteOlden,animal,TRUE,""
Thalassoma lutescens,Thalassoma lutescens,Animalia,Chordata,Actinopterygii,,Labridae,marine,fish,ComteOlden,animal,TRUE,""
Thalassoma newtoni,Thalassoma newtoni,Animalia,Chordata,Actinopterygii,,Labridae,marine,fish,ComteOlden,animal,TRUE,""
Thalassoma noronhanum,Thalassoma noronhanum,Animalia,Chordata,Actinopterygii,,Labridae,marine,fish,ComteOlden,animal,TRUE,""
Thalassoma pavo,Thalassoma pavo,Animalia,Chordata,Actinopterygii,,Labridae,marine,fish,ComteOlden,animal,TRUE,""
Thalassoma purpureum,Thalassoma purpureum,Animalia,Chordata,Actinopterygii,,Labridae,marine,fish,ComteOlden,animal,TRUE,""
Thalassoma quinquevittatum,Thalassoma quinquevittatum,Animalia,Chordata,Actinopterygii,,Labridae,marine,fish,ComteOlden,animal,TRUE,""
Thalassoma robertsoni,Thalassoma robertsoni,Animalia,Chordata,Actinopterygii,,Labridae,marine,fish,ComteOlden,animal,TRUE,""
Thalassoma trilobatum,Thalassoma trilobatum,Animalia,Chordata,Actinopterygii,,Labridae,marine,fish,ComteOlden,animal,TRUE,""
Thaleichthys pacificus,Thaleichthys pacificus,Animalia,Chordata,Actinopterygii,,Osmeridae,freshwater,fish,ComteOlden,animal,TRUE,""
Thamnophis butleri,Thamnophis butleri,,Chordata,Lepidosauria,Squamata,Colubridae,"",,GlobTherm,animal,TRUE,""
Thamnophis elegans,Thamnophis elegans,,Chordata,Lepidosauria,Squamata,Colubridae,"",,GlobTherm,animal,TRUE,""
Thamnophis marcianus,Thamnophis marcianus,,Chordata,Lepidosauria,Squamata,Colubridae,"",,GlobTherm,animal,TRUE,""
Thamnophis melanogaster,Thamnophis melanogaster,,Chordata,Lepidosauria,Squamata,Colubridae,"",,GlobTherm,animal,TRUE,""
Thamnophis ordinoides,Thamnophis ordinoides,,Chordata,Lepidosauria,Squamata,Colubridae,"",,GlobTherm,animal,TRUE,""
Thamnophis radix,Thamnophis radix,,Chordata,Lepidosauria,Squamata,Colubridae,"",,GlobTherm,animal,TRUE,""
Thamnophis sirtalis,Thamnophis sirtalis,,Chordata,Lepidosauria,Squamata,Colubridae,"",,GlobTherm,animal,TRUE,""
Thoburnia atripinnis,Thoburnia atripinnis,Animalia,Chordata,Actinopterygii,,Catostomidae,freshwater,fish,ComteOlden,animal,TRUE,""
Thoburnia hamiltoni,Thoburnia hamiltoni,Animalia,Chordata,Actinopterygii,,Catostomidae,freshwater,fish,ComteOlden,animal,TRUE,""
Thoburnia rhothoeca,Thoburnia rhothoeca,Animalia,Chordata,Actinopterygii,,Catostomidae,freshwater,fish,ComteOlden,animal,TRUE,""
Thoracochromis albolabris,Thoracochromis albolabris,Animalia,Chordata,Actinopterygii,,Cichlidae,freshwater,fish,ComteOlden,animal,TRUE,""
Thoracochromis brauschi,Thoracochromis brauschi,Animalia,Chordata,Actinopterygii,,Cichlidae,freshwater,fish,ComteOlden,animal,TRUE,""
Thoracochromis buysi,Thoracochromis buysi,Animalia,Chordata,Actinopterygii,,Cichlidae,freshwater,fish,ComteOlden,animal,TRUE,""
Thuidium cymbifolium,Thuidium cymbifolium,,Streptophyta,Bryopsida,Hypnales,Thuidiaceae,"",,GlobTherm,non_animal,FALSE,Taxon is not an animal
Thunnus alalunga,Thunnus alalunga,Animalia,Chordata,Actinopterygii,,Scombridae,marine,fish,ComteOlden,animal,TRUE,""
Thunnus albacares,Thunnus albacares,Animalia,Chordata,Actinopterygii,,Scombridae,marine,fish,ComteOlden,animal,TRUE,""
Thunnus atlanticus,Thunnus atlanticus,Animalia,Chordata,Actinopterygii,,Scombridae,marine,fish,ComteOlden,animal,TRUE,""
Thunnus maccoyii,Thunnus maccoyii,Animalia,Chordata,Actinopterygii,,Scombridae,marine,fish,ComteOlden,animal,TRUE,""
Thunnus obesus,Thunnus obesus,Animalia,Chordata,Actinopterygii,,Scombridae,marine,fish,ComteOlden,animal,TRUE,""
Thunnus thynnus,Thunnus thynnus,Animalia,Chordata,Actinopterygii,,Scombridae,marine,fish,ComteOlden,animal,TRUE,""
Thunnus tonggol,Thunnus tonggol,Animalia,Chordata,Actinopterygii,,Scombridae,marine,fish,ComteOlden,animal,TRUE,""
Thymallus arcticus,Thymallus arcticus,Metazoa,Chordata,Actinopteri,Salmoniformes,Salmonidae,freshwater,fish,ComteOlden;ThermoFresh,animal,TRUE,""
Thymallus thymallus,Thymallus thymallus,Metazoa,Chordata,Actinopteri,Salmoniformes,Salmonidae,freshwater;mixed,fish,ComteOlden;ThermoFresh,animal,TRUE,""
Tiaroga cobitis,Tiaroga cobitis,Metazoa,Chordata,Actinopteri,Cypriniformes,Cyprinidae,freshwater,fish,ThermoFresh,animal,TRUE,""
Tibellus oblongus,Tibellus oblongus,,Arthropoda,Arachnida,Araneae,Thomisidae,"",,GlobTherm,animal,TRUE,""
Tigriopus angulatus,Tigriopus angulatus,,Arthropoda,Maxillopoda,Harpacticoida,Harpacticidae,"",,GlobTherm,animal,TRUE,""
Tigriopus brevicornis,Tigriopus brevicornis,,Arthropoda,Maxillopoda,Harpacticoida,Harpacticidae,"",,GlobTherm,animal,TRUE,""
Tigriopus fulvus,Tigriopus fulvus,,Arthropoda,Maxillopoda,Harpacticoida,Harpacticidae,"",,GlobTherm,animal,TRUE,""
Tilapia brevimanus,Tilapia brevimanus,Animalia,Chordata,Actinopterygii,,Cichlidae,freshwater,fish,ComteOlden,animal,TRUE,""
Tilapia busumana,Tilapia busumana,Animalia,Chordata,Actinopterygii,,Cichlidae,freshwater,fish,ComteOlden,animal,TRUE,""
Tilapia buttikoferi,Tilapia buttikoferi,Animalia,Chordata,Actinopterygii,,Cichlidae,freshwater,fish,ComteOlden,animal,TRUE,""
Tilapia dageti,Tilapia dageti,Animalia,Chordata,Actinopterygii,,Cichlidae,freshwater,fish,ComteOlden,animal,TRUE,""
Tilapia guinasana,Tilapia guinasana,Animalia,Chordata,Actinopterygii,,Cichlidae,freshwater,fish,ComteOlden,animal,TRUE,""
Tilapia guineensis,Tilapia guineensis,Animalia,Chordata,Actinopterygii,,Cichlidae,freshwater,fish,ComteOlden,animal,TRUE,""
Tilapia joka,Tilapia joka,Animalia,Chordata,Actinopterygii,,Cichlidae,freshwater,fish,ComteOlden,animal,TRUE,""
Tilapia louka,Tilapia louka,Animalia,Chordata,Actinopterygii,,Cichlidae,freshwater,fish,ComteOlden,animal,TRUE,""
Tilapia mariae,Tilapia mariae,Animalia,Chordata,Actinopterygii,,Cichlidae,freshwater,fish,ComteOlden,animal,TRUE,""
Tilapia nyongana,Tilapia nyongana,Animalia,Chordata,Actinopterygii,,Cichlidae,freshwater,fish,ComteOlden,animal,TRUE,""
Tilapia rendalli,Tilapia rendalli,Animalia,Chordata,Actinopterygii,,Cichlidae,freshwater,fish,ComteOlden,animal,TRUE,""
Tilapia rheophila,Tilapia rheophila,Animalia,Chordata,Actinopterygii,,Cichlidae,freshwater,fish,ComteOlden,animal,TRUE,""
Tilapia ruweti,Tilapia ruweti,Animalia,Chordata,Actinopterygii,,Cichlidae,freshwater,fish,ComteOlden,animal,TRUE,""
Tilapia sparrmanii,Tilapia sparrmanii,Animalia,Chordata,Actinopterygii,,Cichlidae,freshwater,fish,ComteOlden,animal,TRUE,""
Tilapia tholloni,Tilapia tholloni,Animalia,Chordata,Actinopterygii,,Cichlidae,freshwater,fish,ComteOlden,animal,TRUE,""
Tiliqua nigrolutea,Tiliqua nigrolutea,,Chordata,Lepidosauria,Squamata,Scincidae,"",,GlobTherm,animal,TRUE,""
Tiliqua rugosa,Tiliqua rugosa,,Chordata,Lepidosauria,Squamata,Scincidae,"",,GlobTherm,animal,TRUE,""
Tiliqua scincoides,Tiliqua scincoides,,Chordata,Lepidosauria,Squamata,Scincidae,"",,GlobTherm,animal,TRUE,""
Tinca tinca,Tinca tinca,Metazoa,Chordata,Actinopteri,Cypriniformes,Cyprinidae,freshwater;mixed,fish,ComteOlden;ThermoFresh,animal,TRUE,""
Tlalocohyla smithii,Tlalocohyla smithii,,Chordata,Amphibia,Anura,Hylidae,"",,GlobTherm,animal,TRUE,""
Tonlesapia tsukawakii,Tonlesapia tsukawakii,Animalia,Chordata,Actinopterygii,,Callionymidae,freshwater,fish,ComteOlden,animal,TRUE,""
Tor khudree,Tor khudree,Animalia,Chordata,Actinopterygii,,Cyprinidae,freshwater,fish,ComteOlden,animal,TRUE,""
Tor malabaricus,Tor malabaricus,Animalia,Chordata,Actinopterygii,,Cyprinidae,freshwater,fish,ComteOlden,animal,TRUE,""
Tor putitora,Tor putitora,Metazoa,Chordata,Actinopteri,Cypriniformes,Cyprinidae,freshwater,fish,ComteOlden;ThermoFresh,animal,TRUE,""
Tor sinensis,Tor sinensis,Animalia,Chordata,Actinopterygii,,Cyprinidae,freshwater,fish,ComteOlden,animal,TRUE,""
Tor tambra,Tor tambra,Animalia,Chordata,Actinopterygii,,Cyprinidae,freshwater,fish,ComteOlden,animal,TRUE,""
Tor tor,Tor tor,Animalia,Chordata,Actinopterygii,,Cyprinidae,freshwater,fish,ComteOlden,animal,TRUE,""
Torquigener pleurogramma,Torquigener pleurogramma,Animalia,Chordata,Actinopterygii,,Tetraodontidae,marine,fish,ComteOlden,animal,TRUE,""
Totoaba macdonaldi,Totoaba macdonaldi,Metazoa,Chordata,Actinopteri,Acanthomorphata,Sciaenidae,mixed,fish,ThermoFresh,animal,TRUE,""
Toxabramis houdemeri,Toxabramis houdemeri,Animalia,Chordata,Actinopterygii,,Cyprinidae,freshwater,fish,ComteOlden,animal,TRUE,""
Toxicodendron diversilobum,Toxicodendron diversilobum,,Streptophyta,Spermatophyta,Sapindales,Anacardiaceae,"",,GlobTherm,non_animal,FALSE,Taxon is not an animal
Trachemysa scripta,Trachemys<a0> scripta,,Chordata,Archelosauria,Testudines,Emydidae,"",,GlobTherm,animal,TRUE,""
Trachinotus carolinus,Trachinotus carolinus,Animalia,Chordata,Actinopterygii,,Carangidae,marine,fish,ComteOlden,animal,TRUE,""
Trachurus japonicus,Trachurus japonicus,Animalia,Chordata,Actinopterygii,,Carangidae,marine,fish,ComteOlden,animal,TRUE,""
Trachylepis capensis,Trachylepis capensis,,Chordata,Lepidosauria,Squamata,Scincidae,"",,GlobTherm,animal,TRUE,""
Trachylepis striata,Trachylepis striata,,Chordata,Lepidosauria,Squamata,Scincidae,"",,GlobTherm,animal,TRUE,""
Trachymyrmex septentrionalis,Trachymyrmex septentrionalis,,Arthropoda,Insecta,Hymenoptera,Formicidae,"",,GlobTherm,animal,TRUE,""
Trachymyrmex smithineomexicanus,Trachymyrmex smithi_neomexicanus,,Arthropoda,Insecta,Hymenoptera,Formicidae,"",,GlobTherm,animal,TRUE,""
Tramea carolina,Tramea carolina,,Arthropoda,Insecta,Odonata,Libellulidae,"",,GlobTherm,animal,TRUE,""
Tramea cophysa,Tramea cophysa,,Arthropoda,Insecta,Odonata,Libellulidae,"",,GlobTherm,animal,TRUE,""
Tramea walkeri,Tramea walkeri,,Arthropoda,Insecta,Odonata,Libellulidae,"",,GlobTherm,animal,TRUE,""
Trapelus savignii,Trapelus savignii,,Chordata,Lepidosauria,Squamata,Agamidae,"",,GlobTherm,animal,TRUE,""
Trematocara macrostoma,Trematocara macrostoma,Animalia,Chordata,Actinopterygii,,Cichlidae,freshwater,fish,ComteOlden,animal,TRUE,""
Trematocara unimaculatum,Trematocara unimaculatum,Animalia,Chordata,Actinopterygii,,Cichlidae,freshwater,fish,ComteOlden,animal,TRUE,""
Trematomus bernacchii,Trematomus bernacchii,Animalia,Chordata,Actinopterygii,Perciformes,Nototheniidae,marine,fish,ComteOlden;GlobTherm,animal,TRUE,""
Trematomus borchgrevinki,Trematomus borchgrevinki,,Chordata,Actinopteri,Perciformes,Nototheniidae,"",,GlobTherm,animal,TRUE,""
Trematomus hansoni,Trematomus hansoni,Animalia,Chordata,Actinopterygii,Perciformes,Nototheniidae,marine,fish,ComteOlden;GlobTherm,animal,TRUE,""
Trematomus pennellii,Trematomus pennellii,Animalia,Chordata,Actinopterygii,,Nototheniidae,marine,fish,ComteOlden,animal,TRUE,""
Trichogaster chuna,Trichogaster chuna,Animalia,Chordata,Actinopterygii,,Osphronemidae,freshwater,fish,ComteOlden,animal,TRUE,""
Trichogaster fasciata,Trichogaster fasciata,Animalia,Chordata,Actinopterygii,,Osphronemidae,freshwater,fish,ComteOlden,animal,TRUE,""
Trichogaster labiosa,Trichogaster labiosa,Animalia,Chordata,Actinopterygii,,Osphronemidae,freshwater,fish,ComteOlden,animal,TRUE,""
Trichogaster lalius,Trichogaster lalius,Animalia,Chordata,Actinopterygii,,Osphronemidae,freshwater,fish,ComteOlden,animal,TRUE,""
Trichogaster microlepis,Trichogaster microlepis,Animalia,Chordata,Actinopterygii,,Osphronemidae,freshwater,fish,ComteOlden,animal,TRUE,""
Trichopodus leerii,Trichopodus leerii,Animalia,Chordata,Actinopterygii,,Osphronemidae,freshwater,fish,ComteOlden,animal,TRUE,""
Trichopodus pectoralis,Trichopodus pectoralis,Animalia,Chordata,Actinopterygii,,Osphronemidae,freshwater,fish,ComteOlden,animal,TRUE,""
Trichopodus trichopterus,Trichopodus trichopterus,Metazoa,Chordata,Actinopteri,Acanthomorphata,Osphronemidae,freshwater,fish,ComteOlden;ThermoFresh,animal,TRUE,""
Trichopsis pumila,Trichopsis pumila,Animalia,Chordata,Actinopterygii,,Osphronemidae,freshwater,fish,ComteOlden,animal,TRUE,""
Trichopsis schalleri,Trichopsis schalleri,Animalia,Chordata,Actinopterygii,,Osphronemidae,freshwater,fish,ComteOlden,animal,TRUE,""
Trichopsis vittata,Trichopsis vittata,Animalia,Chordata,Actinopterygii,,Osphronemidae,freshwater,fish,ComteOlden,animal,TRUE,""
Tridentiger bifasciatus,Tridentiger bifasciatus,Metazoa,Chordata,Actinopteri,Acanthomorphata,Gobiidae,marine;mixed,fish,ComteOlden;ThermoFresh,animal,TRUE,""
Triglachromis otostigma,Triglachromis otostigma,Animalia,Chordata,Actinopterygii,,Cichlidae,freshwater,fish,ComteOlden,animal,TRUE,""
Trigonopoma pauciperforatum,Trigonopoma pauciperforatum,Animalia,Chordata,Actinopterygii,,Cyprinidae,freshwater,fish,ComteOlden,animal,TRUE,""
Trigonostigma espei,Trigonostigma espei,Animalia,Chordata,Actinopterygii,,Cyprinidae,freshwater,fish,ComteOlden,animal,TRUE,""
Trigonostigma heteromorpha,Trigonostigma heteromorpha,Animalia,Chordata,Actinopterygii,,Cyprinidae,freshwater,fish,ComteOlden,animal,TRUE,""
Trimeresurus gracilis,Trimeresurus gracilis,,Chordata,Lepidosauria,Squamata,Viperidae,"",,GlobTherm,animal,TRUE,""
Trimeresurus stejnegeri,Trimeresurus stejnegeri,,Chordata,Lepidosauria,Squamata,Viperidae,"",,GlobTherm,animal,TRUE,""
Trinectes maculatus,Trinectes maculatus,Animalia,Chordata,Actinopterygii,,Achiridae,freshwater,fish,ComteOlden,animal,TRUE,""
Triplectides australis,Triplectides australis,Metazoa,Arthropoda,Insecta,Trichoptera,Leptoceridae,freshwater,invertebrate,ThermoFresh,animal,TRUE,""
Triplectides volda,Triplectides volda,Metazoa,Arthropoda,Insecta,Trichoptera,Leptoceridae,freshwater,invertebrate,ThermoFresh,animal,TRUE,""
Triplophysa stenura,Triplophysa stenura,Animalia,Chordata,Actinopterygii,,Balitoridae,freshwater,fish,ComteOlden,animal,TRUE,""
Triplophysa stewarti,Triplophysa stewarti,Animalia,Chordata,Actinopterygii,,Balitoridae,freshwater,fish,ComteOlden,animal,TRUE,""
Tristania neriifolia,Tristania neriifolia,,Streptophyta,Spermatophyta,Myrtales,Myrtaceae,"",,GlobTherm,non_animal,FALSE,Taxon is not an animal
Tristramella simonis,Tristramella simonis simonis,Animalia,Chordata,Actinopterygii,,Cichlidae,freshwater,fish,ComteOlden,animal,TRUE,""
Tropheops tropheops,Tropheops tropheops,Animalia,Chordata,Actinopterygii,,Cichlidae,freshwater,fish,ComteOlden,animal,TRUE,""
Tropheus annectens,Tropheus annectens,Animalia,Chordata,Actinopterygii,,Cichlidae,freshwater,fish,ComteOlden,animal,TRUE,""
Tropheus brichardi,Tropheus brichardi,Animalia,Chordata,Actinopterygii,,Cichlidae,freshwater,fish,ComteOlden,animal,TRUE,""
Tropheus duboisi,Tropheus duboisi,Animalia,Chordata,Actinopterygii,,Cichlidae,freshwater,fish,ComteOlden,animal,TRUE,""
Tropheus kasabae,Tropheus kasabae,Animalia,Chordata,Actinopterygii,,Cichlidae,freshwater,fish,ComteOlden,animal,TRUE,""
Tropheus moorii,Tropheus moorii,Animalia,Chordata,Actinopterygii,,Cichlidae,freshwater,fish,ComteOlden,animal,TRUE,""
Tropheus polli,Tropheus polli,Animalia,Chordata,Actinopterygii,,Cichlidae,freshwater,fish,ComteOlden,animal,TRUE,""
Trophonella longstafi,Trophonella longstafi,,Mollusca,Gastropoda,Neogastropoda,Muricidae,"",,GlobTherm,animal,TRUE,""
Tropidophorus queenslandiae,Tropidophorus queenslandiae,,Chordata,Lepidosauria,Squamata,Scincidae,"",,GlobTherm,animal,TRUE,""
Tropidophoxinellus alburnoides,Tropidophoxinellus alburnoides,Animalia,Chordata,Actinopterygii,,Cyprinidae,freshwater,fish,ComteOlden,animal,TRUE,""
Tropidophoxinellus spartiaticus,Tropidophoxinellus spartiaticus,Animalia,Chordata,Actinopterygii,,Cyprinidae,freshwater,fish,ComteOlden,animal,TRUE,""
Tuberoschistura baenzigeri,Tuberoschistura baenzigeri,Animalia,Chordata,Actinopterygii,,Balitoridae,freshwater,fish,ComteOlden,animal,TRUE,""
Tullbergia bisetosa,Tullbergia bisetosa,,Arthropoda,Collembola,Poduromorpha,Tullbergiidae,"",,GlobTherm,animal,TRUE,""
Tylochromis leonensis,Tylochromis leonensis,Animalia,Chordata,Actinopterygii,,Cichlidae,freshwater,fish,ComteOlden,animal,TRUE,""
Tylochromis polylepis,Tylochromis polylepis,Animalia,Chordata,Actinopterygii,,Cichlidae,freshwater,fish,ComteOlden,animal,TRUE,""
Tylochromis pulcher,Tylochromis pulcher,Animalia,Chordata,Actinopterygii,,Cichlidae,freshwater,fish,ComteOlden,animal,TRUE,""
Typhlacontias brevipes,Typhlacontias brevipes,,Chordata,Lepidosauria,Squamata,Scincidae,"",,GlobTherm,animal,TRUE,""
Ugni molinae,Ugni molinae,,Streptophyta,Spermatophyta,Myrtales,Myrtaceae,"",,GlobTherm,non_animal,FALSE,Taxon is not an animal
Uloma impressa,Uloma impressa,,Arthropoda,Insecta,Coleoptera,Tenebrionidae,"",,GlobTherm,animal,TRUE,""
Ulva lactuca,Ulva lactuca,,Chlorophyta,Ulvophyceae,Ulvales,Ulvaceae,"",,GlobTherm,non_animal,FALSE,Taxon is not an animal
Uma inornata,Uma inornata,,Chordata,Lepidosauria,Squamata,Iguanidae,"",,GlobTherm,animal,TRUE,""
Umbilicaria decussata,Umbilicaria decussata,,Ascomycota,Lecanoromycetes,Umbilicariales,Umbilicariaceae,"",,GlobTherm,non_animal,FALSE,Taxon is not an animal
Umbilicaria hyperborea,Umbilicaria hyperborea,,Ascomycota,Lecanoromycetes,Umbilicariales,Umbilicariaceae,"",,GlobTherm,non_animal,FALSE,Taxon is not an animal
Umbra krameri,Umbra krameri,Animalia,Chordata,Actinopterygii,,Umbridae,freshwater,fish,ComteOlden,animal,TRUE,""
Umbra limi,Umbra limi,Animalia,Chordata,Actinopterygii,,Umbridae,freshwater,fish,ComteOlden,animal,TRUE,""
Umbra pygmaea,Umbra pygmaea,Animalia,Chordata,Actinopterygii,,Umbridae,freshwater,fish,ComteOlden,animal,TRUE,""
Unio pictorum,Unio pictorum,Metazoa,Mollusca,Bivalvia,Unionida,Unionidae,mixed,invertebrate,ThermoFresh,animal,TRUE,""
Upogebia africana,Upogebia africana,Metazoa,Arthropoda,Malacostraca,Decapoda,Upogebiidae,mixed,invertebrate,ThermoFresh,animal,TRUE,""
Urosaurus auriculatus,Urosaurus auriculatus,,Chordata,Lepidosauria,Squamata,Iguanidae,"",,GlobTherm,animal,TRUE,""
Urosaurus clarionensis,Urosaurus clarionensis,,Chordata,Lepidosauria,Squamata,Iguanidae,"",,GlobTherm,animal,TRUE,""
Urosaurus ornatus,Urosaurus ornatus,,Chordata,Lepidosauria,Squamata,Iguanidae,"",,GlobTherm,animal,TRUE,""
Usnea acanthera,Usnea acanthera,,Ascomycota,Lecanoromycetes,Lecanorineae,Parmeliaceae,"",,GlobTherm,non_animal,FALSE,Taxon is not an animal
Usnea livida,Usnea livida,,Ascomycota,Lecanoromycetes,Lecanorineae,Parmeliaceae,"",,GlobTherm,non_animal,FALSE,Taxon is not an animal
Usnea ochrophora,Usnea ochrophora,,Ascomycota,Lecanoromycetes,Lecanorineae,Parmeliaceae,"",,GlobTherm,non_animal,FALSE,Taxon is not an animal
Uta stansburiana,Uta stansburiana,,Chordata,Lepidosauria,Squamata,Iguanidae,"",,GlobTherm,animal,TRUE,""
Vaillantella maassi,Vaillantella maassi,Animalia,Chordata,Actinopterygii,,Vaillantellidae,freshwater,fish,ComteOlden,animal,TRUE,""
Valencia hispanica,Valencia hispanica,Animalia,Chordata,Actinopterygii,,Valenciidae,freshwater,fish,ComteOlden,animal,TRUE,""
Valencia letourneuxi,Valencia letourneuxi,Animalia,Chordata,Actinopterygii,,Valenciidae,freshwater,fish,ComteOlden,animal,TRUE,""
Varanus gouldii,Varanus gouldii,,Chordata,Lepidosauria,Squamata,Varanidae,"",,GlobTherm,animal,TRUE,""
Varanus varius,Varanus varius,,Chordata,Lepidosauria,Squamata,Varanidae,"",,GlobTherm,animal,TRUE,""
Variabilichromis moorii,Variabilichromis moorii,Animalia,Chordata,Actinopterygii,,Cichlidae,freshwater,fish,ComteOlden,animal,TRUE,""
Varicorhinus beso,Varicorhinus beso,Animalia,Chordata,Actinopterygii,,Cyprinidae,freshwater,fish,ComteOlden,animal,TRUE,""
Varicorhinus mariae,Varicorhinus mariae,Animalia,Chordata,Actinopterygii,,Cyprinidae,freshwater,fish,ComteOlden,animal,TRUE,""
Varicorhinus maroccanus,Varicorhinus maroccanus,Animalia,Chordata,Actinopterygii,,Cyprinidae,freshwater,fish,ComteOlden,animal,TRUE,""
Varicorhinus nelspruitensis,Varicorhinus nelspruitensis,Animalia,Chordata,Actinopterygii,,Cyprinidae,freshwater,fish,ComteOlden,animal,TRUE,""
Varicorhinus steindachneri,Varicorhinus steindachneri,Animalia,Chordata,Actinopterygii,,Cyprinidae,freshwater,fish,ComteOlden,animal,TRUE,""
Venus antiqua,Venus antiqua,,Mollusca,Bivalvia,Veneroida,Veneridae,"",,GlobTherm,animal,TRUE,""
Veronica densifolia,Veronica densifolia,,Streptophyta,Spermatophyta,Lamiales,Plantaginaceae,"",,GlobTherm,non_animal,FALSE,Taxon is not an animal
Villosa delumbis,Villosa delumbis,Metazoa,Mollusca,Bivalvia,Unionida,Unionidae,freshwater,invertebrate,ThermoFresh,animal,TRUE,""
Vimba melanops,Vimba melanops,Animalia,Chordata,Actinopterygii,,Cyprinidae,freshwater,fish,ComteOlden,animal,TRUE,""
Vimba mirabilis,Vimba mirabilis,Animalia,Chordata,Actinopterygii,,Cyprinidae,freshwater,fish,ComteOlden,animal,TRUE,""
Vimba vimba,Vimba vimba,Animalia,Chordata,Actinopterygii,,Cyprinidae,freshwater,fish,ComteOlden,animal,TRUE,""
Vinca minor,Vinca minor,,Streptophyta,Spermatophyta,Gentianales,Apocynaceae,"",,GlobTherm,non_animal,FALSE,Taxon is not an animal
Virgilia capensis,Virgilia capensis,,Streptophyta,Spermatophyta,Fabales,Fabaceae,"",,GlobTherm,non_animal,FALSE,Taxon is not an animal
Virididentex acromegalus,Virididentex acromegalus,Animalia,Chordata,Actinopterygii,,Sparidae,marine,fish,ComteOlden,animal,TRUE,""
Vitis vinifera,Vitis vinifera,,Streptophyta,Spermatophyta,Vitales,Vitaceae,"",,GlobTherm,non_animal,FALSE,Taxon is not an animal
Wallago attu,Wallago attu,Animalia,Chordata,Actinopterygii,,Siluridae,freshwater,fish,ComteOlden,animal,TRUE,""
Weinmannia silvicola,Weinmannia silvicola,,Streptophyta,Spermatophyta,Oxalidales,Cunoniaceae,"",,GlobTherm,non_animal,FALSE,Taxon is not an animal
Weinmannia trichosperma,Weinmannia trichosperma,,Streptophyta,Spermatophyta,Oxalidales,Cunoniaceae,"",,GlobTherm,non_animal,FALSE,Taxon is not an animal
Westralunio carteri,Westralunio carteri,Metazoa,Mollusca,Bivalvia,Unionida,Hyriidae,freshwater,invertebrate,ThermoFresh,animal,TRUE,""
Wetmorella nigropinnata,Wetmorella nigropinnata,Animalia,Chordata,Actinopterygii,,Labridae,marine,fish,ComteOlden,animal,TRUE,""
Widdringtonia schwarzii,Widdringtonia schwarzii,,Streptophyta,Spermatophyta,Cupressales,Cupressaceae,"",,GlobTherm,non_animal,FALSE,Taxon is not an animal
Xantho incisus,Xantho incisus,,Arthropoda,Malacostraca,Decapoda,Xanthidae,"",,GlobTherm,animal,TRUE,""
Xanthoparmelia taractica,Xanthoparmelia taractica,,Ascomycota,Lecanoromycetes,Lecanorales,Parmeliaceae,"",,GlobTherm,non_animal,FALSE,Taxon is not an animal
Xantusia henshawi,Xantusia henshawi,,Chordata,Lepidosauria,Squamata,Xantusiidae,"",,GlobTherm,animal,TRUE,""
Xantusia riversiana,Xantusia riversiana,,Chordata,Lepidosauria,Squamata,Xantusiidae,"",,GlobTherm,animal,TRUE,""
Xantusia vigilis,Xantusia vigilis,,Chordata,Lepidosauria,Squamata,Xantusiidae,"",,GlobTherm,animal,TRUE,""
Xenentodon cancila,Xenentodon cancila,Animalia,Chordata,Actinopterygii,,Belonidae,freshwater,fish,ComteOlden,animal,TRUE,""
Xenocharax spilurus,Xenocharax spilurus,Animalia,Chordata,Actinopterygii,,Distichodontidae,freshwater,fish,ComteOlden,animal,TRUE,""
Xenochromis hecqui,Xenochromis hecqui,Animalia,Chordata,Actinopterygii,,Cichlidae,freshwater,fish,ComteOlden,animal,TRUE,""
Xenomystus nigri,Xenomystus nigri,Animalia,Chordata,Actinopterygii,,Notopteridae,freshwater,fish,ComteOlden,animal,TRUE,""
Xenostrobus atratus,Xenostrobus atratus,Metazoa,Mollusca,Bivalvia,Mytilida,Mytilidae,mixed,invertebrate,ThermoFresh,animal,TRUE,""
Xenotilapia bathyphila,Xenotilapia bathyphila,Animalia,Chordata,Actinopterygii,,Cichlidae,freshwater,fish,ComteOlden,animal,TRUE,""
Xenotilapia caudafasciata,Xenotilapia caudafasciata,Animalia,Chordata,Actinopterygii,,Cichlidae,freshwater,fish,ComteOlden,animal,TRUE,""
Xenotilapia flavipinnis,Xenotilapia flavipinnis,Animalia,Chordata,Actinopterygii,,Cichlidae,freshwater,fish,ComteOlden,animal,TRUE,""
Xenotilapia leptura,Xenotilapia leptura,Animalia,Chordata,Actinopterygii,,Cichlidae,freshwater,fish,ComteOlden,animal,TRUE,""
Xenotilapia longispinis,Xenotilapia longispinis,Animalia,Chordata,Actinopterygii,,Cichlidae,freshwater,fish,ComteOlden,animal,TRUE,""
Xenotilapia melanogenys,Xenotilapia melanogenys,Animalia,Chordata,Actinopterygii,,Cichlidae,freshwater,fish,ComteOlden,animal,TRUE,""
Xenotilapia nigrolabiata,Xenotilapia nigrolabiata,Animalia,Chordata,Actinopterygii,,Cichlidae,freshwater,fish,ComteOlden,animal,TRUE,""
Xenotilapia ochrogenys,Xenotilapia ochrogenys,Animalia,Chordata,Actinopterygii,,Cichlidae,freshwater,fish,ComteOlden,animal,TRUE,""
Xenotilapia ornatipinnis,Xenotilapia ornatipinnis,Animalia,Chordata,Actinopterygii,,Cichlidae,freshwater,fish,ComteOlden,animal,TRUE,""
Xenotilapia sima,Xenotilapia sima,Animalia,Chordata,Actinopterygii,,Cichlidae,freshwater,fish,ComteOlden,animal,TRUE,""
Xenotilapia spiloptera,Xenotilapia spiloptera,Animalia,Chordata,Actinopterygii,,Cichlidae,freshwater,fish,ComteOlden,animal,TRUE,""
Xenotilapia tenuidentata,Xenotilapia tenuidentata,Animalia,Chordata,Actinopterygii,,Cichlidae,freshwater,fish,ComteOlden,animal,TRUE,""
Xiphias gladius,Xiphias gladius,Animalia,Chordata,Actinopterygii,,Xiphiidae,marine,fish,ComteOlden,animal,TRUE,""
Xiphocheilus typus,Xiphocheilus typus,Animalia,Chordata,Actinopterygii,,Labridae,marine,fish,ComteOlden,animal,TRUE,""
Xiphophorus birchmanni,Xiphophorus birchmanni,Metazoa,Chordata,Actinopteri,Acanthomorphata,Poeciliidae,freshwater,fish,ThermoFresh,animal,TRUE,""
Xiphophorus hellerii,Xiphophorus hellerii,Metazoa,Chordata,Actinopteri,Acanthomorphata,Poeciliidae,mixed,fish,ThermoFresh,animal,TRUE,""
Xiphophorus maculatus,Xiphophorus maculatus,Metazoa,Chordata,Actinopteri,Acanthomorphata,Poeciliidae,freshwater,fish,ComteOlden;ThermoFresh,animal,TRUE,""
Xiphophorus malinche,Xiphophorus malinche,Metazoa,Chordata,Actinopteri,Acanthomorphata,Poeciliidae,freshwater,fish,ThermoFresh,animal,TRUE,""
Xiphophorus variatus,Xiphophorus variatus,Metazoa,Chordata,Actinopteri,Acanthomorphata,Poeciliidae,freshwater,fish,ComteOlden;ThermoFresh,animal,TRUE,""
Xyrauchen texanus,Xyrauchen texanus,Metazoa,Chordata,Actinopteri,Cypriniformes,Catostomidae,freshwater,fish,ComteOlden;GlobTherm;ThermoFresh,animal,TRUE,""
Xyrichtys martinicensis,Xyrichtys martinicensis,Animalia,Chordata,Actinopterygii,,Labridae,marine,fish,ComteOlden,animal,TRUE,""
Xyrichtys novacula,Xyrichtys novacula,Animalia,Chordata,Actinopterygii,,Labridae,marine,fish,ComteOlden,animal,TRUE,""
Xyrichtys splendens,Xyrichtys splendens,Animalia,Chordata,Actinopterygii,,Labridae,marine,fish,ComteOlden,animal,TRUE,""
Yaoshanicus arcus,Yaoshanicus arcus,Animalia,Chordata,Actinopterygii,,Cyprinidae,freshwater,fish,ComteOlden,animal,TRUE,""
Yasuhikotakia caudipunctata,Yasuhikotakia caudipunctata,Animalia,Chordata,Actinopterygii,,Cobitidae,freshwater,fish,ComteOlden,animal,TRUE,""
Yasuhikotakia eos,Yasuhikotakia eos,Animalia,Chordata,Actinopterygii,,Cobitidae,freshwater,fish,ComteOlden,animal,TRUE,""
Yasuhikotakia lecontei,Yasuhikotakia lecontei,Animalia,Chordata,Actinopterygii,,Cobitidae,freshwater,fish,ComteOlden,animal,TRUE,""
Yasuhikotakia modesta,Yasuhikotakia modesta,Animalia,Chordata,Actinopterygii,,Cobitidae,freshwater,fish,ComteOlden,animal,TRUE,""
Yasuhikotakia morleti,Yasuhikotakia morleti,Animalia,Chordata,Actinopterygii,,Cobitidae,freshwater,fish,ComteOlden,animal,TRUE,""
Yunnanilus brevis,Yunnanilus brevis,Animalia,Chordata,Actinopterygii,,Balitoridae,freshwater,fish,ComteOlden,animal,TRUE,""
Zaitzevia parvula,Zaitzevia parvula,Metazoa,Arthropoda,Insecta,Coleoptera,Elmidae,freshwater,invertebrate,ThermoFresh,animal,TRUE,""
Zapada cinctipes,Zapada cinctipes,Metazoa,Arthropoda,Insecta,Plecoptera,Nemouridae,freshwater,invertebrate,ThermoFresh,animal,TRUE,""
Zapada columbiana,Zapada columbiana,Metazoa,Arthropoda,Insecta,Plecoptera,Nemouridae,freshwater,invertebrate,ThermoFresh,animal,TRUE,""
Zebrasoma flavescens,Zebrasoma flavescens,Animalia,Chordata,Actinopterygii,,Acanthuridae,marine,fish,ComteOlden,animal,TRUE,""
Zebrasoma scopas,Zebrasoma scopas,Animalia,Chordata,Actinopterygii,,Acanthuridae,marine,fish,ComteOlden,animal,TRUE,""
Zebrasoma velifer,Zebrasoma velifer,Animalia,Chordata,Actinopterygii,,Acanthuridae,marine,fish,ComteOlden,animal,TRUE,""
Zelandobius furcillatus,Zelandobius furcillatus,Metazoa,Arthropoda,Insecta,Plecoptera,Gripopterygidae,freshwater,invertebrate,ThermoFresh,animal,TRUE,""
Zelotes serotinus,Zelotes serotinus,,Arthropoda,Arachnida,Araneae,Gnaphosidae,"",,GlobTherm,animal,TRUE,""
Zephlebia dentata,Zephlebia dentata,Metazoa,Arthropoda,Insecta,Ephemeroptera,Leptophlebiidae,freshwater,invertebrate,ThermoFresh,animal,TRUE,""
Zingel streber,Zingel streber,Animalia,Chordata,Actinopterygii,,Percidae,freshwater,fish,ComteOlden,animal,TRUE,""
Zingel zingel,Zingel zingel,Animalia,Chordata,Actinopterygii,,Percidae,freshwater,fish,ComteOlden,animal,TRUE,""
Zoarces viviparus,Zoarces viviparus,Metazoa,Chordata,Actinopteri,Acanthomorphata,Zoarcidae,marine;mixed,fish,ComteOlden;GlobTherm;ThermoFresh,animal,TRUE,""
Zootoca vivipara,Zootoca vivipara,,Chordata,Lepidosauria,Squamata,Lacertidae,"",,GlobTherm,animal,TRUE,""
Zora spinimana,Zora spinimana,,Arthropoda,Arachnida,Araneae,Zoridae,"",,GlobTherm,animal,TRUE,""
